customer_id,country,signup_date,acquisition_campaign_id
C00001,Indonesia,2025-11-24,
C00002,Indonesia,2025-05-21,CMP004
C00003,Thailand,2025-03-13,
C00004,Thailand,2025-12-13,
C00005,Indonesia,2025-10-07,
C00006,Indonesia,2025-08-05,CMP005
C00007,Indonesia,2025-02-17,CMP005
C00008,Thailand,2025-09-16,CMP003
C00009,Indonesia,2025-10-15,
C00010,Thailand,2025-11-29,
C00011,Indonesia,2025-08-03,CMP002
C00012,Indonesia,2025-10-29,CMP005
C00013,Thailand,2025-01-04,
C00014,Thailand,2025-03-23,
C00015,Indonesia,2025-06-24,
C00016,Singapore,2025-04-21,CMP002
C00017,Indonesia,2025-06-22,CMP002
C00018,Indonesia,2025-07-14,CMP004
C00019,Thailand,2025-06-26,CMP003
C00020,Thailand,2025-01-23,CMP003
C00021,Indonesia,2025-10-02,
C00022,Indonesia,2025-07-13,CMP001
C00023,Thailand,2025-05-31,CMP003
C00024,Singapore,2025-11-13,CMP001
C00025,Indonesia,2025-07-05,CMP002
C00026,Indonesia,2025-12-27,
C00027,Indonesia,2025-12-05,
C00028,Singapore,2025-05-29,CMP003
C00029,Singapore,2025-04-30,CMP003
C00030,Indonesia,2025-07-14,CMP003
C00031,Thailand,2025-11-22,
C00032,Indonesia,2025-03-25,CMP002
C00033,Thailand,2025-04-18,
C00034,Singapore,2025-12-26,
C00035,Indonesia,2025-11-28,CMP002
C00036,Indonesia,2025-11-22,
C00037,Indonesia,2025-05-06,
C00038,Indonesia,2025-07-14,
C00039,Thailand,2025-11-24,
C00040,Thailand,2025-04-23,CMP004
C00041,Indonesia,2025-01-29,CMP002
C00042,Thailand,2025-01-17,CMP004
C00043,Indonesia,2025-07-25,CMP003
C00044,Singapore,2025-04-19,
C00045,Singapore,2025-10-18,CMP003
C00046,Indonesia,2025-06-11,CMP003
C00047,Indonesia,2025-09-13,
C00048,Indonesia,2025-11-26,
C00049,Indonesia,2025-05-16,CMP003
C00050,Indonesia,2025-10-15,CMP001
C00051,Indonesia,2025-10-27,CMP002
C00052,Indonesia,2025-10-26,
C00053,Singapore,2025-04-23,CMP004
C00054,Indonesia,2025-03-12,
C00055,Thailand,2025-02-16,CMP002
C00056,Indonesia,2025-02-26,
C00057,Thailand,2025-03-23,
C00058,Indonesia,2025-08-05,
C00059,Indonesia,2025-07-17,CMP005
C00060,Indonesia,2025-08-28,CMP004
C00061,Singapore,2025-10-11,
C00062,Thailand,2025-01-06,
C00063,Thailand,2025-02-28,CMP005
C00064,Thailand,2025-10-02,CMP003
C00065,Indonesia,2025-11-25,
C00066,Indonesia,2025-05-31,
C00067,Indonesia,2025-08-21,
C00068,Singapore,2025-05-15,CMP002
C00069,Indonesia,2025-04-02,
C00070,Singapore,2025-02-24,CMP001
C00071,Thailand,2025-06-02,
C00072,Thailand,2025-09-17,
C00073,Indonesia,2025-03-20,
C00074,Indonesia,2025-03-24,CMP003
C00075,Singapore,2025-09-29,CMP003
C00076,Indonesia,2025-11-03,
C00077,Indonesia,2025-01-10,
C00078,Singapore,2025-07-05,
C00079,Indonesia,2025-06-07,
C00080,Singapore,2025-05-04,CMP003
C00081,Indonesia,2025-02-10,
C00082,Thailand,2025-09-06,
C00083,Thailand,2025-09-30,CMP005
C00084,Thailand,2025-03-07,
C00085,Indonesia,2025-10-09,
C00086,Singapore,2025-09-28,
C00087,Singapore,2025-08-05,CMP001
C00088,Thailand,2025-10-04,CMP003
C00089,Indonesia,2025-12-20,
C00090,Indonesia,2025-06-09,CMP002
C00091,Thailand,2025-12-10,
C00092,Singapore,2025-08-13,CMP001
C00093,Indonesia,2025-08-20,
C00094,Indonesia,2025-04-26,CMP001
C00095,Indonesia,2025-01-11,
C00096,Indonesia,2025-04-28,
C00097,Indonesia,2025-01-04,
C00098,Indonesia,2025-11-20,CMP001
C00099,Singapore,2025-02-04,CMP003
C00100,Indonesia,2025-06-19,
C00101,Indonesia,2025-05-02,
C00102,Indonesia,2025-09-06,CMP001
C00103,Thailand,2025-03-09,CMP004
C00104,Indonesia,2025-10-20,CMP003
C00105,Thailand,2025-05-05,
C00106,Indonesia,2025-07-28,
C00107,Thailand,2025-02-19,
C00108,Indonesia,2025-07-01,CMP003
C00109,Singapore,2025-08-28,
C00110,Thailand,2025-01-28,
C00111,Indonesia,2025-11-27,
C00112,Thailand,2025-07-26,
C00113,Indonesia,2025-02-25,
C00114,Indonesia,2025-04-08,
C00115,Indonesia,2025-03-13,CMP003
C00116,Indonesia,2025-05-23,CMP001
C00117,Indonesia,2025-02-08,
C00118,Indonesia,2025-10-09,CMP003
C00119,Singapore,2025-11-30,CMP005
C00120,Singapore,2025-01-08,CMP005
C00121,Indonesia,2025-05-02,CMP003
C00122,Indonesia,2025-09-06,CMP001
C00123,Singapore,2025-07-25,CMP003
C00124,Indonesia,2025-03-26,CMP003
C00125,Indonesia,2025-07-19,CMP005
C00126,Indonesia,2025-08-21,
C00127,Singapore,2025-12-23,
C00128,Thailand,2025-10-12,CMP003
C00129,Indonesia,2025-09-07,CMP001
C00130,Indonesia,2025-06-01,
C00131,Indonesia,2025-01-30,
C00132,Indonesia,2025-10-05,CMP001
C00133,Indonesia,2025-06-10,
C00134,Indonesia,2025-10-27,CMP001
C00135,Indonesia,2025-09-29,CMP004
C00136,Indonesia,2025-09-18,CMP002
C00137,Indonesia,2025-04-06,CMP001
C00138,Thailand,2025-02-04,
C00139,Indonesia,2025-05-01,
C00140,Indonesia,2025-10-19,
C00141,Indonesia,2025-11-01,
C00142,Indonesia,2025-02-11,CMP001
C00143,Indonesia,2025-10-26,CMP001
C00144,Singapore,2025-06-11,
C00145,Thailand,2025-04-15,
C00146,Indonesia,2025-06-10,
C00147,Indonesia,2025-07-22,CMP003
C00148,Indonesia,2025-11-27,
C00149,Singapore,2025-06-11,
C00150,Indonesia,2025-02-07,
C00151,Singapore,2025-11-15,
C00152,Indonesia,2025-02-21,
C00153,Indonesia,2025-04-20,
C00154,Singapore,2025-03-09,CMP004
C00155,Singapore,2025-02-05,CMP002
C00156,Indonesia,2025-07-09,
C00157,Thailand,2025-08-13,CMP001
C00158,Indonesia,2025-12-27,
C00159,Indonesia,2025-12-01,
C00160,Thailand,2025-12-08,
C00161,Singapore,2025-06-03,CMP004
C00162,Singapore,2025-02-23,CMP001
C00163,Indonesia,2025-03-10,
C00164,Thailand,2025-02-24,CMP001
C00165,Indonesia,2025-03-21,CMP002
C00166,Indonesia,2025-11-06,CMP004
C00167,Indonesia,2025-06-25,
C00168,Singapore,2025-11-21,
C00169,Indonesia,2025-09-16,CMP001
C00170,Indonesia,2025-01-27,CMP005
C00171,Thailand,2025-08-05,
C00172,Indonesia,2025-01-23,
C00173,Thailand,2025-03-08,CMP002
C00174,Indonesia,2025-05-15,
C00175,Indonesia,2025-08-15,CMP004
C00176,Indonesia,2025-08-07,
C00177,Indonesia,2025-02-27,CMP005
C00178,Singapore,2025-12-20,
C00179,Indonesia,2025-10-07,
C00180,Indonesia,2025-07-09,
C00181,Indonesia,2025-03-17,
C00182,Indonesia,2025-01-22,CMP003
C00183,Singapore,2025-01-21,
C00184,Thailand,2025-04-18,
C00185,Indonesia,2025-12-08,
C00186,Singapore,2025-10-14,
C00187,Singapore,2025-07-28,
C00188,Singapore,2025-03-21,CMP004
C00189,Singapore,2025-05-02,
C00190,Singapore,2025-04-01,CMP001
C00191,Indonesia,2025-01-13,
C00192,Thailand,2025-06-20,CMP002
C00193,Thailand,2025-07-30,
C00194,Indonesia,2025-05-08,CMP002
C00195,Indonesia,2025-12-26,
C00196,Singapore,2025-01-20,CMP005
C00197,Indonesia,2025-04-24,CMP001
C00198,Indonesia,2025-08-24,
C00199,Indonesia,2025-04-27,
C00200,Indonesia,2025-12-04,CMP001
C00201,Indonesia,2025-06-18,
C00202,Singapore,2025-02-05,
C00203,Indonesia,2025-05-23,
C00204,Indonesia,2025-09-18,CMP001
C00205,Indonesia,2025-10-02,
C00206,Indonesia,2025-01-15,CMP004
C00207,Indonesia,2025-05-14,
C00208,Indonesia,2025-05-16,
C00209,Indonesia,2025-11-02,CMP001
C00210,Indonesia,2025-06-10,CMP002
C00211,Indonesia,2025-09-19,CMP005
C00212,Indonesia,2025-10-23,CMP002
C00213,Thailand,2025-01-23,CMP002
C00214,Indonesia,2025-01-01,
C00215,Thailand,2025-10-03,CMP002
C00216,Indonesia,2025-12-10,
C00217,Indonesia,2025-08-09,
C00218,Singapore,2025-12-07,
C00219,Indonesia,2025-11-16,CMP001
C00220,Thailand,2025-03-05,
C00221,Indonesia,2025-06-03,
C00222,Indonesia,2025-12-08,
C00223,Thailand,2025-07-26,
C00224,Indonesia,2025-10-11,CMP001
C00225,Thailand,2025-08-04,
C00226,Thailand,2025-07-14,CMP004
C00227,Thailand,2025-03-31,CMP001
C00228,Indonesia,2025-06-04,
C00229,Indonesia,2025-01-01,CMP004
C00230,Indonesia,2025-04-18,
C00231,Thailand,2025-10-24,
C00232,Indonesia,2025-06-14,
C00233,Thailand,2025-08-15,
C00234,Indonesia,2025-09-19,
C00235,Thailand,2025-03-28,
C00236,Indonesia,2025-05-26,
C00237,Thailand,2025-11-21,
C00238,Thailand,2025-02-17,CMP003
C00239,Thailand,2025-05-01,CMP001
C00240,Thailand,2025-04-26,
C00241,Indonesia,2025-03-17,
C00242,Singapore,2025-05-06,
C00243,Thailand,2025-11-09,CMP001
C00244,Indonesia,2025-02-07,
C00245,Indonesia,2025-11-19,
C00246,Indonesia,2025-12-23,
C00247,Indonesia,2025-07-24,
C00248,Thailand,2025-12-02,CMP001
C00249,Thailand,2025-02-24,
C00250,Indonesia,2025-04-23,CMP004
C00251,Indonesia,2025-12-23,
C00252,Indonesia,2025-01-26,
C00253,Indonesia,2025-03-04,
C00254,Thailand,2025-08-26,
C00255,Indonesia,2025-10-14,
C00256,Thailand,2025-08-15,
C00257,Indonesia,2025-09-16,
C00258,Indonesia,2025-10-08,CMP005
C00259,Thailand,2025-03-23,
C00260,Indonesia,2025-09-01,CMP002
C00261,Thailand,2025-05-07,
C00262,Thailand,2025-05-22,CMP005
C00263,Indonesia,2025-09-24,CMP001
C00264,Indonesia,2025-05-03,
C00265,Thailand,2025-02-09,CMP004
C00266,Indonesia,2025-05-01,
C00267,Singapore,2025-06-13,
C00268,Indonesia,2025-02-11,
C00269,Indonesia,2025-04-29,
C00270,Thailand,2025-03-20,
C00271,Indonesia,2025-02-02,
C00272,Indonesia,2025-06-19,CMP003
C00273,Indonesia,2025-08-01,CMP004
C00274,Indonesia,2025-08-04,CMP003
C00275,Singapore,2025-10-27,CMP002
C00276,Singapore,2025-01-11,CMP001
C00277,Indonesia,2025-10-22,CMP004
C00278,Singapore,2025-01-04,
C00279,Thailand,2025-06-02,CMP004
C00280,Indonesia,2025-08-03,CMP002
C00281,Thailand,2025-10-07,
C00282,Indonesia,2025-04-23,CMP004
C00283,Indonesia,2025-05-20,
C00284,Indonesia,2025-01-15,
C00285,Thailand,2025-12-09,
C00286,Thailand,2025-07-27,
C00287,Singapore,2025-08-28,CMP004
C00288,Indonesia,2025-11-15,CMP001
C00289,Indonesia,2025-07-21,CMP003
C00290,Indonesia,2025-12-06,
C00291,Indonesia,2025-11-26,
C00292,Indonesia,2025-08-25,
C00293,Indonesia,2025-05-14,CMP002
C00294,Indonesia,2025-04-19,CMP003
C00295,Thailand,2025-06-22,
C00296,Indonesia,2025-07-14,
C00297,Indonesia,2025-08-04,CMP002
C00298,Indonesia,2025-02-11,CMP001
C00299,Indonesia,2025-10-04,
C00300,Indonesia,2025-06-29,
C00301,Thailand,2025-02-05,
C00302,Indonesia,2025-11-30,CMP001
C00303,Singapore,2025-01-16,CMP002
C00304,Thailand,2025-04-13,CMP002
C00305,Indonesia,2025-11-15,
C00306,Indonesia,2025-03-06,CMP001
C00307,Indonesia,2025-02-28,CMP002
C00308,Indonesia,2025-04-22,
C00309,Thailand,2025-05-12,
C00310,Thailand,2025-03-27,CMP003
C00311,Thailand,2025-02-28,
C00312,Singapore,2025-03-25,CMP001
C00313,Indonesia,2025-02-25,
C00314,Indonesia,2025-06-09,
C00315,Indonesia,2025-07-12,
C00316,Indonesia,2025-04-12,
C00317,Thailand,2025-12-20,
C00318,Indonesia,2025-05-05,
C00319,Singapore,2025-06-04,
C00320,Thailand,2025-11-04,CMP001
C00321,Thailand,2025-10-17,
C00322,Indonesia,2025-06-27,CMP001
C00323,Indonesia,2025-12-05,
C00324,Thailand,2025-09-17,CMP001
C00325,Thailand,2025-01-07,
C00326,Indonesia,2025-09-08,
C00327,Thailand,2025-07-05,CMP005
C00328,Thailand,2025-08-24,
C00329,Indonesia,2025-08-11,CMP003
C00330,Singapore,2025-09-25,
C00331,Thailand,2025-05-19,
C00332,Thailand,2025-10-03,
C00333,Indonesia,2025-08-27,
C00334,Indonesia,2025-10-31,
C00335,Thailand,2025-05-06,CMP001
C00336,Indonesia,2025-02-14,
C00337,Indonesia,2025-08-19,
C00338,Indonesia,2025-08-26,
C00339,Indonesia,2025-12-09,
C00340,Indonesia,2025-01-15,CMP004
C00341,Indonesia,2025-06-16,
C00342,Indonesia,2025-04-19,CMP001
C00343,Indonesia,2025-05-13,
C00344,Thailand,2025-11-02,CMP003
C00345,Indonesia,2025-05-22,CMP002
C00346,Singapore,2025-09-22,
C00347,Indonesia,2025-02-13,
C00348,Indonesia,2025-07-28,CMP003
C00349,Thailand,2025-05-04,CMP003
C00350,Thailand,2025-11-27,CMP001
C00351,Thailand,2025-08-18,
C00352,Indonesia,2025-02-17,CMP003
C00353,Thailand,2025-07-27,CMP003
C00354,Thailand,2025-06-06,CMP001
C00355,Indonesia,2025-07-08,CMP002
C00356,Indonesia,2025-09-29,CMP002
C00357,Indonesia,2025-10-09,
C00358,Indonesia,2025-12-26,
C00359,Indonesia,2025-06-06,
C00360,Thailand,2025-03-03,
C00361,Indonesia,2025-06-11,
C00362,Singapore,2025-10-02,CMP001
C00363,Indonesia,2025-12-20,
C00364,Thailand,2025-04-21,CMP004
C00365,Thailand,2025-05-22,CMP002
C00366,Indonesia,2025-09-26,
C00367,Thailand,2025-02-21,
C00368,Indonesia,2025-06-01,
C00369,Indonesia,2025-04-02,
C00370,Indonesia,2025-12-29,
C00371,Indonesia,2025-05-21,CMP001
C00372,Indonesia,2025-01-28,CMP002
C00373,Singapore,2025-12-24,
C00374,Singapore,2025-11-23,CMP001
C00375,Indonesia,2025-09-09,
C00376,Indonesia,2025-01-07,
C00377,Indonesia,2025-08-29,
C00378,Indonesia,2025-06-24,CMP004
C00379,Indonesia,2025-01-27,
C00380,Indonesia,2025-09-02,
C00381,Indonesia,2025-02-03,
C00382,Indonesia,2025-02-07,CMP001
C00383,Indonesia,2025-12-18,
C00384,Thailand,2025-03-18,
C00385,Indonesia,2025-06-05,
C00386,Indonesia,2025-05-08,
C00387,Thailand,2025-08-02,CMP004
C00388,Indonesia,2025-11-13,CMP001
C00389,Indonesia,2025-09-25,
C00390,Indonesia,2025-08-15,
C00391,Singapore,2025-10-29,CMP005
C00392,Indonesia,2025-06-06,
C00393,Thailand,2025-01-31,CMP001
C00394,Singapore,2025-02-20,CMP001
C00395,Thailand,2025-04-17,CMP001
C00396,Thailand,2025-05-16,CMP001
C00397,Indonesia,2025-03-22,
C00398,Indonesia,2025-10-10,
C00399,Indonesia,2025-01-02,CMP001
C00400,Indonesia,2025-12-19,CMP001
C00401,Indonesia,2025-05-30,CMP003
C00402,Thailand,2025-05-28,CMP001
C00403,Singapore,2025-12-26,
C00404,Thailand,2025-02-06,
C00405,Thailand,2025-05-16,CMP001
C00406,Indonesia,2025-11-17,CMP004
C00407,Indonesia,2025-04-12,CMP002
C00408,Indonesia,2025-10-06,
C00409,Singapore,2025-03-18,
C00410,Indonesia,2025-03-14,
C00411,Thailand,2025-03-26,CMP003
C00412,Thailand,2025-11-01,CMP001
C00413,Singapore,2025-10-19,
C00414,Indonesia,2025-08-13,CMP001
C00415,Indonesia,2025-12-19,
C00416,Singapore,2025-07-26,
C00417,Indonesia,2025-09-14,CMP001
C00418,Indonesia,2025-08-13,
C00419,Singapore,2025-01-21,
C00420,Thailand,2025-06-15,
C00421,Indonesia,2025-01-14,
C00422,Thailand,2025-12-12,
C00423,Indonesia,2025-10-22,
C00424,Singapore,2025-01-11,CMP002
C00425,Thailand,2025-12-11,
C00426,Indonesia,2025-10-23,CMP004
C00427,Indonesia,2025-03-31,CMP002
C00428,Indonesia,2025-11-30,CMP001
C00429,Indonesia,2025-05-23,CMP004
C00430,Indonesia,2025-10-27,
C00431,Singapore,2025-09-09,
C00432,Indonesia,2025-08-29,
C00433,Indonesia,2025-06-20,CMP001
C00434,Singapore,2025-02-23,CMP001
C00435,Indonesia,2025-06-18,
C00436,Indonesia,2025-09-11,CMP003
C00437,Thailand,2025-07-25,CMP003
C00438,Indonesia,2025-10-09,
C00439,Indonesia,2025-02-15,CMP002
C00440,Indonesia,2025-06-15,
C00441,Singapore,2025-07-26,CMP002
C00442,Thailand,2025-01-01,
C00443,Indonesia,2025-10-05,CMP002
C00444,Indonesia,2025-01-28,CMP003
C00445,Thailand,2025-07-05,
C00446,Thailand,2025-09-13,
C00447,Indonesia,2025-01-27,CMP003
C00448,Indonesia,2025-10-09,CMP003
C00449,Indonesia,2025-05-28,
C00450,Indonesia,2025-12-24,
C00451,Singapore,2025-01-15,CMP004
C00452,Thailand,2025-11-08,
C00453,Indonesia,2025-12-30,
C00454,Indonesia,2025-10-10,CMP001
C00455,Indonesia,2025-07-28,CMP001
C00456,Indonesia,2025-02-28,CMP001
C00457,Thailand,2025-03-02,
C00458,Indonesia,2025-03-20,CMP002
C00459,Indonesia,2025-05-30,CMP001
C00460,Indonesia,2025-05-20,CMP001
C00461,Singapore,2025-09-05,
C00462,Indonesia,2025-05-05,
C00463,Indonesia,2025-03-16,
C00464,Indonesia,2025-11-03,CMP004
C00465,Singapore,2025-03-11,
C00466,Thailand,2025-05-22,CMP001
C00467,Indonesia,2025-08-01,
C00468,Indonesia,2025-09-17,CMP002
C00469,Indonesia,2025-01-02,
C00470,Thailand,2025-06-02,CMP005
C00471,Singapore,2025-10-24,CMP001
C00472,Singapore,2025-09-08,
C00473,Indonesia,2025-08-17,CMP002
C00474,Indonesia,2025-06-26,CMP004
C00475,Indonesia,2025-10-06,
C00476,Singapore,2025-06-14,CMP003
C00477,Indonesia,2025-12-24,
C00478,Indonesia,2025-07-16,CMP001
C00479,Indonesia,2025-07-30,
C00480,Thailand,2025-08-31,
C00481,Indonesia,2025-07-15,
C00482,Thailand,2025-12-06,CMP001
C00483,Singapore,2025-11-30,
C00484,Singapore,2025-09-11,CMP002
C00485,Indonesia,2025-03-06,
C00486,Indonesia,2025-10-30,
C00487,Singapore,2025-02-21,
C00488,Indonesia,2025-08-14,
C00489,Indonesia,2025-08-22,
C00490,Indonesia,2025-03-15,CMP001
C00491,Singapore,2025-12-02,
C00492,Indonesia,2025-02-08,CMP002
C00493,Indonesia,2025-05-16,CMP003
C00494,Indonesia,2025-12-21,
C00495,Singapore,2025-02-11,CMP002
C00496,Singapore,2025-12-12,
C00497,Singapore,2025-07-14,CMP004
C00498,Thailand,2025-11-17,
C00499,Singapore,2025-09-07,CMP001
C00500,Thailand,2025-01-19,CMP004
C00501,Thailand,2025-05-01,
C00502,Singapore,2025-05-28,CMP002
C00503,Indonesia,2025-02-16,CMP001
C00504,Thailand,2025-02-20,
C00505,Singapore,2025-12-27,
C00506,Indonesia,2025-08-16,CMP002
C00507,Singapore,2025-06-03,CMP003
C00508,Indonesia,2025-01-24,CMP003
C00509,Indonesia,2025-01-29,
C00510,Indonesia,2025-07-11,CMP003
C00511,Indonesia,2025-05-06,CMP005
C00512,Thailand,2025-10-17,CMP003
C00513,Indonesia,2025-04-03,
C00514,Thailand,2025-02-10,
C00515,Thailand,2025-07-15,
C00516,Indonesia,2025-05-04,CMP001
C00517,Indonesia,2025-10-26,
C00518,Thailand,2025-08-25,CMP004
C00519,Indonesia,2025-08-24,CMP002
C00520,Singapore,2025-01-05,
C00521,Singapore,2025-08-27,CMP002
C00522,Indonesia,2025-12-13,
C00523,Indonesia,2025-02-07,CMP001
C00524,Singapore,2025-06-26,CMP001
C00525,Thailand,2025-06-03,CMP004
C00526,Thailand,2025-08-06,
C00527,Thailand,2025-08-22,CMP001
C00528,Singapore,2025-04-12,
C00529,Indonesia,2025-09-05,CMP005
C00530,Indonesia,2025-07-15,CMP004
C00531,Indonesia,2025-10-22,
C00532,Indonesia,2025-12-25,
C00533,Indonesia,2025-12-04,
C00534,Indonesia,2025-01-05,CMP005
C00535,Thailand,2025-12-18,
C00536,Singapore,2025-01-26,
C00537,Thailand,2025-09-12,
C00538,Thailand,2025-05-27,
C00539,Thailand,2025-04-28,CMP003
C00540,Indonesia,2025-06-30,CMP004
C00541,Thailand,2025-04-08,
C00542,Thailand,2025-12-14,
C00543,Thailand,2025-12-04,
C00544,Thailand,2025-03-12,CMP003
C00545,Thailand,2025-11-18,
C00546,Thailand,2025-06-08,
C00547,Indonesia,2025-01-18,CMP002
C00548,Indonesia,2025-03-09,CMP003
C00549,Indonesia,2025-06-01,CMP004
C00550,Indonesia,2025-08-01,
C00551,Thailand,2025-03-09,
C00552,Indonesia,2025-07-07,CMP004
C00553,Thailand,2025-05-20,CMP001
C00554,Singapore,2025-05-12,
C00555,Singapore,2025-09-04,
C00556,Thailand,2025-06-01,CMP001
C00557,Thailand,2025-06-23,
C00558,Singapore,2025-08-28,
C00559,Thailand,2025-03-14,CMP003
C00560,Singapore,2025-04-26,
C00561,Singapore,2025-12-12,
C00562,Indonesia,2025-10-13,CMP002
C00563,Indonesia,2025-07-22,
C00564,Indonesia,2025-10-02,CMP004
C00565,Thailand,2025-07-08,CMP002
C00566,Indonesia,2025-12-11,
C00567,Thailand,2025-07-15,
C00568,Indonesia,2025-07-10,CMP004
C00569,Indonesia,2025-04-30,CMP005
C00570,Singapore,2025-11-14,
C00571,Indonesia,2025-10-15,CMP002
C00572,Indonesia,2025-11-09,CMP002
C00573,Thailand,2025-02-02,
C00574,Singapore,2025-08-26,
C00575,Thailand,2025-06-04,
C00576,Indonesia,2025-03-01,CMP003
C00577,Indonesia,2025-01-20,CMP004
C00578,Indonesia,2025-09-10,CMP002
C00579,Singapore,2025-05-01,CMP003
C00580,Indonesia,2025-03-11,
C00581,Thailand,2025-07-09,CMP002
C00582,Singapore,2025-12-23,
C00583,Indonesia,2025-08-03,
C00584,Singapore,2025-03-21,
C00585,Indonesia,2025-12-02,CMP001
C00586,Thailand,2025-09-08,CMP001
C00587,Indonesia,2025-05-24,CMP001
C00588,Indonesia,2025-07-09,CMP005
C00589,Singapore,2025-08-16,
C00590,Indonesia,2025-07-05,
C00591,Indonesia,2025-12-18,
C00592,Indonesia,2025-11-27,
C00593,Indonesia,2025-07-23,
C00594,Singapore,2025-03-04,CMP004
C00595,Indonesia,2025-08-21,CMP004
C00596,Thailand,2025-04-19,
C00597,Singapore,2025-11-02,
C00598,Thailand,2025-01-26,CMP002
C00599,Singapore,2025-05-05,
C00600,Indonesia,2025-10-17,
C00601,Indonesia,2025-10-11,CMP001
C00602,Thailand,2025-04-21,CMP002
C00603,Indonesia,2025-04-30,
C00604,Thailand,2025-03-17,CMP001
C00605,Indonesia,2025-11-02,
C00606,Singapore,2025-03-16,CMP001
C00607,Indonesia,2025-10-04,
C00608,Indonesia,2025-03-31,
C00609,Indonesia,2025-01-14,CMP004
C00610,Thailand,2025-07-03,
C00611,Indonesia,2025-05-02,
C00612,Indonesia,2025-01-09,CMP003
C00613,Indonesia,2025-01-27,
C00614,Indonesia,2025-08-04,CMP001
C00615,Indonesia,2025-02-02,
C00616,Indonesia,2025-07-05,CMP003
C00617,Indonesia,2025-02-25,CMP004
C00618,Singapore,2025-04-24,CMP001
C00619,Thailand,2025-01-23,
C00620,Indonesia,2025-12-04,
C00621,Thailand,2025-08-23,CMP001
C00622,Indonesia,2025-01-16,CMP004
C00623,Thailand,2025-09-03,CMP002
C00624,Thailand,2025-08-07,CMP003
C00625,Thailand,2025-09-09,CMP004
C00626,Indonesia,2025-08-16,
C00627,Indonesia,2025-02-11,CMP003
C00628,Indonesia,2025-03-17,CMP003
C00629,Thailand,2025-05-21,
C00630,Indonesia,2025-10-27,
C00631,Indonesia,2025-06-16,CMP005
C00632,Indonesia,2025-11-02,
C00633,Indonesia,2025-08-21,
C00634,Indonesia,2025-08-09,CMP005
C00635,Indonesia,2025-12-26,
C00636,Thailand,2025-12-02,CMP003
C00637,Thailand,2025-10-10,
C00638,Indonesia,2025-04-21,
C00639,Indonesia,2025-04-27,CMP004
C00640,Indonesia,2025-08-21,CMP002
C00641,Indonesia,2025-02-18,CMP004
C00642,Thailand,2025-06-10,CMP002
C00643,Singapore,2025-07-11,
C00644,Singapore,2025-12-18,CMP004
C00645,Indonesia,2025-02-04,
C00646,Indonesia,2025-02-13,
C00647,Thailand,2025-02-19,
C00648,Thailand,2025-07-10,CMP001
C00649,Indonesia,2025-10-12,CMP004
C00650,Indonesia,2025-10-15,CMP001
C00651,Indonesia,2025-12-10,
C00652,Singapore,2025-07-01,CMP004
C00653,Singapore,2025-08-05,
C00654,Singapore,2025-01-27,CMP001
C00655,Indonesia,2025-11-04,CMP004
C00656,Indonesia,2025-02-23,
C00657,Indonesia,2025-04-19,CMP001
C00658,Indonesia,2025-09-04,CMP003
C00659,Indonesia,2025-02-25,CMP005
C00660,Indonesia,2025-10-12,
C00661,Indonesia,2025-05-23,
C00662,Thailand,2025-08-08,CMP001
C00663,Thailand,2025-11-15,
C00664,Indonesia,2025-11-26,CMP004
C00665,Singapore,2025-11-08,CMP003
C00666,Indonesia,2025-12-22,
C00667,Indonesia,2025-04-03,CMP002
C00668,Singapore,2025-06-08,
C00669,Indonesia,2025-06-29,CMP003
C00670,Indonesia,2025-03-15,CMP003
C00671,Indonesia,2025-07-25,
C00672,Singapore,2025-11-21,CMP005
C00673,Thailand,2025-02-16,CMP004
C00674,Indonesia,2025-04-21,
C00675,Indonesia,2025-08-21,
C00676,Indonesia,2025-07-09,CMP002
C00677,Thailand,2025-06-16,
C00678,Indonesia,2025-10-18,CMP005
C00679,Indonesia,2025-01-27,
C00680,Indonesia,2025-11-13,CMP004
C00681,Indonesia,2025-02-11,CMP001
C00682,Indonesia,2025-12-05,
C00683,Indonesia,2025-11-07,
C00684,Indonesia,2025-05-20,CMP005
C00685,Indonesia,2025-09-20,
C00686,Indonesia,2025-08-09,
C00687,Thailand,2025-12-14,
C00688,Indonesia,2025-09-07,
C00689,Indonesia,2025-06-07,
C00690,Singapore,2025-07-22,CMP004
C00691,Indonesia,2025-01-29,
C00692,Singapore,2025-06-04,CMP004
C00693,Thailand,2025-03-12,CMP003
C00694,Indonesia,2025-05-29,
C00695,Indonesia,2025-01-04,
C00696,Indonesia,2025-08-09,CMP002
C00697,Indonesia,2025-07-14,CMP002
C00698,Indonesia,2025-04-28,
C00699,Thailand,2025-12-09,
C00700,Indonesia,2025-02-06,CMP004
C00701,Indonesia,2025-01-22,CMP001
C00702,Singapore,2025-08-24,CMP001
C00703,Indonesia,2025-06-10,
C00704,Indonesia,2025-10-21,
C00705,Indonesia,2025-11-24,CMP001
C00706,Indonesia,2025-02-28,CMP001
C00707,Indonesia,2025-06-16,
C00708,Indonesia,2025-11-13,CMP002
C00709,Singapore,2025-12-20,
C00710,Indonesia,2025-02-15,
C00711,Indonesia,2025-02-24,
C00712,Indonesia,2025-10-29,
C00713,Indonesia,2025-02-10,CMP003
C00714,Thailand,2025-06-08,
C00715,Indonesia,2025-04-24,CMP004
C00716,Indonesia,2025-03-28,CMP004
C00717,Indonesia,2025-11-21,
C00718,Indonesia,2025-09-19,
C00719,Indonesia,2025-06-28,CMP003
C00720,Thailand,2025-11-27,
C00721,Indonesia,2025-05-01,
C00722,Indonesia,2025-05-12,CMP002
C00723,Indonesia,2025-11-05,
C00724,Indonesia,2025-12-02,
C00725,Indonesia,2025-11-18,
C00726,Thailand,2025-10-16,
C00727,Thailand,2025-08-18,
C00728,Thailand,2025-10-17,
C00729,Indonesia,2025-11-16,CMP003
C00730,Indonesia,2025-11-18,
C00731,Indonesia,2025-08-14,
C00732,Thailand,2025-08-15,
C00733,Indonesia,2025-05-21,
C00734,Indonesia,2025-06-30,
C00735,Indonesia,2025-06-08,CMP001
C00736,Indonesia,2025-01-20,CMP003
C00737,Indonesia,2025-05-27,CMP002
C00738,Thailand,2025-02-16,CMP003
C00739,Indonesia,2025-09-17,CMP001
C00740,Indonesia,2025-10-25,CMP004
C00741,Indonesia,2025-01-22,CMP001
C00742,Thailand,2025-10-20,
C00743,Thailand,2025-06-14,CMP001
C00744,Indonesia,2025-09-14,CMP004
C00745,Indonesia,2025-02-01,
C00746,Singapore,2025-06-25,
C00747,Indonesia,2025-02-13,
C00748,Indonesia,2025-03-30,
C00749,Indonesia,2025-12-29,
C00750,Indonesia,2025-08-13,
C00751,Indonesia,2025-11-09,CMP003
C00752,Singapore,2025-07-10,CMP005
C00753,Indonesia,2025-07-18,
C00754,Thailand,2025-06-23,CMP001
C00755,Thailand,2025-01-27,CMP001
C00756,Indonesia,2025-11-28,
C00757,Indonesia,2025-06-18,
C00758,Indonesia,2025-12-14,
C00759,Thailand,2025-05-10,CMP003
C00760,Singapore,2025-12-03,CMP005
C00761,Singapore,2025-11-05,
C00762,Indonesia,2025-06-20,CMP005
C00763,Indonesia,2025-12-06,
C00764,Indonesia,2025-06-29,CMP005
C00765,Thailand,2025-12-02,
C00766,Indonesia,2025-07-20,CMP003
C00767,Singapore,2025-12-29,
C00768,Indonesia,2025-06-08,CMP004
C00769,Thailand,2025-11-26,
C00770,Thailand,2025-03-07,
C00771,Singapore,2025-12-17,
C00772,Thailand,2025-02-17,
C00773,Indonesia,2025-08-05,CMP004
C00774,Indonesia,2025-01-10,
C00775,Singapore,2025-04-03,
C00776,Singapore,2025-06-24,CMP005
C00777,Indonesia,2025-09-06,
C00778,Indonesia,2025-03-12,CMP001
C00779,Thailand,2025-06-01,CMP004
C00780,Indonesia,2025-02-21,
C00781,Thailand,2025-10-04,
C00782,Indonesia,2025-09-27,
C00783,Singapore,2025-06-22,
C00784,Indonesia,2025-11-13,
C00785,Indonesia,2025-07-12,CMP004
C00786,Thailand,2025-04-03,CMP001
C00787,Thailand,2025-11-16,CMP002
C00788,Thailand,2025-03-26,
C00789,Indonesia,2025-01-23,CMP005
C00790,Thailand,2025-12-13,
C00791,Thailand,2025-08-16,CMP002
C00792,Indonesia,2025-08-18,CMP003
C00793,Indonesia,2025-05-03,CMP001
C00794,Singapore,2025-08-29,CMP003
C00795,Indonesia,2025-04-10,
C00796,Singapore,2025-10-20,CMP004
C00797,Thailand,2025-08-25,CMP005
C00798,Indonesia,2025-07-15,
C00799,Singapore,2025-08-03,
C00800,Thailand,2025-04-13,
C00801,Singapore,2025-03-12,CMP005
C00802,Thailand,2025-01-27,CMP003
C00803,Indonesia,2025-07-10,CMP002
C00804,Thailand,2025-02-22,CMP003
C00805,Singapore,2025-09-22,CMP002
C00806,Indonesia,2025-05-26,CMP003
C00807,Indonesia,2025-03-24,
C00808,Indonesia,2025-09-20,CMP003
C00809,Indonesia,2025-08-12,
C00810,Thailand,2025-04-24,
C00811,Singapore,2025-06-28,CMP002
C00812,Indonesia,2025-08-01,
C00813,Indonesia,2025-09-15,CMP002
C00814,Singapore,2025-07-17,
C00815,Indonesia,2025-07-11,CMP003
C00816,Singapore,2025-06-13,
C00817,Indonesia,2025-11-29,
C00818,Indonesia,2025-03-16,CMP002
C00819,Singapore,2025-05-27,
C00820,Thailand,2025-08-30,CMP003
C00821,Thailand,2025-03-13,
C00822,Indonesia,2025-08-29,CMP004
C00823,Singapore,2025-01-03,CMP005
C00824,Indonesia,2025-01-10,
C00825,Indonesia,2025-03-18,CMP003
C00826,Indonesia,2025-11-08,
C00827,Thailand,2025-02-26,
C00828,Indonesia,2025-05-02,CMP005
C00829,Indonesia,2025-01-25,
C00830,Thailand,2025-11-24,CMP004
C00831,Indonesia,2025-08-23,
C00832,Indonesia,2025-09-13,
C00833,Thailand,2025-01-09,CMP004
C00834,Indonesia,2025-10-22,CMP003
C00835,Indonesia,2025-03-15,CMP003
C00836,Thailand,2025-01-01,
C00837,Indonesia,2025-05-04,
C00838,Thailand,2025-04-06,
C00839,Indonesia,2025-02-13,
C00840,Indonesia,2025-07-04,CMP005
C00841,Indonesia,2025-09-27,
C00842,Indonesia,2025-09-17,
C00843,Singapore,2025-07-19,
C00844,Thailand,2025-01-23,CMP002
C00845,Indonesia,2025-07-11,CMP001
C00846,Indonesia,2025-01-09,
C00847,Indonesia,2025-02-04,CMP005
C00848,Thailand,2025-12-03,CMP002
C00849,Thailand,2025-10-25,CMP001
C00850,Indonesia,2025-06-20,
C00851,Indonesia,2025-06-30,
C00852,Indonesia,2025-11-26,CMP004
C00853,Indonesia,2025-12-17,
C00854,Indonesia,2025-12-23,
C00855,Thailand,2025-04-04,
C00856,Thailand,2025-02-02,
C00857,Indonesia,2025-08-23,
C00858,Indonesia,2025-04-14,CMP004
C00859,Singapore,2025-04-13,
C00860,Singapore,2025-06-11,CMP003
C00861,Indonesia,2025-09-21,
C00862,Indonesia,2025-10-06,
C00863,Thailand,2025-01-19,
C00864,Indonesia,2025-04-08,CMP004
C00865,Singapore,2025-01-25,CMP003
C00866,Indonesia,2025-06-19,
C00867,Indonesia,2025-07-08,CMP003
C00868,Thailand,2025-07-24,CMP001
C00869,Indonesia,2025-07-17,CMP003
C00870,Indonesia,2025-04-06,
C00871,Indonesia,2025-09-12,CMP002
C00872,Indonesia,2025-09-23,CMP003
C00873,Thailand,2025-02-12,
C00874,Indonesia,2025-02-10,CMP001
C00875,Indonesia,2025-04-03,
C00876,Indonesia,2025-06-14,CMP003
C00877,Thailand,2025-06-17,CMP005
C00878,Indonesia,2025-06-06,
C00879,Indonesia,2025-08-07,
C00880,Indonesia,2025-08-16,CMP005
C00881,Thailand,2025-01-22,CMP003
C00882,Thailand,2025-06-30,CMP002
C00883,Indonesia,2025-08-11,
C00884,Indonesia,2025-01-30,
C00885,Indonesia,2025-11-23,
C00886,Thailand,2025-09-20,CMP004
C00887,Indonesia,2025-12-14,
C00888,Indonesia,2025-01-16,CMP001
C00889,Thailand,2025-11-08,CMP003
C00890,Indonesia,2025-08-13,CMP003
C00891,Indonesia,2025-02-04,CMP002
C00892,Indonesia,2025-11-27,CMP002
C00893,Singapore,2025-07-16,CMP002
C00894,Thailand,2025-01-17,CMP001
C00895,Indonesia,2025-12-14,CMP001
C00896,Indonesia,2025-07-09,
C00897,Indonesia,2025-02-09,
C00898,Indonesia,2025-09-29,
C00899,Thailand,2025-06-10,
C00900,Singapore,2025-05-08,CMP002
C00901,Thailand,2025-01-14,CMP001
C00902,Indonesia,2025-09-13,
C00903,Indonesia,2025-10-15,CMP002
C00904,Thailand,2025-05-14,
C00905,Singapore,2025-04-20,CMP001
C00906,Thailand,2025-05-27,
C00907,Indonesia,2025-09-09,
C00908,Singapore,2025-03-11,CMP004
C00909,Indonesia,2025-08-20,CMP001
C00910,Singapore,2025-08-16,
C00911,Singapore,2025-12-16,
C00912,Thailand,2025-06-13,CMP004
C00913,Indonesia,2025-12-30,
C00914,Indonesia,2025-10-05,CMP003
C00915,Singapore,2025-06-03,CMP001
C00916,Thailand,2025-12-31,
C00917,Thailand,2025-12-25,
C00918,Indonesia,2025-07-05,
C00919,Singapore,2025-03-04,
C00920,Indonesia,2025-03-13,
C00921,Indonesia,2025-09-10,CMP001
C00922,Indonesia,2025-10-11,
C00923,Thailand,2025-08-28,
C00924,Indonesia,2025-10-10,
C00925,Indonesia,2025-02-14,CMP002
C00926,Singapore,2025-07-23,CMP003
C00927,Indonesia,2025-09-03,CMP005
C00928,Thailand,2025-07-29,
C00929,Indonesia,2025-02-07,CMP003
C00930,Thailand,2025-06-12,
C00931,Indonesia,2025-08-19,
C00932,Indonesia,2025-09-22,
C00933,Thailand,2025-10-10,CMP002
C00934,Thailand,2025-04-04,CMP002
C00935,Indonesia,2025-03-08,
C00936,Thailand,2025-01-29,CMP001
C00937,Indonesia,2025-09-23,
C00938,Indonesia,2025-03-26,CMP003
C00939,Indonesia,2025-12-30,
C00940,Singapore,2025-09-23,
C00941,Indonesia,2025-02-10,CMP002
C00942,Singapore,2025-11-22,
C00943,Indonesia,2025-05-21,
C00944,Thailand,2025-06-05,CMP001
C00945,Indonesia,2025-02-17,CMP001
C00946,Indonesia,2025-03-28,CMP002
C00947,Indonesia,2025-10-25,CMP003
C00948,Thailand,2025-12-04,
C00949,Indonesia,2025-11-06,CMP005
C00950,Indonesia,2025-10-16,
C00951,Indonesia,2025-01-15,
C00952,Thailand,2025-11-25,
C00953,Thailand,2025-05-16,
C00954,Indonesia,2025-10-20,
C00955,Indonesia,2025-11-24,
C00956,Indonesia,2025-11-18,
C00957,Singapore,2025-11-25,
C00958,Indonesia,2025-09-05,CMP002
C00959,Indonesia,2025-12-17,
C00960,Indonesia,2025-08-21,CMP003
C00961,Indonesia,2025-01-31,
C00962,Indonesia,2025-08-01,
C00963,Indonesia,2025-04-15,
C00964,Indonesia,2025-03-15,
C00965,Thailand,2025-06-13,CMP002
C00966,Singapore,2025-06-26,
C00967,Thailand,2025-03-08,CMP002
C00968,Indonesia,2025-09-21,
C00969,Indonesia,2025-06-13,
C00970,Indonesia,2025-03-04,
C00971,Indonesia,2025-05-07,CMP004
C00972,Indonesia,2025-01-26,CMP003
C00973,Singapore,2025-07-16,
C00974,Indonesia,2025-08-03,
C00975,Thailand,2025-03-23,CMP004
C00976,Thailand,2025-10-23,CMP004
C00977,Thailand,2025-04-08,CMP005
C00978,Singapore,2025-09-13,CMP005
C00979,Indonesia,2025-08-28,
C00980,Indonesia,2025-06-07,
C00981,Singapore,2025-02-16,CMP004
C00982,Indonesia,2025-09-16,CMP002
C00983,Indonesia,2025-05-04,
C00984,Indonesia,2025-06-30,CMP005
C00985,Indonesia,2025-05-25,CMP002
C00986,Thailand,2025-12-01,
C00987,Indonesia,2025-05-27,
C00988,Indonesia,2025-02-25,CMP002
C00989,Thailand,2025-05-16,
C00990,Indonesia,2025-07-26,
C00991,Indonesia,2025-07-25,CMP002
C00992,Indonesia,2025-10-15,CMP002
C00993,Indonesia,2025-10-11,
C00994,Indonesia,2025-07-17,
C00995,Indonesia,2025-10-09,
C00996,Thailand,2025-11-16,CMP001
C00997,Indonesia,2025-03-02,CMP003
C00998,Indonesia,2025-02-19,CMP001
C00999,Indonesia,2025-06-23,
C01000,Thailand,2025-07-07,
C01001,Thailand,2025-04-12,CMP004
C01002,Indonesia,2025-07-25,
C01003,Indonesia,2025-01-24,CMP005
C01004,Thailand,2025-06-20,
C01005,Indonesia,2025-09-23,
C01006,Singapore,2025-11-07,
C01007,Indonesia,2025-03-13,CMP001
C01008,Indonesia,2025-11-10,CMP003
C01009,Singapore,2025-07-21,
C01010,Indonesia,2025-06-03,CMP004
C01011,Thailand,2025-09-17,CMP001
C01012,Indonesia,2025-09-30,
C01013,Indonesia,2025-10-16,
C01014,Indonesia,2025-01-09,
C01015,Indonesia,2025-12-11,
C01016,Indonesia,2025-08-02,CMP004
C01017,Thailand,2025-12-19,
C01018,Indonesia,2025-11-02,CMP005
C01019,Thailand,2025-12-02,
C01020,Indonesia,2025-10-24,
C01021,Indonesia,2025-01-27,CMP001
C01022,Indonesia,2025-03-29,CMP001
C01023,Thailand,2025-11-14,
C01024,Indonesia,2025-07-14,
C01025,Indonesia,2025-12-15,
C01026,Singapore,2025-10-21,CMP003
C01027,Indonesia,2025-02-26,CMP003
C01028,Indonesia,2025-08-14,
C01029,Indonesia,2025-03-19,CMP004
C01030,Indonesia,2025-04-15,
C01031,Singapore,2025-11-10,
C01032,Thailand,2025-02-01,
C01033,Indonesia,2025-09-23,CMP001
C01034,Singapore,2025-06-16,
C01035,Indonesia,2025-09-02,CMP004
C01036,Singapore,2025-06-10,CMP004
C01037,Singapore,2025-08-24,CMP003
C01038,Indonesia,2025-06-25,CMP001
C01039,Thailand,2025-12-13,
C01040,Thailand,2025-12-15,
C01041,Indonesia,2025-12-21,
C01042,Indonesia,2025-09-05,
C01043,Indonesia,2025-05-07,CMP001
C01044,Indonesia,2025-06-02,CMP004
C01045,Thailand,2025-06-02,CMP003
C01046,Indonesia,2025-12-27,
C01047,Indonesia,2025-12-27,
C01048,Indonesia,2025-09-03,
C01049,Indonesia,2025-05-21,
C01050,Thailand,2025-10-21,
C01051,Singapore,2025-07-14,
C01052,Thailand,2025-07-22,CMP004
C01053,Indonesia,2025-03-16,
C01054,Singapore,2025-05-28,
C01055,Indonesia,2025-02-10,CMP003
C01056,Thailand,2025-08-15,CMP001
C01057,Indonesia,2025-09-03,CMP001
C01058,Indonesia,2025-10-03,
C01059,Thailand,2025-10-15,
C01060,Indonesia,2025-03-12,
C01061,Indonesia,2025-10-28,CMP002
C01062,Thailand,2025-01-26,
C01063,Indonesia,2025-09-29,
C01064,Indonesia,2025-04-30,CMP004
C01065,Indonesia,2025-07-31,CMP005
C01066,Indonesia,2025-08-30,CMP004
C01067,Indonesia,2025-03-12,
C01068,Singapore,2025-10-09,CMP004
C01069,Indonesia,2025-03-22,CMP001
C01070,Indonesia,2025-09-01,CMP003
C01071,Thailand,2025-04-13,
C01072,Indonesia,2025-05-28,CMP001
C01073,Indonesia,2025-11-27,
C01074,Thailand,2025-02-15,
C01075,Indonesia,2025-04-29,
C01076,Singapore,2025-01-20,
C01077,Indonesia,2025-03-31,
C01078,Singapore,2025-04-01,
C01079,Singapore,2025-01-19,CMP002
C01080,Thailand,2025-07-23,CMP004
C01081,Singapore,2025-04-06,CMP005
C01082,Singapore,2025-05-29,
C01083,Indonesia,2025-01-05,CMP001
C01084,Indonesia,2025-11-05,CMP004
C01085,Indonesia,2025-06-21,CMP002
C01086,Indonesia,2025-11-25,
C01087,Singapore,2025-09-10,CMP002
C01088,Singapore,2025-03-10,
C01089,Indonesia,2025-08-28,CMP001
C01090,Indonesia,2025-02-27,
C01091,Thailand,2025-08-23,
C01092,Indonesia,2025-04-06,
C01093,Thailand,2025-06-22,CMP002
C01094,Thailand,2025-10-18,CMP001
C01095,Indonesia,2025-04-09,
C01096,Singapore,2025-11-24,CMP002
C01097,Indonesia,2025-08-07,
C01098,Indonesia,2025-02-14,
C01099,Indonesia,2025-02-18,CMP002
C01100,Indonesia,2025-03-13,CMP001
C01101,Indonesia,2025-05-08,CMP003
C01102,Indonesia,2025-07-16,
C01103,Singapore,2025-05-17,CMP004
C01104,Indonesia,2025-06-04,CMP004
C01105,Indonesia,2025-10-21,
C01106,Indonesia,2025-12-01,CMP001
C01107,Indonesia,2025-05-01,
C01108,Indonesia,2025-03-02,
C01109,Indonesia,2025-03-23,
C01110,Singapore,2025-09-15,
C01111,Thailand,2025-12-27,
C01112,Indonesia,2025-12-20,
C01113,Indonesia,2025-06-01,
C01114,Indonesia,2025-04-24,CMP002
C01115,Indonesia,2025-03-10,
C01116,Thailand,2025-08-21,
C01117,Indonesia,2025-11-07,CMP002
C01118,Indonesia,2025-12-26,
C01119,Thailand,2025-08-30,CMP004
C01120,Thailand,2025-12-07,
C01121,Thailand,2025-05-07,CMP005
C01122,Singapore,2025-11-02,CMP002
C01123,Indonesia,2025-02-11,CMP001
C01124,Thailand,2025-09-28,
C01125,Singapore,2025-02-09,
C01126,Indonesia,2025-02-27,
C01127,Singapore,2025-10-08,
C01128,Indonesia,2025-04-14,
C01129,Indonesia,2025-03-18,CMP001
C01130,Indonesia,2025-09-24,CMP002
C01131,Indonesia,2025-12-15,
C01132,Indonesia,2025-10-26,
C01133,Indonesia,2025-09-19,CMP004
C01134,Indonesia,2025-01-29,CMP004
C01135,Indonesia,2025-09-20,CMP003
C01136,Indonesia,2025-10-16,CMP004
C01137,Thailand,2025-08-25,
C01138,Thailand,2025-06-07,CMP001
C01139,Indonesia,2025-07-22,CMP002
C01140,Thailand,2025-01-02,
C01141,Indonesia,2025-10-24,CMP001
C01142,Indonesia,2025-08-05,
C01143,Indonesia,2025-02-02,CMP004
C01144,Singapore,2025-01-31,CMP002
C01145,Singapore,2025-02-05,
C01146,Indonesia,2025-08-30,CMP004
C01147,Indonesia,2025-07-29,CMP002
C01148,Thailand,2025-03-11,
C01149,Singapore,2025-11-27,CMP002
C01150,Singapore,2025-07-11,CMP002
C01151,Indonesia,2025-07-15,
C01152,Indonesia,2025-07-13,
C01153,Singapore,2025-12-16,
C01154,Indonesia,2025-10-04,CMP002
C01155,Indonesia,2025-06-28,CMP003
C01156,Indonesia,2025-10-03,
C01157,Thailand,2025-03-07,
C01158,Thailand,2025-04-25,
C01159,Singapore,2025-01-12,CMP005
C01160,Thailand,2025-08-26,
C01161,Indonesia,2025-10-06,CMP001
C01162,Thailand,2025-07-14,
C01163,Indonesia,2025-05-07,CMP002
C01164,Indonesia,2025-03-21,
C01165,Indonesia,2025-02-27,
C01166,Indonesia,2025-12-05,
C01167,Indonesia,2025-01-09,
C01168,Indonesia,2025-02-04,
C01169,Indonesia,2025-01-18,
C01170,Thailand,2025-12-11,
C01171,Indonesia,2025-01-25,CMP002
C01172,Indonesia,2025-01-23,
C01173,Indonesia,2025-04-30,CMP002
C01174,Indonesia,2025-01-29,
C01175,Indonesia,2025-05-29,CMP004
C01176,Indonesia,2025-10-22,
C01177,Thailand,2025-11-03,
C01178,Indonesia,2025-06-14,
C01179,Singapore,2025-03-15,CMP001
C01180,Indonesia,2025-09-24,
C01181,Indonesia,2025-06-03,CMP008
C01182,Singapore,2025-10-13,
C01183,Thailand,2025-03-31,CMP002
C01184,Indonesia,2025-08-07,CMP004
C01185,Singapore,2025-01-25,
C01186,Thailand,2025-11-26,CMP002
C01187,Indonesia,2025-09-26,CMP003
C01188,Indonesia,2025-08-02,CMP002
C01189,Indonesia,2025-06-03,CMP003
C01190,Indonesia,2025-10-03,
C01191,Indonesia,2025-04-26,
C01192,Indonesia,2025-12-29,
C01193,Singapore,2025-08-26,
C01194,Indonesia,2025-10-15,CMP001
C01195,Indonesia,2025-08-02,CMP001
C01196,Indonesia,2025-03-10,
C01197,Indonesia,2025-05-11,CMP001
C01198,Indonesia,2025-11-28,
C01199,Thailand,2025-08-19,CMP001
C01200,Indonesia,2025-02-17,
C01201,Indonesia,2025-04-08,
C01202,Thailand,2025-07-13,CMP002
C01203,Indonesia,2025-11-05,CMP003
C01204,Indonesia,2025-02-07,CMP002
C01205,Thailand,2025-10-28,CMP005
C01206,Indonesia,2025-10-14,
C01207,Singapore,2025-04-17,CMP005
C01208,Indonesia,2025-06-20,
C01209,Indonesia,2025-01-08,CMP002
C01210,Singapore,2025-04-08,CMP002
C01211,Thailand,2025-03-02,
C01212,Singapore,2025-09-03,
C01213,Thailand,2025-12-23,
C01214,Indonesia,2025-04-15,CMP001
C01215,Indonesia,2025-05-03,
C01216,Indonesia,2025-05-25,CMP003
C01217,Thailand,2025-10-01,
C01218,Indonesia,2025-06-07,
C01219,Singapore,2025-09-20,
C01220,Indonesia,2025-08-27,CMP002
C01221,Thailand,2025-08-29,CMP001
C01222,Singapore,2025-06-13,
C01223,Indonesia,2025-07-09,
C01224,Indonesia,2025-01-24,CMP002
C01225,Thailand,2025-04-24,
C01226,Indonesia,2025-01-09,CMP004
C01227,Indonesia,2025-10-27,CMP003
C01228,Indonesia,2025-08-02,CMP002
C01229,Indonesia,2025-04-11,
C01230,Indonesia,2025-07-14,
C01231,Indonesia,2025-05-06,
C01232,Singapore,2025-12-02,
C01233,Indonesia,2025-06-22,CMP001
C01234,Singapore,2025-09-08,CMP005
C01235,Thailand,2025-11-25,
C01236,Indonesia,2025-08-24,
C01237,Indonesia,2025-06-30,
C01238,Indonesia,2025-10-07,
C01239,Singapore,2025-10-05,CMP001
C01240,Indonesia,2025-01-31,CMP001
C01241,Singapore,2025-02-08,
C01242,Indonesia,2025-12-09,
C01243,Indonesia,2025-01-04,CMP004
C01244,Indonesia,2025-11-19,
C01245,Indonesia,2025-12-29,
C01246,Indonesia,2025-04-22,CMP003
C01247,Indonesia,2025-07-11,CMP002
C01248,Thailand,2025-11-23,
C01249,Singapore,2025-11-12,
C01250,Indonesia,2025-12-04,
C01251,Indonesia,2025-01-04,
C01252,Indonesia,2025-07-30,
C01253,Thailand,2025-09-29,
C01254,Singapore,2025-10-02,CMP005
C01255,Indonesia,2025-01-09,CMP001
C01256,Thailand,2025-12-24,CMP003
C01257,Indonesia,2025-04-02,
C01258,Indonesia,2025-02-19,
C01259,Indonesia,2025-05-04,
C01260,Indonesia,2025-09-27,CMP005
C01261,Indonesia,2025-07-01,CMP003
C01262,Indonesia,2025-07-23,
C01263,Indonesia,2025-07-27,
C01264,Singapore,2025-05-05,CMP004
C01265,Indonesia,2025-04-26,CMP001
C01266,Thailand,2025-02-11,CMP004
C01267,Thailand,2025-11-29,
C01268,Indonesia,2025-02-17,CMP005
C01269,Indonesia,2025-07-13,
C01270,Thailand,2025-01-29,CMP004
C01271,Indonesia,2025-12-26,
C01272,Thailand,2025-09-13,CMP004
C01273,Thailand,2025-11-27,
C01274,Singapore,2025-10-17,
C01275,Singapore,2025-02-18,
C01276,Indonesia,2025-01-22,CMP003
C01277,Singapore,2025-12-21,
C01278,Indonesia,2025-09-01,CMP005
C01279,Thailand,2025-02-08,CMP003
C01280,Singapore,2025-05-24,CMP003
C01281,Thailand,2025-10-16,CMP004
C01282,Singapore,2025-04-02,CMP002
C01283,Indonesia,2025-06-11,
C01284,Indonesia,2025-04-17,
C01285,Thailand,2025-12-31,
C01286,Indonesia,2025-02-09,CMP002
C01287,Indonesia,2025-10-16,
C01288,Thailand,2025-07-19,
C01289,Indonesia,2025-10-04,
C01290,Thailand,2025-03-13,
C01291,Thailand,2025-12-19,
C01292,Thailand,2025-09-14,
C01293,Indonesia,2025-06-27,
C01294,Indonesia,2025-08-12,CMP001
C01295,Indonesia,2025-02-08,
C01296,Singapore,2025-11-11,CMP002
C01297,Singapore,2025-07-23,
C01298,Indonesia,2025-06-17,CMP003
C01299,Thailand,2025-05-20,
C01300,Indonesia,2025-08-19,
C01301,Indonesia,2025-07-02,CMP002
C01302,Indonesia,2025-07-12,CMP005
C01303,Indonesia,2025-12-15,
C01304,Indonesia,2025-07-14,CMP001
C01305,Indonesia,2025-11-13,CMP003
C01306,Thailand,2025-05-07,
C01307,Indonesia,2025-02-12,CMP004
C01308,Thailand,2025-07-14,
C01309,Indonesia,2025-11-21,
C01310,Indonesia,2025-07-19,CMP004
C01311,Indonesia,2025-02-24,CMP002
C01312,Indonesia,2025-06-07,
C01313,Indonesia,2025-05-19,CMP003
C01314,Indonesia,2025-02-14,
C01315,Indonesia,2025-08-18,
C01316,Indonesia,2025-09-20,
C01317,Indonesia,2025-01-14,CMP005
C01318,Indonesia,2025-10-11,
C01319,Thailand,2025-11-03,CMP002
C01320,Indonesia,2025-07-17,
C01321,Indonesia,2025-07-31,
C01322,Thailand,2025-02-13,
C01323,Singapore,2025-10-14,
C01324,Indonesia,2025-05-05,
C01325,Thailand,2025-03-28,
C01326,Indonesia,2025-03-28,CMP002
C01327,Indonesia,2025-06-04,CMP004
C01328,Indonesia,2025-03-16,
C01329,Indonesia,2025-08-11,
C01330,Indonesia,2025-06-03,
C01331,Indonesia,2025-02-09,
C01332,Thailand,2025-05-07,CMP002
C01333,Indonesia,2025-09-11,CMP005
C01334,Indonesia,2025-04-11,
C01335,Indonesia,2025-03-11,
C01336,Indonesia,2025-07-22,
C01337,Indonesia,2025-11-14,
C01338,Indonesia,2025-06-18,CMP005
C01339,Thailand,2025-08-09,
C01340,Singapore,2025-11-30,CMP001
C01341,Indonesia,2025-03-11,CMP002
C01342,Singapore,2025-11-05,CMP001
C01343,Indonesia,2025-04-13,
C01344,Singapore,2025-04-01,CMP003
C01345,Indonesia,2025-06-13,
C01346,Thailand,2025-12-22,
C01347,Thailand,2025-10-22,CMP002
C01348,Indonesia,2025-06-16,
C01349,Indonesia,2025-07-21,CMP001
C01350,Indonesia,2025-10-16,
C01351,Indonesia,2025-10-07,CMP003
C01352,Indonesia,2025-10-09,CMP003
C01353,Singapore,2025-08-25,
C01354,Indonesia,2025-04-18,CMP005
C01355,Thailand,2025-05-30,
C01356,Thailand,2025-02-05,
C01357,Thailand,2025-07-29,
C01358,Thailand,2025-03-13,
C01359,Indonesia,2025-05-04,
C01360,Thailand,2025-03-20,CMP001
C01361,Indonesia,2025-07-13,
C01362,Indonesia,2025-11-03,
C01363,Indonesia,2025-07-25,CMP004
C01364,Indonesia,2025-12-21,
C01365,Thailand,2025-01-19,CMP004
C01366,Thailand,2025-07-04,
C01367,Indonesia,2025-10-02,
C01368,Indonesia,2025-02-13,
C01369,Thailand,2025-05-08,CMP004
C01370,Indonesia,2025-07-01,
C01371,Indonesia,2025-11-10,CMP001
C01372,Thailand,2025-11-27,CMP004
C01373,Singapore,2025-07-24,CMP002
C01374,Singapore,2025-06-19,
C01375,Indonesia,2025-08-09,CMP003
C01376,Indonesia,2025-02-20,CMP003
C01377,Thailand,2025-09-19,
C01378,Indonesia,2025-10-13,CMP004
C01379,Indonesia,2025-10-22,CMP001
C01380,Indonesia,2025-07-11,
C01381,Indonesia,2025-12-14,
C01382,Indonesia,2025-09-14,
C01383,Indonesia,2025-01-13,CMP002
C01384,Indonesia,2025-06-01,CMP002
C01385,Indonesia,2025-02-13,CMP003
C01386,Indonesia,2025-03-14,CMP003
C01387,Indonesia,2025-06-25,CMP002
C01388,Indonesia,2025-04-16,
C01389,Indonesia,2025-06-28,CMP003
C01390,Thailand,2025-08-13,CMP003
C01391,Indonesia,2025-08-20,CMP001
C01392,Indonesia,2025-06-03,CMP002
C01393,Indonesia,2025-12-30,
C01394,Thailand,2025-06-25,CMP002
C01395,Thailand,2025-12-13,CMP001
C01396,Indonesia,2025-05-05,
C01397,Indonesia,2025-10-10,CMP001
C01398,Indonesia,2025-10-14,CMP001
C01399,Indonesia,2025-08-25,CMP002
C01400,Thailand,2025-07-27,CMP003
C01401,Thailand,2025-04-06,CMP001
C01402,Indonesia,2025-08-10,CMP003
C01403,Singapore,2025-11-11,CMP002
C01404,Indonesia,2025-08-19,CMP003
C01405,Indonesia,2025-07-19,
C01406,Indonesia,2025-04-20,CMP002
C01407,Thailand,2025-12-27,
C01408,Indonesia,2025-02-02,CMP002
C01409,Indonesia,2025-10-02,
C01410,Indonesia,2025-06-16,CMP004
C01411,Indonesia,2025-02-28,CMP003
C01412,Indonesia,2025-09-08,
C01413,Indonesia,2025-11-24,
C01414,Thailand,2025-07-18,
C01415,Indonesia,2025-10-28,CMP001
C01416,Thailand,2025-06-30,CMP001
C01417,Indonesia,2025-11-13,
C01418,Thailand,2025-12-11,
C01419,Singapore,2025-06-02,CMP001
C01420,Indonesia,2025-10-30,
C01421,Indonesia,2025-03-10,CMP002
C01422,Indonesia,2025-05-03,CMP002
C01423,Indonesia,2025-04-04,CMP005
C01424,Indonesia,2025-03-14,
C01425,Indonesia,2025-08-03,
C01426,Indonesia,2025-10-22,CMP001
C01427,Indonesia,2025-04-06,CMP002
C01428,Thailand,2025-10-03,
C01429,Singapore,2025-11-27,
C01430,Indonesia,2025-03-30,
C01431,Indonesia,2025-09-08,CMP001
C01432,Indonesia,2025-04-06,CMP005
C01433,Thailand,2025-08-19,
C01434,Singapore,2025-07-03,CMP004
C01435,Indonesia,2025-09-06,CMP005
C01436,Singapore,2025-07-16,
C01437,Thailand,2025-09-16,CMP002
C01438,Thailand,2025-07-29,CMP001
C01439,Thailand,2025-08-01,CMP001
C01440,Indonesia,2025-08-16,
C01441,Indonesia,2025-02-12,CMP005
C01442,Indonesia,2025-04-23,
C01443,Indonesia,2025-05-21,CMP004
C01444,Indonesia,2025-05-28,CMP003
C01445,Indonesia,2025-08-23,
C01446,Indonesia,2025-09-11,
C01447,Indonesia,2025-02-27,
C01448,Thailand,2025-05-18,CMP005
C01449,Indonesia,2025-07-07,CMP004
C01450,Thailand,2025-01-22,CMP002
C01451,Indonesia,2025-08-14,CMP003
C01452,Indonesia,2025-08-06,CMP004
C01453,Thailand,2025-12-01,
C01454,Singapore,2025-06-02,CMP005
C01455,Indonesia,2025-01-17,
C01456,Singapore,2025-06-28,CMP004
C01457,Indonesia,2025-02-14,CMP002
C01458,Thailand,2025-03-02,CMP001
C01459,Indonesia,2025-05-02,CMP003
C01460,Thailand,2025-10-29,CMP004
C01461,Thailand,2025-12-30,
C01462,Indonesia,2025-08-08,CMP001
C01463,Thailand,2025-03-13,
C01464,Thailand,2025-04-16,CMP005
C01465,Indonesia,2025-10-19,CMP003
C01466,Indonesia,2025-05-24,CMP001
C01467,Indonesia,2025-03-28,
C01468,Indonesia,2025-12-27,
C01469,Indonesia,2025-10-21,
C01470,Singapore,2025-09-21,CMP001
C01471,Thailand,2025-12-14,
C01472,Singapore,2025-03-11,
C01473,Singapore,2025-07-30,
C01474,Singapore,2025-05-22,CMP002
C01475,Thailand,2025-03-06,CMP002
C01476,Indonesia,2025-03-09,
C01477,Indonesia,2025-12-31,
C01478,Thailand,2025-05-07,
C01479,Indonesia,2025-12-13,
C01480,Indonesia,2025-03-14,CMP002
C01481,Thailand,2025-05-18,CMP003
C01482,Indonesia,2025-07-12,
C01483,Thailand,2025-11-21,
C01484,Indonesia,2025-02-17,CMP003
C01485,Thailand,2025-05-23,CMP001
C01486,Indonesia,2025-07-08,CMP004
C01487,Indonesia,2025-09-07,
C01488,Singapore,2025-01-02,CMP001
C01489,Thailand,2025-02-17,
C01490,Thailand,2025-08-23,
C01491,Indonesia,2025-12-24,
C01492,Thailand,2025-02-02,
C01493,Indonesia,2025-07-23,
C01494,Thailand,2025-08-08,
C01495,Indonesia,2025-09-11,CMP002
C01496,Indonesia,2025-05-26,
C01497,Indonesia,2025-10-23,CMP005
C01498,Thailand,2025-09-06,CMP001
C01499,Thailand,2025-12-16,
C01500,Indonesia,2025-01-24,CMP002
C01501,Indonesia,2025-08-24,CMP004
C01502,Indonesia,2025-03-22,
C01503,Singapore,2025-01-01,CMP001
C01504,Indonesia,2025-08-08,CMP003
C01505,Singapore,2025-12-19,
C01506,Indonesia,2025-11-29,
C01507,Indonesia,2025-05-21,CMP001
C01508,Indonesia,2025-07-04,
C01509,Thailand,2025-07-10,
C01510,Indonesia,2025-11-29,
C01511,Thailand,2025-07-22,CMP002
C01512,Thailand,2025-12-25,
C01513,Thailand,2025-08-08,
C01514,Indonesia,2025-12-27,
C01515,Indonesia,2025-04-20,CMP005
C01516,Indonesia,2025-03-09,CMP003
C01517,Thailand,2025-09-23,CMP002
C01518,Indonesia,2025-01-05,
C01519,Thailand,2025-06-25,CMP003
C01520,Thailand,2025-08-05,
C01521,Indonesia,2025-09-02,CMP004
C01522,Indonesia,2025-07-16,CMP001
C01523,Indonesia,2025-02-22,
C01524,Singapore,2025-07-08,
C01525,Indonesia,2025-03-12,CMP004
C01526,Thailand,2025-03-10,CMP002
C01527,Indonesia,2025-12-13,
C01528,Indonesia,2025-09-29,
C01529,Thailand,2025-11-09,CMP001
C01530,Indonesia,2025-08-14,
C01531,Thailand,2025-04-20,
C01532,Singapore,2025-03-19,
C01533,Thailand,2025-11-12,CMP001
C01534,Indonesia,2025-04-22,
C01535,Indonesia,2025-02-21,CMP003
C01536,Indonesia,2025-03-05,CMP004
C01537,Indonesia,2025-07-16,CMP003
C01538,Indonesia,2025-08-08,
C01539,Indonesia,2025-03-13,
C01540,Indonesia,2025-11-27,
C01541,Thailand,2025-10-11,CMP001
C01542,Indonesia,2025-11-08,
C01543,Indonesia,2025-12-20,
C01544,Singapore,2025-12-04,
C01545,Indonesia,2025-04-16,
C01546,Indonesia,2025-09-18,
C01547,Indonesia,2025-07-20,CMP002
C01548,Thailand,2025-01-28,
C01549,Indonesia,2025-05-03,
C01550,Indonesia,2025-02-27,
C01551,Indonesia,2025-11-23,CMP002
C01552,Singapore,2025-09-28,
C01553,Singapore,2025-01-07,CMP002
C01554,Indonesia,2025-06-12,CMP004
C01555,Indonesia,2025-10-19,
C01556,Thailand,2025-10-07,CMP001
C01557,Singapore,2025-08-30,CMP003
C01558,Indonesia,2025-02-07,
C01559,Indonesia,2025-02-04,CMP005
C01560,Indonesia,2025-04-21,
C01561,Singapore,2025-01-31,CMP001
C01562,Indonesia,2025-07-23,CMP003
C01563,Thailand,2025-11-18,
C01564,Indonesia,2025-08-01,
C01565,Indonesia,2025-07-25,CMP005
C01566,Indonesia,2025-10-02,
C01567,Indonesia,2025-03-20,CMP004
C01568,Indonesia,2025-06-08,CMP001
C01569,Singapore,2025-04-15,
C01570,Indonesia,2025-03-21,
C01571,Indonesia,2025-07-20,CMP002
C01572,Thailand,2025-11-29,
C01573,Indonesia,2025-02-03,
C01574,Thailand,2025-08-12,
C01575,Indonesia,2025-05-03,CMP001
C01576,Singapore,2025-02-14,CMP001
C01577,Indonesia,2025-03-01,
C01578,Indonesia,2025-11-08,
C01579,Thailand,2025-12-08,
C01580,Indonesia,2025-03-31,
C01581,Indonesia,2025-12-29,
C01582,Indonesia,2025-01-06,CMP004
C01583,Indonesia,2025-06-27,
C01584,Indonesia,2025-05-13,CMP005
C01585,Thailand,2025-03-06,
C01586,Thailand,2025-05-18,CMP003
C01587,Thailand,2025-03-02,
C01588,Indonesia,2025-01-16,CMP002
C01589,Indonesia,2025-08-08,
C01590,Indonesia,2025-02-02,
C01591,Thailand,2025-10-23,
C01592,Indonesia,2025-09-12,CMP001
C01593,Indonesia,2025-07-04,
C01594,Indonesia,2025-10-18,CMP002
C01595,Indonesia,2025-03-22,CMP004
C01596,Singapore,2025-02-22,CMP003
C01597,Thailand,2025-12-12,CMP003
C01598,Thailand,2025-04-27,CMP001
C01599,Indonesia,2025-01-02,
C01600,Indonesia,2025-01-07,CMP003
C01601,Indonesia,2025-08-30,CMP001
C01602,Indonesia,2025-03-18,CMP001
C01603,Indonesia,2025-01-19,
C01604,Indonesia,2025-12-02,
C01605,Indonesia,2025-06-14,CMP001
C01606,Indonesia,2025-06-13,CMP002
C01607,Indonesia,2025-02-09,
C01608,Indonesia,2025-03-03,
C01609,Indonesia,2025-01-27,
C01610,Singapore,2025-09-22,CMP003
C01611,Indonesia,2025-07-25,CMP003
C01612,Singapore,2025-08-27,
C01613,Indonesia,2025-06-09,
C01614,Indonesia,2025-10-11,
C01615,Indonesia,2025-07-08,
C01616,Thailand,2025-10-16,
C01617,Indonesia,2025-11-15,CMP004
C01618,Indonesia,2025-07-08,
C01619,Singapore,2025-09-10,CMP003
C01620,Thailand,2025-04-11,
C01621,Thailand,2025-10-07,CMP002
C01622,Indonesia,2025-05-06,
C01623,Indonesia,2025-07-29,CMP004
C01624,Indonesia,2025-10-05,CMP002
C01625,Singapore,2025-12-22,
C01626,Indonesia,2025-06-21,CMP004
C01627,Indonesia,2025-12-03,
C01628,Indonesia,2025-06-07,
C01629,Singapore,2025-09-29,
C01630,Indonesia,2025-08-03,
C01631,Singapore,2025-01-31,CMP004
C01632,Thailand,2025-03-14,
C01633,Indonesia,2025-02-17,CMP004
C01634,Singapore,2025-04-29,CMP002
C01635,Indonesia,2025-09-24,CMP005
C01636,Indonesia,2025-07-10,CMP002
C01637,Indonesia,2025-02-13,
C01638,Indonesia,2025-09-16,CMP001
C01639,Indonesia,2025-07-21,
C01640,Indonesia,2025-10-18,CMP003
C01641,Singapore,2025-12-06,
C01642,Indonesia,2025-05-02,
C01643,Singapore,2025-06-11,
C01644,Thailand,2025-07-21,
C01645,Indonesia,2025-06-17,CMP002
C01646,Indonesia,2025-05-20,CMP005
C01647,Indonesia,2025-04-14,CMP003
C01648,Indonesia,2025-10-27,
C01649,Indonesia,2025-02-24,CMP004
C01650,Indonesia,2025-08-27,CMP001
C01651,Indonesia,2025-03-03,
C01652,Indonesia,2025-04-17,CMP001
C01653,Indonesia,2025-08-26,
C01654,Indonesia,2025-03-03,
C01655,Indonesia,2025-12-18,
C01656,Thailand,2025-12-27,
C01657,Indonesia,2025-01-21,
C01658,Indonesia,2025-06-17,
C01659,Indonesia,2025-12-31,
C01660,Indonesia,2025-07-02,
C01661,Thailand,2025-01-26,
C01662,Thailand,2025-05-14,
C01663,Indonesia,2025-03-31,CMP003
C01664,Singapore,2025-07-27,CMP003
C01665,Thailand,2025-10-12,
C01666,Indonesia,2025-05-08,CMP003
C01667,Thailand,2025-02-22,
C01668,Indonesia,2025-03-13,
C01669,Thailand,2025-02-01,CMP001
C01670,Indonesia,2025-04-24,CMP002
C01671,Indonesia,2025-07-25,
C01672,Singapore,2025-11-19,
C01673,Indonesia,2025-02-13,
C01674,Singapore,2025-05-13,CMP005
C01675,Indonesia,2025-02-08,
C01676,Indonesia,2025-02-03,CMP004
C01677,Indonesia,2025-11-27,
C01678,Indonesia,2025-03-07,CMP005
C01679,Indonesia,2025-06-19,CMP004
C01680,Indonesia,2025-08-25,CMP004
C01681,Indonesia,2025-10-21,CMP004
C01682,Indonesia,2025-07-22,
C01683,Thailand,2025-07-15,CMP002
C01684,Indonesia,2025-03-30,
C01685,Indonesia,2025-04-06,CMP001
C01686,Singapore,2025-08-17,CMP003
C01687,Thailand,2025-01-18,CMP002
C01688,Indonesia,2025-11-12,
C01689,Indonesia,2025-06-01,
C01690,Indonesia,2025-10-09,
C01691,Indonesia,2025-02-14,CMP001
C01692,Indonesia,2025-03-12,
C01693,Singapore,2025-11-26,
C01694,Indonesia,2025-09-27,CMP002
C01695,Thailand,2025-10-06,
C01696,Thailand,2025-07-15,CMP001
C01697,Indonesia,2025-07-03,
C01698,Indonesia,2025-09-06,
C01699,Indonesia,2025-10-17,
C01700,Indonesia,2025-07-18,CMP002
C01701,Indonesia,2025-01-14,CMP004
C01702,Indonesia,2025-04-23,
C01703,Indonesia,2025-05-24,
C01704,Indonesia,2025-08-30,
C01705,Singapore,2025-10-27,
C01706,Indonesia,2025-03-23,
C01707,Indonesia,2025-12-03,
C01708,Thailand,2025-10-01,
C01709,Thailand,2025-01-29,
C01710,Indonesia,2025-04-23,
C01711,Indonesia,2025-07-18,
C01712,Indonesia,2025-03-30,
C01713,Indonesia,2025-10-31,
C01714,Indonesia,2025-12-24,
C01715,Indonesia,2025-10-30,CMP005
C01716,Indonesia,2025-12-25,
C01717,Indonesia,2025-10-18,
C01718,Singapore,2025-10-16,
C01719,Indonesia,2025-09-10,CMP005
C01720,Indonesia,2025-03-31,
C01721,Indonesia,2025-02-16,
C01722,Indonesia,2025-11-05,CMP001
C01723,Indonesia,2025-09-27,
C01724,Singapore,2025-06-19,CMP004
C01725,Thailand,2025-04-14,CMP003
C01726,Thailand,2025-06-24,
C01727,Indonesia,2025-06-15,
C01728,Indonesia,2025-03-17,CMP004
C01729,Thailand,2025-03-14,CMP004
C01730,Singapore,2025-09-27,
C01731,Indonesia,2025-02-07,
C01732,Indonesia,2025-12-06,
C01733,Indonesia,2025-02-21,
C01734,Indonesia,2025-06-15,
C01735,Thailand,2025-03-22,
C01736,Thailand,2025-08-12,
C01737,Thailand,2025-09-07,
C01738,Thailand,2025-03-31,
C01739,Thailand,2025-10-15,
C01740,Thailand,2025-11-11,
C01741,Thailand,2025-04-25,CMP005
C01742,Indonesia,2025-03-31,CMP002
C01743,Indonesia,2025-12-19,
C01744,Thailand,2025-04-01,CMP003
C01745,Singapore,2025-12-26,
C01746,Singapore,2025-07-20,CMP004
C01747,Indonesia,2025-10-18,CMP002
C01748,Indonesia,2025-11-05,
C01749,Indonesia,2025-11-10,CMP002
C01750,Indonesia,2025-10-17,CMP005
C01751,Indonesia,2025-09-12,
C01752,Indonesia,2025-02-09,CMP002
C01753,Indonesia,2025-06-13,
C01754,Thailand,2025-02-15,CMP003
C01755,Thailand,2025-12-10,
C01756,Indonesia,2025-06-21,CMP002
C01757,Indonesia,2025-05-16,
C01758,Indonesia,2025-12-21,CMP002
C01759,Thailand,2025-05-12,CMP003
C01760,Indonesia,2025-01-01,
C01761,Thailand,2025-08-13,
C01762,Singapore,2025-03-27,
C01763,Singapore,2025-09-10,CMP003
C01764,Indonesia,2025-06-29,
C01765,Thailand,2025-02-21,
C01766,Thailand,2025-10-23,CMP001
C01767,Indonesia,2025-12-18,
C01768,Indonesia,2025-08-20,CMP005
C01769,Indonesia,2025-01-18,CMP002
C01770,Indonesia,2025-06-13,CMP005
C01771,Indonesia,2025-02-23,
C01772,Singapore,2025-03-29,
C01773,Thailand,2025-03-24,CMP001
C01774,Singapore,2025-10-08,
C01775,Indonesia,2025-02-17,CMP003
C01776,Singapore,2025-11-11,CMP001
C01777,Indonesia,2025-12-27,
C01778,Indonesia,2025-12-01,CMP004
C01779,Indonesia,2025-08-11,CMP005
C01780,Indonesia,2025-02-21,CMP003
C01781,Indonesia,2025-04-08,CMP004
C01782,Thailand,2025-10-11,
C01783,Indonesia,2025-10-04,
C01784,Indonesia,2025-05-25,CMP001
C01785,Indonesia,2025-02-19,CMP001
C01786,Indonesia,2025-10-20,
C01787,Indonesia,2025-09-09,
C01788,Indonesia,2025-07-04,
C01789,Indonesia,2025-02-14,
C01790,Thailand,2025-12-05,
C01791,Indonesia,2025-09-03,CMP003
C01792,Indonesia,2025-01-14,CMP002
C01793,Indonesia,2025-11-23,CMP003
C01794,Indonesia,2025-02-11,CMP002
C01795,Indonesia,2025-03-01,CMP005
C01796,Indonesia,2025-07-23,
C01797,Indonesia,2025-12-05,CMP001
C01798,Indonesia,2025-11-25,CMP002
C01799,Indonesia,2025-04-05,CMP002
C01800,Indonesia,2025-07-15,CMP003
C01801,Indonesia,2025-08-17,
C01802,Indonesia,2025-08-14,CMP001
C01803,Thailand,2025-04-26,CMP004
C01804,Indonesia,2025-10-16,CMP005
C01805,Thailand,2025-12-23,
C01806,Thailand,2025-02-13,CMP002
C01807,Indonesia,2025-10-05,
C01808,Indonesia,2025-10-29,CMP005
C01809,Thailand,2025-02-01,
C01810,Indonesia,2025-09-25,
C01811,Thailand,2025-10-02,CMP004
C01812,Indonesia,2025-09-01,CMP001
C01813,Indonesia,2025-05-01,CMP004
C01814,Indonesia,2025-02-10,
C01815,Indonesia,2025-01-18,CMP001
C01816,Thailand,2025-09-22,
C01817,Singapore,2025-12-13,
C01818,Indonesia,2025-03-17,
C01819,Indonesia,2025-08-18,CMP002
C01820,Singapore,2025-03-27,CMP001
C01821,Indonesia,2025-04-09,
C01822,Indonesia,2025-08-05,
C01823,Indonesia,2025-12-16,
C01824,Indonesia,2025-11-18,
C01825,Indonesia,2025-11-01,CMP002
C01826,Indonesia,2025-02-04,CMP001
C01827,Indonesia,2025-10-12,CMP004
C01828,Singapore,2025-06-16,CMP004
C01829,Indonesia,2025-09-24,CMP002
C01830,Thailand,2025-01-07,CMP004
C01831,Indonesia,2025-11-16,
C01832,Indonesia,2025-08-03,
C01833,Indonesia,2025-03-18,CMP003
C01834,Indonesia,2025-10-29,
C01835,Singapore,2025-02-21,CMP005
C01836,Thailand,2025-10-16,CMP005
C01837,Singapore,2025-05-27,CMP003
C01838,Singapore,2025-06-26,CMP001
C01839,Indonesia,2025-05-16,
C01840,Indonesia,2025-09-06,
C01841,Indonesia,2025-08-31,CMP002
C01842,Indonesia,2025-05-22,CMP001
C01843,Thailand,2025-11-13,
C01844,Indonesia,2025-12-22,
C01845,Singapore,2025-07-22,CMP001
C01846,Thailand,2025-06-19,
C01847,Thailand,2025-01-26,CMP002
C01848,Singapore,2025-05-18,
C01849,Indonesia,2025-01-11,
C01850,Indonesia,2025-06-05,
C01851,Singapore,2025-09-09,CMP001
C01852,Indonesia,2025-12-17,
C01853,Indonesia,2025-04-27,CMP004
C01854,Thailand,2025-08-15,
C01855,Indonesia,2025-06-14,
C01856,Thailand,2025-08-02,
C01857,Indonesia,2025-02-15,CMP003
C01858,Singapore,2025-04-19,
C01859,Thailand,2025-07-28,CMP002
C01860,Singapore,2025-09-22,CMP003
C01861,Indonesia,2025-01-29,CMP001
C01862,Indonesia,2025-03-23,CMP003
C01863,Indonesia,2025-12-30,
C01864,Thailand,2025-03-11,
C01865,Singapore,2025-09-26,CMP004
C01866,Indonesia,2025-01-15,
C01867,Thailand,2025-04-13,CMP004
C01868,Indonesia,2025-05-08,
C01869,Singapore,2025-01-26,CMP004
C01870,Indonesia,2025-12-27,
C01871,Thailand,2025-07-08,CMP001
C01872,Indonesia,2025-09-16,
C01873,Thailand,2025-03-05,
C01874,Indonesia,2025-05-04,CMP008
C01875,Indonesia,2025-11-01,CMP005
C01876,Indonesia,2025-08-31,CMP004
C01877,Indonesia,2025-06-29,
C01878,Thailand,2025-05-13,
C01879,Indonesia,2025-12-19,
C01880,Indonesia,2025-01-15,CMP004
C01881,Singapore,2025-03-25,CMP001
C01882,Singapore,2025-04-20,
C01883,Indonesia,2025-11-28,
C01884,Indonesia,2025-04-16,CMP003
C01885,Indonesia,2025-07-29,CMP005
C01886,Indonesia,2025-12-16,
C01887,Thailand,2025-03-09,
C01888,Thailand,2025-11-04,CMP002
C01889,Indonesia,2025-04-25,CMP003
C01890,Thailand,2025-06-06,CMP003
C01891,Thailand,2025-12-30,
C01892,Singapore,2025-08-05,CMP003
C01893,Indonesia,2025-06-28,CMP003
C01894,Indonesia,2025-04-22,CMP001
C01895,Indonesia,2025-12-13,
C01896,Indonesia,2025-11-16,CMP002
C01897,Indonesia,2025-02-22,
C01898,Singapore,2025-12-06,
C01899,Indonesia,2025-07-11,CMP002
C01900,Thailand,2025-11-01,
C01901,Thailand,2025-06-02,CMP004
C01902,Indonesia,2025-09-04,
C01903,Thailand,2025-05-22,CMP003
C01904,Indonesia,2025-05-22,
C01905,Singapore,2025-12-31,
C01906,Indonesia,2025-11-30,
C01907,Indonesia,2025-03-18,CMP004
C01908,Singapore,2025-05-04,CMP002
C01909,Indonesia,2025-11-04,CMP002
C01910,Thailand,2025-06-13,CMP004
C01911,Thailand,2025-01-14,CMP003
C01912,Indonesia,2025-06-01,CMP003
C01913,Indonesia,2025-08-03,CMP002
C01914,Indonesia,2025-01-19,
C01915,Thailand,2025-10-20,CMP001
C01916,Thailand,2025-06-25,
C01917,Thailand,2025-04-24,CMP003
C01918,Thailand,2025-11-23,
C01919,Indonesia,2025-12-10,
C01920,Thailand,2025-06-03,CMP004
C01921,Singapore,2025-12-03,
C01922,Indonesia,2025-04-03,CMP003
C01923,Indonesia,2025-08-30,CMP001
C01924,Thailand,2025-05-13,CMP001
C01925,Thailand,2025-10-14,CMP002
C01926,Singapore,2025-04-04,
C01927,Thailand,2025-06-21,CMP002
C01928,Indonesia,2025-04-24,
C01929,Indonesia,2025-06-07,
C01930,Indonesia,2025-06-19,CMP002
C01931,Indonesia,2025-10-27,
C01932,Indonesia,2025-03-02,
C01933,Indonesia,2025-11-21,CMP001
C01934,Indonesia,2025-11-14,CMP002
C01935,Indonesia,2025-04-10,CMP004
C01936,Indonesia,2025-12-15,
C01937,Indonesia,2025-06-02,CMP001
C01938,Indonesia,2025-03-19,
C01939,Indonesia,2025-04-13,
C01940,Singapore,2025-10-19,CMP002
C01941,Indonesia,2025-08-23,
C01942,Thailand,2025-04-03,CMP004
C01943,Indonesia,2025-09-07,
C01944,Indonesia,2025-04-01,
C01945,Indonesia,2025-01-30,
C01946,Indonesia,2025-05-21,CMP001
C01947,Indonesia,2025-03-28,
C01948,Indonesia,2025-03-23,CMP001
C01949,Indonesia,2025-02-15,
C01950,Thailand,2025-08-11,
C01951,Indonesia,2025-07-26,CMP005
C01952,Indonesia,2025-09-02,
C01953,Indonesia,2025-01-20,CMP003
C01954,Singapore,2025-07-11,CMP005
C01955,Thailand,2025-06-14,CMP003
C01956,Indonesia,2025-09-29,CMP002
C01957,Indonesia,2025-12-13,
C01958,Indonesia,2025-05-08,
C01959,Indonesia,2025-06-26,CMP001
C01960,Indonesia,2025-02-22,
C01961,Indonesia,2025-10-29,CMP003
C01962,Thailand,2025-02-03,CMP001
C01963,Singapore,2025-06-02,
C01964,Thailand,2025-08-22,CMP001
C01965,Indonesia,2025-11-02,CMP002
C01966,Singapore,2025-08-11,
C01967,Indonesia,2025-03-10,
C01968,Indonesia,2025-09-08,CMP001
C01969,Indonesia,2025-04-07,CMP005
C01970,Indonesia,2025-07-26,
C01971,Thailand,2025-04-25,CMP001
C01972,Indonesia,2025-03-09,CMP001
C01973,Indonesia,2025-01-12,CMP001
C01974,Indonesia,2025-03-28,
C01975,Thailand,2025-12-31,
C01976,Indonesia,2025-01-20,
C01977,Indonesia,2025-11-24,
C01978,Thailand,2025-10-01,CMP004
C01979,Singapore,2025-11-01,
C01980,Indonesia,2025-12-05,
C01981,Indonesia,2025-01-11,
C01982,Indonesia,2025-03-01,CMP002
C01983,Indonesia,2025-07-14,
C01984,Indonesia,2025-05-10,
C01985,Indonesia,2025-03-20,CMP003
C01986,Thailand,2025-12-18,
C01987,Indonesia,2025-06-04,
C01988,Thailand,2025-02-21,CMP001
C01989,Thailand,2025-05-19,CMP001
C01990,Indonesia,2025-12-25,
C01991,Indonesia,2025-02-23,CMP002
C01992,Indonesia,2025-11-13,CMP004
C01993,Thailand,2025-02-28,
C01994,Indonesia,2025-09-12,
C01995,Thailand,2025-04-13,CMP002
C01996,Singapore,2025-09-25,
C01997,Thailand,2025-07-03,CMP003
C01998,Indonesia,2025-06-01,
C01999,Indonesia,2025-10-08,
C02000,Thailand,2025-04-17,
C02001,Indonesia,2025-09-04,CMP003
C02002,Indonesia,2025-01-02,CMP004
C02003,Singapore,2025-02-15,
C02004,Thailand,2025-10-21,
C02005,Singapore,2025-03-18,CMP001
C02006,Indonesia,2025-09-19,CMP004
C02007,Singapore,2025-02-21,
C02008,Indonesia,2025-11-26,CMP002
C02009,Indonesia,2025-06-01,
C02010,Indonesia,2025-01-26,CMP004
C02011,Singapore,2025-03-31,CMP001
C02012,Indonesia,2025-05-29,CMP001
C02013,Indonesia,2025-12-13,CMP002
C02014,Indonesia,2025-03-01,
C02015,Indonesia,2025-01-24,
C02016,Thailand,2025-03-12,CMP004
C02017,Indonesia,2025-03-29,
C02018,Singapore,2025-08-13,CMP004
C02019,Singapore,2025-05-18,CMP001
C02020,Indonesia,2025-02-17,
C02021,Indonesia,2025-06-25,CMP001
C02022,Indonesia,2025-07-25,
C02023,Indonesia,2025-08-22,
C02024,Thailand,2025-07-17,
C02025,Thailand,2025-09-02,CMP001
C02026,Singapore,2025-11-29,
C02027,Indonesia,2025-03-27,CMP001
C02028,Thailand,2025-12-23,
C02029,Indonesia,2025-03-23,CMP003
C02030,Indonesia,2025-10-30,CMP001
C02031,Thailand,2025-10-19,
C02032,Thailand,2025-04-03,CMP002
C02033,Thailand,2025-07-03,CMP001
C02034,Singapore,2025-12-17,
C02035,Indonesia,2025-03-08,CMP004
C02036,Indonesia,2025-09-07,CMP002
C02037,Indonesia,2025-07-30,CMP002
C02038,Indonesia,2025-02-02,CMP003
C02039,Indonesia,2025-06-10,
C02040,Indonesia,2025-12-14,
C02041,Thailand,2025-10-23,
C02042,Singapore,2025-04-25,
C02043,Singapore,2025-12-09,
C02044,Indonesia,2025-09-23,CMP004
C02045,Thailand,2025-12-25,
C02046,Thailand,2025-08-10,CMP004
C02047,Indonesia,2025-05-08,
C02048,Thailand,2025-12-06,
C02049,Indonesia,2025-07-17,CMP002
C02050,Singapore,2025-10-13,CMP002
C02051,Indonesia,2025-11-10,
C02052,Singapore,2025-11-26,
C02053,Thailand,2025-09-16,CMP002
C02054,Singapore,2025-09-11,
C02055,Thailand,2025-02-08,
C02056,Indonesia,2025-06-14,
C02057,Indonesia,2025-05-23,
C02058,Indonesia,2025-04-25,CMP005
C02059,Indonesia,2025-07-13,CMP004
C02060,Indonesia,2025-05-01,
C02061,Thailand,2025-08-16,CMP002
C02062,Indonesia,2025-08-18,CMP003
C02063,Indonesia,2025-09-13,
C02064,Singapore,2025-03-02,
C02065,Indonesia,2025-12-01,
C02066,Indonesia,2025-07-26,CMP001
C02067,Indonesia,2025-10-13,
C02068,Thailand,2025-02-16,CMP001
C02069,Thailand,2025-11-13,CMP003
C02070,Indonesia,2025-09-18,CMP003
C02071,Thailand,2025-12-02,CMP001
C02072,Indonesia,2025-06-24,CMP001
C02073,Thailand,2025-01-28,CMP003
C02074,Indonesia,2025-08-21,
C02075,Indonesia,2025-11-14,
C02076,Indonesia,2025-12-03,
C02077,Indonesia,2025-08-20,CMP001
C02078,Indonesia,2025-12-04,
C02079,Indonesia,2025-06-24,
C02080,Singapore,2025-11-21,
C02081,Indonesia,2025-05-30,
C02082,Thailand,2025-07-11,CMP001
C02083,Singapore,2025-01-24,
C02084,Indonesia,2025-09-10,CMP002
C02085,Indonesia,2025-07-29,CMP003
C02086,Indonesia,2025-11-09,CMP003
C02087,Singapore,2025-03-03,CMP001
C02088,Indonesia,2025-07-21,
C02089,Thailand,2025-04-08,
C02090,Thailand,2025-02-25,
C02091,Singapore,2025-01-24,CMP001
C02092,Indonesia,2025-12-11,
C02093,Indonesia,2025-08-19,CMP003
C02094,Singapore,2025-10-29,CMP003
C02095,Singapore,2025-03-10,
C02096,Indonesia,2025-01-03,CMP003
C02097,Indonesia,2025-01-25,CMP003
C02098,Thailand,2025-08-10,CMP004
C02099,Singapore,2025-09-05,
C02100,Thailand,2025-04-01,
C02101,Thailand,2025-03-30,
C02102,Indonesia,2025-03-07,
C02103,Thailand,2025-12-03,
C02104,Indonesia,2025-06-14,CMP003
C02105,Indonesia,2025-07-16,
C02106,Singapore,2025-11-08,
C02107,Indonesia,2025-05-08,
C02108,Singapore,2025-06-25,
C02109,Thailand,2025-08-20,
C02110,Indonesia,2025-03-12,
C02111,Singapore,2025-12-25,
C02112,Indonesia,2025-09-20,CMP001
C02113,Indonesia,2025-12-26,
C02114,Thailand,2025-06-10,CMP001
C02115,Thailand,2025-10-11,CMP005
C02116,Indonesia,2025-04-13,CMP005
C02117,Thailand,2025-05-29,CMP004
C02118,Indonesia,2025-12-11,
C02119,Thailand,2025-12-30,
C02120,Indonesia,2025-04-02,
C02121,Thailand,2025-12-22,
C02122,Indonesia,2025-12-30,
C02123,Indonesia,2025-06-30,
C02124,Indonesia,2025-10-26,CMP003
C02125,Thailand,2025-12-08,CMP004
C02126,Thailand,2025-12-12,
C02127,Indonesia,2025-10-01,
C02128,Thailand,2025-08-05,CMP004
C02129,Indonesia,2025-09-25,
C02130,Indonesia,2025-07-15,
C02131,Indonesia,2025-12-10,
C02132,Thailand,2025-05-17,CMP003
C02133,Singapore,2025-03-24,CMP002
C02134,Indonesia,2025-12-16,
C02135,Thailand,2025-02-01,CMP002
C02136,Indonesia,2025-06-01,CMP002
C02137,Indonesia,2025-10-05,
C02138,Indonesia,2025-08-20,CMP001
C02139,Thailand,2025-12-12,
C02140,Thailand,2025-04-25,CMP003
C02141,Indonesia,2025-10-15,CMP005
C02142,Thailand,2025-09-19,CMP003
C02143,Indonesia,2025-12-23,
C02144,Indonesia,2025-12-07,
C02145,Indonesia,2025-07-15,CMP002
C02146,Indonesia,2025-12-17,
C02147,Indonesia,2025-10-10,
C02148,Indonesia,2025-05-09,CMP005
C02149,Thailand,2025-08-15,CMP001
C02150,Thailand,2025-11-21,
C02151,Indonesia,2025-11-28,
C02152,Indonesia,2025-10-29,
C02153,Indonesia,2025-11-05,CMP005
C02154,Indonesia,2025-04-10,
C02155,Singapore,2025-04-01,
C02156,Indonesia,2025-02-08,
C02157,Thailand,2025-03-30,
C02158,Indonesia,2025-03-03,CMP004
C02159,Indonesia,2025-08-08,
C02160,Indonesia,2025-05-16,
C02161,Thailand,2025-10-27,CMP005
C02162,Indonesia,2025-01-03,
C02163,Singapore,2025-12-30,
C02164,Indonesia,2025-01-21,
C02165,Indonesia,2025-06-15,
C02166,Thailand,2025-11-17,
C02167,Indonesia,2025-12-05,
C02168,Indonesia,2025-10-21,CMP002
C02169,Thailand,2025-02-07,
C02170,Indonesia,2025-06-12,CMP008
C02171,Indonesia,2025-04-05,
C02172,Indonesia,2025-09-16,
C02173,Indonesia,2025-10-06,
C02174,Indonesia,2025-02-17,
C02175,Thailand,2025-04-20,CMP004
C02176,Indonesia,2025-06-19,
C02177,Singapore,2025-04-22,
C02178,Indonesia,2025-11-13,
C02179,Thailand,2025-10-15,CMP004
C02180,Indonesia,2025-11-29,
C02181,Indonesia,2025-12-09,CMP005
C02182,Singapore,2025-05-04,CMP004
C02183,Singapore,2025-11-11,
C02184,Singapore,2025-05-05,
C02185,Singapore,2025-12-16,
C02186,Singapore,2025-07-15,CMP003
C02187,Indonesia,2025-02-28,CMP002
C02188,Thailand,2025-10-04,
C02189,Singapore,2025-01-13,CMP001
C02190,Indonesia,2025-07-11,CMP003
C02191,Indonesia,2025-09-18,
C02192,Indonesia,2025-01-23,
C02193,Indonesia,2025-11-30,
C02194,Indonesia,2025-09-21,
C02195,Indonesia,2025-02-19,CMP002
C02196,Indonesia,2025-10-03,CMP004
C02197,Indonesia,2025-11-17,
C02198,Thailand,2025-12-10,
C02199,Singapore,2025-04-20,CMP004
C02200,Thailand,2025-08-06,
C02201,Indonesia,2025-04-16,CMP002
C02202,Singapore,2025-12-26,
C02203,Thailand,2025-08-11,CMP003
C02204,Thailand,2025-02-06,
C02205,Indonesia,2025-03-20,
C02206,Indonesia,2025-06-19,CMP002
C02207,Indonesia,2025-02-07,
C02208,Indonesia,2025-05-09,
C02209,Thailand,2025-10-22,CMP002
C02210,Indonesia,2025-05-13,CMP001
C02211,Thailand,2025-08-19,
C02212,Indonesia,2025-08-10,CMP001
C02213,Thailand,2025-07-19,
C02214,Indonesia,2025-10-01,
C02215,Indonesia,2025-11-13,
C02216,Indonesia,2025-10-27,
C02217,Indonesia,2025-02-07,
C02218,Indonesia,2025-09-15,
C02219,Indonesia,2025-12-18,
C02220,Indonesia,2025-02-14,CMP005
C02221,Indonesia,2025-08-13,CMP004
C02222,Indonesia,2025-12-05,
C02223,Indonesia,2025-03-22,
C02224,Thailand,2025-03-11,CMP002
C02225,Indonesia,2025-10-07,CMP005
C02226,Indonesia,2025-11-21,CMP002
C02227,Singapore,2025-12-13,
C02228,Indonesia,2025-11-28,
C02229,Indonesia,2025-01-06,
C02230,Indonesia,2025-10-12,
C02231,Indonesia,2025-01-22,
C02232,Indonesia,2025-11-02,CMP005
C02233,Singapore,2025-10-08,CMP004
C02234,Indonesia,2025-06-06,
C02235,Indonesia,2025-06-26,
C02236,Singapore,2025-11-27,
C02237,Indonesia,2025-03-14,
C02238,Thailand,2025-04-24,
C02239,Indonesia,2025-05-10,CMP004
C02240,Thailand,2025-04-03,
C02241,Singapore,2025-10-18,
C02242,Indonesia,2025-10-09,
C02243,Indonesia,2025-10-09,CMP001
C02244,Indonesia,2025-12-10,
C02245,Indonesia,2025-02-20,
C02246,Indonesia,2025-10-25,CMP002
C02247,Indonesia,2025-06-19,
C02248,Thailand,2025-12-10,
C02249,Indonesia,2025-02-21,CMP003
C02250,Singapore,2025-02-05,
C02251,Indonesia,2025-06-12,CMP004
C02252,Thailand,2025-06-18,CMP002
C02253,Thailand,2025-06-06,CMP002
C02254,Indonesia,2025-03-20,
C02255,Thailand,2025-07-06,CMP003
C02256,Indonesia,2025-08-08,
C02257,Indonesia,2025-06-10,
C02258,Thailand,2025-04-24,CMP004
C02259,Indonesia,2025-11-25,
C02260,Indonesia,2025-07-04,
C02261,Singapore,2025-06-19,CMP002
C02262,Indonesia,2025-08-25,
C02263,Indonesia,2025-06-06,
C02264,Indonesia,2025-02-25,CMP003
C02265,Indonesia,2025-11-07,CMP003
C02266,Singapore,2025-05-24,CMP003
C02267,Singapore,2025-03-13,
C02268,Indonesia,2025-04-11,CMP002
C02269,Indonesia,2025-11-17,
C02270,Singapore,2025-02-08,CMP001
C02271,Thailand,2025-09-17,CMP004
C02272,Indonesia,2025-10-25,
C02273,Indonesia,2025-10-30,CMP005
C02274,Indonesia,2025-01-19,
C02275,Singapore,2025-10-06,
C02276,Indonesia,2025-10-04,
C02277,Indonesia,2025-03-18,
C02278,Singapore,2025-04-25,
C02279,Thailand,2025-10-29,CMP001
C02280,Indonesia,2025-05-29,
C02281,Indonesia,2025-09-14,
C02282,Indonesia,2025-07-23,
C02283,Thailand,2025-01-06,CMP004
C02284,Thailand,2025-11-11,
C02285,Indonesia,2025-09-21,CMP002
C02286,Indonesia,2025-03-23,CMP002
C02287,Thailand,2025-10-17,
C02288,Thailand,2025-03-16,CMP001
C02289,Singapore,2025-09-05,CMP005
C02290,Indonesia,2025-01-21,CMP005
C02291,Indonesia,2025-09-07,CMP003
C02292,Indonesia,2025-05-16,CMP001
C02293,Thailand,2025-01-22,CMP002
C02294,Singapore,2025-09-23,CMP002
C02295,Indonesia,2025-07-04,
C02296,Singapore,2025-08-21,
C02297,Singapore,2025-01-21,
C02298,Indonesia,2025-06-15,CMP002
C02299,Thailand,2025-09-24,
C02300,Thailand,2025-05-21,CMP001
C02301,Indonesia,2025-05-15,
C02302,Indonesia,2025-10-19,CMP001
C02303,Indonesia,2025-12-01,
C02304,Thailand,2025-10-28,CMP004
C02305,Indonesia,2025-02-09,CMP004
C02306,Singapore,2025-07-12,CMP004
C02307,Indonesia,2025-04-25,CMP003
C02308,Thailand,2025-06-30,
C02309,Indonesia,2025-06-26,
C02310,Singapore,2025-09-04,
C02311,Indonesia,2025-01-04,
C02312,Indonesia,2025-03-13,CMP002
C02313,Indonesia,2025-04-28,
C02314,Indonesia,2025-11-26,CMP002
C02315,Indonesia,2025-03-18,
C02316,Thailand,2025-07-05,CMP002
C02317,Thailand,2025-03-02,CMP002
C02318,Thailand,2025-08-01,CMP001
C02319,Indonesia,2025-02-28,CMP003
C02320,Indonesia,2025-09-03,CMP005
C02321,Indonesia,2025-10-30,CMP002
C02322,Indonesia,2025-07-30,
C02323,Indonesia,2025-01-23,CMP004
C02324,Indonesia,2025-10-31,
C02325,Indonesia,2025-11-19,
C02326,Indonesia,2025-10-21,
C02327,Indonesia,2025-03-27,
C02328,Indonesia,2025-04-03,
C02329,Indonesia,2025-07-27,CMP004
C02330,Thailand,2025-10-16,
C02331,Thailand,2025-12-05,
C02332,Indonesia,2025-02-13,CMP001
C02333,Singapore,2025-11-07,
C02334,Indonesia,2025-09-04,
C02335,Thailand,2025-07-30,
C02336,Thailand,2025-10-26,CMP004
C02337,Thailand,2025-04-04,CMP002
C02338,Indonesia,2025-09-19,
C02339,Indonesia,2025-12-18,
C02340,Indonesia,2025-08-21,
C02341,Indonesia,2025-02-05,
C02342,Indonesia,2025-07-17,
C02343,Indonesia,2025-01-09,
C02344,Thailand,2025-09-16,CMP001
C02345,Thailand,2025-03-18,
C02346,Indonesia,2025-04-01,CMP002
C02347,Indonesia,2025-11-11,
C02348,Indonesia,2025-09-30,
C02349,Indonesia,2025-03-02,CMP004
C02350,Indonesia,2025-12-04,
C02351,Indonesia,2025-11-05,
C02352,Singapore,2025-01-01,
C02353,Thailand,2025-12-14,
C02354,Indonesia,2025-09-25,
C02355,Thailand,2025-01-23,CMP003
C02356,Indonesia,2025-08-08,
C02357,Thailand,2025-09-04,
C02358,Indonesia,2025-07-15,CMP002
C02359,Indonesia,2025-12-23,
C02360,Indonesia,2025-08-06,
C02361,Thailand,2025-09-02,
C02362,Indonesia,2025-02-12,
C02363,Indonesia,2025-10-06,CMP001
C02364,Indonesia,2025-04-07,CMP001
C02365,Indonesia,2025-01-04,CMP001
C02366,Indonesia,2025-03-02,CMP005
C02367,Thailand,2025-07-12,
C02368,Thailand,2025-12-19,
C02369,Indonesia,2025-07-29,CMP003
C02370,Indonesia,2025-03-21,
C02371,Indonesia,2025-10-27,
C02372,Indonesia,2025-10-02,CMP002
C02373,Thailand,2025-07-07,
C02374,Indonesia,2025-12-15,
C02375,Indonesia,2025-04-15,CMP002
C02376,Indonesia,2025-10-13,
C02377,Indonesia,2025-07-09,
C02378,Indonesia,2025-09-05,
C02379,Indonesia,2025-06-07,CMP005
C02380,Indonesia,2025-12-28,
C02381,Singapore,2025-03-12,CMP001
C02382,Indonesia,2025-12-04,CMP001
C02383,Indonesia,2025-04-28,CMP004
C02384,Singapore,2025-12-25,
C02385,Indonesia,2025-02-21,CMP002
C02386,Thailand,2025-07-25,CMP001
C02387,Thailand,2025-10-09,
C02388,Thailand,2025-12-17,
C02389,Indonesia,2025-03-24,CMP002
C02390,Indonesia,2025-11-22,
C02391,Thailand,2025-02-16,CMP001
C02392,Singapore,2025-08-30,CMP003
C02393,Indonesia,2025-08-11,CMP002
C02394,Indonesia,2025-05-15,CMP002
C02395,Thailand,2025-02-10,CMP003
C02396,Singapore,2025-07-16,CMP005
C02397,Thailand,2025-07-25,
C02398,Indonesia,2025-09-24,
C02399,Indonesia,2025-11-02,
C02400,Thailand,2025-03-31,CMP005
C02401,Indonesia,2025-08-13,CMP002
C02402,Singapore,2025-12-03,CMP001
C02403,Indonesia,2025-09-23,CMP004
C02404,Thailand,2025-01-18,CMP003
C02405,Indonesia,2025-09-19,
C02406,Thailand,2025-04-29,
C02407,Indonesia,2025-12-12,
C02408,Thailand,2025-05-03,CMP003
C02409,Indonesia,2025-03-22,CMP002
C02410,Thailand,2025-05-22,
C02411,Thailand,2025-06-30,
C02412,Indonesia,2025-07-27,CMP003
C02413,Indonesia,2025-09-23,
C02414,Indonesia,2025-12-27,
C02415,Indonesia,2025-02-16,CMP002
C02416,Singapore,2025-10-14,
C02417,Indonesia,2025-06-28,
C02418,Indonesia,2025-05-22,
C02419,Indonesia,2025-04-10,CMP004
C02420,Indonesia,2025-07-26,CMP004
C02421,Indonesia,2025-05-14,
C02422,Indonesia,2025-09-17,CMP002
C02423,Indonesia,2025-02-07,
C02424,Singapore,2025-06-24,
C02425,Singapore,2025-09-20,CMP001
C02426,Thailand,2025-10-03,
C02427,Indonesia,2025-10-22,
C02428,Singapore,2025-08-15,
C02429,Indonesia,2025-10-16,
C02430,Thailand,2025-05-05,CMP001
C02431,Thailand,2025-08-23,
C02432,Singapore,2025-10-28,
C02433,Indonesia,2025-09-04,CMP002
C02434,Indonesia,2025-02-04,CMP003
C02435,Thailand,2025-04-23,
C02436,Thailand,2025-04-28,CMP001
C02437,Singapore,2025-07-31,CMP002
C02438,Indonesia,2025-09-22,CMP001
C02439,Thailand,2025-12-25,
C02440,Indonesia,2025-05-08,
C02441,Thailand,2025-07-24,
C02442,Indonesia,2025-06-25,
C02443,Indonesia,2025-04-02,
C02444,Indonesia,2025-07-01,CMP004
C02445,Indonesia,2025-10-21,CMP005
C02446,Singapore,2025-12-16,
C02447,Indonesia,2025-04-08,CMP005
C02448,Indonesia,2025-04-13,CMP003
C02449,Singapore,2025-05-04,
C02450,Indonesia,2025-04-16,CMP001
C02451,Thailand,2025-05-08,CMP002
C02452,Indonesia,2025-07-02,CMP004
C02453,Indonesia,2025-02-24,CMP001
C02454,Thailand,2025-02-10,CMP004
C02455,Indonesia,2025-12-06,CMP002
C02456,Thailand,2025-01-04,CMP001
C02457,Singapore,2025-10-05,
C02458,Indonesia,2025-09-04,
C02459,Indonesia,2025-06-11,
C02460,Singapore,2025-10-22,CMP001
C02461,Indonesia,2025-09-09,CMP003
C02462,Indonesia,2025-09-19,
C02463,Thailand,2025-04-24,
C02464,Indonesia,2025-03-07,
C02465,Indonesia,2025-08-05,
C02466,Indonesia,2025-10-04,
C02467,Indonesia,2025-06-27,CMP005
C02468,Thailand,2025-12-18,CMP002
C02469,Singapore,2025-08-23,
C02470,Indonesia,2025-12-24,
C02471,Thailand,2025-06-11,CMP001
C02472,Thailand,2025-01-07,
C02473,Indonesia,2025-07-14,
C02474,Indonesia,2025-06-16,
C02475,Indonesia,2025-05-13,
C02476,Indonesia,2025-05-15,
C02477,Singapore,2025-08-30,
C02478,Indonesia,2025-06-25,CMP001
C02479,Indonesia,2025-09-13,
C02480,Thailand,2025-08-03,CMP005
C02481,Indonesia,2025-07-10,
C02482,Indonesia,2025-07-25,CMP001
C02483,Indonesia,2025-04-03,CMP003
C02484,Thailand,2025-10-22,CMP003
C02485,Thailand,2025-02-21,
C02486,Indonesia,2025-05-01,CMP001
C02487,Indonesia,2025-07-15,CMP002
C02488,Indonesia,2025-03-18,
C02489,Indonesia,2025-01-05,
C02490,Indonesia,2025-09-13,CMP003
C02491,Indonesia,2025-11-19,CMP003
C02492,Thailand,2025-06-11,
C02493,Indonesia,2025-06-03,
C02494,Indonesia,2025-10-18,
C02495,Thailand,2025-02-20,
C02496,Indonesia,2025-01-31,
C02497,Indonesia,2025-05-11,CMP001
C02498,Indonesia,2025-11-19,
C02499,Indonesia,2025-06-21,
C02500,Indonesia,2025-07-04,CMP001
C02501,Indonesia,2025-05-12,CMP005
C02502,Indonesia,2025-07-30,CMP003
C02503,Singapore,2025-12-14,
C02504,Indonesia,2025-04-12,CMP001
C02505,Thailand,2025-11-29,
C02506,Singapore,2025-03-31,
C02507,Indonesia,2025-05-26,CMP002
C02508,Indonesia,2025-12-11,
C02509,Singapore,2025-08-17,CMP003
C02510,Thailand,2025-07-15,CMP002
C02511,Thailand,2025-08-26,CMP004
C02512,Singapore,2025-03-16,
C02513,Thailand,2025-11-24,
C02514,Indonesia,2025-06-22,CMP004
C02515,Indonesia,2025-11-10,
C02516,Indonesia,2025-02-06,CMP004
C02517,Indonesia,2025-06-25,
C02518,Thailand,2025-06-12,CMP005
C02519,Indonesia,2025-12-30,
C02520,Indonesia,2025-11-27,CMP001
C02521,Thailand,2025-08-16,
C02522,Thailand,2025-07-05,
C02523,Singapore,2025-09-24,CMP004
C02524,Indonesia,2025-07-31,CMP001
C02525,Indonesia,2025-01-12,CMP004
C02526,Thailand,2025-05-01,
C02527,Thailand,2025-12-25,
C02528,Indonesia,2025-04-18,
C02529,Indonesia,2025-02-22,
C02530,Indonesia,2025-08-31,
C02531,Thailand,2025-01-14,
C02532,Thailand,2025-09-26,CMP004
C02533,Indonesia,2025-02-12,CMP001
C02534,Indonesia,2025-11-13,CMP003
C02535,Singapore,2025-12-02,
C02536,Indonesia,2025-07-19,CMP001
C02537,Thailand,2025-05-07,
C02538,Thailand,2025-08-15,CMP001
C02539,Indonesia,2025-03-09,
C02540,Indonesia,2025-03-29,
C02541,Indonesia,2025-12-06,
C02542,Singapore,2025-06-16,CMP002
C02543,Singapore,2025-08-28,CMP005
C02544,Singapore,2025-10-04,
C02545,Indonesia,2025-10-08,CMP004
C02546,Indonesia,2025-12-24,
C02547,Indonesia,2025-10-30,
C02548,Thailand,2025-11-20,
C02549,Indonesia,2025-10-16,CMP001
C02550,Thailand,2025-11-24,
C02551,Singapore,2025-06-08,CMP001
C02552,Indonesia,2025-09-04,CMP004
C02553,Indonesia,2025-02-15,
C02554,Indonesia,2025-07-07,CMP001
C02555,Indonesia,2025-03-21,CMP001
C02556,Indonesia,2025-01-01,CMP003
C02557,Indonesia,2025-03-11,
C02558,Indonesia,2025-08-29,CMP004
C02559,Singapore,2025-12-19,
C02560,Indonesia,2025-09-02,
C02561,Thailand,2025-08-09,CMP004
C02562,Indonesia,2025-11-02,CMP001
C02563,Indonesia,2025-01-04,CMP002
C02564,Indonesia,2025-04-07,CMP004
C02565,Indonesia,2025-10-15,
C02566,Indonesia,2025-05-08,
C02567,Indonesia,2025-11-27,
C02568,Indonesia,2025-07-13,
C02569,Indonesia,2025-02-10,
C02570,Indonesia,2025-05-03,
C02571,Thailand,2025-11-10,CMP005
C02572,Indonesia,2025-12-17,
C02573,Thailand,2025-11-29,CMP005
C02574,Indonesia,2025-05-18,CMP001
C02575,Indonesia,2025-02-05,CMP003
C02576,Indonesia,2025-05-29,CMP002
C02577,Thailand,2025-08-22,CMP003
C02578,Thailand,2025-05-20,
C02579,Indonesia,2025-09-09,
C02580,Indonesia,2025-01-10,CMP003
C02581,Indonesia,2025-10-01,CMP004
C02582,Indonesia,2025-02-22,CMP004
C02583,Thailand,2025-03-06,
C02584,Indonesia,2025-01-05,CMP002
C02585,Indonesia,2025-03-19,
C02586,Indonesia,2025-04-22,
C02587,Thailand,2025-06-09,
C02588,Singapore,2025-09-13,CMP001
C02589,Thailand,2025-08-26,
C02590,Indonesia,2025-01-17,
C02591,Indonesia,2025-03-16,
C02592,Indonesia,2025-07-20,CMP002
C02593,Indonesia,2025-08-29,
C02594,Thailand,2025-05-09,
C02595,Indonesia,2025-01-07,
C02596,Indonesia,2025-05-08,CMP003
C02597,Indonesia,2025-08-15,CMP004
C02598,Indonesia,2025-01-18,
C02599,Indonesia,2025-02-18,
C02600,Indonesia,2025-04-17,CMP005
C02601,Singapore,2025-12-15,CMP003
C02602,Indonesia,2025-06-15,
C02603,Thailand,2025-01-22,
C02604,Indonesia,2025-10-09,
C02605,Indonesia,2025-05-10,
C02606,Indonesia,2025-06-02,CMP001
C02607,Singapore,2025-01-27,CMP004
C02608,Singapore,2025-04-22,
C02609,Thailand,2025-05-01,CMP003
C02610,Indonesia,2025-06-16,
C02611,Indonesia,2025-05-22,
C02612,Thailand,2025-07-22,CMP003
C02613,Singapore,2025-01-05,
C02614,Thailand,2025-10-25,CMP005
C02615,Thailand,2025-09-01,CMP004
C02616,Indonesia,2025-03-21,
C02617,Indonesia,2025-02-15,
C02618,Indonesia,2025-09-13,CMP002
C02619,Indonesia,2025-11-13,
C02620,Indonesia,2025-11-17,
C02621,Thailand,2025-07-02,CMP002
C02622,Indonesia,2025-12-26,
C02623,Indonesia,2025-02-24,
C02624,Indonesia,2025-04-30,CMP005
C02625,Thailand,2025-10-13,CMP001
C02626,Thailand,2025-06-27,CMP004
C02627,Thailand,2025-08-13,
C02628,Thailand,2025-01-11,CMP004
C02629,Thailand,2025-07-03,
C02630,Singapore,2025-05-09,
C02631,Thailand,2025-09-06,
C02632,Indonesia,2025-10-14,CMP004
C02633,Indonesia,2025-12-23,
C02634,Indonesia,2025-10-18,CMP003
C02635,Indonesia,2025-06-28,CMP003
C02636,Indonesia,2025-08-28,CMP003
C02637,Singapore,2025-11-03,
C02638,Indonesia,2025-10-11,
C02639,Indonesia,2025-09-29,CMP001
C02640,Thailand,2025-06-01,
C02641,Indonesia,2025-10-05,CMP001
C02642,Thailand,2025-01-01,CMP003
C02643,Indonesia,2025-09-17,CMP001
C02644,Singapore,2025-04-05,
C02645,Singapore,2025-11-14,
C02646,Indonesia,2025-11-14,CMP002
C02647,Thailand,2025-02-02,CMP001
C02648,Thailand,2025-10-03,
C02649,Indonesia,2025-04-08,
C02650,Thailand,2025-09-12,CMP004
C02651,Thailand,2025-03-20,
C02652,Indonesia,2025-06-15,CMP003
C02653,Indonesia,2025-06-14,
C02654,Thailand,2025-09-25,CMP002
C02655,Thailand,2025-01-23,
C02656,Indonesia,2025-03-08,CMP003
C02657,Indonesia,2025-01-17,
C02658,Indonesia,2025-09-06,CMP002
C02659,Indonesia,2025-01-17,
C02660,Thailand,2025-07-18,
C02661,Thailand,2025-09-27,CMP002
C02662,Indonesia,2025-10-30,
C02663,Indonesia,2025-07-07,CMP003
C02664,Indonesia,2025-02-06,CMP005
C02665,Thailand,2025-04-17,
C02666,Indonesia,2025-02-10,CMP003
C02667,Indonesia,2025-11-24,CMP001
C02668,Thailand,2025-10-13,
C02669,Thailand,2025-08-01,
C02670,Indonesia,2025-12-29,
C02671,Indonesia,2025-11-12,
C02672,Thailand,2025-01-21,
C02673,Indonesia,2025-06-05,
C02674,Singapore,2025-04-21,CMP001
C02675,Indonesia,2025-02-19,CMP003
C02676,Indonesia,2025-04-29,CMP004
C02677,Indonesia,2025-04-08,CMP001
C02678,Indonesia,2025-12-03,
C02679,Singapore,2025-11-17,
C02680,Thailand,2025-10-13,
C02681,Thailand,2025-08-01,CMP004
C02682,Indonesia,2025-11-23,
C02683,Indonesia,2025-12-12,
C02684,Indonesia,2025-12-07,CMP004
C02685,Indonesia,2025-02-23,
C02686,Indonesia,2025-04-03,
C02687,Indonesia,2025-09-16,CMP004
C02688,Indonesia,2025-03-22,CMP003
C02689,Indonesia,2025-11-04,CMP004
C02690,Singapore,2025-06-30,
C02691,Singapore,2025-10-09,CMP003
C02692,Thailand,2025-06-16,CMP002
C02693,Thailand,2025-07-31,
C02694,Thailand,2025-08-09,
C02695,Thailand,2025-06-15,CMP005
C02696,Indonesia,2025-10-16,
C02697,Thailand,2025-07-12,CMP001
C02698,Indonesia,2025-05-11,CMP001
C02699,Indonesia,2025-08-20,CMP003
C02700,Indonesia,2025-07-23,CMP001
C02701,Singapore,2025-01-18,CMP002
C02702,Indonesia,2025-11-02,CMP003
C02703,Singapore,2025-03-11,
C02704,Indonesia,2025-06-04,CMP002
C02705,Indonesia,2025-04-24,
C02706,Indonesia,2025-06-11,CMP004
C02707,Thailand,2025-12-20,
C02708,Indonesia,2025-10-11,CMP004
C02709,Singapore,2025-10-20,CMP002
C02710,Indonesia,2025-03-21,
C02711,Indonesia,2025-08-24,
C02712,Indonesia,2025-03-12,
C02713,Indonesia,2025-10-26,
C02714,Thailand,2025-05-12,
C02715,Indonesia,2025-02-17,
C02716,Singapore,2025-10-19,
C02717,Thailand,2025-02-09,
C02718,Indonesia,2025-09-05,CMP005
C02719,Thailand,2025-12-20,
C02720,Indonesia,2025-02-18,CMP003
C02721,Indonesia,2025-06-03,CMP002
C02722,Indonesia,2025-10-23,
C02723,Singapore,2025-01-29,
C02724,Indonesia,2025-06-21,CMP004
C02725,Indonesia,2025-08-11,
C02726,Singapore,2025-03-03,
C02727,Thailand,2025-04-27,CMP005
C02728,Singapore,2025-11-05,CMP003
C02729,Thailand,2025-11-21,CMP001
C02730,Indonesia,2025-07-15,CMP003
C02731,Indonesia,2025-09-26,CMP004
C02732,Indonesia,2025-10-04,
C02733,Indonesia,2025-06-17,
C02734,Indonesia,2025-04-24,CMP001
C02735,Thailand,2025-12-11,
C02736,Singapore,2025-07-21,CMP003
C02737,Indonesia,2025-11-01,CMP002
C02738,Indonesia,2025-02-16,
C02739,Thailand,2025-05-29,CMP002
C02740,Indonesia,2025-03-17,CMP003
C02741,Indonesia,2025-02-12,CMP001
C02742,Indonesia,2025-01-26,CMP003
C02743,Indonesia,2025-05-15,CMP002
C02744,Indonesia,2025-09-14,
C02745,Indonesia,2025-12-24,
C02746,Indonesia,2025-03-11,
C02747,Indonesia,2025-04-12,
C02748,Indonesia,2025-11-30,
C02749,Thailand,2025-10-15,
C02750,Indonesia,2025-09-26,CMP002
C02751,Indonesia,2025-02-06,CMP001
C02752,Indonesia,2025-08-09,CMP001
C02753,Indonesia,2025-10-22,CMP003
C02754,Indonesia,2025-12-10,
C02755,Indonesia,2025-07-07,CMP004
C02756,Indonesia,2025-06-14,CMP003
C02757,Indonesia,2025-12-02,
C02758,Indonesia,2025-06-06,CMP001
C02759,Thailand,2025-06-29,
C02760,Thailand,2025-08-15,
C02761,Indonesia,2025-08-14,CMP001
C02762,Indonesia,2025-04-30,CMP004
C02763,Indonesia,2025-07-11,
C02764,Indonesia,2025-02-13,CMP004
C02765,Indonesia,2025-01-28,
C02766,Singapore,2025-11-14,
C02767,Indonesia,2025-05-28,CMP002
C02768,Thailand,2025-12-22,
C02769,Indonesia,2025-06-06,CMP001
C02770,Indonesia,2025-01-12,CMP004
C02771,Indonesia,2025-10-03,
C02772,Indonesia,2025-10-07,CMP002
C02773,Indonesia,2025-05-13,
C02774,Thailand,2025-11-15,
C02775,Thailand,2025-03-14,CMP004
C02776,Indonesia,2025-12-09,
C02777,Singapore,2025-10-26,
C02778,Indonesia,2025-09-27,CMP003
C02779,Indonesia,2025-03-29,CMP003
C02780,Thailand,2025-04-13,
C02781,Indonesia,2025-11-13,CMP001
C02782,Thailand,2025-08-27,
C02783,Indonesia,2025-01-05,CMP001
C02784,Indonesia,2025-12-05,CMP001
C02785,Indonesia,2025-12-04,
C02786,Indonesia,2025-02-25,
C02787,Indonesia,2025-11-29,CMP004
C02788,Indonesia,2025-07-14,
C02789,Indonesia,2025-12-30,
C02790,Indonesia,2025-06-11,CMP001
C02791,Indonesia,2025-11-02,
C02792,Indonesia,2025-04-06,CMP001
C02793,Indonesia,2025-08-23,CMP002
C02794,Indonesia,2025-12-31,
C02795,Singapore,2025-05-07,
C02796,Indonesia,2025-06-06,CMP002
C02797,Thailand,2025-07-21,CMP003
C02798,Indonesia,2025-01-10,
C02799,Indonesia,2025-06-30,CMP004
C02800,Indonesia,2025-06-04,
C02801,Indonesia,2025-09-14,
C02802,Thailand,2025-02-01,CMP001
C02803,Singapore,2025-07-18,
C02804,Singapore,2025-01-16,
C02805,Indonesia,2025-05-24,CMP003
C02806,Singapore,2025-06-24,
C02807,Indonesia,2025-12-03,CMP004
C02808,Indonesia,2025-07-15,CMP003
C02809,Thailand,2025-12-14,CMP001
C02810,Thailand,2025-11-17,
C02811,Indonesia,2025-08-02,CMP003
C02812,Indonesia,2025-03-20,CMP003
C02813,Singapore,2025-06-09,CMP002
C02814,Indonesia,2025-06-18,CMP002
C02815,Indonesia,2025-03-09,CMP003
C02816,Indonesia,2025-03-12,CMP004
C02817,Thailand,2025-12-17,
C02818,Indonesia,2025-03-12,CMP004
C02819,Singapore,2025-12-28,
C02820,Indonesia,2025-03-11,
C02821,Thailand,2025-03-16,
C02822,Singapore,2025-10-17,CMP002
C02823,Indonesia,2025-06-12,CMP001
C02824,Singapore,2025-09-30,CMP002
C02825,Indonesia,2025-03-02,CMP001
C02826,Thailand,2025-03-16,
C02827,Singapore,2025-06-13,
C02828,Singapore,2025-07-31,
C02829,Indonesia,2025-06-05,
C02830,Singapore,2025-11-23,
C02831,Indonesia,2025-05-21,
C02832,Indonesia,2025-04-07,CMP001
C02833,Indonesia,2025-04-05,
C02834,Thailand,2025-11-10,
C02835,Indonesia,2025-11-07,CMP002
C02836,Indonesia,2025-04-29,
C02837,Thailand,2025-04-29,
C02838,Indonesia,2025-07-03,CMP004
C02839,Indonesia,2025-09-02,
C02840,Indonesia,2025-11-06,CMP004
C02841,Indonesia,2025-11-29,CMP002
C02842,Indonesia,2025-07-18,CMP001
C02843,Indonesia,2025-03-12,
C02844,Indonesia,2025-04-26,CMP004
C02845,Singapore,2025-01-08,
C02846,Indonesia,2025-07-31,
C02847,Singapore,2025-12-10,CMP004
C02848,Indonesia,2025-04-15,CMP002
C02849,Singapore,2025-08-13,
C02850,Thailand,2025-09-08,CMP002
C02851,Singapore,2025-08-23,
C02852,Indonesia,2025-08-07,CMP003
C02853,Thailand,2025-01-22,CMP005
C02854,Thailand,2025-07-14,CMP001
C02855,Thailand,2025-07-21,CMP002
C02856,Indonesia,2025-10-20,
C02857,Thailand,2025-09-26,CMP003
C02858,Thailand,2025-12-27,
C02859,Indonesia,2025-09-24,
C02860,Thailand,2025-08-22,
C02861,Singapore,2025-01-22,CMP002
C02862,Indonesia,2025-05-06,CMP001
C02863,Singapore,2025-07-22,
C02864,Indonesia,2025-01-21,CMP001
C02865,Thailand,2025-09-22,
C02866,Indonesia,2025-01-26,CMP002
C02867,Indonesia,2025-08-14,CMP003
C02868,Thailand,2025-06-05,CMP001
C02869,Indonesia,2025-05-27,
C02870,Indonesia,2025-08-05,CMP005
C02871,Thailand,2025-01-28,CMP002
C02872,Indonesia,2025-03-14,CMP002
C02873,Indonesia,2025-11-27,
C02874,Indonesia,2025-09-14,
C02875,Singapore,2025-10-27,
C02876,Indonesia,2025-12-23,
C02877,Indonesia,2025-07-21,CMP004
C02878,Indonesia,2025-08-19,CMP005
C02879,Indonesia,2025-08-21,CMP005
C02880,Singapore,2025-12-31,
C02881,Indonesia,2025-08-21,
C02882,Thailand,2025-06-15,
C02883,Thailand,2025-12-31,
C02884,Indonesia,2025-03-05,CMP001
C02885,Indonesia,2025-12-28,
C02886,Indonesia,2025-07-05,CMP001
C02887,Indonesia,2025-12-29,
C02888,Thailand,2025-09-19,CMP002
C02889,Indonesia,2025-03-23,
C02890,Indonesia,2025-07-14,CMP002
C02891,Singapore,2025-03-29,
C02892,Singapore,2025-10-17,
C02893,Indonesia,2025-03-18,CMP003
C02894,Indonesia,2025-03-16,
C02895,Indonesia,2025-12-31,
C02896,Indonesia,2025-06-07,CMP005
C02897,Indonesia,2025-08-17,CMP001
C02898,Indonesia,2025-04-03,
C02899,Singapore,2025-03-09,CMP005
C02900,Thailand,2025-01-02,
C02901,Indonesia,2025-05-10,CMP001
C02902,Singapore,2025-09-12,CMP005
C02903,Thailand,2025-10-06,CMP005
C02904,Singapore,2025-11-08,CMP003
C02905,Indonesia,2025-05-02,CMP002
C02906,Indonesia,2025-12-04,
C02907,Indonesia,2025-07-29,CMP001
C02908,Thailand,2025-11-04,
C02909,Singapore,2025-05-06,
C02910,Thailand,2025-05-23,
C02911,Thailand,2025-10-13,
C02912,Indonesia,2025-04-17,CMP002
C02913,Indonesia,2025-03-17,
C02914,Indonesia,2025-06-28,CMP004
C02915,Thailand,2025-01-17,CMP001
C02916,Indonesia,2025-11-05,
C02917,Indonesia,2025-02-14,CMP001
C02918,Singapore,2025-08-02,
C02919,Thailand,2025-03-24,
C02920,Thailand,2025-11-09,CMP004
C02921,Indonesia,2025-12-25,
C02922,Indonesia,2025-10-15,CMP001
C02923,Thailand,2025-08-22,
C02924,Singapore,2025-07-04,CMP001
C02925,Thailand,2025-02-17,
C02926,Indonesia,2025-06-15,CMP005
C02927,Thailand,2025-07-14,
C02928,Thailand,2025-08-07,CMP002
C02929,Indonesia,2025-02-03,
C02930,Indonesia,2025-03-10,
C02931,Indonesia,2025-05-21,CMP002
C02932,Indonesia,2025-07-31,
C02933,Indonesia,2025-12-23,
C02934,Indonesia,2025-01-30,CMP003
C02935,Indonesia,2025-11-19,
C02936,Indonesia,2025-02-14,
C02937,Thailand,2025-12-19,
C02938,Indonesia,2025-12-28,
C02939,Thailand,2025-11-08,CMP004
C02940,Indonesia,2025-05-13,
C02941,Indonesia,2025-11-16,
C02942,Thailand,2025-03-08,CMP002
C02943,Indonesia,2025-09-12,CMP001
C02944,Indonesia,2025-11-20,
C02945,Singapore,2025-04-03,
C02946,Thailand,2025-04-30,
C02947,Indonesia,2025-04-10,CMP003
C02948,Indonesia,2025-01-13,
C02949,Thailand,2025-03-02,CMP001
C02950,Thailand,2025-04-17,CMP002
C02951,Indonesia,2025-08-01,
C02952,Indonesia,2025-06-20,
C02953,Indonesia,2025-11-23,
C02954,Indonesia,2025-11-24,
C02955,Indonesia,2025-05-25,
C02956,Indonesia,2025-02-04,
C02957,Indonesia,2025-09-17,CMP002
C02958,Indonesia,2025-01-04,CMP002
C02959,Indonesia,2025-06-20,
C02960,Thailand,2025-10-19,CMP003
C02961,Thailand,2025-01-15,
C02962,Indonesia,2025-04-10,CMP002
C02963,Singapore,2025-06-23,CMP001
C02964,Singapore,2025-09-03,CMP003
C02965,Thailand,2025-01-19,
C02966,Indonesia,2025-09-04,
C02967,Singapore,2025-08-24,
C02968,Singapore,2025-10-02,CMP002
C02969,Thailand,2025-08-25,CMP003
C02970,Singapore,2025-07-31,CMP005
C02971,Thailand,2025-01-29,CMP001
C02972,Indonesia,2025-06-03,
C02973,Indonesia,2025-12-14,
C02974,Indonesia,2025-10-02,CMP004
C02975,Thailand,2025-10-23,
C02976,Indonesia,2025-07-01,CMP004
C02977,Indonesia,2025-03-18,CMP002
C02978,Indonesia,2025-01-16,
C02979,Thailand,2025-07-12,
C02980,Indonesia,2025-03-26,
C02981,Indonesia,2025-07-19,CMP002
C02982,Singapore,2025-03-01,
C02983,Thailand,2025-06-07,CMP002
C02984,Thailand,2025-06-11,CMP003
C02985,Indonesia,2025-05-20,CMP004
C02986,Singapore,2025-09-12,CMP002
C02987,Indonesia,2025-07-10,CMP002
C02988,Indonesia,2025-06-04,
C02989,Indonesia,2025-06-04,
C02990,Thailand,2025-07-11,
C02991,Singapore,2025-04-14,
C02992,Indonesia,2025-08-16,
C02993,Singapore,2025-09-05,
C02994,Indonesia,2025-03-20,CMP003
C02995,Thailand,2025-09-05,CMP001
C02996,Indonesia,2025-09-26,
C02997,Indonesia,2025-06-17,
C02998,Thailand,2025-02-20,
C02999,Thailand,2025-09-22,CMP002
C03000,Indonesia,2025-03-09,CMP001
C03001,Indonesia,2025-01-19,CMP004
C03002,Indonesia,2025-09-25,
C03003,Singapore,2025-06-09,
C03004,Thailand,2025-12-18,
C03005,Indonesia,2025-02-14,CMP003
C03006,Indonesia,2025-01-24,
C03007,Thailand,2025-12-04,
C03008,Indonesia,2025-01-12,CMP002
C03009,Thailand,2025-06-09,CMP001
C03010,Indonesia,2025-04-18,CMP003
C03011,Indonesia,2025-04-09,CMP004
C03012,Indonesia,2025-09-30,CMP002
C03013,Thailand,2025-08-14,CMP004
C03014,Indonesia,2025-05-20,CMP002
C03015,Indonesia,2025-05-21,
C03016,Indonesia,2025-11-15,
C03017,Indonesia,2025-02-22,CMP003
C03018,Indonesia,2025-06-29,
C03019,Indonesia,2025-05-19,CMP005
C03020,Thailand,2025-12-27,
C03021,Indonesia,2025-10-21,
C03022,Indonesia,2025-02-06,CMP003
C03023,Indonesia,2025-06-23,
C03024,Indonesia,2025-01-26,CMP005
C03025,Singapore,2025-08-30,
C03026,Indonesia,2025-01-26,
C03027,Indonesia,2025-01-28,
C03028,Indonesia,2025-07-20,
C03029,Singapore,2025-11-02,CMP002
C03030,Thailand,2025-11-19,
C03031,Indonesia,2025-12-25,
C03032,Indonesia,2025-07-02,
C03033,Thailand,2025-04-12,
C03034,Thailand,2025-12-10,
C03035,Singapore,2025-02-10,CMP002
C03036,Indonesia,2025-08-27,CMP004
C03037,Thailand,2025-02-17,CMP004
C03038,Indonesia,2025-12-24,
C03039,Indonesia,2025-08-22,
C03040,Thailand,2025-11-26,CMP003
C03041,Indonesia,2025-08-27,
C03042,Indonesia,2025-04-25,CMP001
C03043,Indonesia,2025-11-12,
C03044,Indonesia,2025-07-06,CMP001
C03045,Singapore,2025-12-25,
C03046,Thailand,2025-06-19,CMP002
C03047,Indonesia,2025-06-16,CMP003
C03048,Indonesia,2025-01-16,CMP001
C03049,Indonesia,2025-02-27,CMP001
C03050,Thailand,2025-08-25,
C03051,Thailand,2025-05-25,CMP001
C03052,Indonesia,2025-11-06,CMP002
C03053,Indonesia,2025-09-18,
C03054,Indonesia,2025-02-24,CMP005
C03055,Indonesia,2025-11-29,
C03056,Indonesia,2025-06-04,CMP003
C03057,Indonesia,2025-07-25,
C03058,Thailand,2025-05-03,CMP002
C03059,Indonesia,2025-10-08,
C03060,Indonesia,2025-09-04,
C03061,Indonesia,2025-06-24,
C03062,Indonesia,2025-12-22,
C03063,Indonesia,2025-08-11,CMP004
C03064,Indonesia,2025-06-25,
C03065,Indonesia,2025-05-01,CMP002
C03066,Indonesia,2025-12-09,
C03067,Indonesia,2025-12-31,
C03068,Indonesia,2025-09-07,
C03069,Indonesia,2025-11-02,CMP004
C03070,Indonesia,2025-10-12,
C03071,Indonesia,2025-08-16,
C03072,Indonesia,2025-07-27,CMP004
C03073,Thailand,2025-02-25,CMP001
C03074,Thailand,2025-11-02,CMP001
C03075,Indonesia,2025-07-14,
C03076,Thailand,2025-11-27,
C03077,Indonesia,2025-02-16,CMP002
C03078,Singapore,2025-03-13,CMP003
C03079,Thailand,2025-11-22,
C03080,Thailand,2025-03-17,
C03081,Indonesia,2025-08-20,
C03082,Thailand,2025-07-19,CMP002
C03083,Indonesia,2025-08-17,
C03084,Singapore,2025-12-15,
C03085,Indonesia,2025-06-03,
C03086,Indonesia,2025-12-14,
C03087,Thailand,2025-08-11,CMP002
C03088,Singapore,2025-06-26,
C03089,Indonesia,2025-10-26,CMP003
C03090,Indonesia,2025-09-19,
C03091,Singapore,2025-03-07,CMP002
C03092,Indonesia,2025-02-01,CMP002
C03093,Singapore,2025-10-09,CMP001
C03094,Thailand,2025-01-01,CMP004
C03095,Indonesia,2025-07-03,
C03096,Singapore,2025-05-25,CMP002
C03097,Indonesia,2025-05-01,
C03098,Indonesia,2025-10-30,
C03099,Thailand,2025-06-12,
C03100,Indonesia,2025-07-27,
C03101,Indonesia,2025-10-07,CMP002
C03102,Indonesia,2025-03-30,CMP001
C03103,Indonesia,2025-04-07,CMP001
C03104,Thailand,2025-07-04,
C03105,Indonesia,2025-03-20,CMP001
C03106,Indonesia,2025-12-10,
C03107,Indonesia,2025-01-06,
C03108,Indonesia,2025-01-09,
C03109,Thailand,2025-09-07,
C03110,Indonesia,2025-03-11,CMP002
C03111,Thailand,2025-11-25,CMP003
C03112,Singapore,2025-08-22,
C03113,Thailand,2025-12-23,
C03114,Thailand,2025-08-06,CMP004
C03115,Indonesia,2025-08-21,
C03116,Thailand,2025-10-10,CMP005
C03117,Indonesia,2025-07-16,CMP002
C03118,Indonesia,2025-04-06,
C03119,Indonesia,2025-01-04,
C03120,Thailand,2025-05-02,CMP001
C03121,Indonesia,2025-05-18,CMP003
C03122,Indonesia,2025-10-07,
C03123,Singapore,2025-01-18,
C03124,Indonesia,2025-10-18,CMP001
C03125,Indonesia,2025-07-08,CMP002
C03126,Singapore,2025-09-04,CMP004
C03127,Indonesia,2025-02-10,CMP004
C03128,Singapore,2025-09-27,
C03129,Indonesia,2025-05-24,
C03130,Indonesia,2025-02-10,
C03131,Indonesia,2025-11-09,CMP001
C03132,Thailand,2025-08-30,
C03133,Singapore,2025-12-06,
C03134,Thailand,2025-02-09,CMP001
C03135,Thailand,2025-10-04,
C03136,Thailand,2025-06-09,
C03137,Indonesia,2025-06-25,CMP002
C03138,Indonesia,2025-01-06,CMP001
C03139,Singapore,2025-09-20,CMP003
C03140,Thailand,2025-10-21,CMP004
C03141,Indonesia,2025-08-04,CMP003
C03142,Indonesia,2025-05-31,
C03143,Thailand,2025-01-19,
C03144,Thailand,2025-11-02,
C03145,Indonesia,2025-10-16,
C03146,Indonesia,2025-11-19,
C03147,Indonesia,2025-03-28,
C03148,Singapore,2025-12-03,
C03149,Indonesia,2025-11-16,
C03150,Indonesia,2025-09-06,
C03151,Indonesia,2025-09-16,
C03152,Indonesia,2025-05-23,
C03153,Indonesia,2025-11-12,
C03154,Indonesia,2025-05-12,
C03155,Thailand,2025-02-27,
C03156,Thailand,2025-10-30,CMP003
C03157,Indonesia,2025-12-04,CMP002
C03158,Indonesia,2025-03-31,CMP004
C03159,Indonesia,2025-12-25,
C03160,Thailand,2025-04-03,CMP003
C03161,Indonesia,2025-01-17,
C03162,Singapore,2025-02-13,CMP002
C03163,Singapore,2025-11-01,
C03164,Thailand,2025-03-20,
C03165,Thailand,2025-07-31,
C03166,Thailand,2025-05-02,CMP003
C03167,Indonesia,2025-11-23,CMP003
C03168,Thailand,2025-10-23,
C03169,Indonesia,2025-06-26,CMP001
C03170,Thailand,2025-05-16,CMP004
C03171,Indonesia,2025-03-01,CMP004
C03172,Indonesia,2025-08-26,CMP001
C03173,Indonesia,2025-06-04,CMP005
C03174,Indonesia,2025-09-30,
C03175,Thailand,2025-12-16,
C03176,Indonesia,2025-08-31,CMP001
C03177,Singapore,2025-09-29,
C03178,Indonesia,2025-01-07,
C03179,Indonesia,2025-08-18,CMP003
C03180,Singapore,2025-06-11,
C03181,Singapore,2025-12-16,
C03182,Singapore,2025-02-19,CMP002
C03183,Indonesia,2025-11-23,
C03184,Thailand,2025-08-10,CMP003
C03185,Singapore,2025-11-30,
C03186,Indonesia,2025-06-21,CMP003
C03187,Indonesia,2025-02-20,CMP004
C03188,Indonesia,2025-10-27,
C03189,Thailand,2025-12-12,
C03190,Indonesia,2025-12-11,
C03191,Indonesia,2025-04-10,CMP002
C03192,Thailand,2025-12-13,
C03193,Indonesia,2025-04-03,
C03194,Thailand,2025-01-06,
C03195,Indonesia,2025-02-04,
C03196,Indonesia,2025-02-20,CMP003
C03197,Indonesia,2025-12-17,CMP001
C03198,Thailand,2025-04-23,
C03199,Indonesia,2025-05-09,CMP001
C03200,Thailand,2025-01-13,
C03201,Singapore,2025-01-30,CMP003
C03202,Singapore,2025-12-03,CMP002
C03203,Singapore,2025-04-22,
C03204,Indonesia,2025-11-23,
C03205,Indonesia,2025-03-03,CMP003
C03206,Indonesia,2025-11-06,
C03207,Thailand,2025-12-03,CMP002
C03208,Indonesia,2025-11-28,
C03209,Singapore,2025-04-05,
C03210,Indonesia,2025-12-23,
C03211,Indonesia,2025-05-31,
C03212,Thailand,2025-02-08,
C03213,Thailand,2025-05-22,CMP002
C03214,Singapore,2025-12-21,
C03215,Indonesia,2025-06-15,CMP003
C03216,Indonesia,2025-02-07,CMP004
C03217,Indonesia,2025-02-01,CMP002
C03218,Singapore,2025-06-20,
C03219,Singapore,2025-05-13,CMP002
C03220,Indonesia,2025-05-16,
C03221,Indonesia,2025-02-05,
C03222,Thailand,2025-04-13,
C03223,Thailand,2025-04-02,
C03224,Indonesia,2025-02-25,
C03225,Indonesia,2025-08-09,CMP002
C03226,Indonesia,2025-11-26,
C03227,Thailand,2025-08-15,CMP002
C03228,Indonesia,2025-02-22,CMP002
C03229,Indonesia,2025-02-06,CMP001
C03230,Thailand,2025-05-09,
C03231,Singapore,2025-01-10,
C03232,Thailand,2025-03-18,
C03233,Singapore,2025-01-01,
C03234,Indonesia,2025-12-07,
C03235,Thailand,2025-03-19,
C03236,Indonesia,2025-07-20,
C03237,Thailand,2025-09-21,CMP002
C03238,Indonesia,2025-09-09,CMP002
C03239,Thailand,2025-07-26,
C03240,Indonesia,2025-02-05,CMP004
C03241,Indonesia,2025-01-02,
C03242,Thailand,2025-12-19,
C03243,Indonesia,2025-09-04,
C03244,Singapore,2025-10-02,
C03245,Indonesia,2025-07-03,
C03246,Indonesia,2025-06-05,CMP003
C03247,Singapore,2025-11-20,CMP001
C03248,Indonesia,2025-11-28,
C03249,Singapore,2025-10-01,CMP002
C03250,Indonesia,2025-06-24,
C03251,Thailand,2025-08-24,
C03252,Thailand,2025-05-29,CMP005
C03253,Indonesia,2025-04-01,
C03254,Thailand,2025-07-16,CMP001
C03255,Thailand,2025-06-03,CMP002
C03256,Thailand,2025-02-24,
C03257,Indonesia,2025-07-03,
C03258,Indonesia,2025-11-20,
C03259,Indonesia,2025-04-08,CMP001
C03260,Indonesia,2025-04-09,
C03261,Indonesia,2025-10-31,CMP005
C03262,Indonesia,2025-07-19,
C03263,Thailand,2025-10-04,
C03264,Indonesia,2025-09-13,CMP002
C03265,Singapore,2025-08-19,CMP003
C03266,Indonesia,2025-01-09,CMP002
C03267,Indonesia,2025-01-29,CMP003
C03268,Indonesia,2025-01-22,CMP002
C03269,Thailand,2025-04-19,
C03270,Indonesia,2025-12-08,CMP003
C03271,Singapore,2025-12-14,
C03272,Indonesia,2025-10-02,
C03273,Indonesia,2025-10-24,CMP001
C03274,Indonesia,2025-02-06,CMP005
C03275,Indonesia,2025-03-14,
C03276,Indonesia,2025-01-10,
C03277,Indonesia,2025-11-13,CMP003
C03278,Thailand,2025-12-26,
C03279,Indonesia,2025-01-08,
C03280,Singapore,2025-01-26,
C03281,Indonesia,2025-02-19,
C03282,Thailand,2025-03-29,CMP004
C03283,Thailand,2025-02-02,CMP003
C03284,Indonesia,2025-02-24,CMP001
C03285,Thailand,2025-11-01,CMP004
C03286,Indonesia,2025-04-23,CMP001
C03287,Indonesia,2025-04-14,
C03288,Indonesia,2025-12-14,
C03289,Singapore,2025-03-03,CMP004
C03290,Indonesia,2025-10-22,CMP004
C03291,Thailand,2025-06-14,CMP004
C03292,Thailand,2025-04-20,CMP001
C03293,Indonesia,2025-10-31,
C03294,Indonesia,2025-02-02,
C03295,Thailand,2025-03-14,
C03296,Thailand,2025-03-28,
C03297,Indonesia,2025-10-11,
C03298,Singapore,2025-05-05,CMP005
C03299,Indonesia,2025-01-21,
C03300,Thailand,2025-11-20,
C03301,Indonesia,2025-03-22,CMP004
C03302,Indonesia,2025-09-07,
C03303,Indonesia,2025-01-04,
C03304,Thailand,2025-02-15,CMP002
C03305,Singapore,2025-10-31,
C03306,Thailand,2025-08-02,
C03307,Thailand,2025-09-01,
C03308,Indonesia,2025-04-16,CMP001
C03309,Indonesia,2025-05-19,
C03310,Indonesia,2025-07-30,CMP002
C03311,Thailand,2025-03-31,CMP005
C03312,Indonesia,2025-01-20,CMP002
C03313,Thailand,2025-09-13,CMP005
C03314,Thailand,2025-02-15,CMP004
C03315,Indonesia,2025-06-04,CMP001
C03316,Indonesia,2025-01-03,CMP003
C03317,Indonesia,2025-04-09,
C03318,Singapore,2025-09-29,CMP004
C03319,Indonesia,2025-11-13,
C03320,Indonesia,2025-10-04,
C03321,Thailand,2025-08-26,CMP002
C03322,Indonesia,2025-12-04,
C03323,Indonesia,2025-01-28,CMP003
C03324,Thailand,2025-03-18,
C03325,Indonesia,2025-08-31,
C03326,Thailand,2025-03-23,CMP003
C03327,Indonesia,2025-01-23,
C03328,Indonesia,2025-07-06,
C03329,Indonesia,2025-08-11,
C03330,Thailand,2025-11-12,CMP004
C03331,Indonesia,2025-08-21,CMP001
C03332,Singapore,2025-01-27,CMP004
C03333,Indonesia,2025-04-01,
C03334,Indonesia,2025-01-15,CMP003
C03335,Indonesia,2025-03-01,
C03336,Thailand,2025-05-01,
C03337,Indonesia,2025-10-31,
C03338,Indonesia,2025-08-03,
C03339,Singapore,2025-12-13,
C03340,Thailand,2025-04-28,CMP002
C03341,Indonesia,2025-06-16,
C03342,Thailand,2025-05-02,
C03343,Indonesia,2025-04-13,CMP004
C03344,Indonesia,2025-04-23,CMP003
C03345,Indonesia,2025-10-27,CMP003
C03346,Indonesia,2025-08-12,CMP004
C03347,Indonesia,2025-11-09,CMP004
C03348,Indonesia,2025-07-18,CMP001
C03349,Thailand,2025-08-23,
C03350,Indonesia,2025-11-20,CMP005
C03351,Indonesia,2025-05-19,CMP003
C03352,Indonesia,2025-03-07,CMP002
C03353,Indonesia,2025-10-19,
C03354,Indonesia,2025-03-11,CMP002
C03355,Indonesia,2025-08-27,CMP005
C03356,Thailand,2025-03-29,
C03357,Singapore,2025-04-23,
C03358,Indonesia,2025-11-06,
C03359,Singapore,2025-11-23,CMP001
C03360,Indonesia,2025-03-29,
C03361,Singapore,2025-10-11,CMP001
C03362,Indonesia,2025-02-14,CMP002
C03363,Indonesia,2025-09-25,CMP002
C03364,Indonesia,2025-04-21,
C03365,Indonesia,2025-08-25,CMP002
C03366,Thailand,2025-08-08,CMP004
C03367,Indonesia,2025-05-07,
C03368,Indonesia,2025-08-11,
C03369,Singapore,2025-10-30,
C03370,Singapore,2025-10-21,CMP002
C03371,Singapore,2025-08-02,
C03372,Singapore,2025-01-21,
C03373,Indonesia,2025-09-16,CMP001
C03374,Indonesia,2025-09-29,
C03375,Thailand,2025-12-23,
C03376,Indonesia,2025-08-20,
C03377,Indonesia,2025-02-12,
C03378,Thailand,2025-01-07,CMP005
C03379,Singapore,2025-07-28,
C03380,Indonesia,2025-03-09,
C03381,Thailand,2025-05-03,
C03382,Indonesia,2025-02-16,CMP001
C03383,Indonesia,2025-12-09,
C03384,Indonesia,2025-12-27,
C03385,Thailand,2025-10-20,
C03386,Singapore,2025-01-13,
C03387,Thailand,2025-08-26,CMP004
C03388,Indonesia,2025-12-27,
C03389,Thailand,2025-07-09,
C03390,Thailand,2025-12-27,
C03391,Indonesia,2025-11-18,
C03392,Indonesia,2025-12-20,
C03393,Indonesia,2025-01-17,
C03394,Thailand,2025-05-19,
C03395,Indonesia,2025-11-10,
C03396,Thailand,2025-04-17,CMP005
C03397,Thailand,2025-02-11,CMP001
C03398,Thailand,2025-06-21,
C03399,Indonesia,2025-01-29,CMP004
C03400,Indonesia,2025-12-12,
C03401,Indonesia,2025-01-27,
C03402,Indonesia,2025-07-07,CMP002
C03403,Indonesia,2025-01-21,CMP004
C03404,Thailand,2025-03-31,CMP004
C03405,Indonesia,2025-12-27,
C03406,Thailand,2025-12-30,
C03407,Singapore,2025-03-12,
C03408,Indonesia,2025-05-03,CMP004
C03409,Indonesia,2025-11-29,
C03410,Singapore,2025-10-25,
C03411,Indonesia,2025-12-26,
C03412,Indonesia,2025-04-26,CMP004
C03413,Indonesia,2025-05-17,
C03414,Indonesia,2025-08-05,CMP003
C03415,Indonesia,2025-02-02,
C03416,Indonesia,2025-08-20,
C03417,Thailand,2025-09-27,
C03418,Thailand,2025-08-29,
C03419,Thailand,2025-12-14,
C03420,Indonesia,2025-05-30,
C03421,Thailand,2025-07-08,CMP001
C03422,Thailand,2025-12-21,
C03423,Indonesia,2025-02-03,
C03424,Indonesia,2025-08-23,CMP002
C03425,Singapore,2025-07-20,
C03426,Singapore,2025-05-28,CMP008
C03427,Indonesia,2025-02-09,
C03428,Indonesia,2025-05-22,CMP001
C03429,Indonesia,2025-03-17,CMP002
C03430,Indonesia,2025-04-15,
C03431,Indonesia,2025-11-18,
C03432,Singapore,2025-08-02,CMP005
C03433,Singapore,2025-10-05,
C03434,Indonesia,2025-08-31,
C03435,Thailand,2025-08-16,
C03436,Indonesia,2025-01-11,
C03437,Indonesia,2025-02-02,CMP001
C03438,Thailand,2025-04-29,
C03439,Thailand,2025-09-24,CMP001
C03440,Indonesia,2025-07-30,
C03441,Thailand,2025-12-02,
C03442,Indonesia,2025-06-17,CMP002
C03443,Thailand,2025-12-07,
C03444,Indonesia,2025-10-08,CMP001
C03445,Indonesia,2025-06-05,CMP004
C03446,Indonesia,2025-06-06,CMP002
C03447,Indonesia,2025-05-14,CMP001
C03448,Singapore,2025-07-10,
C03449,Indonesia,2025-01-25,CMP002
C03450,Indonesia,2025-05-26,
C03451,Thailand,2025-03-27,
C03452,Thailand,2025-03-24,
C03453,Indonesia,2025-05-27,CMP002
C03454,Thailand,2025-03-31,
C03455,Singapore,2025-12-21,
C03456,Indonesia,2025-03-20,CMP002
C03457,Indonesia,2025-03-01,
C03458,Indonesia,2025-06-12,
C03459,Indonesia,2025-08-14,
C03460,Indonesia,2025-04-05,CMP003
C03461,Indonesia,2025-12-29,
C03462,Singapore,2025-06-12,CMP002
C03463,Indonesia,2025-03-17,CMP004
C03464,Singapore,2025-10-04,CMP001
C03465,Indonesia,2025-10-01,CMP001
C03466,Indonesia,2025-01-13,
C03467,Thailand,2025-09-13,
C03468,Singapore,2025-08-23,
C03469,Indonesia,2025-03-21,CMP005
C03470,Singapore,2025-10-07,
C03471,Thailand,2025-06-19,
C03472,Indonesia,2025-06-01,
C03473,Singapore,2025-05-29,CMP003
C03474,Thailand,2025-10-21,
C03475,Thailand,2025-10-17,CMP003
C03476,Indonesia,2025-08-15,
C03477,Thailand,2025-02-27,
C03478,Indonesia,2025-01-21,CMP001
C03479,Indonesia,2025-10-10,CMP001
C03480,Indonesia,2025-01-13,CMP002
C03481,Indonesia,2025-04-23,
C03482,Indonesia,2025-02-17,
C03483,Thailand,2025-11-08,CMP005
C03484,Indonesia,2025-10-26,CMP001
C03485,Indonesia,2025-05-23,
C03486,Indonesia,2025-02-12,CMP001
C03487,Thailand,2025-08-17,CMP003
C03488,Singapore,2025-02-14,
C03489,Indonesia,2025-07-21,
C03490,Thailand,2025-06-12,CMP002
C03491,Singapore,2025-09-19,
C03492,Indonesia,2025-12-08,
C03493,Thailand,2025-03-17,
C03494,Indonesia,2025-08-07,CMP003
C03495,Indonesia,2025-07-10,
C03496,Indonesia,2025-06-26,CMP004
C03497,Singapore,2025-08-17,CMP001
C03498,Indonesia,2025-02-14,
C03499,Thailand,2025-08-16,CMP001
C03500,Thailand,2025-08-01,CMP004
C03501,Indonesia,2025-05-28,
C03502,Thailand,2025-08-06,
C03503,Indonesia,2025-08-01,CMP004
C03504,Indonesia,2025-10-28,
C03505,Indonesia,2025-03-15,CMP001
C03506,Singapore,2025-09-01,CMP004
C03507,Singapore,2025-09-26,
C03508,Singapore,2025-02-03,
C03509,Thailand,2025-10-30,
C03510,Indonesia,2025-02-15,
C03511,Singapore,2025-11-24,
C03512,Indonesia,2025-08-01,
C03513,Thailand,2025-08-25,
C03514,Indonesia,2025-03-12,CMP001
C03515,Indonesia,2025-07-15,CMP003
C03516,Indonesia,2025-09-09,
C03517,Thailand,2025-06-04,CMP002
C03518,Indonesia,2025-06-05,
C03519,Indonesia,2025-08-26,CMP003
C03520,Indonesia,2025-01-02,
C03521,Singapore,2025-06-03,CMP001
C03522,Indonesia,2025-11-22,
C03523,Thailand,2025-12-01,
C03524,Indonesia,2025-05-28,
C03525,Singapore,2025-09-09,CMP001
C03526,Indonesia,2025-11-27,
C03527,Thailand,2025-03-03,CMP003
C03528,Singapore,2025-09-10,
C03529,Indonesia,2025-02-04,
C03530,Indonesia,2025-07-05,
C03531,Indonesia,2025-10-17,
C03532,Thailand,2025-05-13,CMP003
C03533,Singapore,2025-09-01,CMP002
C03534,Indonesia,2025-03-03,CMP001
C03535,Indonesia,2025-10-22,
C03536,Indonesia,2025-05-13,CMP003
C03537,Indonesia,2025-01-30,
C03538,Singapore,2025-08-25,
C03539,Indonesia,2025-03-11,
C03540,Indonesia,2025-01-28,CMP004
C03541,Thailand,2025-08-03,
C03542,Indonesia,2025-07-02,
C03543,Indonesia,2025-05-30,CMP002
C03544,Indonesia,2025-02-09,CMP002
C03545,Indonesia,2025-11-18,CMP004
C03546,Indonesia,2025-02-18,
C03547,Indonesia,2025-03-27,
C03548,Thailand,2025-06-11,CMP001
C03549,Thailand,2025-12-17,
C03550,Thailand,2025-05-19,
C03551,Indonesia,2025-12-19,
C03552,Indonesia,2025-10-01,CMP001
C03553,Indonesia,2025-03-15,
C03554,Indonesia,2025-09-23,
C03555,Indonesia,2025-09-06,CMP004
C03556,Indonesia,2025-03-25,CMP001
C03557,Indonesia,2025-03-21,
C03558,Thailand,2025-04-07,CMP005
C03559,Thailand,2025-10-14,
C03560,Thailand,2025-09-27,CMP002
C03561,Indonesia,2025-12-31,
C03562,Indonesia,2025-02-28,CMP004
C03563,Indonesia,2025-02-09,CMP003
C03564,Singapore,2025-03-09,CMP001
C03565,Indonesia,2025-09-03,
C03566,Indonesia,2025-12-20,
C03567,Singapore,2025-08-15,
C03568,Indonesia,2025-11-02,CMP001
C03569,Indonesia,2025-06-25,CMP002
C03570,Indonesia,2025-06-05,
C03571,Indonesia,2025-03-02,CMP002
C03572,Indonesia,2025-12-22,
C03573,Indonesia,2025-04-27,
C03574,Indonesia,2025-04-18,
C03575,Indonesia,2025-02-10,CMP001
C03576,Indonesia,2025-02-27,CMP003
C03577,Thailand,2025-09-05,
C03578,Indonesia,2025-01-22,
C03579,Thailand,2025-01-17,CMP004
C03580,Indonesia,2025-09-20,CMP004
C03581,Indonesia,2025-08-29,
C03582,Indonesia,2025-05-10,CMP003
C03583,Thailand,2025-06-04,CMP003
C03584,Thailand,2025-02-19,CMP003
C03585,Indonesia,2025-11-05,
C03586,Indonesia,2025-04-13,
C03587,Indonesia,2025-06-29,
C03588,Thailand,2025-03-16,
C03589,Singapore,2025-05-23,CMP002
C03590,Indonesia,2025-06-28,CMP001
C03591,Thailand,2025-09-14,
C03592,Indonesia,2025-11-10,CMP003
C03593,Indonesia,2025-10-19,CMP003
C03594,Thailand,2025-10-24,
C03595,Indonesia,2025-09-28,CMP002
C03596,Singapore,2025-04-09,CMP003
C03597,Singapore,2025-03-29,CMP004
C03598,Indonesia,2025-10-03,CMP001
C03599,Singapore,2025-02-20,
C03600,Singapore,2025-09-16,CMP004
C03601,Indonesia,2025-09-01,CMP004
C03602,Indonesia,2025-10-29,CMP002
C03603,Singapore,2025-12-11,
C03604,Thailand,2025-04-03,CMP003
C03605,Indonesia,2025-07-14,
C03606,Indonesia,2025-09-21,CMP003
C03607,Thailand,2025-02-27,
C03608,Indonesia,2025-06-10,CMP003
C03609,Indonesia,2025-02-26,CMP003
C03610,Thailand,2025-09-11,CMP003
C03611,Indonesia,2025-12-27,
C03612,Indonesia,2025-01-21,CMP003
C03613,Indonesia,2025-09-10,CMP003
C03614,Indonesia,2025-05-26,
C03615,Thailand,2025-06-09,
C03616,Indonesia,2025-08-16,
C03617,Indonesia,2025-07-28,CMP001
C03618,Indonesia,2025-08-08,
C03619,Singapore,2025-02-05,
C03620,Singapore,2025-09-01,CMP003
C03621,Indonesia,2025-07-08,
C03622,Indonesia,2025-12-12,
C03623,Indonesia,2025-02-23,CMP003
C03624,Thailand,2025-09-25,CMP005
C03625,Indonesia,2025-02-13,
C03626,Indonesia,2025-07-22,CMP002
C03627,Singapore,2025-10-30,
C03628,Indonesia,2025-03-28,CMP002
C03629,Indonesia,2025-04-12,
C03630,Thailand,2025-11-01,CMP004
C03631,Indonesia,2025-07-26,CMP004
C03632,Thailand,2025-08-06,CMP003
C03633,Thailand,2025-05-23,
C03634,Indonesia,2025-10-25,
C03635,Singapore,2025-11-26,
C03636,Indonesia,2025-07-02,
C03637,Singapore,2025-11-05,
C03638,Indonesia,2025-09-06,CMP004
C03639,Thailand,2025-03-17,CMP003
C03640,Indonesia,2025-02-25,CMP005
C03641,Indonesia,2025-09-08,CMP004
C03642,Singapore,2025-11-18,
C03643,Indonesia,2025-01-16,
C03644,Thailand,2025-01-28,CMP001
C03645,Thailand,2025-09-13,CMP002
C03646,Indonesia,2025-04-02,CMP003
C03647,Indonesia,2025-12-14,CMP001
C03648,Thailand,2025-06-05,CMP005
C03649,Thailand,2025-02-19,CMP003
C03650,Thailand,2025-12-05,
C03651,Thailand,2025-09-10,CMP001
C03652,Indonesia,2025-04-14,
C03653,Indonesia,2025-09-12,
C03654,Indonesia,2025-05-14,
C03655,Indonesia,2025-10-04,CMP001
C03656,Singapore,2025-01-17,CMP002
C03657,Indonesia,2025-03-02,CMP005
C03658,Singapore,2025-06-11,
C03659,Indonesia,2025-08-15,
C03660,Indonesia,2025-01-17,
C03661,Singapore,2025-12-04,CMP004
C03662,Singapore,2025-06-05,CMP001
C03663,Indonesia,2025-03-26,CMP004
C03664,Indonesia,2025-03-10,CMP001
C03665,Indonesia,2025-07-19,
C03666,Indonesia,2025-02-26,
C03667,Thailand,2025-09-09,CMP004
C03668,Indonesia,2025-12-17,
C03669,Indonesia,2025-08-29,
C03670,Indonesia,2025-03-22,CMP002
C03671,Indonesia,2025-07-20,CMP003
C03672,Singapore,2025-10-30,CMP004
C03673,Thailand,2025-11-12,CMP004
C03674,Indonesia,2025-05-26,CMP001
C03675,Indonesia,2025-01-15,
C03676,Thailand,2025-03-07,CMP002
C03677,Thailand,2025-06-28,CMP004
C03678,Indonesia,2025-10-26,
C03679,Indonesia,2025-11-17,
C03680,Indonesia,2025-02-19,CMP003
C03681,Indonesia,2025-07-02,
C03682,Thailand,2025-01-29,
C03683,Indonesia,2025-05-07,CMP003
C03684,Indonesia,2025-06-09,CMP003
C03685,Indonesia,2025-12-19,
C03686,Indonesia,2025-06-06,
C03687,Indonesia,2025-03-28,
C03688,Indonesia,2025-06-16,
C03689,Singapore,2025-12-03,
C03690,Indonesia,2025-10-18,
C03691,Indonesia,2025-08-04,CMP001
C03692,Indonesia,2025-12-23,
C03693,Singapore,2025-01-12,
C03694,Indonesia,2025-07-13,CMP003
C03695,Indonesia,2025-06-15,
C03696,Indonesia,2025-09-08,CMP004
C03697,Indonesia,2025-12-12,
C03698,Indonesia,2025-09-12,CMP005
C03699,Indonesia,2025-12-08,
C03700,Indonesia,2025-11-11,
C03701,Indonesia,2025-08-12,CMP001
C03702,Thailand,2025-11-22,CMP003
C03703,Thailand,2025-02-08,
C03704,Indonesia,2025-10-02,CMP004
C03705,Indonesia,2025-05-16,CMP001
C03706,Indonesia,2025-10-21,CMP002
C03707,Thailand,2025-04-26,
C03708,Thailand,2025-02-17,CMP001
C03709,Indonesia,2025-10-24,
C03710,Indonesia,2025-06-22,CMP003
C03711,Thailand,2025-10-18,CMP001
C03712,Indonesia,2025-09-01,
C03713,Thailand,2025-06-27,CMP001
C03714,Thailand,2025-11-30,
C03715,Thailand,2025-09-16,
C03716,Thailand,2025-08-10,
C03717,Indonesia,2025-06-10,
C03718,Indonesia,2025-07-25,CMP003
C03719,Indonesia,2025-09-21,CMP004
C03720,Indonesia,2025-10-08,CMP002
C03721,Thailand,2025-01-10,CMP002
C03722,Singapore,2025-09-22,CMP001
C03723,Indonesia,2025-10-23,
C03724,Singapore,2025-12-05,
C03725,Indonesia,2025-08-28,
C03726,Indonesia,2025-11-23,CMP004
C03727,Singapore,2025-11-11,CMP004
C03728,Singapore,2025-08-11,
C03729,Indonesia,2025-11-17,
C03730,Indonesia,2025-04-13,CMP003
C03731,Indonesia,2025-03-17,
C03732,Thailand,2025-12-17,
C03733,Indonesia,2025-08-11,CMP001
C03734,Thailand,2025-02-02,CMP004
C03735,Indonesia,2025-07-31,
C03736,Thailand,2025-05-27,
C03737,Thailand,2025-05-12,CMP001
C03738,Indonesia,2025-05-01,
C03739,Indonesia,2025-02-28,CMP001
C03740,Indonesia,2025-01-15,
C03741,Indonesia,2025-06-08,CMP002
C03742,Singapore,2025-10-14,
C03743,Thailand,2025-08-05,CMP004
C03744,Indonesia,2025-01-19,CMP004
C03745,Indonesia,2025-05-20,CMP004
C03746,Thailand,2025-05-13,CMP002
C03747,Thailand,2025-05-23,CMP003
C03748,Thailand,2025-04-01,
C03749,Singapore,2025-01-22,
C03750,Thailand,2025-09-06,
C03751,Singapore,2025-01-29,
C03752,Indonesia,2025-02-12,CMP001
C03753,Singapore,2025-06-02,CMP004
C03754,Singapore,2025-07-28,
C03755,Thailand,2025-12-10,
C03756,Indonesia,2025-02-16,CMP002
C03757,Indonesia,2025-03-13,CMP002
C03758,Thailand,2025-10-20,
C03759,Indonesia,2025-03-03,
C03760,Singapore,2025-10-25,CMP001
C03761,Indonesia,2025-09-26,
C03762,Indonesia,2025-02-16,
C03763,Thailand,2025-03-04,CMP004
C03764,Indonesia,2025-06-10,CMP004
C03765,Thailand,2025-10-27,
C03766,Singapore,2025-05-01,CMP005
C03767,Indonesia,2025-04-22,CMP003
C03768,Indonesia,2025-03-31,
C03769,Indonesia,2025-05-21,
C03770,Singapore,2025-05-11,
C03771,Indonesia,2025-01-29,CMP002
C03772,Thailand,2025-07-11,CMP004
C03773,Indonesia,2025-02-27,
C03774,Indonesia,2025-08-05,
C03775,Singapore,2025-05-07,
C03776,Indonesia,2025-03-16,
C03777,Thailand,2025-07-08,CMP001
C03778,Thailand,2025-01-11,
C03779,Indonesia,2025-11-07,CMP001
C03780,Thailand,2025-12-06,
C03781,Thailand,2025-01-28,
C03782,Indonesia,2025-12-10,
C03783,Indonesia,2025-10-10,
C03784,Singapore,2025-11-24,
C03785,Singapore,2025-07-05,CMP001
C03786,Indonesia,2025-12-17,
C03787,Singapore,2025-05-02,CMP003
C03788,Indonesia,2025-07-18,CMP002
C03789,Singapore,2025-07-21,CMP004
C03790,Indonesia,2025-05-11,CMP002
C03791,Indonesia,2025-05-01,CMP003
C03792,Singapore,2025-03-24,CMP002
C03793,Indonesia,2025-11-20,
C03794,Indonesia,2025-11-26,
C03795,Indonesia,2025-01-18,CMP003
C03796,Thailand,2025-02-11,
C03797,Indonesia,2025-09-09,CMP005
C03798,Singapore,2025-07-31,CMP002
C03799,Thailand,2025-06-20,
C03800,Thailand,2025-02-21,CMP002
C03801,Indonesia,2025-12-24,
C03802,Indonesia,2025-02-03,CMP001
C03803,Thailand,2025-11-05,
C03804,Thailand,2025-10-08,
C03805,Thailand,2025-08-21,CMP002
C03806,Thailand,2025-01-27,
C03807,Thailand,2025-04-05,CMP005
C03808,Indonesia,2025-11-25,CMP003
C03809,Indonesia,2025-07-25,
C03810,Indonesia,2025-06-06,CMP004
C03811,Indonesia,2025-02-12,
C03812,Indonesia,2025-05-08,CMP008
C03813,Thailand,2025-11-29,
C03814,Thailand,2025-11-01,
C03815,Indonesia,2025-06-13,CMP001
C03816,Indonesia,2025-03-10,CMP002
C03817,Indonesia,2025-12-18,
C03818,Thailand,2025-06-17,
C03819,Indonesia,2025-04-12,
C03820,Indonesia,2025-07-08,CMP003
C03821,Singapore,2025-07-13,CMP004
C03822,Indonesia,2025-10-20,CMP003
C03823,Singapore,2025-01-12,CMP004
C03824,Thailand,2025-11-28,
C03825,Singapore,2025-04-28,
C03826,Indonesia,2025-08-25,
C03827,Singapore,2025-12-26,
C03828,Indonesia,2025-01-26,
C03829,Thailand,2025-08-08,CMP001
C03830,Indonesia,2025-03-18,
C03831,Indonesia,2025-07-08,
C03832,Indonesia,2025-10-18,
C03833,Indonesia,2025-09-27,CMP003
C03834,Thailand,2025-08-21,
C03835,Indonesia,2025-09-11,
C03836,Indonesia,2025-04-15,
C03837,Indonesia,2025-05-17,CMP001
C03838,Indonesia,2025-09-11,CMP001
C03839,Singapore,2025-08-09,CMP004
C03840,Indonesia,2025-11-04,
C03841,Thailand,2025-05-25,CMP001
C03842,Indonesia,2025-04-07,CMP005
C03843,Thailand,2025-07-29,
C03844,Indonesia,2025-01-15,CMP004
C03845,Indonesia,2025-05-15,CMP002
C03846,Singapore,2025-08-19,CMP001
C03847,Indonesia,2025-07-09,CMP003
C03848,Indonesia,2025-11-28,CMP004
C03849,Indonesia,2025-01-06,
C03850,Singapore,2025-06-15,CMP005
C03851,Thailand,2025-07-23,CMP002
C03852,Thailand,2025-07-16,
C03853,Indonesia,2025-11-02,
C03854,Indonesia,2025-02-18,CMP004
C03855,Indonesia,2025-01-27,CMP002
C03856,Indonesia,2025-05-01,CMP001
C03857,Singapore,2025-07-01,CMP001
C03858,Singapore,2025-12-10,
C03859,Thailand,2025-11-03,CMP004
C03860,Indonesia,2025-01-24,CMP003
C03861,Thailand,2025-09-16,CMP004
C03862,Singapore,2025-06-04,CMP002
C03863,Indonesia,2025-12-10,
C03864,Indonesia,2025-10-14,
C03865,Indonesia,2025-04-02,CMP003
C03866,Indonesia,2025-09-15,CMP003
C03867,Singapore,2025-06-23,CMP002
C03868,Indonesia,2025-03-09,CMP002
C03869,Indonesia,2025-12-30,
C03870,Indonesia,2025-03-14,CMP002
C03871,Indonesia,2025-06-10,
C03872,Indonesia,2025-03-07,CMP001
C03873,Thailand,2025-05-24,
C03874,Indonesia,2025-08-09,CMP003
C03875,Thailand,2025-05-15,CMP002
C03876,Indonesia,2025-05-16,
C03877,Singapore,2025-08-12,CMP004
C03878,Thailand,2025-06-11,
C03879,Thailand,2025-09-09,
C03880,Indonesia,2025-03-19,
C03881,Thailand,2025-12-03,
C03882,Indonesia,2025-08-14,
C03883,Indonesia,2025-03-18,
C03884,Indonesia,2025-04-04,CMP004
C03885,Indonesia,2025-05-14,CMP004
C03886,Indonesia,2025-08-28,
C03887,Indonesia,2025-09-11,
C03888,Singapore,2025-07-02,
C03889,Indonesia,2025-10-15,
C03890,Indonesia,2025-09-10,CMP001
C03891,Indonesia,2025-03-17,CMP003
C03892,Indonesia,2025-02-17,
C03893,Indonesia,2025-05-26,CMP004
C03894,Thailand,2025-03-28,
C03895,Indonesia,2025-05-20,CMP003
C03896,Indonesia,2025-12-06,CMP002
C03897,Singapore,2025-10-26,CMP005
C03898,Indonesia,2025-01-03,CMP002
C03899,Indonesia,2025-10-20,
C03900,Indonesia,2025-02-09,CMP002
C03901,Thailand,2025-09-13,CMP001
C03902,Indonesia,2025-06-18,CMP002
C03903,Singapore,2025-12-15,
C03904,Indonesia,2025-03-04,
C03905,Singapore,2025-10-30,CMP004
C03906,Thailand,2025-02-24,CMP004
C03907,Indonesia,2025-03-20,
C03908,Thailand,2025-08-24,
C03909,Indonesia,2025-12-04,CMP001
C03910,Singapore,2025-11-18,
C03911,Thailand,2025-11-01,CMP003
C03912,Singapore,2025-06-18,
C03913,Thailand,2025-12-02,CMP003
C03914,Indonesia,2025-08-20,CMP002
C03915,Indonesia,2025-10-19,
C03916,Thailand,2025-01-25,
C03917,Indonesia,2025-05-25,CMP002
C03918,Thailand,2025-01-29,
C03919,Singapore,2025-10-08,CMP003
C03920,Indonesia,2025-07-15,CMP001
C03921,Indonesia,2025-05-11,CMP004
C03922,Indonesia,2025-07-24,CMP004
C03923,Indonesia,2025-04-17,
C03924,Indonesia,2025-07-26,
C03925,Indonesia,2025-12-01,
C03926,Indonesia,2025-06-02,
C03927,Thailand,2025-08-10,CMP001
C03928,Singapore,2025-06-08,
C03929,Indonesia,2025-11-05,
C03930,Indonesia,2025-12-07,
C03931,Indonesia,2025-07-08,
C03932,Indonesia,2025-09-08,CMP003
C03933,Indonesia,2025-07-18,
C03934,Thailand,2025-10-16,
C03935,Thailand,2025-02-16,CMP002
C03936,Thailand,2025-07-08,CMP001
C03937,Thailand,2025-08-11,CMP001
C03938,Indonesia,2025-02-17,
C03939,Singapore,2025-06-24,
C03940,Indonesia,2025-12-13,CMP005
C03941,Thailand,2025-12-18,
C03942,Indonesia,2025-09-11,CMP005
C03943,Indonesia,2025-11-28,CMP003
C03944,Indonesia,2025-05-29,CMP001
C03945,Singapore,2025-02-10,CMP001
C03946,Indonesia,2025-09-02,CMP004
C03947,Thailand,2025-03-07,CMP005
C03948,Thailand,2025-06-03,CMP004
C03949,Indonesia,2025-09-25,
C03950,Indonesia,2025-10-19,
C03951,Singapore,2025-02-09,
C03952,Indonesia,2025-09-20,CMP003
C03953,Indonesia,2025-08-06,CMP004
C03954,Thailand,2025-08-26,
C03955,Thailand,2025-10-19,CMP003
C03956,Indonesia,2025-07-01,CMP005
C03957,Thailand,2025-02-11,
C03958,Indonesia,2025-01-09,CMP001
C03959,Indonesia,2025-12-05,CMP001
C03960,Thailand,2025-04-04,CMP001
C03961,Indonesia,2025-01-24,CMP001
C03962,Indonesia,2025-12-27,
C03963,Thailand,2025-10-28,
C03964,Indonesia,2025-12-10,
C03965,Indonesia,2025-05-16,
C03966,Indonesia,2025-04-06,
C03967,Thailand,2025-02-10,CMP002
C03968,Indonesia,2025-11-06,
C03969,Indonesia,2025-12-11,CMP004
C03970,Indonesia,2025-10-01,CMP003
C03971,Indonesia,2025-07-22,
C03972,Thailand,2025-03-29,
C03973,Thailand,2025-08-24,
C03974,Singapore,2025-12-03,
C03975,Thailand,2025-11-05,CMP001
C03976,Thailand,2025-06-05,CMP003
C03977,Indonesia,2025-11-12,
C03978,Singapore,2025-12-11,
C03979,Indonesia,2025-12-12,
C03980,Indonesia,2025-06-04,CMP001
C03981,Indonesia,2025-03-11,
C03982,Thailand,2025-02-27,CMP005
C03983,Singapore,2025-12-23,
C03984,Indonesia,2025-01-14,
C03985,Indonesia,2025-11-29,
C03986,Indonesia,2025-05-04,CMP001
C03987,Singapore,2025-11-17,
C03988,Indonesia,2025-10-03,CMP003
C03989,Thailand,2025-06-04,
C03990,Indonesia,2025-03-17,
C03991,Indonesia,2025-01-12,CMP004
C03992,Thailand,2025-03-20,
C03993,Singapore,2025-08-16,CMP001
C03994,Indonesia,2025-08-30,CMP001
C03995,Indonesia,2025-08-19,
C03996,Indonesia,2025-04-14,CMP003
C03997,Indonesia,2025-07-20,
C03998,Indonesia,2025-01-05,
C03999,Singapore,2025-08-10,CMP002
C04000,Thailand,2025-09-11,CMP001
C04001,Thailand,2025-11-02,
C04002,Indonesia,2025-05-29,CMP002
C04003,Indonesia,2025-07-24,CMP005
C04004,Thailand,2025-10-30,CMP004
C04005,Singapore,2025-12-14,
C04006,Indonesia,2025-09-07,CMP004
C04007,Indonesia,2025-02-01,CMP003
C04008,Indonesia,2025-08-05,
C04009,Indonesia,2025-10-11,CMP004
C04010,Indonesia,2025-11-28,CMP001
C04011,Indonesia,2025-08-31,
C04012,Singapore,2025-11-15,
C04013,Indonesia,2025-06-27,CMP004
C04014,Indonesia,2025-08-12,
C04015,Thailand,2025-05-28,
C04016,Indonesia,2025-08-29,
C04017,Indonesia,2025-04-29,
C04018,Singapore,2025-10-28,
C04019,Singapore,2025-06-23,
C04020,Indonesia,2025-12-03,
C04021,Thailand,2025-05-31,
C04022,Singapore,2025-07-19,CMP003
C04023,Thailand,2025-12-11,
C04024,Thailand,2025-07-04,CMP002
C04025,Thailand,2025-03-24,CMP005
C04026,Thailand,2025-05-25,
C04027,Thailand,2025-02-14,
C04028,Indonesia,2025-03-08,CMP002
C04029,Thailand,2025-03-22,
C04030,Thailand,2025-02-21,
C04031,Indonesia,2025-09-10,
C04032,Indonesia,2025-04-18,CMP002
C04033,Indonesia,2025-01-10,CMP001
C04034,Indonesia,2025-05-14,CMP003
C04035,Indonesia,2025-03-23,
C04036,Indonesia,2025-09-15,
C04037,Indonesia,2025-02-02,CMP004
C04038,Thailand,2025-02-28,CMP004
C04039,Indonesia,2025-03-03,CMP001
C04040,Indonesia,2025-09-07,
C04041,Thailand,2025-06-24,
C04042,Thailand,2025-01-24,CMP002
C04043,Indonesia,2025-10-13,
C04044,Singapore,2025-03-19,
C04045,Thailand,2025-09-21,
C04046,Thailand,2025-02-23,
C04047,Thailand,2025-08-13,
C04048,Singapore,2025-02-26,CMP001
C04049,Thailand,2025-11-09,
C04050,Thailand,2025-02-22,CMP002
C04051,Indonesia,2025-01-22,CMP005
C04052,Thailand,2025-03-27,
C04053,Singapore,2025-04-16,
C04054,Thailand,2025-03-22,CMP003
C04055,Indonesia,2025-12-29,
C04056,Indonesia,2025-09-17,CMP002
C04057,Indonesia,2025-02-20,CMP003
C04058,Indonesia,2025-07-06,
C04059,Indonesia,2025-03-12,
C04060,Indonesia,2025-04-14,CMP004
C04061,Thailand,2025-08-01,CMP002
C04062,Indonesia,2025-01-04,CMP001
C04063,Indonesia,2025-08-31,CMP002
C04064,Indonesia,2025-09-16,CMP004
C04065,Indonesia,2025-05-17,
C04066,Indonesia,2025-08-01,CMP004
C04067,Indonesia,2025-12-07,
C04068,Indonesia,2025-09-29,
C04069,Indonesia,2025-04-27,CMP002
C04070,Indonesia,2025-08-08,
C04071,Singapore,2025-07-29,CMP001
C04072,Thailand,2025-09-22,CMP003
C04073,Singapore,2025-07-05,CMP003
C04074,Indonesia,2025-08-15,
C04075,Thailand,2025-01-06,CMP004
C04076,Singapore,2025-09-22,CMP002
C04077,Indonesia,2025-02-13,
C04078,Singapore,2025-07-25,CMP003
C04079,Indonesia,2025-03-26,
C04080,Thailand,2025-07-21,
C04081,Singapore,2025-12-05,
C04082,Singapore,2025-03-19,CMP003
C04083,Singapore,2025-01-30,
C04084,Singapore,2025-12-05,
C04085,Indonesia,2025-06-01,CMP005
C04086,Thailand,2025-12-15,
C04087,Thailand,2025-06-05,
C04088,Singapore,2025-06-10,
C04089,Thailand,2025-01-05,CMP001
C04090,Thailand,2025-09-28,CMP003
C04091,Thailand,2025-03-17,CMP001
C04092,Thailand,2025-08-17,
C04093,Thailand,2025-10-06,CMP002
C04094,Thailand,2025-11-13,
C04095,Indonesia,2025-12-24,
C04096,Indonesia,2025-11-29,
C04097,Singapore,2025-04-12,CMP002
C04098,Indonesia,2025-02-13,
C04099,Indonesia,2025-06-21,CMP003
C04100,Indonesia,2025-03-06,CMP001
C04101,Indonesia,2025-10-04,
C04102,Indonesia,2025-02-17,CMP001
C04103,Indonesia,2025-06-09,CMP005
C04104,Indonesia,2025-11-22,
C04105,Singapore,2025-01-15,
C04106,Indonesia,2025-10-04,
C04107,Thailand,2025-05-04,CMP004
C04108,Thailand,2025-06-05,
C04109,Indonesia,2025-09-16,
C04110,Thailand,2025-01-31,CMP002
C04111,Thailand,2025-05-13,
C04112,Indonesia,2025-07-01,
C04113,Singapore,2025-11-30,
C04114,Indonesia,2025-08-18,CMP004
C04115,Indonesia,2025-01-03,CMP001
C04116,Thailand,2025-05-01,CMP008
C04117,Indonesia,2025-10-25,CMP004
C04118,Thailand,2025-11-18,
C04119,Indonesia,2025-11-01,CMP003
C04120,Indonesia,2025-06-03,
C04121,Thailand,2025-10-21,
C04122,Indonesia,2025-07-13,
C04123,Indonesia,2025-05-07,CMP004
C04124,Indonesia,2025-09-22,
C04125,Indonesia,2025-07-04,CMP004
C04126,Thailand,2025-03-17,
C04127,Indonesia,2025-07-30,CMP003
C04128,Indonesia,2025-02-01,CMP003
C04129,Indonesia,2025-03-08,CMP003
C04130,Indonesia,2025-08-17,
C04131,Indonesia,2025-12-13,
C04132,Indonesia,2025-10-29,CMP004
C04133,Singapore,2025-07-22,CMP004
C04134,Indonesia,2025-10-27,
C04135,Singapore,2025-08-05,CMP001
C04136,Singapore,2025-12-19,CMP003
C04137,Thailand,2025-09-08,
C04138,Thailand,2025-08-02,
C04139,Indonesia,2025-03-15,CMP004
C04140,Thailand,2025-09-06,
C04141,Singapore,2025-03-08,CMP002
C04142,Singapore,2025-09-20,
C04143,Thailand,2025-03-02,CMP003
C04144,Indonesia,2025-08-22,
C04145,Singapore,2025-03-22,
C04146,Singapore,2025-07-09,
C04147,Thailand,2025-03-02,
C04148,Indonesia,2025-07-29,CMP003
C04149,Indonesia,2025-07-09,
C04150,Indonesia,2025-01-21,
C04151,Indonesia,2025-03-02,
C04152,Indonesia,2025-07-11,
C04153,Indonesia,2025-09-06,
C04154,Indonesia,2025-03-15,CMP003
C04155,Indonesia,2025-10-29,CMP004
C04156,Singapore,2025-06-06,
C04157,Indonesia,2025-04-21,
C04158,Indonesia,2025-09-08,CMP004
C04159,Indonesia,2025-10-08,CMP002
C04160,Indonesia,2025-01-23,
C04161,Indonesia,2025-10-21,CMP004
C04162,Singapore,2025-08-20,CMP002
C04163,Indonesia,2025-07-13,CMP005
C04164,Indonesia,2025-11-07,CMP002
C04165,Indonesia,2025-03-12,CMP001
C04166,Thailand,2025-08-24,
C04167,Indonesia,2025-12-08,
C04168,Indonesia,2025-06-16,
C04169,Thailand,2025-11-16,CMP003
C04170,Indonesia,2025-07-29,
C04171,Indonesia,2025-07-22,CMP002
C04172,Singapore,2025-01-24,CMP002
C04173,Thailand,2025-08-15,CMP001
C04174,Indonesia,2025-11-27,CMP002
C04175,Thailand,2025-03-26,CMP002
C04176,Thailand,2025-10-20,
C04177,Indonesia,2025-12-29,
C04178,Indonesia,2025-11-27,CMP003
C04179,Indonesia,2025-10-14,
C04180,Indonesia,2025-11-13,
C04181,Singapore,2025-01-28,
C04182,Indonesia,2025-09-25,
C04183,Indonesia,2025-09-01,
C04184,Indonesia,2025-01-10,
C04185,Indonesia,2025-09-30,
C04186,Indonesia,2025-01-10,
C04187,Indonesia,2025-04-16,
C04188,Thailand,2025-12-28,
C04189,Indonesia,2025-10-24,
C04190,Thailand,2025-10-01,CMP001
C04191,Indonesia,2025-07-25,CMP003
C04192,Singapore,2025-09-09,
C04193,Indonesia,2025-01-12,CMP004
C04194,Indonesia,2025-04-03,
C04195,Indonesia,2025-09-28,
C04196,Indonesia,2025-05-12,
C04197,Indonesia,2025-02-20,
C04198,Indonesia,2025-05-27,
C04199,Thailand,2025-05-11,CMP002
C04200,Indonesia,2025-03-20,
C04201,Thailand,2025-07-28,CMP003
C04202,Thailand,2025-01-31,
C04203,Indonesia,2025-06-16,CMP003
C04204,Indonesia,2025-01-30,
C04205,Indonesia,2025-02-20,CMP003
C04206,Singapore,2025-07-31,CMP002
C04207,Indonesia,2025-05-13,
C04208,Indonesia,2025-03-03,CMP004
C04209,Thailand,2025-05-03,CMP004
C04210,Indonesia,2025-10-28,CMP002
C04211,Thailand,2025-09-18,CMP005
C04212,Singapore,2025-07-17,CMP004
C04213,Indonesia,2025-05-18,
C04214,Indonesia,2025-08-26,CMP003
C04215,Indonesia,2025-02-03,
C04216,Thailand,2025-07-28,CMP002
C04217,Indonesia,2025-01-10,
C04218,Thailand,2025-10-28,CMP004
C04219,Thailand,2025-05-07,CMP004
C04220,Thailand,2025-11-30,
C04221,Indonesia,2025-06-05,CMP005
C04222,Indonesia,2025-08-17,CMP001
C04223,Indonesia,2025-11-22,CMP003
C04224,Indonesia,2025-03-14,CMP003
C04225,Thailand,2025-03-28,
C04226,Singapore,2025-10-03,
C04227,Indonesia,2025-10-12,
C04228,Thailand,2025-01-01,CMP001
C04229,Indonesia,2025-11-14,CMP002
C04230,Indonesia,2025-03-27,CMP002
C04231,Indonesia,2025-09-04,
C04232,Thailand,2025-05-09,CMP004
C04233,Singapore,2025-07-14,
C04234,Indonesia,2025-11-20,
C04235,Indonesia,2025-09-19,CMP001
C04236,Thailand,2025-03-24,
C04237,Indonesia,2025-10-16,
C04238,Indonesia,2025-02-15,CMP002
C04239,Thailand,2025-03-04,
C04240,Singapore,2025-10-12,CMP002
C04241,Indonesia,2025-08-10,
C04242,Singapore,2025-09-16,
C04243,Singapore,2025-06-12,CMP002
C04244,Thailand,2025-06-25,
C04245,Indonesia,2025-12-29,
C04246,Thailand,2025-05-06,
C04247,Indonesia,2025-06-14,
C04248,Singapore,2025-08-24,
C04249,Indonesia,2025-06-18,CMP001
C04250,Indonesia,2025-12-21,
C04251,Thailand,2025-01-02,
C04252,Singapore,2025-01-03,
C04253,Indonesia,2025-12-11,
C04254,Singapore,2025-10-12,
C04255,Indonesia,2025-12-27,
C04256,Indonesia,2025-07-21,
C04257,Thailand,2025-11-29,
C04258,Indonesia,2025-10-03,CMP004
C04259,Indonesia,2025-12-10,
C04260,Indonesia,2025-03-05,
C04261,Thailand,2025-07-12,
C04262,Indonesia,2025-07-03,CMP003
C04263,Singapore,2025-12-23,
C04264,Indonesia,2025-03-05,
C04265,Indonesia,2025-04-09,CMP001
C04266,Thailand,2025-04-24,CMP003
C04267,Thailand,2025-05-24,
C04268,Indonesia,2025-12-30,
C04269,Thailand,2025-02-16,CMP003
C04270,Indonesia,2025-11-17,
C04271,Indonesia,2025-04-24,CMP001
C04272,Singapore,2025-09-10,CMP002
C04273,Indonesia,2025-01-19,CMP003
C04274,Thailand,2025-12-27,
C04275,Indonesia,2025-04-18,CMP003
C04276,Indonesia,2025-11-23,
C04277,Indonesia,2025-05-23,
C04278,Indonesia,2025-09-10,
C04279,Thailand,2025-04-10,CMP005
C04280,Thailand,2025-10-17,
C04281,Indonesia,2025-11-05,
C04282,Indonesia,2025-02-03,
C04283,Indonesia,2025-02-03,CMP002
C04284,Singapore,2025-10-19,CMP004
C04285,Thailand,2025-09-25,
C04286,Indonesia,2025-05-21,CMP004
C04287,Indonesia,2025-12-14,
C04288,Thailand,2025-12-21,
C04289,Indonesia,2025-11-11,CMP001
C04290,Singapore,2025-10-14,
C04291,Singapore,2025-01-02,
C04292,Thailand,2025-11-25,CMP004
C04293,Indonesia,2025-11-29,CMP005
C04294,Indonesia,2025-06-15,CMP001
C04295,Indonesia,2025-07-28,
C04296,Indonesia,2025-12-15,
C04297,Indonesia,2025-09-11,CMP001
C04298,Singapore,2025-01-23,CMP001
C04299,Indonesia,2025-04-25,
C04300,Indonesia,2025-08-04,
C04301,Indonesia,2025-06-11,
C04302,Indonesia,2025-04-10,CMP005
C04303,Thailand,2025-10-20,
C04304,Singapore,2025-04-26,
C04305,Singapore,2025-08-05,CMP002
C04306,Indonesia,2025-05-08,CMP002
C04307,Indonesia,2025-06-18,CMP002
C04308,Thailand,2025-11-17,
C04309,Indonesia,2025-01-15,
C04310,Indonesia,2025-01-13,
C04311,Singapore,2025-11-17,CMP003
C04312,Indonesia,2025-05-09,CMP003
C04313,Indonesia,2025-08-31,CMP001
C04314,Thailand,2025-06-24,
C04315,Indonesia,2025-06-20,
C04316,Singapore,2025-05-02,
C04317,Thailand,2025-11-04,CMP001
C04318,Thailand,2025-02-18,CMP001
C04319,Indonesia,2025-10-24,
C04320,Singapore,2025-02-01,CMP001
C04321,Indonesia,2025-07-13,CMP004
C04322,Indonesia,2025-12-22,
C04323,Indonesia,2025-03-07,CMP002
C04324,Indonesia,2025-08-15,
C04325,Thailand,2025-11-09,
C04326,Indonesia,2025-02-03,CMP004
C04327,Indonesia,2025-01-29,CMP004
C04328,Thailand,2025-05-31,CMP001
C04329,Indonesia,2025-07-25,
C04330,Indonesia,2025-07-30,CMP004
C04331,Thailand,2025-11-03,CMP001
C04332,Indonesia,2025-11-16,
C04333,Indonesia,2025-07-16,CMP003
C04334,Singapore,2025-08-08,
C04335,Indonesia,2025-11-14,CMP004
C04336,Singapore,2025-11-30,
C04337,Indonesia,2025-01-14,
C04338,Indonesia,2025-06-18,
C04339,Indonesia,2025-02-25,CMP005
C04340,Thailand,2025-11-01,
C04341,Thailand,2025-10-31,CMP001
C04342,Singapore,2025-04-10,
C04343,Thailand,2025-03-06,
C04344,Indonesia,2025-05-12,
C04345,Thailand,2025-09-04,
C04346,Indonesia,2025-08-16,CMP001
C04347,Thailand,2025-03-12,CMP001
C04348,Indonesia,2025-01-31,
C04349,Indonesia,2025-10-27,
C04350,Thailand,2025-11-30,CMP005
C04351,Indonesia,2025-06-09,
C04352,Thailand,2025-10-05,CMP002
C04353,Indonesia,2025-03-17,
C04354,Indonesia,2025-11-05,CMP005
C04355,Singapore,2025-07-08,
C04356,Indonesia,2025-09-23,
C04357,Indonesia,2025-12-14,
C04358,Indonesia,2025-05-02,
C04359,Singapore,2025-10-14,
C04360,Indonesia,2025-08-05,
C04361,Thailand,2025-04-13,CMP003
C04362,Thailand,2025-04-14,
C04363,Indonesia,2025-06-24,CMP003
C04364,Thailand,2025-09-01,
C04365,Indonesia,2025-08-28,
C04366,Singapore,2025-06-19,
C04367,Singapore,2025-10-17,
C04368,Indonesia,2025-11-12,CMP001
C04369,Indonesia,2025-06-18,CMP001
C04370,Singapore,2025-08-21,CMP002
C04371,Indonesia,2025-01-22,CMP003
C04372,Thailand,2025-01-02,
C04373,Indonesia,2025-12-21,
C04374,Indonesia,2025-11-16,
C04375,Thailand,2025-09-04,CMP002
C04376,Thailand,2025-06-19,
C04377,Indonesia,2025-07-12,CMP001
C04378,Thailand,2025-04-05,CMP002
C04379,Indonesia,2025-01-04,CMP005
C04380,Indonesia,2025-02-07,
C04381,Indonesia,2025-10-12,CMP002
C04382,Indonesia,2025-05-29,CMP002
C04383,Indonesia,2025-11-20,
C04384,Indonesia,2025-07-04,
C04385,Indonesia,2025-01-16,
C04386,Indonesia,2025-05-26,
C04387,Thailand,2025-05-15,CMP002
C04388,Thailand,2025-06-23,CMP002
C04389,Indonesia,2025-05-06,
C04390,Indonesia,2025-01-12,
C04391,Singapore,2025-05-15,CMP004
C04392,Thailand,2025-01-11,
C04393,Indonesia,2025-03-12,
C04394,Indonesia,2025-02-26,CMP005
C04395,Indonesia,2025-04-18,CMP002
C04396,Indonesia,2025-05-03,
C04397,Thailand,2025-07-10,CMP004
C04398,Singapore,2025-09-27,
C04399,Singapore,2025-11-16,
C04400,Indonesia,2025-12-31,
C04401,Singapore,2025-03-15,CMP005
C04402,Thailand,2025-03-08,CMP001
C04403,Indonesia,2025-04-09,CMP005
C04404,Indonesia,2025-12-22,
C04405,Indonesia,2025-11-03,CMP003
C04406,Indonesia,2025-11-22,
C04407,Thailand,2025-01-24,
C04408,Indonesia,2025-10-28,CMP001
C04409,Indonesia,2025-10-02,CMP002
C04410,Indonesia,2025-03-18,
C04411,Thailand,2025-01-28,CMP001
C04412,Singapore,2025-05-24,CMP002
C04413,Singapore,2025-09-18,
C04414,Indonesia,2025-09-08,
C04415,Thailand,2025-02-11,CMP004
C04416,Thailand,2025-12-06,
C04417,Indonesia,2025-03-27,CMP004
C04418,Thailand,2025-11-27,
C04419,Indonesia,2025-07-11,CMP004
C04420,Indonesia,2025-08-26,
C04421,Indonesia,2025-12-31,
C04422,Indonesia,2025-12-22,
C04423,Indonesia,2025-09-11,
C04424,Indonesia,2025-10-25,
C04425,Thailand,2025-10-26,CMP005
C04426,Indonesia,2025-04-17,CMP004
C04427,Indonesia,2025-04-14,
C04428,Indonesia,2025-05-01,
C04429,Indonesia,2025-06-06,CMP005
C04430,Indonesia,2025-07-13,CMP001
C04431,Indonesia,2025-07-11,CMP001
C04432,Indonesia,2025-02-13,CMP004
C04433,Indonesia,2025-02-13,CMP005
C04434,Indonesia,2025-09-23,CMP001
C04435,Indonesia,2025-10-26,
C04436,Thailand,2025-09-20,
C04437,Indonesia,2025-08-07,CMP004
C04438,Indonesia,2025-08-10,
C04439,Indonesia,2025-09-12,CMP004
C04440,Indonesia,2025-07-15,
C04441,Indonesia,2025-08-15,
C04442,Indonesia,2025-11-27,
C04443,Indonesia,2025-02-12,CMP004
C04444,Indonesia,2025-09-14,
C04445,Indonesia,2025-11-26,
C04446,Singapore,2025-05-22,
C04447,Indonesia,2025-02-20,CMP003
C04448,Indonesia,2025-07-04,
C04449,Indonesia,2025-04-13,CMP003
C04450,Indonesia,2025-12-12,
C04451,Thailand,2025-06-04,CMP001
C04452,Thailand,2025-12-16,
C04453,Thailand,2025-04-08,CMP004
C04454,Singapore,2025-03-12,CMP004
C04455,Singapore,2025-10-06,
C04456,Thailand,2025-01-05,
C04457,Thailand,2025-05-25,
C04458,Singapore,2025-07-26,CMP004
C04459,Thailand,2025-10-24,CMP003
C04460,Indonesia,2025-01-07,CMP002
C04461,Singapore,2025-09-20,CMP002
C04462,Singapore,2025-03-18,
C04463,Indonesia,2025-04-27,CMP001
C04464,Indonesia,2025-04-18,
C04465,Indonesia,2025-09-22,
C04466,Thailand,2025-10-10,
C04467,Indonesia,2025-08-25,
C04468,Indonesia,2025-02-13,CMP003
C04469,Indonesia,2025-04-07,
C04470,Indonesia,2025-12-24,
C04471,Indonesia,2025-08-13,
C04472,Indonesia,2025-10-13,CMP001
C04473,Indonesia,2025-03-13,CMP004
C04474,Indonesia,2025-03-07,CMP004
C04475,Indonesia,2025-01-05,CMP005
C04476,Thailand,2025-12-04,
C04477,Indonesia,2025-06-23,
C04478,Thailand,2025-08-06,
C04479,Thailand,2025-07-26,
C04480,Indonesia,2025-12-20,
C04481,Indonesia,2025-06-16,CMP002
C04482,Thailand,2025-10-18,CMP002
C04483,Indonesia,2025-03-13,
C04484,Indonesia,2025-06-19,
C04485,Singapore,2025-11-05,CMP001
C04486,Singapore,2025-10-21,CMP001
C04487,Indonesia,2025-07-15,
C04488,Indonesia,2025-07-20,
C04489,Indonesia,2025-07-17,CMP002
C04490,Indonesia,2025-02-25,CMP003
C04491,Thailand,2025-08-20,CMP004
C04492,Indonesia,2025-06-05,
C04493,Thailand,2025-02-23,CMP004
C04494,Indonesia,2025-04-01,CMP001
C04495,Thailand,2025-12-19,
C04496,Indonesia,2025-01-14,CMP001
C04497,Singapore,2025-02-05,
C04498,Indonesia,2025-07-17,
C04499,Indonesia,2025-04-30,CMP005
C04500,Indonesia,2025-09-26,
C04501,Indonesia,2025-01-30,
C04502,Indonesia,2025-01-06,CMP001
C04503,Indonesia,2025-07-30,
C04504,Indonesia,2025-02-26,CMP005
C04505,Indonesia,2025-08-03,
C04506,Indonesia,2025-02-05,
C04507,Indonesia,2025-04-16,
C04508,Indonesia,2025-04-16,CMP004
C04509,Thailand,2025-12-30,
C04510,Thailand,2025-03-23,CMP002
C04511,Indonesia,2025-06-08,
C04512,Thailand,2025-09-15,CMP004
C04513,Indonesia,2025-08-23,
C04514,Singapore,2025-01-04,CMP003
C04515,Indonesia,2025-08-17,CMP003
C04516,Thailand,2025-07-24,CMP003
C04517,Indonesia,2025-05-07,
C04518,Singapore,2025-10-19,
C04519,Indonesia,2025-08-24,CMP003
C04520,Thailand,2025-01-21,
C04521,Thailand,2025-05-28,
C04522,Indonesia,2025-08-22,
C04523,Thailand,2025-12-31,
C04524,Thailand,2025-07-20,
C04525,Indonesia,2025-03-31,CMP004
C04526,Singapore,2025-04-02,CMP004
C04527,Indonesia,2025-08-10,CMP002
C04528,Indonesia,2025-12-04,
C04529,Indonesia,2025-10-19,CMP001
C04530,Singapore,2025-12-24,
C04531,Singapore,2025-05-03,CMP002
C04532,Indonesia,2025-03-22,
C04533,Indonesia,2025-11-18,
C04534,Singapore,2025-12-08,
C04535,Thailand,2025-12-24,
C04536,Singapore,2025-04-22,
C04537,Singapore,2025-07-30,CMP002
C04538,Indonesia,2025-10-11,
C04539,Indonesia,2025-07-08,CMP001
C04540,Indonesia,2025-02-23,CMP005
C04541,Indonesia,2025-06-16,CMP001
C04542,Indonesia,2025-03-26,CMP005
C04543,Indonesia,2025-09-17,
C04544,Indonesia,2025-01-14,CMP001
C04545,Thailand,2025-12-22,
C04546,Indonesia,2025-08-25,CMP005
C04547,Singapore,2025-07-24,
C04548,Indonesia,2025-07-23,CMP002
C04549,Indonesia,2025-05-09,CMP002
C04550,Indonesia,2025-03-11,
C04551,Indonesia,2025-08-26,CMP002
C04552,Indonesia,2025-02-04,
C04553,Indonesia,2025-12-03,CMP005
C04554,Indonesia,2025-08-13,CMP002
C04555,Thailand,2025-05-23,CMP001
C04556,Thailand,2025-03-29,CMP002
C04557,Indonesia,2025-11-07,CMP003
C04558,Indonesia,2025-05-31,CMP001
C04559,Indonesia,2025-07-20,CMP004
C04560,Thailand,2025-12-10,
C04561,Indonesia,2025-12-13,
C04562,Indonesia,2025-08-14,CMP004
C04563,Thailand,2025-04-21,CMP004
C04564,Indonesia,2025-12-12,CMP002
C04565,Thailand,2025-08-15,CMP002
C04566,Thailand,2025-11-22,CMP003
C04567,Thailand,2025-11-25,
C04568,Singapore,2025-12-04,
C04569,Thailand,2025-07-19,CMP002
C04570,Indonesia,2025-08-16,
C04571,Indonesia,2025-01-03,CMP002
C04572,Thailand,2025-07-13,
C04573,Indonesia,2025-05-08,
C04574,Indonesia,2025-05-03,CMP002
C04575,Indonesia,2025-01-09,CMP003
C04576,Indonesia,2025-01-08,
C04577,Thailand,2025-04-09,
C04578,Indonesia,2025-02-02,
C04579,Thailand,2025-02-19,CMP002
C04580,Indonesia,2025-12-07,
C04581,Indonesia,2025-03-27,
C04582,Indonesia,2025-09-20,
C04583,Indonesia,2025-06-17,CMP004
C04584,Indonesia,2025-11-17,CMP003
C04585,Singapore,2025-04-17,
C04586,Singapore,2025-07-22,CMP001
C04587,Indonesia,2025-03-03,CMP004
C04588,Indonesia,2025-02-24,CMP004
C04589,Indonesia,2025-03-30,
C04590,Indonesia,2025-12-01,
C04591,Indonesia,2025-07-19,
C04592,Indonesia,2025-04-23,CMP004
C04593,Thailand,2025-05-23,
C04594,Indonesia,2025-07-08,
C04595,Indonesia,2025-04-22,CMP002
C04596,Indonesia,2025-11-03,
C04597,Thailand,2025-02-22,CMP002
C04598,Indonesia,2025-10-19,CMP004
C04599,Indonesia,2025-02-18,CMP004
C04600,Thailand,2025-11-20,
C04601,Singapore,2025-12-14,
C04602,Indonesia,2025-12-22,
C04603,Thailand,2025-03-31,CMP004
C04604,Indonesia,2025-12-19,
C04605,Indonesia,2025-12-08,
C04606,Indonesia,2025-06-21,CMP002
C04607,Indonesia,2025-10-27,
C04608,Thailand,2025-09-19,CMP002
C04609,Indonesia,2025-04-30,CMP002
C04610,Singapore,2025-12-27,
C04611,Indonesia,2025-04-30,
C04612,Indonesia,2025-03-05,CMP001
C04613,Thailand,2025-08-08,CMP003
C04614,Indonesia,2025-11-14,CMP004
C04615,Indonesia,2025-03-12,CMP003
C04616,Indonesia,2025-06-01,CMP002
C04617,Indonesia,2025-07-12,CMP002
C04618,Indonesia,2025-01-20,CMP004
C04619,Singapore,2025-11-03,
C04620,Thailand,2025-08-16,CMP002
C04621,Indonesia,2025-06-18,CMP003
C04622,Thailand,2025-06-12,CMP001
C04623,Indonesia,2025-01-21,
C04624,Thailand,2025-08-01,
C04625,Thailand,2025-05-28,CMP005
C04626,Thailand,2025-04-28,
C04627,Indonesia,2025-06-19,
C04628,Indonesia,2025-04-16,
C04629,Singapore,2025-12-07,CMP001
C04630,Thailand,2025-12-18,CMP002
C04631,Thailand,2025-04-24,
C04632,Indonesia,2025-07-15,CMP004
C04633,Indonesia,2025-04-04,CMP004
C04634,Indonesia,2025-01-04,
C04635,Indonesia,2025-09-09,
C04636,Indonesia,2025-04-09,
C04637,Singapore,2025-03-14,
C04638,Indonesia,2025-03-06,CMP003
C04639,Indonesia,2025-10-31,CMP002
C04640,Indonesia,2025-04-15,
C04641,Indonesia,2025-02-10,
C04642,Indonesia,2025-08-28,
C04643,Indonesia,2025-04-12,CMP002
C04644,Thailand,2025-04-01,
C04645,Indonesia,2025-06-05,CMP002
C04646,Singapore,2025-08-18,CMP004
C04647,Indonesia,2025-04-14,CMP003
C04648,Indonesia,2025-09-04,
C04649,Indonesia,2025-07-04,CMP005
C04650,Indonesia,2025-03-27,
C04651,Indonesia,2025-08-05,
C04652,Thailand,2025-08-10,CMP003
C04653,Indonesia,2025-09-04,CMP003
C04654,Indonesia,2025-07-15,
C04655,Thailand,2025-02-12,
C04656,Indonesia,2025-06-03,
C04657,Indonesia,2025-03-20,CMP001
C04658,Indonesia,2025-03-31,
C04659,Indonesia,2025-08-26,CMP003
C04660,Indonesia,2025-05-26,CMP005
C04661,Indonesia,2025-11-07,
C04662,Indonesia,2025-06-20,
C04663,Indonesia,2025-08-29,
C04664,Indonesia,2025-04-08,
C04665,Thailand,2025-09-14,CMP003
C04666,Indonesia,2025-07-11,
C04667,Singapore,2025-08-01,CMP004
C04668,Indonesia,2025-07-11,CMP001
C04669,Thailand,2025-06-07,
C04670,Indonesia,2025-10-29,
C04671,Singapore,2025-01-20,CMP002
C04672,Indonesia,2025-03-05,CMP004
C04673,Indonesia,2025-10-17,
C04674,Singapore,2025-08-12,CMP005
C04675,Indonesia,2025-06-28,
C04676,Thailand,2025-09-08,CMP003
C04677,Thailand,2025-07-08,
C04678,Indonesia,2025-11-30,CMP003
C04679,Thailand,2025-08-06,
C04680,Indonesia,2025-05-05,CMP003
C04681,Thailand,2025-07-05,
C04682,Indonesia,2025-12-13,
C04683,Thailand,2025-12-07,
C04684,Thailand,2025-05-14,
C04685,Indonesia,2025-12-15,CMP002
C04686,Thailand,2025-05-07,CMP001
C04687,Thailand,2025-12-06,
C04688,Indonesia,2025-01-07,
C04689,Thailand,2025-02-17,CMP002
C04690,Indonesia,2025-07-16,
C04691,Singapore,2025-10-28,CMP001
C04692,Indonesia,2025-02-11,
C04693,Singapore,2025-04-07,
C04694,Thailand,2025-03-26,
C04695,Thailand,2025-05-10,CMP002
C04696,Singapore,2025-09-14,
C04697,Singapore,2025-12-04,
C04698,Indonesia,2025-10-28,CMP001
C04699,Thailand,2025-07-30,CMP001
C04700,Indonesia,2025-02-15,
C04701,Thailand,2025-10-21,
C04702,Thailand,2025-06-26,
C04703,Thailand,2025-05-18,CMP002
C04704,Thailand,2025-07-23,
C04705,Singapore,2025-01-04,CMP001
C04706,Indonesia,2025-09-09,CMP003
C04707,Thailand,2025-02-05,CMP002
C04708,Indonesia,2025-08-02,
C04709,Indonesia,2025-12-02,CMP003
C04710,Indonesia,2025-08-09,CMP001
C04711,Indonesia,2025-07-11,CMP004
C04712,Indonesia,2025-03-10,CMP002
C04713,Indonesia,2025-04-04,
C04714,Indonesia,2025-02-26,
C04715,Indonesia,2025-04-19,CMP004
C04716,Thailand,2025-01-31,
C04717,Indonesia,2025-04-09,
C04718,Indonesia,2025-07-29,
C04719,Indonesia,2025-11-16,CMP001
C04720,Indonesia,2025-11-22,
C04721,Indonesia,2025-05-31,CMP004
C04722,Indonesia,2025-03-05,CMP004
C04723,Indonesia,2025-06-25,CMP001
C04724,Indonesia,2025-05-01,
C04725,Thailand,2025-12-11,
C04726,Indonesia,2025-01-05,
C04727,Thailand,2025-01-04,
C04728,Indonesia,2025-01-22,CMP003
C04729,Thailand,2025-09-25,
C04730,Thailand,2025-07-12,
C04731,Singapore,2025-05-17,CMP003
C04732,Thailand,2025-08-31,CMP003
C04733,Indonesia,2025-11-06,CMP004
C04734,Thailand,2025-07-09,
C04735,Singapore,2025-06-25,CMP002
C04736,Singapore,2025-05-03,
C04737,Indonesia,2025-12-07,CMP001
C04738,Indonesia,2025-11-09,CMP001
C04739,Singapore,2025-07-02,CMP002
C04740,Indonesia,2025-02-21,CMP005
C04741,Indonesia,2025-12-24,
C04742,Indonesia,2025-03-13,CMP004
C04743,Singapore,2025-03-04,CMP002
C04744,Singapore,2025-05-24,CMP002
C04745,Indonesia,2025-05-08,CMP002
C04746,Thailand,2025-11-13,CMP002
C04747,Indonesia,2025-09-01,
C04748,Indonesia,2025-12-05,
C04749,Singapore,2025-11-23,
C04750,Indonesia,2025-06-14,
C04751,Singapore,2025-07-04,
C04752,Thailand,2025-06-16,
C04753,Thailand,2025-04-30,
C04754,Thailand,2025-07-24,
C04755,Indonesia,2025-02-11,
C04756,Singapore,2025-09-01,
C04757,Singapore,2025-12-25,
C04758,Indonesia,2025-07-17,
C04759,Thailand,2025-04-10,CMP001
C04760,Singapore,2025-09-24,
C04761,Indonesia,2025-09-16,CMP003
C04762,Thailand,2025-09-12,CMP003
C04763,Thailand,2025-06-04,CMP001
C04764,Singapore,2025-10-08,CMP002
C04765,Indonesia,2025-08-28,
C04766,Singapore,2025-08-17,
C04767,Thailand,2025-09-04,
C04768,Indonesia,2025-05-04,
C04769,Thailand,2025-03-29,
C04770,Thailand,2025-12-04,
C04771,Indonesia,2025-02-24,CMP001
C04772,Indonesia,2025-01-15,
C04773,Singapore,2025-06-17,CMP002
C04774,Indonesia,2025-05-24,
C04775,Thailand,2025-05-12,
C04776,Indonesia,2025-12-10,
C04777,Singapore,2025-03-11,
C04778,Thailand,2025-11-21,
C04779,Thailand,2025-02-16,CMP002
C04780,Singapore,2025-06-20,
C04781,Thailand,2025-10-22,
C04782,Indonesia,2025-11-04,
C04783,Indonesia,2025-06-25,CMP003
C04784,Thailand,2025-07-15,CMP002
C04785,Singapore,2025-10-15,CMP005
C04786,Thailand,2025-08-12,
C04787,Indonesia,2025-04-25,
C04788,Indonesia,2025-05-29,CMP002
C04789,Indonesia,2025-02-15,
C04790,Singapore,2025-10-31,
C04791,Indonesia,2025-03-01,
C04792,Singapore,2025-03-07,
C04793,Indonesia,2025-07-14,
C04794,Indonesia,2025-01-01,CMP004
C04795,Indonesia,2025-10-30,CMP003
C04796,Singapore,2025-07-18,CMP004
C04797,Thailand,2025-06-13,CMP002
C04798,Singapore,2025-12-14,
C04799,Indonesia,2025-03-06,CMP002
C04800,Indonesia,2025-11-05,
C04801,Indonesia,2025-02-24,
C04802,Singapore,2025-10-03,
C04803,Indonesia,2025-06-11,CMP005
C04804,Thailand,2025-06-01,CMP002
C04805,Thailand,2025-09-13,
C04806,Thailand,2025-03-17,CMP002
C04807,Thailand,2025-03-16,CMP001
C04808,Indonesia,2025-12-26,
C04809,Indonesia,2025-06-13,
C04810,Indonesia,2025-12-19,
C04811,Indonesia,2025-12-28,
C04812,Thailand,2025-11-20,CMP004
C04813,Indonesia,2025-09-11,
C04814,Indonesia,2025-07-12,
C04815,Indonesia,2025-06-20,CMP001
C04816,Thailand,2025-04-18,CMP004
C04817,Thailand,2025-04-26,
C04818,Singapore,2025-01-27,
C04819,Singapore,2025-04-02,
C04820,Indonesia,2025-07-20,
C04821,Singapore,2025-12-04,
C04822,Singapore,2025-03-23,
C04823,Indonesia,2025-10-08,CMP002
C04824,Thailand,2025-08-05,CMP004
C04825,Thailand,2025-06-28,CMP005
C04826,Indonesia,2025-07-20,
C04827,Indonesia,2025-05-25,CMP004
C04828,Thailand,2025-04-10,
C04829,Indonesia,2025-10-08,CMP002
C04830,Indonesia,2025-03-09,
C04831,Singapore,2025-10-25,
C04832,Thailand,2025-01-28,CMP002
C04833,Indonesia,2025-12-30,
C04834,Indonesia,2025-12-02,
C04835,Indonesia,2025-03-12,
C04836,Indonesia,2025-09-05,CMP002
C04837,Indonesia,2025-03-16,CMP002
C04838,Thailand,2025-04-11,
C04839,Indonesia,2025-01-05,
C04840,Indonesia,2025-10-22,CMP002
C04841,Indonesia,2025-03-17,CMP004
C04842,Thailand,2025-08-07,CMP003
C04843,Singapore,2025-03-28,CMP003
C04844,Indonesia,2025-02-19,
C04845,Indonesia,2025-08-31,
C04846,Indonesia,2025-01-27,
C04847,Thailand,2025-09-21,CMP004
C04848,Indonesia,2025-10-31,CMP002
C04849,Thailand,2025-03-18,CMP001
C04850,Indonesia,2025-07-26,CMP004
C04851,Indonesia,2025-03-02,
C04852,Indonesia,2025-09-08,
C04853,Singapore,2025-11-02,
C04854,Thailand,2025-12-01,
C04855,Singapore,2025-12-21,
C04856,Thailand,2025-12-10,
C04857,Singapore,2025-08-26,CMP003
C04858,Indonesia,2025-11-29,CMP001
C04859,Thailand,2025-11-20,
C04860,Indonesia,2025-07-08,CMP004
C04861,Indonesia,2025-03-01,
C04862,Thailand,2025-09-08,
C04863,Indonesia,2025-09-18,CMP001
C04864,Indonesia,2025-10-28,
C04865,Indonesia,2025-10-21,CMP003
C04866,Thailand,2025-12-22,
C04867,Indonesia,2025-10-31,
C04868,Singapore,2025-09-05,CMP001
C04869,Indonesia,2025-12-26,
C04870,Indonesia,2025-10-20,
C04871,Indonesia,2025-06-16,
C04872,Indonesia,2025-10-03,CMP004
C04873,Indonesia,2025-12-25,
C04874,Thailand,2025-10-12,
C04875,Indonesia,2025-09-29,
C04876,Thailand,2025-09-23,CMP004
C04877,Thailand,2025-10-03,CMP002
C04878,Indonesia,2025-11-30,CMP005
C04879,Singapore,2025-04-17,CMP004
C04880,Indonesia,2025-03-02,CMP004
C04881,Thailand,2025-11-03,CMP001
C04882,Indonesia,2025-01-03,
C04883,Indonesia,2025-06-10,CMP003
C04884,Indonesia,2025-03-07,CMP004
C04885,Indonesia,2025-12-01,CMP003
C04886,Indonesia,2025-10-15,CMP001
C04887,Indonesia,2025-01-18,
C04888,Indonesia,2025-03-05,CMP002
C04889,Singapore,2025-07-06,
C04890,Indonesia,2025-03-29,CMP002
C04891,Indonesia,2025-12-03,CMP004
C04892,Indonesia,2025-06-03,
C04893,Singapore,2025-09-23,
C04894,Thailand,2025-05-31,CMP004
C04895,Indonesia,2025-08-16,CMP001
C04896,Thailand,2025-09-09,
C04897,Singapore,2025-09-25,CMP004
C04898,Thailand,2025-06-30,CMP001
C04899,Indonesia,2025-09-19,
C04900,Thailand,2025-02-20,CMP001
C04901,Indonesia,2025-01-23,
C04902,Indonesia,2025-04-07,CMP004
C04903,Singapore,2025-04-21,
C04904,Indonesia,2025-11-05,
C04905,Indonesia,2025-10-30,CMP005
C04906,Thailand,2025-03-07,
C04907,Indonesia,2025-08-05,CMP004
C04908,Indonesia,2025-05-11,
C04909,Singapore,2025-11-29,
C04910,Indonesia,2025-07-24,
C04911,Thailand,2025-05-11,CMP001
C04912,Indonesia,2025-12-22,
C04913,Indonesia,2025-04-15,CMP004
C04914,Singapore,2025-05-18,
C04915,Thailand,2025-12-23,
C04916,Indonesia,2025-07-10,CMP005
C04917,Thailand,2025-11-28,
C04918,Indonesia,2025-11-06,
C04919,Indonesia,2025-03-20,CMP003
C04920,Indonesia,2025-08-11,CMP005
C04921,Indonesia,2025-11-06,CMP003
C04922,Indonesia,2025-05-19,
C04923,Thailand,2025-02-26,
C04924,Indonesia,2025-07-28,CMP002
C04925,Indonesia,2025-11-24,
C04926,Thailand,2025-06-20,
C04927,Singapore,2025-03-16,CMP002
C04928,Indonesia,2025-04-26,CMP005
C04929,Indonesia,2025-02-20,CMP005
C04930,Indonesia,2025-04-24,CMP002
C04931,Thailand,2025-02-23,
C04932,Indonesia,2025-03-05,
C04933,Indonesia,2025-06-06,CMP001
C04934,Indonesia,2025-09-08,CMP004
C04935,Thailand,2025-06-28,
C04936,Indonesia,2025-05-25,CMP002
C04937,Indonesia,2025-11-08,CMP002
C04938,Indonesia,2025-01-25,
C04939,Indonesia,2025-07-19,
C04940,Singapore,2025-12-14,
C04941,Indonesia,2025-09-30,CMP003
C04942,Indonesia,2025-07-26,CMP001
C04943,Indonesia,2025-03-07,
C04944,Indonesia,2025-12-18,
C04945,Thailand,2025-03-21,
C04946,Indonesia,2025-03-15,CMP004
C04947,Indonesia,2025-05-17,CMP005
C04948,Singapore,2025-11-24,
C04949,Thailand,2025-12-29,
C04950,Thailand,2025-12-14,CMP003
C04951,Indonesia,2025-12-28,
C04952,Singapore,2025-08-13,
C04953,Indonesia,2025-08-28,CMP003
C04954,Singapore,2025-05-22,
C04955,Singapore,2025-09-24,CMP002
C04956,Indonesia,2025-04-28,
C04957,Singapore,2025-02-14,CMP005
C04958,Thailand,2025-07-28,
C04959,Thailand,2025-02-16,CMP003
C04960,Thailand,2025-02-09,
C04961,Indonesia,2025-02-17,
C04962,Indonesia,2025-01-30,CMP002
C04963,Indonesia,2025-05-27,CMP001
C04964,Thailand,2025-09-10,CMP004
C04965,Singapore,2025-01-06,CMP003
C04966,Thailand,2025-08-06,CMP001
C04967,Indonesia,2025-03-11,CMP001
C04968,Thailand,2025-09-21,
C04969,Singapore,2025-12-13,
C04970,Indonesia,2025-12-24,
C04971,Thailand,2025-01-08,CMP005
C04972,Thailand,2025-01-04,CMP001
C04973,Indonesia,2025-12-26,
C04974,Indonesia,2025-06-26,CMP001
C04975,Singapore,2025-12-05,
C04976,Thailand,2025-09-28,CMP003
C04977,Thailand,2025-01-22,CMP002
C04978,Thailand,2025-03-28,
C04979,Singapore,2025-09-26,
C04980,Indonesia,2025-03-31,
C04981,Indonesia,2025-03-10,CMP003
C04982,Indonesia,2025-01-27,CMP004
C04983,Indonesia,2025-07-14,CMP003
C04984,Indonesia,2025-02-27,CMP001
C04985,Indonesia,2025-12-14,
C04986,Singapore,2025-10-04,
C04987,Indonesia,2025-03-02,
C04988,Indonesia,2025-09-05,
C04989,Indonesia,2025-04-20,
C04990,Indonesia,2025-11-20,CMP003
C04991,Singapore,2025-04-22,CMP001
C04992,Indonesia,2025-11-26,
C04993,Singapore,2025-01-19,CMP001
C04994,Thailand,2025-11-13,
C04995,Indonesia,2025-01-30,
C04996,Indonesia,2025-11-12,
C04997,Indonesia,2025-06-02,CMP004
C04998,Indonesia,2025-01-03,
C04999,Indonesia,2025-04-06,CMP004
C05000,Indonesia,2025-01-05,CMP004
C05001,Indonesia,2025-09-09,
C05002,Indonesia,2025-09-28,CMP004
C05003,Indonesia,2025-03-20,
C05004,Indonesia,2025-09-07,
C05005,Indonesia,2025-12-03,
C05006,Indonesia,2025-08-29,CMP001
C05007,Indonesia,2025-06-03,
C05008,Indonesia,2025-04-04,CMP001
C05009,Indonesia,2025-05-18,
C05010,Thailand,2025-08-13,
C05011,Indonesia,2025-08-13,CMP004
C05012,Thailand,2025-07-01,
C05013,Indonesia,2025-01-03,CMP003
C05014,Indonesia,2025-12-30,
C05015,Indonesia,2025-04-08,
C05016,Indonesia,2025-03-10,
C05017,Singapore,2025-06-19,CMP002
C05018,Thailand,2025-03-24,
C05019,Singapore,2025-09-03,
C05020,Indonesia,2025-05-17,
C05021,Indonesia,2025-09-08,CMP001
C05022,Thailand,2025-12-16,
C05023,Thailand,2025-06-16,
C05024,Indonesia,2025-07-24,
C05025,Indonesia,2025-07-19,CMP003
C05026,Thailand,2025-02-25,CMP004
C05027,Indonesia,2025-03-06,
C05028,Indonesia,2025-09-14,
C05029,Indonesia,2025-12-17,
C05030,Thailand,2025-12-14,
C05031,Singapore,2025-08-08,CMP002
C05032,Indonesia,2025-01-05,CMP005
C05033,Indonesia,2025-05-29,
C05034,Thailand,2025-02-12,
C05035,Thailand,2025-05-07,
C05036,Indonesia,2025-09-19,CMP003
C05037,Thailand,2025-05-24,CMP004
C05038,Singapore,2025-05-15,
C05039,Thailand,2025-05-07,
C05040,Indonesia,2025-08-08,CMP003
C05041,Thailand,2025-12-28,
C05042,Thailand,2025-02-22,
C05043,Thailand,2025-09-15,CMP004
C05044,Singapore,2025-04-07,
C05045,Thailand,2025-10-30,CMP001
C05046,Indonesia,2025-03-18,CMP004
C05047,Indonesia,2025-03-09,CMP004
C05048,Singapore,2025-05-21,CMP004
C05049,Indonesia,2025-03-16,CMP001
C05050,Indonesia,2025-11-12,CMP003
C05051,Indonesia,2025-01-27,CMP002
C05052,Indonesia,2025-09-26,
C05053,Singapore,2025-11-21,
C05054,Indonesia,2025-04-24,
C05055,Indonesia,2025-09-03,
C05056,Thailand,2025-08-07,
C05057,Indonesia,2025-06-05,CMP003
C05058,Indonesia,2025-07-06,CMP004
C05059,Thailand,2025-06-29,CMP003
C05060,Indonesia,2025-05-07,
C05061,Indonesia,2025-01-25,CMP003
C05062,Indonesia,2025-01-01,
C05063,Indonesia,2025-06-14,CMP002
C05064,Indonesia,2025-08-30,
C05065,Indonesia,2025-11-07,CMP005
C05066,Indonesia,2025-04-05,CMP001
C05067,Indonesia,2025-09-09,
C05068,Indonesia,2025-06-05,
C05069,Indonesia,2025-12-09,
C05070,Thailand,2025-10-10,CMP003
C05071,Indonesia,2025-03-08,CMP004
C05072,Thailand,2025-07-05,
C05073,Indonesia,2025-10-29,
C05074,Indonesia,2025-07-10,CMP004
C05075,Indonesia,2025-05-22,
C05076,Indonesia,2025-07-16,
C05077,Indonesia,2025-02-24,CMP003
C05078,Indonesia,2025-11-05,
C05079,Singapore,2025-10-28,CMP003
C05080,Thailand,2025-12-02,
C05081,Thailand,2025-04-09,
C05082,Indonesia,2025-02-20,
C05083,Thailand,2025-10-07,
C05084,Thailand,2025-06-04,CMP008
C05085,Indonesia,2025-04-14,
C05086,Indonesia,2025-03-20,
C05087,Indonesia,2025-04-09,
C05088,Indonesia,2025-12-31,
C05089,Singapore,2025-10-14,CMP002
C05090,Indonesia,2025-07-07,CMP005
C05091,Singapore,2025-03-02,CMP001
C05092,Indonesia,2025-02-04,
C05093,Singapore,2025-09-26,CMP003
C05094,Thailand,2025-09-15,
C05095,Indonesia,2025-03-27,
C05096,Singapore,2025-12-23,
C05097,Indonesia,2025-05-29,CMP002
C05098,Indonesia,2025-10-17,
C05099,Indonesia,2025-12-22,
C05100,Indonesia,2025-07-23,
C05101,Singapore,2025-09-30,CMP004
C05102,Indonesia,2025-02-08,CMP001
C05103,Indonesia,2025-09-18,CMP003
C05104,Indonesia,2025-07-19,CMP004
C05105,Indonesia,2025-05-20,
C05106,Indonesia,2025-01-02,CMP001
C05107,Indonesia,2025-04-22,CMP005
C05108,Singapore,2025-01-05,CMP004
C05109,Indonesia,2025-09-20,CMP002
C05110,Thailand,2025-12-29,
C05111,Indonesia,2025-05-13,
C05112,Indonesia,2025-04-23,
C05113,Indonesia,2025-05-18,CMP002
C05114,Indonesia,2025-03-29,CMP005
C05115,Indonesia,2025-10-01,
C05116,Thailand,2025-01-21,
C05117,Singapore,2025-05-23,CMP005
C05118,Singapore,2025-05-19,CMP001
C05119,Thailand,2025-01-27,CMP001
C05120,Singapore,2025-05-08,CMP003
C05121,Indonesia,2025-04-18,CMP004
C05122,Thailand,2025-01-01,
C05123,Thailand,2025-11-20,CMP005
C05124,Indonesia,2025-07-08,
C05125,Singapore,2025-12-28,
C05126,Thailand,2025-05-16,CMP004
C05127,Singapore,2025-07-29,CMP003
C05128,Indonesia,2025-05-31,
C05129,Thailand,2025-01-30,CMP002
C05130,Thailand,2025-01-06,
C05131,Thailand,2025-04-23,
C05132,Indonesia,2025-05-24,CMP002
C05133,Indonesia,2025-01-09,CMP004
C05134,Indonesia,2025-10-26,
C05135,Indonesia,2025-12-19,
C05136,Indonesia,2025-12-01,
C05137,Thailand,2025-11-17,CMP002
C05138,Indonesia,2025-10-10,
C05139,Indonesia,2025-08-15,CMP003
C05140,Indonesia,2025-05-18,
C05141,Thailand,2025-11-19,CMP004
C05142,Indonesia,2025-07-22,CMP004
C05143,Thailand,2025-04-29,CMP003
C05144,Indonesia,2025-08-11,
C05145,Indonesia,2025-09-03,
C05146,Indonesia,2025-04-03,
C05147,Indonesia,2025-04-01,CMP002
C05148,Singapore,2025-09-09,CMP004
C05149,Thailand,2025-04-03,CMP005
C05150,Indonesia,2025-01-11,CMP002
C05151,Thailand,2025-04-01,
C05152,Thailand,2025-12-18,
C05153,Indonesia,2025-02-05,CMP004
C05154,Indonesia,2025-08-07,
C05155,Singapore,2025-11-27,
C05156,Thailand,2025-02-21,CMP002
C05157,Thailand,2025-03-12,
C05158,Thailand,2025-01-07,
C05159,Indonesia,2025-07-13,CMP002
C05160,Thailand,2025-02-26,
C05161,Singapore,2025-11-26,CMP003
C05162,Indonesia,2025-03-09,CMP002
C05163,Indonesia,2025-02-12,
C05164,Indonesia,2025-11-18,
C05165,Singapore,2025-01-05,CMP004
C05166,Indonesia,2025-02-24,
C05167,Singapore,2025-06-23,
C05168,Indonesia,2025-02-13,
C05169,Thailand,2025-09-03,
C05170,Thailand,2025-08-16,
C05171,Indonesia,2025-06-07,CMP003
C05172,Indonesia,2025-03-21,
C05173,Thailand,2025-10-06,CMP001
C05174,Indonesia,2025-11-18,
C05175,Thailand,2025-01-11,
C05176,Indonesia,2025-02-22,CMP001
C05177,Indonesia,2025-02-22,
C05178,Indonesia,2025-08-01,CMP004
C05179,Indonesia,2025-04-25,
C05180,Indonesia,2025-08-07,CMP003
C05181,Thailand,2025-06-30,CMP005
C05182,Singapore,2025-04-26,
C05183,Indonesia,2025-12-17,
C05184,Indonesia,2025-02-27,
C05185,Indonesia,2025-02-26,CMP004
C05186,Indonesia,2025-05-25,
C05187,Indonesia,2025-11-12,
C05188,Singapore,2025-07-04,CMP004
C05189,Singapore,2025-02-13,
C05190,Indonesia,2025-11-06,CMP004
C05191,Indonesia,2025-08-08,
C05192,Indonesia,2025-11-04,CMP001
C05193,Indonesia,2025-08-06,
C05194,Thailand,2025-12-08,
C05195,Thailand,2025-11-16,
C05196,Singapore,2025-06-28,
C05197,Singapore,2025-05-19,
C05198,Indonesia,2025-12-05,
C05199,Thailand,2025-05-16,
C05200,Thailand,2025-12-31,
C05201,Singapore,2025-01-02,
C05202,Thailand,2025-03-18,CMP002
C05203,Indonesia,2025-03-17,
C05204,Indonesia,2025-07-19,CMP004
C05205,Thailand,2025-09-02,CMP004
C05206,Indonesia,2025-02-27,
C05207,Indonesia,2025-05-23,
C05208,Singapore,2025-06-15,
C05209,Thailand,2025-04-04,
C05210,Indonesia,2025-06-30,
C05211,Indonesia,2025-08-06,CMP004
C05212,Thailand,2025-07-31,CMP002
C05213,Indonesia,2025-11-22,
C05214,Singapore,2025-12-01,
C05215,Indonesia,2025-07-16,
C05216,Indonesia,2025-09-12,CMP004
C05217,Indonesia,2025-09-10,
C05218,Indonesia,2025-04-28,CMP005
C05219,Thailand,2025-10-25,
C05220,Indonesia,2025-09-27,
C05221,Thailand,2025-12-22,
C05222,Thailand,2025-04-23,
C05223,Indonesia,2025-05-01,CMP001
C05224,Singapore,2025-04-15,CMP005
C05225,Indonesia,2025-01-09,
C05226,Singapore,2025-08-31,
C05227,Indonesia,2025-02-26,
C05228,Indonesia,2025-06-28,
C05229,Indonesia,2025-03-13,CMP003
C05230,Thailand,2025-03-15,CMP001
C05231,Singapore,2025-10-10,
C05232,Indonesia,2025-08-04,CMP002
C05233,Indonesia,2025-04-25,
C05234,Indonesia,2025-03-12,
C05235,Thailand,2025-12-23,
C05236,Thailand,2025-07-13,
C05237,Singapore,2025-12-23,
C05238,Indonesia,2025-07-10,CMP001
C05239,Thailand,2025-02-24,CMP002
C05240,Indonesia,2025-02-07,CMP004
C05241,Singapore,2025-11-01,CMP001
C05242,Indonesia,2025-01-16,
C05243,Indonesia,2025-03-14,CMP001
C05244,Indonesia,2025-02-09,CMP001
C05245,Indonesia,2025-08-02,
C05246,Indonesia,2025-04-04,CMP002
C05247,Thailand,2025-03-13,
C05248,Singapore,2025-12-24,
C05249,Indonesia,2025-08-29,
C05250,Indonesia,2025-06-22,
C05251,Thailand,2025-11-27,
C05252,Indonesia,2025-05-27,
C05253,Singapore,2025-01-31,
C05254,Thailand,2025-01-17,
C05255,Indonesia,2025-03-30,CMP001
C05256,Indonesia,2025-01-06,
C05257,Thailand,2025-08-05,CMP004
C05258,Indonesia,2025-08-21,
C05259,Singapore,2025-05-13,CMP002
C05260,Indonesia,2025-09-14,
C05261,Indonesia,2025-04-27,
C05262,Indonesia,2025-03-22,
C05263,Indonesia,2025-02-17,CMP001
C05264,Thailand,2025-03-06,
C05265,Thailand,2025-07-25,
C05266,Indonesia,2025-04-23,CMP005
C05267,Thailand,2025-10-14,
C05268,Thailand,2025-02-09,
C05269,Indonesia,2025-08-28,CMP002
C05270,Thailand,2025-12-01,
C05271,Indonesia,2025-07-14,
C05272,Thailand,2025-07-10,
C05273,Indonesia,2025-04-10,
C05274,Indonesia,2025-02-23,CMP005
C05275,Thailand,2025-11-05,CMP001
C05276,Indonesia,2025-06-21,
C05277,Indonesia,2025-05-25,
C05278,Indonesia,2025-02-24,CMP005
C05279,Indonesia,2025-11-02,CMP001
C05280,Indonesia,2025-06-08,CMP003
C05281,Thailand,2025-04-14,
C05282,Indonesia,2025-01-17,CMP005
C05283,Singapore,2025-02-13,CMP002
C05284,Indonesia,2025-10-17,CMP002
C05285,Indonesia,2025-09-05,
C05286,Indonesia,2025-06-11,
C05287,Indonesia,2025-06-08,
C05288,Thailand,2025-07-02,
C05289,Indonesia,2025-07-23,
C05290,Thailand,2025-06-11,
C05291,Singapore,2025-07-02,CMP005
C05292,Thailand,2025-12-26,
C05293,Indonesia,2025-06-19,CMP004
C05294,Indonesia,2025-09-15,CMP002
C05295,Indonesia,2025-03-18,
C05296,Indonesia,2025-07-15,CMP003
C05297,Indonesia,2025-01-20,
C05298,Thailand,2025-03-19,
C05299,Singapore,2025-02-10,
C05300,Singapore,2025-02-17,CMP001
C05301,Singapore,2025-04-29,CMP004
C05302,Thailand,2025-12-15,
C05303,Singapore,2025-03-24,
C05304,Indonesia,2025-09-14,
C05305,Thailand,2025-11-08,CMP004
C05306,Indonesia,2025-06-24,
C05307,Indonesia,2025-03-09,CMP003
C05308,Thailand,2025-07-04,
C05309,Indonesia,2025-08-09,
C05310,Thailand,2025-12-31,
C05311,Indonesia,2025-07-18,
C05312,Thailand,2025-11-09,
C05313,Indonesia,2025-03-20,
C05314,Indonesia,2025-09-12,CMP002
C05315,Indonesia,2025-01-08,
C05316,Indonesia,2025-06-08,CMP002
C05317,Indonesia,2025-02-14,
C05318,Indonesia,2025-08-21,CMP003
C05319,Indonesia,2025-06-01,
C05320,Indonesia,2025-05-24,
C05321,Indonesia,2025-06-30,
C05322,Thailand,2025-04-02,
C05323,Indonesia,2025-08-24,CMP002
C05324,Singapore,2025-08-31,CMP004
C05325,Thailand,2025-08-15,
C05326,Singapore,2025-03-13,CMP002
C05327,Indonesia,2025-10-19,CMP001
C05328,Singapore,2025-07-06,CMP002
C05329,Indonesia,2025-07-25,
C05330,Singapore,2025-11-14,
C05331,Indonesia,2025-03-08,CMP003
C05332,Thailand,2025-09-20,
C05333,Indonesia,2025-06-10,CMP002
C05334,Indonesia,2025-12-16,
C05335,Indonesia,2025-08-19,CMP002
C05336,Indonesia,2025-12-16,
C05337,Indonesia,2025-11-26,
C05338,Thailand,2025-05-06,
C05339,Indonesia,2025-10-15,
C05340,Indonesia,2025-02-23,
C05341,Indonesia,2025-03-23,CMP001
C05342,Indonesia,2025-02-07,
C05343,Thailand,2025-08-25,
C05344,Indonesia,2025-06-28,CMP004
C05345,Indonesia,2025-11-25,CMP002
C05346,Indonesia,2025-08-27,CMP005
C05347,Thailand,2025-04-03,
C05348,Thailand,2025-07-23,CMP001
C05349,Indonesia,2025-04-13,
C05350,Indonesia,2025-02-03,
C05351,Indonesia,2025-11-06,
C05352,Thailand,2025-12-26,
C05353,Indonesia,2025-02-28,
C05354,Indonesia,2025-01-20,
C05355,Indonesia,2025-08-29,CMP001
C05356,Indonesia,2025-04-20,
C05357,Singapore,2025-01-17,CMP005
C05358,Indonesia,2025-07-14,
C05359,Thailand,2025-07-05,
C05360,Indonesia,2025-08-31,CMP002
C05361,Singapore,2025-04-19,
C05362,Indonesia,2025-12-17,CMP001
C05363,Thailand,2025-05-10,CMP003
C05364,Indonesia,2025-02-12,
C05365,Indonesia,2025-05-21,
C05366,Singapore,2025-06-02,CMP001
C05367,Singapore,2025-08-20,
C05368,Indonesia,2025-09-26,
C05369,Indonesia,2025-05-13,
C05370,Indonesia,2025-01-28,
C05371,Indonesia,2025-08-08,
C05372,Indonesia,2025-06-02,
C05373,Singapore,2025-06-28,
C05374,Indonesia,2025-09-04,
C05375,Thailand,2025-12-19,
C05376,Indonesia,2025-12-23,
C05377,Indonesia,2025-12-21,
C05378,Indonesia,2025-01-06,CMP002
C05379,Indonesia,2025-11-02,
C05380,Indonesia,2025-12-08,
C05381,Indonesia,2025-03-16,
C05382,Indonesia,2025-06-12,
C05383,Singapore,2025-08-23,
C05384,Singapore,2025-09-13,
C05385,Thailand,2025-02-28,CMP001
C05386,Indonesia,2025-12-12,
C05387,Thailand,2025-09-24,CMP001
C05388,Singapore,2025-08-19,
C05389,Thailand,2025-03-06,CMP001
C05390,Singapore,2025-11-24,
C05391,Indonesia,2025-02-19,
C05392,Indonesia,2025-04-07,CMP002
C05393,Thailand,2025-10-07,CMP004
C05394,Indonesia,2025-11-04,
C05395,Indonesia,2025-06-28,CMP003
C05396,Singapore,2025-04-08,CMP002
C05397,Singapore,2025-10-23,CMP002
C05398,Thailand,2025-07-09,
C05399,Indonesia,2025-01-09,CMP001
C05400,Indonesia,2025-06-07,CMP001
C05401,Thailand,2025-03-05,CMP003
C05402,Singapore,2025-11-29,
C05403,Indonesia,2025-07-31,CMP002
C05404,Thailand,2025-06-30,
C05405,Indonesia,2025-08-07,CMP002
C05406,Indonesia,2025-06-21,CMP005
C05407,Indonesia,2025-04-01,
C05408,Indonesia,2025-07-11,
C05409,Indonesia,2025-11-01,CMP001
C05410,Indonesia,2025-08-12,
C05411,Thailand,2025-12-04,
C05412,Thailand,2025-08-12,CMP002
C05413,Thailand,2025-12-26,
C05414,Singapore,2025-02-20,
C05415,Indonesia,2025-02-23,
C05416,Thailand,2025-01-09,CMP001
C05417,Indonesia,2025-07-30,
C05418,Singapore,2025-11-16,
C05419,Thailand,2025-02-21,CMP002
C05420,Indonesia,2025-09-15,
C05421,Thailand,2025-01-17,CMP003
C05422,Indonesia,2025-08-04,
C05423,Indonesia,2025-08-21,
C05424,Indonesia,2025-02-28,CMP004
C05425,Singapore,2025-08-29,CMP004
C05426,Singapore,2025-06-29,CMP005
C05427,Indonesia,2025-08-26,
C05428,Thailand,2025-11-27,
C05429,Indonesia,2025-07-22,
C05430,Thailand,2025-07-11,
C05431,Indonesia,2025-09-17,CMP002
C05432,Indonesia,2025-12-04,
C05433,Thailand,2025-08-01,
C05434,Singapore,2025-01-03,CMP004
C05435,Indonesia,2025-08-01,
C05436,Indonesia,2025-01-14,
C05437,Thailand,2025-07-11,CMP003
C05438,Thailand,2025-09-23,
C05439,Indonesia,2025-11-04,CMP002
C05440,Singapore,2025-03-29,CMP003
C05441,Indonesia,2025-08-09,
C05442,Indonesia,2025-07-20,CMP005
C05443,Indonesia,2025-11-26,
C05444,Thailand,2025-01-27,
C05445,Indonesia,2025-10-23,CMP002
C05446,Indonesia,2025-11-22,
C05447,Indonesia,2025-03-30,CMP005
C05448,Indonesia,2025-06-12,CMP001
C05449,Indonesia,2025-08-12,
C05450,Thailand,2025-12-30,
C05451,Indonesia,2025-09-16,CMP001
C05452,Thailand,2025-10-23,CMP001
C05453,Singapore,2025-11-18,
C05454,Indonesia,2025-10-11,
C05455,Indonesia,2025-06-15,
C05456,Indonesia,2025-02-17,CMP004
C05457,Thailand,2025-01-06,CMP002
C05458,Indonesia,2025-10-31,
C05459,Thailand,2025-11-13,CMP001
C05460,Indonesia,2025-02-10,
C05461,Thailand,2025-01-13,
C05462,Singapore,2025-03-08,CMP001
C05463,Thailand,2025-11-21,
C05464,Indonesia,2025-07-03,CMP001
C05465,Singapore,2025-12-01,
C05466,Indonesia,2025-06-02,CMP003
C05467,Thailand,2025-05-06,CMP004
C05468,Thailand,2025-07-13,
C05469,Indonesia,2025-12-04,CMP004
C05470,Singapore,2025-02-12,
C05471,Indonesia,2025-11-18,
C05472,Singapore,2025-10-24,CMP002
C05473,Indonesia,2025-02-26,
C05474,Indonesia,2025-11-02,CMP001
C05475,Indonesia,2025-03-14,CMP002
C05476,Indonesia,2025-04-03,CMP001
C05477,Thailand,2025-09-11,CMP001
C05478,Indonesia,2025-04-17,
C05479,Thailand,2025-09-09,CMP003
C05480,Indonesia,2025-07-31,
C05481,Indonesia,2025-11-17,
C05482,Indonesia,2025-12-18,
C05483,Thailand,2025-06-10,
C05484,Thailand,2025-08-19,CMP003
C05485,Indonesia,2025-04-03,CMP002
C05486,Thailand,2025-04-02,CMP002
C05487,Thailand,2025-11-20,
C05488,Indonesia,2025-01-17,CMP001
C05489,Singapore,2025-06-25,
C05490,Singapore,2025-09-05,
C05491,Indonesia,2025-11-04,CMP003
C05492,Indonesia,2025-03-23,
C05493,Singapore,2025-05-11,CMP001
C05494,Thailand,2025-04-09,
C05495,Indonesia,2025-10-02,CMP004
C05496,Thailand,2025-09-20,
C05497,Singapore,2025-04-21,
C05498,Singapore,2025-02-28,CMP003
C05499,Indonesia,2025-01-16,
C05500,Indonesia,2025-04-23,
C05501,Singapore,2025-12-21,
C05502,Indonesia,2025-05-18,CMP001
C05503,Singapore,2025-04-13,
C05504,Thailand,2025-06-28,CMP003
C05505,Indonesia,2025-11-30,
C05506,Indonesia,2025-09-11,CMP004
C05507,Singapore,2025-07-24,
C05508,Indonesia,2025-05-09,
C05509,Thailand,2025-12-18,
C05510,Singapore,2025-05-24,CMP002
C05511,Indonesia,2025-02-22,CMP003
C05512,Indonesia,2025-10-28,CMP003
C05513,Singapore,2025-04-16,
C05514,Indonesia,2025-09-07,CMP001
C05515,Indonesia,2025-08-17,
C05516,Thailand,2025-05-20,CMP003
C05517,Indonesia,2025-11-15,CMP002
C05518,Indonesia,2025-07-16,
C05519,Indonesia,2025-10-18,CMP002
C05520,Thailand,2025-11-20,
C05521,Indonesia,2025-08-19,
C05522,Singapore,2025-01-18,
C05523,Indonesia,2025-05-10,CMP001
C05524,Thailand,2025-05-31,
C05525,Singapore,2025-11-27,
C05526,Indonesia,2025-09-29,
C05527,Indonesia,2025-01-16,CMP003
C05528,Indonesia,2025-06-15,CMP001
C05529,Indonesia,2025-04-06,CMP003
C05530,Indonesia,2025-02-07,CMP003
C05531,Indonesia,2025-07-10,CMP001
C05532,Indonesia,2025-06-10,
C05533,Thailand,2025-06-13,CMP002
C05534,Indonesia,2025-06-18,
C05535,Thailand,2025-10-18,CMP002
C05536,Indonesia,2025-04-30,
C05537,Indonesia,2025-07-17,
C05538,Indonesia,2025-04-19,
C05539,Indonesia,2025-02-22,
C05540,Singapore,2025-11-08,CMP002
C05541,Indonesia,2025-12-10,
C05542,Indonesia,2025-11-27,CMP003
C05543,Indonesia,2025-08-11,CMP003
C05544,Indonesia,2025-06-13,
C05545,Thailand,2025-01-26,
C05546,Indonesia,2025-09-13,CMP005
C05547,Indonesia,2025-05-21,CMP005
C05548,Indonesia,2025-03-05,CMP001
C05549,Indonesia,2025-11-04,CMP004
C05550,Indonesia,2025-07-16,
C05551,Indonesia,2025-01-11,CMP003
C05552,Thailand,2025-11-26,
C05553,Singapore,2025-10-22,
C05554,Indonesia,2025-08-25,
C05555,Indonesia,2025-07-26,CMP005
C05556,Singapore,2025-10-01,CMP004
C05557,Indonesia,2025-01-21,CMP001
C05558,Indonesia,2025-01-09,CMP004
C05559,Thailand,2025-02-18,CMP004
C05560,Thailand,2025-08-01,CMP004
C05561,Indonesia,2025-05-21,
C05562,Indonesia,2025-06-27,
C05563,Thailand,2025-10-12,CMP002
C05564,Thailand,2025-09-10,
C05565,Indonesia,2025-07-21,CMP001
C05566,Indonesia,2025-08-21,
C05567,Singapore,2025-11-25,
C05568,Thailand,2025-03-04,
C05569,Indonesia,2025-11-13,
C05570,Indonesia,2025-04-25,CMP004
C05571,Indonesia,2025-01-06,CMP003
C05572,Singapore,2025-06-15,CMP002
C05573,Indonesia,2025-08-12,
C05574,Indonesia,2025-02-15,CMP003
C05575,Thailand,2025-07-08,
C05576,Singapore,2025-10-03,
C05577,Singapore,2025-12-19,
C05578,Singapore,2025-05-13,
C05579,Indonesia,2025-01-23,
C05580,Indonesia,2025-06-05,CMP005
C05581,Thailand,2025-06-18,
C05582,Indonesia,2025-07-14,CMP002
C05583,Singapore,2025-03-29,
C05584,Indonesia,2025-10-26,
C05585,Indonesia,2025-03-06,
C05586,Thailand,2025-03-17,
C05587,Thailand,2025-07-31,
C05588,Indonesia,2025-12-09,
C05589,Indonesia,2025-09-28,CMP005
C05590,Thailand,2025-09-02,CMP004
C05591,Indonesia,2025-05-24,
C05592,Indonesia,2025-09-05,CMP001
C05593,Thailand,2025-05-16,CMP004
C05594,Indonesia,2025-12-31,
C05595,Thailand,2025-10-13,CMP005
C05596,Thailand,2025-05-05,
C05597,Thailand,2025-04-16,
C05598,Singapore,2025-02-08,
C05599,Indonesia,2025-01-31,
C05600,Indonesia,2025-12-10,
C05601,Indonesia,2025-07-17,
C05602,Indonesia,2025-02-23,
C05603,Thailand,2025-10-30,CMP003
C05604,Singapore,2025-09-21,
C05605,Thailand,2025-06-09,
C05606,Indonesia,2025-12-02,
C05607,Indonesia,2025-09-16,
C05608,Indonesia,2025-03-08,
C05609,Indonesia,2025-07-06,
C05610,Singapore,2025-08-20,
C05611,Indonesia,2025-09-20,CMP003
C05612,Indonesia,2025-07-24,
C05613,Indonesia,2025-05-23,CMP004
C05614,Indonesia,2025-12-18,
C05615,Thailand,2025-10-23,CMP004
C05616,Indonesia,2025-03-17,CMP005
C05617,Thailand,2025-02-24,CMP005
C05618,Indonesia,2025-05-04,CMP004
C05619,Indonesia,2025-08-24,
C05620,Indonesia,2025-01-15,CMP002
C05621,Indonesia,2025-09-29,CMP003
C05622,Indonesia,2025-05-16,CMP004
C05623,Indonesia,2025-10-09,
C05624,Indonesia,2025-08-09,
C05625,Indonesia,2025-07-23,CMP002
C05626,Indonesia,2025-09-18,CMP003
C05627,Indonesia,2025-08-14,
C05628,Indonesia,2025-02-20,CMP002
C05629,Thailand,2025-07-15,
C05630,Indonesia,2025-08-05,
C05631,Indonesia,2025-04-07,
C05632,Indonesia,2025-11-01,
C05633,Indonesia,2025-11-08,
C05634,Indonesia,2025-08-10,
C05635,Thailand,2025-01-26,
C05636,Indonesia,2025-02-26,
C05637,Singapore,2025-01-28,CMP004
C05638,Indonesia,2025-10-22,CMP002
C05639,Indonesia,2025-02-03,
C05640,Indonesia,2025-05-22,CMP003
C05641,Thailand,2025-11-14,CMP003
C05642,Indonesia,2025-07-27,
C05643,Indonesia,2025-02-21,
C05644,Indonesia,2025-12-21,
C05645,Indonesia,2025-04-16,
C05646,Indonesia,2025-04-15,CMP005
C05647,Thailand,2025-05-28,
C05648,Thailand,2025-05-28,CMP004
C05649,Indonesia,2025-02-18,
C05650,Thailand,2025-12-25,
C05651,Singapore,2025-06-06,
C05652,Indonesia,2025-12-19,
C05653,Thailand,2025-06-11,CMP004
C05654,Indonesia,2025-03-27,CMP002
C05655,Indonesia,2025-08-22,
C05656,Thailand,2025-01-07,CMP001
C05657,Indonesia,2025-08-08,
C05658,Singapore,2025-04-01,
C05659,Indonesia,2025-02-09,CMP004
C05660,Indonesia,2025-01-05,CMP002
C05661,Indonesia,2025-08-31,
C05662,Singapore,2025-09-08,
C05663,Indonesia,2025-08-30,CMP001
C05664,Indonesia,2025-01-09,CMP003
C05665,Thailand,2025-05-29,
C05666,Indonesia,2025-09-26,
C05667,Thailand,2025-03-17,
C05668,Indonesia,2025-02-21,CMP001
C05669,Indonesia,2025-06-21,CMP004
C05670,Singapore,2025-06-29,
C05671,Thailand,2025-05-12,
C05672,Indonesia,2025-05-10,
C05673,Thailand,2025-01-07,CMP003
C05674,Thailand,2025-06-04,CMP003
C05675,Thailand,2025-09-23,CMP004
C05676,Indonesia,2025-11-02,CMP001
C05677,Thailand,2025-05-19,CMP004
C05678,Indonesia,2025-11-24,
C05679,Singapore,2025-07-30,CMP005
C05680,Singapore,2025-12-04,
C05681,Indonesia,2025-07-02,CMP003
C05682,Indonesia,2025-05-06,CMP005
C05683,Singapore,2025-12-23,
C05684,Indonesia,2025-07-04,CMP004
C05685,Indonesia,2025-02-15,
C05686,Thailand,2025-07-13,CMP003
C05687,Singapore,2025-05-21,CMP002
C05688,Indonesia,2025-12-14,
C05689,Singapore,2025-08-19,
C05690,Indonesia,2025-09-27,CMP001
C05691,Indonesia,2025-12-14,
C05692,Indonesia,2025-06-19,CMP005
C05693,Singapore,2025-08-02,
C05694,Indonesia,2025-05-22,
C05695,Indonesia,2025-01-22,
C05696,Indonesia,2025-12-26,
C05697,Indonesia,2025-11-10,CMP001
C05698,Indonesia,2025-08-21,
C05699,Indonesia,2025-06-27,
C05700,Indonesia,2025-01-05,
C05701,Indonesia,2025-12-17,
C05702,Indonesia,2025-12-15,
C05703,Thailand,2025-05-29,
C05704,Indonesia,2025-12-07,
C05705,Indonesia,2025-09-07,CMP001
C05706,Indonesia,2025-05-31,
C05707,Indonesia,2025-01-21,CMP001
C05708,Indonesia,2025-10-31,
C05709,Indonesia,2025-09-08,
C05710,Indonesia,2025-08-09,
C05711,Indonesia,2025-01-01,
C05712,Indonesia,2025-03-12,CMP002
C05713,Thailand,2025-05-26,CMP002
C05714,Thailand,2025-09-15,
C05715,Indonesia,2025-10-15,
C05716,Thailand,2025-02-14,
C05717,Singapore,2025-03-15,
C05718,Indonesia,2025-04-11,CMP003
C05719,Indonesia,2025-02-11,CMP003
C05720,Indonesia,2025-01-17,CMP004
C05721,Indonesia,2025-07-01,CMP004
C05722,Thailand,2025-12-14,CMP003
C05723,Indonesia,2025-08-05,CMP005
C05724,Singapore,2025-02-20,
C05725,Indonesia,2025-06-04,CMP004
C05726,Indonesia,2025-03-30,
C05727,Singapore,2025-12-14,CMP003
C05728,Indonesia,2025-10-24,CMP004
C05729,Indonesia,2025-04-13,
C05730,Indonesia,2025-08-02,CMP002
C05731,Indonesia,2025-06-04,CMP004
C05732,Indonesia,2025-06-02,
C05733,Indonesia,2025-11-18,
C05734,Indonesia,2025-04-04,
C05735,Indonesia,2025-08-12,CMP004
C05736,Indonesia,2025-09-27,CMP003
C05737,Indonesia,2025-06-10,
C05738,Thailand,2025-12-17,
C05739,Indonesia,2025-08-28,CMP001
C05740,Indonesia,2025-08-27,CMP002
C05741,Indonesia,2025-07-30,
C05742,Indonesia,2025-10-14,
C05743,Indonesia,2025-08-04,
C05744,Thailand,2025-03-13,CMP002
C05745,Thailand,2025-06-04,CMP003
C05746,Indonesia,2025-10-25,
C05747,Thailand,2025-03-07,CMP003
C05748,Singapore,2025-10-17,
C05749,Thailand,2025-01-28,
C05750,Indonesia,2025-07-21,CMP004
C05751,Indonesia,2025-12-10,
C05752,Indonesia,2025-09-23,
C05753,Indonesia,2025-01-28,
C05754,Thailand,2025-05-19,
C05755,Indonesia,2025-11-29,CMP003
C05756,Indonesia,2025-11-01,CMP002
C05757,Indonesia,2025-05-29,CMP001
C05758,Indonesia,2025-12-20,
C05759,Indonesia,2025-02-01,CMP002
C05760,Thailand,2025-10-27,CMP001
C05761,Thailand,2025-01-28,
C05762,Indonesia,2025-09-22,
C05763,Indonesia,2025-09-11,
C05764,Thailand,2025-12-12,
C05765,Indonesia,2025-03-21,CMP005
C05766,Thailand,2025-06-09,CMP003
C05767,Thailand,2025-01-04,CMP004
C05768,Thailand,2025-11-16,
C05769,Indonesia,2025-02-28,
C05770,Thailand,2025-03-20,CMP001
C05771,Indonesia,2025-03-03,
C05772,Indonesia,2025-05-07,CMP003
C05773,Indonesia,2025-08-31,
C05774,Indonesia,2025-09-16,
C05775,Singapore,2025-01-29,CMP001
C05776,Indonesia,2025-06-03,CMP002
C05777,Thailand,2025-04-05,CMP002
C05778,Indonesia,2025-10-07,
C05779,Thailand,2025-11-10,CMP001
C05780,Thailand,2025-12-03,
C05781,Indonesia,2025-08-10,CMP002
C05782,Indonesia,2025-01-12,
C05783,Indonesia,2025-12-03,
C05784,Thailand,2025-09-19,
C05785,Indonesia,2025-10-07,CMP002
C05786,Indonesia,2025-09-03,
C05787,Indonesia,2025-12-08,
C05788,Indonesia,2025-10-29,
C05789,Indonesia,2025-12-08,
C05790,Thailand,2025-07-17,CMP002
C05791,Indonesia,2025-02-24,
C05792,Indonesia,2025-08-06,
C05793,Indonesia,2025-05-26,
C05794,Indonesia,2025-10-16,
C05795,Indonesia,2025-10-25,CMP002
C05796,Thailand,2025-11-27,
C05797,Thailand,2025-12-03,
C05798,Singapore,2025-01-22,
C05799,Singapore,2025-07-01,CMP003
C05800,Singapore,2025-08-28,CMP004
C05801,Indonesia,2025-08-23,
C05802,Indonesia,2025-03-23,CMP001
C05803,Indonesia,2025-09-15,CMP003
C05804,Indonesia,2025-12-28,
C05805,Indonesia,2025-09-20,
C05806,Indonesia,2025-12-02,
C05807,Thailand,2025-12-02,
C05808,Indonesia,2025-06-23,
C05809,Indonesia,2025-03-13,
C05810,Indonesia,2025-12-04,
C05811,Indonesia,2025-07-21,
C05812,Indonesia,2025-11-27,CMP002
C05813,Thailand,2025-08-30,CMP002
C05814,Indonesia,2025-04-03,CMP004
C05815,Thailand,2025-09-17,
C05816,Indonesia,2025-09-27,
C05817,Indonesia,2025-12-24,CMP004
C05818,Indonesia,2025-10-25,CMP002
C05819,Thailand,2025-11-13,
C05820,Indonesia,2025-02-04,CMP001
C05821,Indonesia,2025-03-23,CMP002
C05822,Indonesia,2025-12-07,
C05823,Indonesia,2025-12-14,
C05824,Singapore,2025-04-29,CMP002
C05825,Indonesia,2025-05-02,CMP002
C05826,Thailand,2025-03-31,CMP001
C05827,Thailand,2025-07-16,
C05828,Singapore,2025-08-04,CMP003
C05829,Thailand,2025-02-01,
C05830,Indonesia,2025-02-28,
C05831,Indonesia,2025-02-07,CMP002
C05832,Thailand,2025-07-11,
C05833,Singapore,2025-01-16,CMP001
C05834,Indonesia,2025-06-14,
C05835,Indonesia,2025-08-19,CMP002
C05836,Indonesia,2025-11-23,
C05837,Indonesia,2025-04-13,
C05838,Indonesia,2025-09-09,
C05839,Indonesia,2025-05-27,CMP004
C05840,Indonesia,2025-03-24,CMP004
C05841,Thailand,2025-09-28,
C05842,Indonesia,2025-04-09,
C05843,Thailand,2025-01-13,CMP002
C05844,Indonesia,2025-12-09,CMP004
C05845,Thailand,2025-01-18,CMP003
C05846,Indonesia,2025-01-03,
C05847,Indonesia,2025-07-28,
C05848,Indonesia,2025-02-06,
C05849,Thailand,2025-12-16,
C05850,Indonesia,2025-11-25,
C05851,Thailand,2025-04-08,CMP001
C05852,Thailand,2025-10-20,CMP002
C05853,Indonesia,2025-09-14,
C05854,Singapore,2025-11-13,CMP002
C05855,Thailand,2025-03-12,
C05856,Indonesia,2025-08-13,CMP002
C05857,Singapore,2025-07-12,
C05858,Indonesia,2025-10-19,
C05859,Indonesia,2025-09-22,
C05860,Indonesia,2025-03-02,
C05861,Thailand,2025-01-27,
C05862,Indonesia,2025-06-19,
C05863,Singapore,2025-05-29,CMP001
C05864,Indonesia,2025-05-09,
C05865,Indonesia,2025-07-03,CMP003
C05866,Singapore,2025-03-22,
C05867,Indonesia,2025-02-08,
C05868,Singapore,2025-05-04,
C05869,Indonesia,2025-11-09,
C05870,Thailand,2025-07-24,
C05871,Thailand,2025-10-07,CMP004
C05872,Indonesia,2025-02-26,
C05873,Thailand,2025-05-15,
C05874,Indonesia,2025-01-17,
C05875,Indonesia,2025-05-14,CMP003
C05876,Indonesia,2025-01-31,
C05877,Thailand,2025-10-08,
C05878,Singapore,2025-06-18,
C05879,Singapore,2025-12-06,CMP001
C05880,Indonesia,2025-02-01,CMP003
C05881,Thailand,2025-02-07,CMP004
C05882,Singapore,2025-10-16,
C05883,Thailand,2025-12-26,
C05884,Indonesia,2025-01-19,
C05885,Singapore,2025-02-06,CMP004
C05886,Thailand,2025-11-03,CMP002
C05887,Singapore,2025-02-11,
C05888,Singapore,2025-09-03,CMP001
C05889,Thailand,2025-05-19,CMP001
C05890,Indonesia,2025-02-23,CMP005
C05891,Indonesia,2025-09-17,CMP001
C05892,Indonesia,2025-06-29,CMP002
C05893,Thailand,2025-06-05,CMP004
C05894,Indonesia,2025-04-27,
C05895,Indonesia,2025-01-29,
C05896,Indonesia,2025-04-11,CMP002
C05897,Thailand,2025-07-14,
C05898,Indonesia,2025-01-10,CMP002
C05899,Indonesia,2025-01-27,
C05900,Thailand,2025-07-13,CMP004
C05901,Thailand,2025-08-09,CMP005
C05902,Indonesia,2025-10-09,CMP003
C05903,Indonesia,2025-08-13,CMP001
C05904,Singapore,2025-11-12,
C05905,Indonesia,2025-07-08,
C05906,Indonesia,2025-06-25,
C05907,Indonesia,2025-01-30,CMP003
C05908,Indonesia,2025-02-17,CMP002
C05909,Indonesia,2025-04-27,
C05910,Indonesia,2025-10-02,
C05911,Singapore,2025-01-08,
C05912,Thailand,2025-05-08,
C05913,Indonesia,2025-02-09,CMP004
C05914,Indonesia,2025-08-13,
C05915,Indonesia,2025-01-23,CMP002
C05916,Thailand,2025-11-05,
C05917,Singapore,2025-05-06,CMP003
C05918,Thailand,2025-03-08,
C05919,Thailand,2025-09-03,
C05920,Indonesia,2025-12-03,
C05921,Singapore,2025-05-09,
C05922,Indonesia,2025-04-16,
C05923,Singapore,2025-07-02,CMP001
C05924,Indonesia,2025-04-23,
C05925,Singapore,2025-06-04,
C05926,Indonesia,2025-10-10,CMP001
C05927,Indonesia,2025-12-01,
C05928,Indonesia,2025-05-17,
C05929,Indonesia,2025-10-05,
C05930,Indonesia,2025-01-28,
C05931,Thailand,2025-07-30,
C05932,Indonesia,2025-11-15,
C05933,Indonesia,2025-02-10,CMP005
C05934,Thailand,2025-03-12,
C05935,Indonesia,2025-09-24,CMP001
C05936,Indonesia,2025-10-11,
C05937,Thailand,2025-07-10,
C05938,Indonesia,2025-03-14,CMP002
C05939,Thailand,2025-05-01,CMP003
C05940,Thailand,2025-11-29,
C05941,Indonesia,2025-02-28,
C05942,Indonesia,2025-01-18,CMP005
C05943,Indonesia,2025-10-29,
C05944,Indonesia,2025-02-13,
C05945,Indonesia,2025-11-09,
C05946,Singapore,2025-01-10,
C05947,Indonesia,2025-07-16,CMP003
C05948,Indonesia,2025-04-25,
C05949,Thailand,2025-04-05,
C05950,Indonesia,2025-09-30,
C05951,Indonesia,2025-06-06,
C05952,Singapore,2025-06-28,
C05953,Thailand,2025-11-08,CMP005
C05954,Singapore,2025-06-22,
C05955,Thailand,2025-05-15,CMP002
C05956,Indonesia,2025-10-30,
C05957,Indonesia,2025-01-15,CMP001
C05958,Indonesia,2025-11-15,
C05959,Thailand,2025-08-07,
C05960,Thailand,2025-01-30,
C05961,Indonesia,2025-10-11,
C05962,Indonesia,2025-12-14,
C05963,Indonesia,2025-10-01,CMP001
C05964,Thailand,2025-10-21,CMP001
C05965,Indonesia,2025-09-23,
C05966,Indonesia,2025-07-15,CMP001
C05967,Indonesia,2025-05-02,
C05968,Indonesia,2025-01-08,
C05969,Singapore,2025-12-16,
C05970,Singapore,2025-02-13,
C05971,Indonesia,2025-10-05,CMP001
C05972,Indonesia,2025-10-20,
C05973,Indonesia,2025-11-12,CMP004
C05974,Thailand,2025-05-18,
C05975,Thailand,2025-12-01,
C05976,Indonesia,2025-11-08,CMP004
C05977,Indonesia,2025-06-07,CMP002
C05978,Thailand,2025-06-14,
C05979,Indonesia,2025-04-02,
C05980,Indonesia,2025-01-09,
C05981,Indonesia,2025-08-27,
C05982,Indonesia,2025-07-03,CMP004
C05983,Indonesia,2025-10-12,CMP004
C05984,Indonesia,2025-01-30,
C05985,Indonesia,2025-02-10,
C05986,Indonesia,2025-11-09,
C05987,Indonesia,2025-02-02,
C05988,Thailand,2025-05-13,CMP005
C05989,Indonesia,2025-05-22,CMP002
C05990,Indonesia,2025-09-11,
C05991,Indonesia,2025-11-19,CMP002
C05992,Thailand,2025-11-13,
C05993,Indonesia,2025-04-30,CMP004
C05994,Indonesia,2025-01-20,CMP004
C05995,Singapore,2025-09-17,
C05996,Indonesia,2025-10-24,
C05997,Thailand,2025-10-11,
C05998,Singapore,2025-02-01,
C05999,Singapore,2025-05-13,
C06000,Thailand,2025-01-09,
C06001,Indonesia,2025-06-30,CMP001
C06002,Thailand,2025-01-23,CMP005
C06003,Indonesia,2025-06-29,CMP003
C06004,Indonesia,2025-09-17,CMP002
C06005,Indonesia,2025-09-19,
C06006,Indonesia,2025-04-15,
C06007,Thailand,2025-07-10,
C06008,Indonesia,2025-12-15,CMP002
C06009,Indonesia,2025-11-25,
C06010,Indonesia,2025-05-25,CMP003
C06011,Thailand,2025-06-17,CMP002
C06012,Indonesia,2025-07-04,
C06013,Singapore,2025-07-28,
C06014,Indonesia,2025-07-11,
C06015,Thailand,2025-05-31,
C06016,Indonesia,2025-03-24,
C06017,Singapore,2025-05-29,
C06018,Indonesia,2025-10-30,CMP005
C06019,Indonesia,2025-11-08,CMP002
C06020,Indonesia,2025-06-10,CMP001
C06021,Thailand,2025-09-18,
C06022,Indonesia,2025-12-31,
C06023,Indonesia,2025-04-21,
C06024,Indonesia,2025-10-26,
C06025,Indonesia,2025-03-18,
C06026,Indonesia,2025-11-29,
C06027,Singapore,2025-02-09,CMP003
C06028,Indonesia,2025-04-25,
C06029,Thailand,2025-10-22,CMP001
C06030,Indonesia,2025-08-03,CMP004
C06031,Thailand,2025-03-04,
C06032,Thailand,2025-09-28,CMP004
C06033,Indonesia,2025-11-07,CMP004
C06034,Indonesia,2025-09-26,CMP005
C06035,Indonesia,2025-06-12,CMP003
C06036,Indonesia,2025-10-22,
C06037,Indonesia,2025-05-05,CMP003
C06038,Indonesia,2025-07-05,
C06039,Thailand,2025-06-11,
C06040,Thailand,2025-03-01,
C06041,Thailand,2025-08-16,
C06042,Indonesia,2025-07-29,
C06043,Indonesia,2025-06-30,
C06044,Singapore,2025-02-09,
C06045,Indonesia,2025-12-01,
C06046,Indonesia,2025-04-28,
C06047,Indonesia,2025-08-03,CMP002
C06048,Singapore,2025-03-06,
C06049,Thailand,2025-05-06,
C06050,Thailand,2025-07-28,CMP002
C06051,Indonesia,2025-12-07,
C06052,Thailand,2025-05-14,CMP001
C06053,Indonesia,2025-06-24,CMP005
C06054,Indonesia,2025-02-11,CMP001
C06055,Singapore,2025-09-16,CMP001
C06056,Indonesia,2025-10-22,
C06057,Singapore,2025-04-12,
C06058,Indonesia,2025-08-21,CMP005
C06059,Indonesia,2025-03-03,CMP002
C06060,Thailand,2025-10-11,CMP001
C06061,Thailand,2025-08-29,
C06062,Singapore,2025-03-06,
C06063,Indonesia,2025-08-09,
C06064,Singapore,2025-03-27,CMP004
C06065,Indonesia,2025-03-09,CMP002
C06066,Singapore,2025-09-29,
C06067,Indonesia,2025-08-05,CMP004
C06068,Thailand,2025-07-25,
C06069,Thailand,2025-05-04,
C06070,Indonesia,2025-03-02,
C06071,Indonesia,2025-06-22,CMP005
C06072,Indonesia,2025-11-12,CMP002
C06073,Indonesia,2025-01-24,CMP002
C06074,Singapore,2025-07-01,CMP004
C06075,Thailand,2025-07-29,
C06076,Indonesia,2025-08-12,
C06077,Thailand,2025-09-02,CMP002
C06078,Thailand,2025-04-04,
C06079,Singapore,2025-10-29,
C06080,Indonesia,2025-09-18,CMP002
C06081,Indonesia,2025-01-04,
C06082,Thailand,2025-07-09,CMP004
C06083,Indonesia,2025-08-21,
C06084,Indonesia,2025-08-13,CMP002
C06085,Indonesia,2025-10-29,CMP002
C06086,Indonesia,2025-02-19,CMP001
C06087,Indonesia,2025-09-10,
C06088,Indonesia,2025-10-16,
C06089,Indonesia,2025-09-26,CMP002
C06090,Indonesia,2025-08-07,CMP001
C06091,Indonesia,2025-07-16,CMP004
C06092,Singapore,2025-04-02,
C06093,Thailand,2025-01-22,
C06094,Indonesia,2025-04-18,
C06095,Indonesia,2025-05-23,
C06096,Indonesia,2025-11-12,
C06097,Indonesia,2025-06-27,
C06098,Indonesia,2025-03-02,CMP005
C06099,Indonesia,2025-09-07,CMP004
C06100,Indonesia,2025-03-28,
C06101,Singapore,2025-05-13,CMP004
C06102,Singapore,2025-02-24,
C06103,Indonesia,2025-12-08,
C06104,Indonesia,2025-02-19,
C06105,Thailand,2025-09-18,
C06106,Indonesia,2025-01-15,
C06107,Singapore,2025-01-21,CMP004
C06108,Indonesia,2025-10-04,CMP002
C06109,Indonesia,2025-04-10,
C06110,Indonesia,2025-01-14,CMP002
C06111,Singapore,2025-05-25,CMP002
C06112,Indonesia,2025-10-20,CMP001
C06113,Indonesia,2025-08-16,
C06114,Indonesia,2025-08-21,
C06115,Thailand,2025-02-26,
C06116,Indonesia,2025-03-03,CMP004
C06117,Indonesia,2025-08-10,CMP001
C06118,Singapore,2025-02-14,CMP002
C06119,Thailand,2025-05-23,
C06120,Singapore,2025-03-01,
C06121,Thailand,2025-02-10,CMP003
C06122,Thailand,2025-04-24,CMP005
C06123,Indonesia,2025-06-17,
C06124,Indonesia,2025-06-21,CMP004
C06125,Thailand,2025-11-19,
C06126,Thailand,2025-12-11,
C06127,Thailand,2025-12-28,
C06128,Indonesia,2025-01-20,
C06129,Thailand,2025-12-28,
C06130,Indonesia,2025-06-12,
C06131,Thailand,2025-10-13,
C06132,Indonesia,2025-11-17,
C06133,Thailand,2025-11-21,CMP004
C06134,Indonesia,2025-05-06,CMP002
C06135,Singapore,2025-07-12,
C06136,Thailand,2025-04-23,CMP005
C06137,Indonesia,2025-05-16,CMP002
C06138,Thailand,2025-09-06,CMP005
C06139,Indonesia,2025-09-12,
C06140,Thailand,2025-04-12,
C06141,Singapore,2025-02-15,
C06142,Indonesia,2025-04-20,
C06143,Indonesia,2025-02-04,
C06144,Indonesia,2025-11-09,
C06145,Indonesia,2025-04-02,
C06146,Indonesia,2025-12-19,
C06147,Thailand,2025-07-14,CMP004
C06148,Thailand,2025-05-01,
C06149,Indonesia,2025-09-05,
C06150,Singapore,2025-04-03,
C06151,Singapore,2025-04-29,CMP002
C06152,Indonesia,2025-12-09,
C06153,Indonesia,2025-11-19,CMP003
C06154,Indonesia,2025-07-02,
C06155,Indonesia,2025-06-01,CMP005
C06156,Singapore,2025-02-27,
C06157,Indonesia,2025-05-28,CMP001
C06158,Indonesia,2025-08-17,CMP003
C06159,Indonesia,2025-12-06,
C06160,Indonesia,2025-04-01,CMP005
C06161,Thailand,2025-06-13,
C06162,Thailand,2025-06-27,
C06163,Indonesia,2025-12-27,
C06164,Thailand,2025-09-05,
C06165,Thailand,2025-09-08,
C06166,Indonesia,2025-12-18,
C06167,Indonesia,2025-05-29,CMP005
C06168,Singapore,2025-04-21,CMP001
C06169,Indonesia,2025-07-29,
C06170,Indonesia,2025-06-15,
C06171,Indonesia,2025-06-12,CMP005
C06172,Indonesia,2025-08-15,
C06173,Singapore,2025-05-14,
C06174,Indonesia,2025-05-18,CMP003
C06175,Indonesia,2025-04-23,CMP001
C06176,Indonesia,2025-01-24,CMP001
C06177,Indonesia,2025-07-29,
C06178,Indonesia,2025-03-27,CMP002
C06179,Indonesia,2025-11-17,
C06180,Thailand,2025-11-11,CMP001
C06181,Thailand,2025-03-08,
C06182,Singapore,2025-01-11,
C06183,Thailand,2025-01-11,CMP003
C06184,Thailand,2025-02-16,CMP004
C06185,Singapore,2025-06-20,CMP001
C06186,Indonesia,2025-10-11,CMP002
C06187,Indonesia,2025-01-26,CMP001
C06188,Indonesia,2025-07-05,
C06189,Thailand,2025-03-22,CMP002
C06190,Singapore,2025-07-22,
C06191,Indonesia,2025-04-28,
C06192,Singapore,2025-03-24,
C06193,Indonesia,2025-06-19,
C06194,Thailand,2025-10-11,
C06195,Indonesia,2025-01-07,CMP002
C06196,Thailand,2025-01-11,
C06197,Indonesia,2025-09-27,CMP003
C06198,Thailand,2025-07-23,CMP003
C06199,Indonesia,2025-01-22,CMP001
C06200,Indonesia,2025-06-04,CMP001
C06201,Thailand,2025-11-20,
C06202,Indonesia,2025-05-07,CMP004
C06203,Thailand,2025-03-05,
C06204,Thailand,2025-07-13,
C06205,Thailand,2025-03-09,CMP001
C06206,Singapore,2025-05-19,
C06207,Indonesia,2025-02-09,CMP001
C06208,Thailand,2025-12-27,
C06209,Indonesia,2025-08-01,CMP005
C06210,Thailand,2025-10-05,
C06211,Indonesia,2025-03-19,
C06212,Thailand,2025-10-29,
C06213,Thailand,2025-04-10,
C06214,Thailand,2025-06-09,CMP004
C06215,Indonesia,2025-08-06,
C06216,Indonesia,2025-01-12,
C06217,Indonesia,2025-08-23,
C06218,Singapore,2025-05-16,CMP003
C06219,Indonesia,2025-10-23,CMP005
C06220,Indonesia,2025-05-30,
C06221,Singapore,2025-04-24,
C06222,Indonesia,2025-10-15,
C06223,Singapore,2025-05-26,CMP001
C06224,Indonesia,2025-10-01,CMP004
C06225,Indonesia,2025-07-15,
C06226,Thailand,2025-09-12,CMP002
C06227,Thailand,2025-07-10,CMP002
C06228,Indonesia,2025-02-25,
C06229,Singapore,2025-10-23,CMP004
C06230,Thailand,2025-07-23,
C06231,Indonesia,2025-08-17,CMP005
C06232,Indonesia,2025-10-16,CMP005
C06233,Indonesia,2025-06-09,CMP004
C06234,Singapore,2025-11-19,
C06235,Indonesia,2025-02-18,CMP001
C06236,Singapore,2025-04-17,
C06237,Indonesia,2025-09-08,
C06238,Indonesia,2025-02-12,CMP001
C06239,Thailand,2025-11-12,CMP002
C06240,Thailand,2025-09-25,CMP004
C06241,Thailand,2025-10-18,CMP005
C06242,Thailand,2025-01-31,CMP005
C06243,Indonesia,2025-05-10,
C06244,Thailand,2025-06-22,CMP002
C06245,Indonesia,2025-01-19,CMP002
C06246,Indonesia,2025-10-17,CMP005
C06247,Indonesia,2025-01-03,CMP003
C06248,Thailand,2025-04-18,CMP003
C06249,Indonesia,2025-09-08,
C06250,Singapore,2025-06-10,
C06251,Indonesia,2025-05-01,
C06252,Indonesia,2025-12-29,
C06253,Singapore,2025-10-12,CMP001
C06254,Singapore,2025-02-11,
C06255,Thailand,2025-08-06,CMP005
C06256,Indonesia,2025-07-12,CMP001
C06257,Indonesia,2025-01-07,
C06258,Indonesia,2025-03-04,CMP004
C06259,Singapore,2025-08-13,CMP004
C06260,Indonesia,2025-02-28,CMP001
C06261,Indonesia,2025-08-06,CMP003
C06262,Thailand,2025-11-17,
C06263,Indonesia,2025-09-07,
C06264,Indonesia,2025-10-08,CMP001
C06265,Indonesia,2025-01-05,CMP001
C06266,Singapore,2025-08-11,
C06267,Indonesia,2025-12-13,
C06268,Thailand,2025-06-15,CMP002
C06269,Indonesia,2025-07-10,CMP001
C06270,Indonesia,2025-03-26,
C06271,Thailand,2025-09-25,CMP003
C06272,Singapore,2025-11-11,
C06273,Indonesia,2025-07-10,CMP002
C06274,Indonesia,2025-05-09,CMP003
C06275,Singapore,2025-04-18,
C06276,Indonesia,2025-03-11,
C06277,Indonesia,2025-08-31,CMP002
C06278,Indonesia,2025-08-02,CMP004
C06279,Indonesia,2025-08-29,CMP003
C06280,Indonesia,2025-01-03,CMP005
C06281,Indonesia,2025-04-07,CMP005
C06282,Indonesia,2025-02-18,CMP003
C06283,Indonesia,2025-06-19,
C06284,Indonesia,2025-11-16,
C06285,Indonesia,2025-03-22,
C06286,Indonesia,2025-11-22,CMP002
C06287,Indonesia,2025-04-26,
C06288,Singapore,2025-01-08,
C06289,Indonesia,2025-05-21,CMP008
C06290,Indonesia,2025-08-07,
C06291,Indonesia,2025-06-06,CMP001
C06292,Singapore,2025-07-26,CMP001
C06293,Indonesia,2025-10-15,CMP001
C06294,Indonesia,2025-12-04,
C06295,Indonesia,2025-10-31,
C06296,Indonesia,2025-04-21,
C06297,Indonesia,2025-05-15,
C06298,Thailand,2025-03-06,CMP001
C06299,Thailand,2025-10-28,
C06300,Indonesia,2025-07-16,CMP002
C06301,Thailand,2025-10-31,CMP004
C06302,Thailand,2025-11-12,
C06303,Indonesia,2025-08-31,CMP005
C06304,Thailand,2025-01-02,
C06305,Indonesia,2025-04-21,CMP005
C06306,Indonesia,2025-11-11,
C06307,Indonesia,2025-03-26,CMP004
C06308,Indonesia,2025-01-01,CMP003
C06309,Indonesia,2025-01-27,CMP003
C06310,Indonesia,2025-08-14,CMP002
C06311,Indonesia,2025-08-30,CMP004
C06312,Thailand,2025-09-14,CMP001
C06313,Indonesia,2025-05-04,
C06314,Thailand,2025-07-13,CMP002
C06315,Indonesia,2025-12-28,
C06316,Thailand,2025-06-09,
C06317,Indonesia,2025-06-12,CMP001
C06318,Thailand,2025-11-06,CMP001
C06319,Singapore,2025-03-27,CMP001
C06320,Thailand,2025-05-23,CMP003
C06321,Indonesia,2025-08-12,
C06322,Thailand,2025-09-08,CMP002
C06323,Thailand,2025-05-09,CMP003
C06324,Singapore,2025-10-13,
C06325,Indonesia,2025-11-30,CMP002
C06326,Singapore,2025-01-13,
C06327,Thailand,2025-08-27,CMP003
C06328,Thailand,2025-06-27,
C06329,Thailand,2025-04-20,
C06330,Indonesia,2025-04-08,CMP001
C06331,Singapore,2025-04-02,
C06332,Indonesia,2025-01-06,
C06333,Indonesia,2025-07-04,
C06334,Indonesia,2025-01-03,
C06335,Indonesia,2025-06-18,CMP003
C06336,Singapore,2025-07-08,CMP004
C06337,Singapore,2025-09-15,
C06338,Indonesia,2025-11-07,
C06339,Indonesia,2025-11-28,
C06340,Indonesia,2025-09-03,
C06341,Thailand,2025-12-23,
C06342,Thailand,2025-05-21,
C06343,Thailand,2025-10-20,
C06344,Singapore,2025-08-30,CMP001
C06345,Indonesia,2025-11-20,
C06346,Indonesia,2025-03-30,
C06347,Thailand,2025-11-28,
C06348,Indonesia,2025-02-23,
C06349,Thailand,2025-01-15,CMP004
C06350,Thailand,2025-03-20,CMP003
C06351,Singapore,2025-04-01,CMP002
C06352,Indonesia,2025-03-09,CMP005
C06353,Indonesia,2025-03-03,
C06354,Thailand,2025-11-23,
C06355,Indonesia,2025-06-10,
C06356,Indonesia,2025-10-06,
C06357,Thailand,2025-04-10,
C06358,Indonesia,2025-01-09,
C06359,Thailand,2025-12-11,
C06360,Singapore,2025-06-12,CMP001
C06361,Singapore,2025-03-28,
C06362,Thailand,2025-10-28,
C06363,Indonesia,2025-07-07,CMP003
C06364,Indonesia,2025-12-07,
C06365,Thailand,2025-12-08,CMP002
C06366,Indonesia,2025-02-03,
C06367,Indonesia,2025-09-14,CMP003
C06368,Indonesia,2025-05-17,
C06369,Indonesia,2025-08-16,
C06370,Indonesia,2025-11-08,
C06371,Indonesia,2025-09-16,
C06372,Thailand,2025-11-22,
C06373,Indonesia,2025-01-02,CMP002
C06374,Indonesia,2025-10-15,
C06375,Indonesia,2025-06-24,CMP002
C06376,Indonesia,2025-12-23,
C06377,Indonesia,2025-08-26,
C06378,Indonesia,2025-02-16,
C06379,Indonesia,2025-02-14,
C06380,Thailand,2025-10-30,CMP004
C06381,Thailand,2025-01-11,CMP004
C06382,Indonesia,2025-01-06,
C06383,Indonesia,2025-07-11,
C06384,Indonesia,2025-05-07,CMP004
C06385,Thailand,2025-12-15,
C06386,Thailand,2025-04-08,CMP002
C06387,Indonesia,2025-03-09,
C06388,Thailand,2025-07-14,
C06389,Indonesia,2025-04-02,CMP001
C06390,Indonesia,2025-10-17,CMP004
C06391,Thailand,2025-04-26,CMP001
C06392,Singapore,2025-05-20,CMP001
C06393,Singapore,2025-04-01,
C06394,Thailand,2025-05-13,CMP004
C06395,Indonesia,2025-05-16,CMP001
C06396,Indonesia,2025-07-01,
C06397,Thailand,2025-06-28,CMP004
C06398,Indonesia,2025-09-25,
C06399,Thailand,2025-11-20,CMP003
C06400,Indonesia,2025-03-29,CMP001
C06401,Indonesia,2025-10-27,CMP002
C06402,Indonesia,2025-10-03,
C06403,Indonesia,2025-12-26,
C06404,Thailand,2025-11-27,CMP004
C06405,Indonesia,2025-05-28,
C06406,Singapore,2025-12-25,
C06407,Thailand,2025-10-10,CMP003
C06408,Indonesia,2025-05-18,CMP005
C06409,Indonesia,2025-04-18,CMP005
C06410,Indonesia,2025-08-28,
C06411,Indonesia,2025-03-01,
C06412,Indonesia,2025-11-20,CMP003
C06413,Indonesia,2025-03-13,CMP001
C06414,Indonesia,2025-06-15,CMP002
C06415,Thailand,2025-07-13,
C06416,Indonesia,2025-01-18,CMP003
C06417,Thailand,2025-02-23,
C06418,Indonesia,2025-01-05,
C06419,Indonesia,2025-09-01,
C06420,Singapore,2025-11-28,CMP003
C06421,Singapore,2025-04-06,CMP002
C06422,Indonesia,2025-06-06,CMP004
C06423,Indonesia,2025-10-07,CMP003
C06424,Indonesia,2025-01-12,
C06425,Indonesia,2025-11-12,
C06426,Thailand,2025-10-22,
C06427,Indonesia,2025-07-24,
C06428,Indonesia,2025-05-05,
C06429,Thailand,2025-07-11,CMP003
C06430,Thailand,2025-09-05,CMP001
C06431,Indonesia,2025-06-03,CMP005
C06432,Thailand,2025-04-30,
C06433,Indonesia,2025-09-17,
C06434,Thailand,2025-08-07,CMP003
C06435,Indonesia,2025-10-23,
C06436,Indonesia,2025-01-15,CMP002
C06437,Singapore,2025-03-27,CMP001
C06438,Singapore,2025-11-02,
C06439,Indonesia,2025-09-26,
C06440,Thailand,2025-10-18,CMP001
C06441,Thailand,2025-03-08,CMP001
C06442,Singapore,2025-01-28,
C06443,Thailand,2025-06-08,CMP002
C06444,Thailand,2025-03-14,CMP001
C06445,Indonesia,2025-08-23,CMP003
C06446,Indonesia,2025-08-24,
C06447,Indonesia,2025-03-17,CMP002
C06448,Indonesia,2025-03-30,CMP004
C06449,Indonesia,2025-02-11,
C06450,Indonesia,2025-04-15,CMP004
C06451,Indonesia,2025-05-06,
C06452,Thailand,2025-10-12,
C06453,Indonesia,2025-07-11,CMP004
C06454,Indonesia,2025-03-23,
C06455,Indonesia,2025-08-30,CMP003
C06456,Thailand,2025-07-21,CMP001
C06457,Thailand,2025-08-30,CMP002
C06458,Thailand,2025-08-26,CMP001
C06459,Indonesia,2025-02-19,
C06460,Thailand,2025-06-12,
C06461,Indonesia,2025-03-10,
C06462,Singapore,2025-06-17,CMP003
C06463,Thailand,2025-12-12,
C06464,Indonesia,2025-08-06,
C06465,Indonesia,2025-10-01,CMP003
C06466,Thailand,2025-09-08,
C06467,Indonesia,2025-10-28,
C06468,Indonesia,2025-11-08,
C06469,Indonesia,2025-05-01,
C06470,Indonesia,2025-06-24,CMP001
C06471,Thailand,2025-01-01,CMP004
C06472,Singapore,2025-07-23,
C06473,Indonesia,2025-11-27,
C06474,Indonesia,2025-09-13,CMP002
C06475,Indonesia,2025-04-19,
C06476,Indonesia,2025-02-17,CMP005
C06477,Indonesia,2025-12-01,
C06478,Indonesia,2025-03-19,CMP003
C06479,Thailand,2025-07-18,CMP001
C06480,Indonesia,2025-09-04,CMP005
C06481,Indonesia,2025-08-04,
C06482,Thailand,2025-07-23,CMP003
C06483,Indonesia,2025-02-24,CMP005
C06484,Indonesia,2025-02-12,
C06485,Thailand,2025-02-21,CMP003
C06486,Thailand,2025-07-27,CMP003
C06487,Indonesia,2025-01-07,CMP001
C06488,Indonesia,2025-03-07,CMP004
C06489,Thailand,2025-07-16,
C06490,Indonesia,2025-01-06,CMP005
C06491,Indonesia,2025-12-10,CMP004
C06492,Indonesia,2025-01-28,
C06493,Thailand,2025-05-13,
C06494,Thailand,2025-03-01,CMP001
C06495,Indonesia,2025-08-19,CMP003
C06496,Thailand,2025-08-31,
C06497,Singapore,2025-10-01,
C06498,Thailand,2025-02-27,CMP005
C06499,Indonesia,2025-08-06,
C06500,Singapore,2025-07-16,
C06501,Indonesia,2025-02-10,
C06502,Singapore,2025-06-22,
C06503,Indonesia,2025-12-29,
C06504,Indonesia,2025-04-12,CMP004
C06505,Thailand,2025-11-11,
C06506,Indonesia,2025-08-21,
C06507,Indonesia,2025-08-26,
C06508,Singapore,2025-03-04,CMP003
C06509,Indonesia,2025-08-24,CMP005
C06510,Thailand,2025-11-03,CMP002
C06511,Indonesia,2025-05-10,
C06512,Indonesia,2025-12-12,
C06513,Indonesia,2025-01-13,CMP002
C06514,Indonesia,2025-04-02,CMP005
C06515,Indonesia,2025-08-02,CMP002
C06516,Indonesia,2025-06-16,CMP008
C06517,Indonesia,2025-01-19,CMP005
C06518,Thailand,2025-07-02,CMP004
C06519,Thailand,2025-09-30,CMP003
C06520,Indonesia,2025-05-08,CMP003
C06521,Indonesia,2025-10-01,CMP004
C06522,Thailand,2025-03-16,CMP002
C06523,Singapore,2025-08-09,CMP001
C06524,Singapore,2025-06-26,
C06525,Thailand,2025-12-19,
C06526,Indonesia,2025-09-26,CMP001
C06527,Indonesia,2025-01-21,CMP001
C06528,Indonesia,2025-07-10,CMP001
C06529,Singapore,2025-11-08,
C06530,Thailand,2025-11-23,CMP001
C06531,Indonesia,2025-02-21,
C06532,Indonesia,2025-02-10,
C06533,Thailand,2025-11-23,
C06534,Indonesia,2025-08-05,
C06535,Singapore,2025-04-05,CMP001
C06536,Thailand,2025-05-12,
C06537,Thailand,2025-02-10,CMP001
C06538,Singapore,2025-08-10,
C06539,Indonesia,2025-04-09,CMP001
C06540,Thailand,2025-06-05,
C06541,Singapore,2025-10-04,
C06542,Thailand,2025-05-05,CMP001
C06543,Indonesia,2025-01-26,
C06544,Indonesia,2025-08-31,
C06545,Indonesia,2025-08-12,CMP004
C06546,Thailand,2025-12-19,
C06547,Indonesia,2025-05-22,
C06548,Thailand,2025-01-24,CMP003
C06549,Thailand,2025-04-03,CMP004
C06550,Indonesia,2025-05-20,CMP004
C06551,Indonesia,2025-04-17,
C06552,Thailand,2025-08-01,CMP002
C06553,Indonesia,2025-05-21,CMP004
C06554,Thailand,2025-11-03,CMP005
C06555,Indonesia,2025-11-22,
C06556,Indonesia,2025-04-24,
C06557,Indonesia,2025-12-30,
C06558,Thailand,2025-02-02,
C06559,Thailand,2025-12-31,
C06560,Indonesia,2025-08-24,CMP005
C06561,Indonesia,2025-11-22,
C06562,Indonesia,2025-10-05,
C06563,Indonesia,2025-10-13,
C06564,Indonesia,2025-06-24,CMP004
C06565,Indonesia,2025-08-16,CMP003
C06566,Indonesia,2025-09-13,
C06567,Indonesia,2025-12-24,
C06568,Indonesia,2025-07-19,
C06569,Thailand,2025-01-17,
C06570,Singapore,2025-10-20,
C06571,Indonesia,2025-11-20,
C06572,Indonesia,2025-06-26,CMP002
C06573,Indonesia,2025-09-29,CMP004
C06574,Thailand,2025-05-30,CMP003
C06575,Thailand,2025-08-20,
C06576,Indonesia,2025-01-16,
C06577,Indonesia,2025-10-27,CMP001
C06578,Indonesia,2025-06-30,CMP001
C06579,Singapore,2025-08-01,
C06580,Thailand,2025-01-12,CMP003
C06581,Indonesia,2025-05-26,CMP001
C06582,Singapore,2025-09-09,CMP002
C06583,Singapore,2025-07-12,CMP001
C06584,Indonesia,2025-03-09,CMP005
C06585,Indonesia,2025-03-05,CMP002
C06586,Indonesia,2025-04-22,
C06587,Indonesia,2025-02-26,
C06588,Singapore,2025-04-02,CMP004
C06589,Indonesia,2025-07-25,CMP004
C06590,Thailand,2025-06-30,
C06591,Singapore,2025-08-03,CMP002
C06592,Indonesia,2025-05-23,CMP004
C06593,Thailand,2025-07-05,
C06594,Singapore,2025-12-07,
C06595,Thailand,2025-11-21,CMP005
C06596,Indonesia,2025-06-12,
C06597,Indonesia,2025-09-30,
C06598,Indonesia,2025-07-26,
C06599,Indonesia,2025-08-26,CMP004
C06600,Indonesia,2025-08-19,CMP002
C06601,Indonesia,2025-04-01,CMP001
C06602,Indonesia,2025-01-02,CMP002
C06603,Thailand,2025-06-21,CMP002
C06604,Indonesia,2025-12-02,CMP004
C06605,Indonesia,2025-02-20,
C06606,Indonesia,2025-12-01,
C06607,Indonesia,2025-08-03,CMP001
C06608,Indonesia,2025-11-22,
C06609,Indonesia,2025-04-25,CMP008
C06610,Indonesia,2025-11-14,
C06611,Indonesia,2025-02-11,
C06612,Singapore,2025-07-29,CMP002
C06613,Thailand,2025-06-16,
C06614,Indonesia,2025-03-27,
C06615,Thailand,2025-08-30,CMP003
C06616,Indonesia,2025-07-09,
C06617,Singapore,2025-11-04,CMP004
C06618,Indonesia,2025-12-01,
C06619,Singapore,2025-09-19,CMP004
C06620,Indonesia,2025-03-24,CMP001
C06621,Indonesia,2025-05-03,CMP003
C06622,Singapore,2025-12-31,
C06623,Indonesia,2025-06-15,
C06624,Singapore,2025-02-03,
C06625,Indonesia,2025-04-16,CMP002
C06626,Indonesia,2025-08-24,CMP005
C06627,Indonesia,2025-11-05,CMP002
C06628,Thailand,2025-05-04,CMP002
C06629,Indonesia,2025-08-25,
C06630,Thailand,2025-02-26,
C06631,Singapore,2025-06-19,
C06632,Indonesia,2025-03-23,
C06633,Indonesia,2025-02-05,CMP002
C06634,Thailand,2025-01-17,CMP003
C06635,Singapore,2025-07-28,
C06636,Singapore,2025-08-29,CMP004
C06637,Thailand,2025-02-06,CMP003
C06638,Singapore,2025-05-14,
C06639,Indonesia,2025-10-03,
C06640,Thailand,2025-11-07,
C06641,Thailand,2025-10-01,CMP002
C06642,Indonesia,2025-08-13,
C06643,Indonesia,2025-01-31,
C06644,Thailand,2025-07-23,CMP002
C06645,Indonesia,2025-01-21,
C06646,Thailand,2025-09-19,CMP003
C06647,Indonesia,2025-08-14,
C06648,Indonesia,2025-03-05,
C06649,Thailand,2025-05-15,CMP002
C06650,Thailand,2025-10-24,CMP001
C06651,Thailand,2025-02-27,CMP001
C06652,Indonesia,2025-07-07,
C06653,Indonesia,2025-06-23,CMP003
C06654,Thailand,2025-05-05,CMP002
C06655,Indonesia,2025-04-18,
C06656,Thailand,2025-06-18,
C06657,Indonesia,2025-02-07,
C06658,Indonesia,2025-12-30,
C06659,Thailand,2025-05-06,
C06660,Indonesia,2025-06-25,
C06661,Indonesia,2025-08-16,CMP002
C06662,Thailand,2025-08-19,CMP003
C06663,Indonesia,2025-10-18,
C06664,Thailand,2025-01-19,CMP001
C06665,Indonesia,2025-03-17,
C06666,Indonesia,2025-01-14,
C06667,Indonesia,2025-07-09,CMP002
C06668,Indonesia,2025-05-30,CMP004
C06669,Indonesia,2025-03-23,CMP005
C06670,Indonesia,2025-06-06,
C06671,Thailand,2025-08-14,CMP002
C06672,Thailand,2025-03-21,CMP001
C06673,Indonesia,2025-12-22,
C06674,Indonesia,2025-11-08,CMP002
C06675,Indonesia,2025-07-16,
C06676,Indonesia,2025-04-27,
C06677,Indonesia,2025-04-19,
C06678,Indonesia,2025-03-17,
C06679,Indonesia,2025-05-13,
C06680,Thailand,2025-09-18,CMP004
C06681,Indonesia,2025-09-22,CMP003
C06682,Singapore,2025-11-13,
C06683,Thailand,2025-06-26,CMP001
C06684,Singapore,2025-10-28,CMP001
C06685,Indonesia,2025-06-10,CMP004
C06686,Singapore,2025-07-13,CMP003
C06687,Thailand,2025-09-06,
C06688,Indonesia,2025-09-26,CMP002
C06689,Singapore,2025-09-05,
C06690,Thailand,2025-01-08,CMP004
C06691,Indonesia,2025-02-03,CMP001
C06692,Indonesia,2025-06-08,CMP005
C06693,Indonesia,2025-03-18,CMP002
C06694,Thailand,2025-03-03,
C06695,Indonesia,2025-07-02,
C06696,Singapore,2025-10-19,CMP001
C06697,Thailand,2025-01-07,CMP002
C06698,Singapore,2025-09-26,
C06699,Indonesia,2025-04-14,CMP002
C06700,Indonesia,2025-01-17,CMP005
C06701,Singapore,2025-02-20,
C06702,Indonesia,2025-09-17,CMP001
C06703,Singapore,2025-10-11,CMP001
C06704,Singapore,2025-10-03,
C06705,Indonesia,2025-01-29,CMP002
C06706,Indonesia,2025-09-25,
C06707,Thailand,2025-05-12,
C06708,Thailand,2025-04-04,
C06709,Singapore,2025-11-30,
C06710,Thailand,2025-04-27,CMP008
C06711,Indonesia,2025-08-22,CMP002
C06712,Indonesia,2025-11-08,
C06713,Indonesia,2025-05-23,
C06714,Thailand,2025-04-08,CMP003
C06715,Singapore,2025-02-02,
C06716,Indonesia,2025-03-09,
C06717,Indonesia,2025-02-01,
C06718,Indonesia,2025-05-05,CMP004
C06719,Indonesia,2025-10-25,CMP001
C06720,Indonesia,2025-02-20,CMP005
C06721,Indonesia,2025-01-27,CMP003
C06722,Indonesia,2025-11-21,CMP005
C06723,Indonesia,2025-09-02,
C06724,Indonesia,2025-02-12,
C06725,Indonesia,2025-02-21,CMP002
C06726,Indonesia,2025-04-21,CMP003
C06727,Indonesia,2025-06-03,
C06728,Indonesia,2025-10-25,
C06729,Thailand,2025-02-27,CMP001
C06730,Thailand,2025-08-15,
C06731,Indonesia,2025-04-10,CMP004
C06732,Thailand,2025-11-22,CMP002
C06733,Singapore,2025-08-22,
C06734,Thailand,2025-05-09,
C06735,Indonesia,2025-11-04,CMP005
C06736,Indonesia,2025-11-20,CMP002
C06737,Indonesia,2025-09-17,CMP003
C06738,Singapore,2025-05-26,CMP002
C06739,Indonesia,2025-06-03,CMP001
C06740,Indonesia,2025-09-30,CMP004
C06741,Thailand,2025-05-21,CMP002
C06742,Indonesia,2025-09-15,CMP004
C06743,Indonesia,2025-08-14,
C06744,Indonesia,2025-04-04,CMP005
C06745,Singapore,2025-06-13,CMP002
C06746,Indonesia,2025-09-18,
C06747,Indonesia,2025-03-25,
C06748,Thailand,2025-08-10,CMP003
C06749,Singapore,2025-02-18,CMP001
C06750,Indonesia,2025-08-15,CMP002
C06751,Indonesia,2025-12-18,
C06752,Indonesia,2025-04-04,
C06753,Thailand,2025-02-25,CMP004
C06754,Indonesia,2025-04-20,CMP001
C06755,Indonesia,2025-06-06,CMP002
C06756,Indonesia,2025-09-29,
C06757,Indonesia,2025-12-17,
C06758,Indonesia,2025-11-09,
C06759,Indonesia,2025-12-11,
C06760,Indonesia,2025-03-22,
C06761,Thailand,2025-07-22,CMP001
C06762,Thailand,2025-03-22,CMP005
C06763,Indonesia,2025-03-22,CMP001
C06764,Singapore,2025-09-22,
C06765,Indonesia,2025-12-01,CMP004
C06766,Thailand,2025-08-02,
C06767,Indonesia,2025-05-18,CMP002
C06768,Indonesia,2025-05-15,
C06769,Indonesia,2025-06-05,
C06770,Indonesia,2025-06-06,CMP001
C06771,Thailand,2025-07-01,
C06772,Indonesia,2025-06-11,
C06773,Indonesia,2025-08-06,CMP001
C06774,Indonesia,2025-08-02,CMP001
C06775,Indonesia,2025-07-26,CMP004
C06776,Indonesia,2025-07-29,CMP004
C06777,Singapore,2025-03-13,
C06778,Indonesia,2025-05-21,
C06779,Indonesia,2025-12-27,
C06780,Thailand,2025-12-05,
C06781,Thailand,2025-05-31,CMP001
C06782,Indonesia,2025-01-13,
C06783,Indonesia,2025-07-15,
C06784,Thailand,2025-10-14,CMP002
C06785,Thailand,2025-04-21,CMP001
C06786,Singapore,2025-08-14,
C06787,Indonesia,2025-02-24,
C06788,Indonesia,2025-03-24,
C06789,Singapore,2025-09-03,CMP004
C06790,Indonesia,2025-10-31,
C06791,Thailand,2025-01-24,
C06792,Thailand,2025-07-19,
C06793,Indonesia,2025-12-28,
C06794,Singapore,2025-05-24,CMP002
C06795,Indonesia,2025-10-28,CMP004
C06796,Indonesia,2025-02-21,
C06797,Indonesia,2025-06-25,CMP004
C06798,Indonesia,2025-07-09,CMP002
C06799,Indonesia,2025-05-26,CMP001
C06800,Singapore,2025-03-10,
C06801,Indonesia,2025-02-07,CMP001
C06802,Thailand,2025-07-31,
C06803,Indonesia,2025-03-19,CMP001
C06804,Indonesia,2025-10-21,
C06805,Indonesia,2025-02-15,CMP002
C06806,Indonesia,2025-06-17,CMP002
C06807,Indonesia,2025-12-05,CMP004
C06808,Thailand,2025-09-29,CMP003
C06809,Indonesia,2025-12-20,
C06810,Singapore,2025-02-04,CMP005
C06811,Thailand,2025-12-25,
C06812,Singapore,2025-06-10,CMP004
C06813,Singapore,2025-07-04,
C06814,Thailand,2025-08-17,
C06815,Indonesia,2025-04-20,CMP003
C06816,Indonesia,2025-08-28,
C06817,Indonesia,2025-07-05,
C06818,Singapore,2025-12-13,
C06819,Indonesia,2025-05-13,CMP004
C06820,Indonesia,2025-01-12,
C06821,Indonesia,2025-11-25,
C06822,Thailand,2025-07-22,
C06823,Thailand,2025-01-25,
C06824,Singapore,2025-01-31,CMP004
C06825,Indonesia,2025-09-20,
C06826,Indonesia,2025-10-17,
C06827,Singapore,2025-01-17,CMP001
C06828,Thailand,2025-06-17,
C06829,Indonesia,2025-09-09,CMP004
C06830,Thailand,2025-06-20,
C06831,Indonesia,2025-02-08,CMP004
C06832,Thailand,2025-10-13,
C06833,Indonesia,2025-09-30,CMP003
C06834,Thailand,2025-09-20,
C06835,Indonesia,2025-02-14,
C06836,Thailand,2025-08-28,
C06837,Thailand,2025-04-08,
C06838,Indonesia,2025-12-17,
C06839,Indonesia,2025-05-22,
C06840,Thailand,2025-03-19,CMP002
C06841,Indonesia,2025-02-07,
C06842,Indonesia,2025-10-22,CMP004
C06843,Thailand,2025-09-28,
C06844,Singapore,2025-08-10,CMP003
C06845,Indonesia,2025-07-25,CMP001
C06846,Thailand,2025-01-04,
C06847,Indonesia,2025-07-19,
C06848,Indonesia,2025-04-26,CMP004
C06849,Indonesia,2025-03-19,CMP004
C06850,Indonesia,2025-04-25,CMP001
C06851,Indonesia,2025-06-17,CMP005
C06852,Thailand,2025-12-01,
C06853,Singapore,2025-10-22,CMP005
C06854,Indonesia,2025-10-23,
C06855,Indonesia,2025-03-17,CMP004
C06856,Indonesia,2025-04-03,CMP004
C06857,Thailand,2025-10-01,
C06858,Thailand,2025-01-21,
C06859,Indonesia,2025-10-04,CMP002
C06860,Indonesia,2025-02-05,
C06861,Singapore,2025-06-11,CMP005
C06862,Indonesia,2025-12-03,
C06863,Indonesia,2025-06-05,
C06864,Indonesia,2025-05-19,CMP001
C06865,Thailand,2025-04-22,
C06866,Indonesia,2025-01-14,
C06867,Indonesia,2025-08-14,
C06868,Indonesia,2025-07-12,
C06869,Indonesia,2025-04-17,
C06870,Indonesia,2025-08-17,CMP001
C06871,Indonesia,2025-04-12,
C06872,Indonesia,2025-07-14,CMP005
C06873,Indonesia,2025-03-05,CMP001
C06874,Indonesia,2025-03-31,
C06875,Thailand,2025-10-24,CMP001
C06876,Indonesia,2025-03-04,CMP005
C06877,Indonesia,2025-04-18,CMP003
C06878,Thailand,2025-09-08,CMP001
C06879,Thailand,2025-07-03,CMP003
C06880,Indonesia,2025-06-12,
C06881,Singapore,2025-04-18,CMP003
C06882,Indonesia,2025-09-17,CMP004
C06883,Indonesia,2025-05-11,
C06884,Indonesia,2025-08-22,CMP002
C06885,Thailand,2025-07-14,
C06886,Singapore,2025-07-24,
C06887,Indonesia,2025-02-21,CMP001
C06888,Thailand,2025-06-08,
C06889,Singapore,2025-08-11,CMP002
C06890,Indonesia,2025-11-30,CMP002
C06891,Indonesia,2025-12-26,
C06892,Thailand,2025-11-26,
C06893,Indonesia,2025-08-30,
C06894,Thailand,2025-05-21,CMP003
C06895,Indonesia,2025-06-15,CMP002
C06896,Indonesia,2025-05-08,
C06897,Indonesia,2025-01-05,
C06898,Indonesia,2025-03-21,CMP001
C06899,Thailand,2025-08-29,
C06900,Indonesia,2025-02-01,
C06901,Singapore,2025-04-18,
C06902,Indonesia,2025-12-05,
C06903,Indonesia,2025-11-13,CMP002
C06904,Indonesia,2025-03-22,CMP004
C06905,Singapore,2025-03-31,CMP004
C06906,Thailand,2025-03-19,CMP001
C06907,Indonesia,2025-12-09,
C06908,Thailand,2025-02-26,CMP005
C06909,Indonesia,2025-01-16,
C06910,Indonesia,2025-06-06,CMP004
C06911,Singapore,2025-07-11,
C06912,Thailand,2025-05-16,
C06913,Thailand,2025-01-15,
C06914,Indonesia,2025-06-19,CMP004
C06915,Indonesia,2025-08-29,
C06916,Singapore,2025-03-15,CMP003
C06917,Indonesia,2025-01-24,
C06918,Thailand,2025-11-03,CMP001
C06919,Indonesia,2025-03-28,CMP002
C06920,Indonesia,2025-01-08,
C06921,Indonesia,2025-04-25,CMP004
C06922,Indonesia,2025-02-03,CMP004
C06923,Indonesia,2025-09-01,CMP003
C06924,Singapore,2025-08-01,
C06925,Indonesia,2025-10-02,
C06926,Thailand,2025-11-05,
C06927,Indonesia,2025-01-01,
C06928,Singapore,2025-08-29,
C06929,Indonesia,2025-05-12,CMP003
C06930,Indonesia,2025-12-03,CMP004
C06931,Thailand,2025-11-11,CMP002
C06932,Indonesia,2025-02-19,
C06933,Indonesia,2025-10-20,
C06934,Indonesia,2025-04-23,
C06935,Indonesia,2025-03-15,
C06936,Thailand,2025-02-12,CMP001
C06937,Indonesia,2025-07-26,CMP005
C06938,Indonesia,2025-11-11,CMP002
C06939,Indonesia,2025-04-26,CMP005
C06940,Indonesia,2025-12-04,
C06941,Singapore,2025-12-30,
C06942,Indonesia,2025-12-09,
C06943,Indonesia,2025-09-22,
C06944,Thailand,2025-05-17,CMP005
C06945,Indonesia,2025-03-09,
C06946,Thailand,2025-07-11,CMP005
C06947,Thailand,2025-10-24,
C06948,Thailand,2025-01-18,CMP002
C06949,Thailand,2025-07-17,
C06950,Singapore,2025-04-12,CMP002
C06951,Indonesia,2025-01-08,CMP003
C06952,Thailand,2025-01-18,
C06953,Indonesia,2025-05-02,
C06954,Indonesia,2025-06-15,CMP001
C06955,Indonesia,2025-09-04,
C06956,Indonesia,2025-06-26,
C06957,Indonesia,2025-10-23,
C06958,Indonesia,2025-04-20,CMP008
C06959,Indonesia,2025-05-15,CMP001
C06960,Thailand,2025-03-02,
C06961,Thailand,2025-12-02,CMP004
C06962,Indonesia,2025-06-22,
C06963,Indonesia,2025-04-06,CMP004
C06964,Thailand,2025-09-07,CMP003
C06965,Thailand,2025-08-22,
C06966,Singapore,2025-12-09,
C06967,Indonesia,2025-09-23,CMP002
C06968,Indonesia,2025-07-07,CMP005
C06969,Singapore,2025-01-14,
C06970,Indonesia,2025-03-06,CMP004
C06971,Thailand,2025-08-23,
C06972,Indonesia,2025-03-03,CMP001
C06973,Indonesia,2025-06-01,
C06974,Indonesia,2025-06-27,CMP002
C06975,Indonesia,2025-08-12,CMP002
C06976,Singapore,2025-02-12,CMP003
C06977,Indonesia,2025-09-16,CMP003
C06978,Indonesia,2025-09-19,
C06979,Indonesia,2025-12-15,CMP003
C06980,Indonesia,2025-01-09,
C06981,Indonesia,2025-07-01,
C06982,Indonesia,2025-03-19,
C06983,Indonesia,2025-09-29,CMP003
C06984,Indonesia,2025-09-30,
C06985,Thailand,2025-04-28,
C06986,Indonesia,2025-09-29,
C06987,Indonesia,2025-03-23,CMP001
C06988,Thailand,2025-03-26,
C06989,Indonesia,2025-11-13,CMP005
C06990,Indonesia,2025-03-19,
C06991,Indonesia,2025-11-09,
C06992,Indonesia,2025-04-14,CMP004
C06993,Indonesia,2025-07-25,
C06994,Singapore,2025-09-25,
C06995,Indonesia,2025-09-01,
C06996,Thailand,2025-03-11,
C06997,Indonesia,2025-06-03,
C06998,Thailand,2025-05-09,
C06999,Indonesia,2025-12-09,
C07000,Indonesia,2025-11-10,CMP001
C07001,Indonesia,2025-02-04,
C07002,Indonesia,2025-07-30,
C07003,Thailand,2025-09-04,CMP003
C07004,Indonesia,2025-05-05,CMP003
C07005,Thailand,2025-03-23,CMP005
C07006,Indonesia,2025-07-20,
C07007,Thailand,2025-05-08,CMP003
C07008,Indonesia,2025-02-06,
C07009,Indonesia,2025-05-22,
C07010,Indonesia,2025-07-25,
C07011,Singapore,2025-10-27,CMP004
C07012,Indonesia,2025-03-19,CMP001
C07013,Thailand,2025-03-14,
C07014,Indonesia,2025-06-17,CMP001
C07015,Indonesia,2025-03-02,CMP001
C07016,Indonesia,2025-09-26,
C07017,Indonesia,2025-11-18,CMP004
C07018,Thailand,2025-04-29,
C07019,Thailand,2025-06-02,CMP004
C07020,Thailand,2025-10-05,CMP001
C07021,Indonesia,2025-08-21,
C07022,Singapore,2025-06-24,
C07023,Indonesia,2025-01-21,CMP001
C07024,Indonesia,2025-05-11,
C07025,Indonesia,2025-08-27,
C07026,Singapore,2025-03-28,
C07027,Singapore,2025-12-21,
C07028,Thailand,2025-09-07,
C07029,Indonesia,2025-04-26,
C07030,Singapore,2025-02-15,
C07031,Singapore,2025-11-05,
C07032,Indonesia,2025-07-05,CMP003
C07033,Indonesia,2025-12-07,
C07034,Singapore,2025-12-26,
C07035,Indonesia,2025-08-04,CMP002
C07036,Singapore,2025-02-23,
C07037,Thailand,2025-05-24,CMP004
C07038,Singapore,2025-05-22,
C07039,Indonesia,2025-11-24,CMP005
C07040,Thailand,2025-08-03,
C07041,Singapore,2025-05-09,
C07042,Indonesia,2025-02-12,CMP004
C07043,Indonesia,2025-09-06,CMP002
C07044,Indonesia,2025-09-11,
C07045,Thailand,2025-08-11,
C07046,Singapore,2025-02-23,CMP001
C07047,Indonesia,2025-12-29,
C07048,Thailand,2025-11-07,CMP003
C07049,Thailand,2025-07-12,
C07050,Indonesia,2025-12-08,
C07051,Indonesia,2025-11-05,
C07052,Singapore,2025-11-26,
C07053,Indonesia,2025-10-22,CMP001
C07054,Indonesia,2025-05-03,
C07055,Thailand,2025-12-11,
C07056,Indonesia,2025-11-06,CMP002
C07057,Thailand,2025-07-21,
C07058,Indonesia,2025-01-21,CMP003
C07059,Singapore,2025-08-14,
C07060,Singapore,2025-10-21,
C07061,Singapore,2025-01-20,
C07062,Thailand,2025-11-18,CMP001
C07063,Thailand,2025-08-10,CMP002
C07064,Indonesia,2025-01-14,CMP003
C07065,Indonesia,2025-04-03,CMP003
C07066,Indonesia,2025-06-18,CMP001
C07067,Thailand,2025-07-31,CMP001
C07068,Thailand,2025-08-22,
C07069,Indonesia,2025-05-10,
C07070,Indonesia,2025-12-16,
C07071,Indonesia,2025-05-08,
C07072,Indonesia,2025-01-25,
C07073,Singapore,2025-12-24,
C07074,Thailand,2025-05-15,CMP001
C07075,Indonesia,2025-03-24,CMP001
C07076,Thailand,2025-10-08,
C07077,Thailand,2025-07-25,
C07078,Thailand,2025-03-30,CMP004
C07079,Indonesia,2025-02-15,
C07080,Indonesia,2025-11-12,CMP004
C07081,Indonesia,2025-04-27,
C07082,Indonesia,2025-06-06,CMP002
C07083,Thailand,2025-02-16,
C07084,Thailand,2025-06-10,CMP002
C07085,Indonesia,2025-11-24,
C07086,Indonesia,2025-07-15,CMP005
C07087,Indonesia,2025-12-29,
C07088,Thailand,2025-06-22,
C07089,Thailand,2025-07-05,CMP003
C07090,Indonesia,2025-03-28,CMP003
C07091,Indonesia,2025-02-27,
C07092,Singapore,2025-06-08,
C07093,Thailand,2025-12-25,
C07094,Thailand,2025-06-01,CMP001
C07095,Indonesia,2025-10-03,CMP003
C07096,Thailand,2025-11-13,
C07097,Indonesia,2025-04-12,CMP004
C07098,Indonesia,2025-12-31,
C07099,Indonesia,2025-12-06,
C07100,Indonesia,2025-05-15,CMP003
C07101,Indonesia,2025-06-24,
C07102,Indonesia,2025-07-23,
C07103,Indonesia,2025-07-17,CMP002
C07104,Thailand,2025-05-31,CMP002
C07105,Indonesia,2025-02-12,
C07106,Indonesia,2025-04-26,CMP002
C07107,Indonesia,2025-01-21,CMP002
C07108,Thailand,2025-03-21,CMP004
C07109,Indonesia,2025-05-21,CMP003
C07110,Thailand,2025-04-25,CMP003
C07111,Indonesia,2025-04-23,
C07112,Indonesia,2025-04-26,
C07113,Indonesia,2025-04-21,CMP004
C07114,Indonesia,2025-06-01,CMP001
C07115,Singapore,2025-01-11,CMP004
C07116,Thailand,2025-09-05,
C07117,Indonesia,2025-08-01,
C07118,Indonesia,2025-10-18,CMP001
C07119,Thailand,2025-04-06,CMP003
C07120,Indonesia,2025-10-25,
C07121,Singapore,2025-10-22,CMP002
C07122,Thailand,2025-07-18,
C07123,Thailand,2025-12-28,
C07124,Thailand,2025-07-06,CMP004
C07125,Indonesia,2025-05-15,
C07126,Singapore,2025-07-06,
C07127,Indonesia,2025-05-01,CMP003
C07128,Indonesia,2025-07-02,CMP005
C07129,Indonesia,2025-12-21,
C07130,Indonesia,2025-12-26,
C07131,Indonesia,2025-10-03,
C07132,Singapore,2025-02-19,
C07133,Thailand,2025-09-17,CMP003
C07134,Indonesia,2025-10-02,
C07135,Indonesia,2025-11-06,
C07136,Thailand,2025-06-28,
C07137,Singapore,2025-11-27,
C07138,Indonesia,2025-04-25,CMP004
C07139,Thailand,2025-10-22,CMP005
C07140,Thailand,2025-08-24,CMP003
C07141,Indonesia,2025-09-12,CMP003
C07142,Singapore,2025-02-03,
C07143,Indonesia,2025-03-29,CMP001
C07144,Indonesia,2025-08-18,
C07145,Singapore,2025-01-30,CMP004
C07146,Singapore,2025-09-02,
C07147,Indonesia,2025-03-17,
C07148,Indonesia,2025-07-01,CMP001
C07149,Indonesia,2025-05-22,
C07150,Thailand,2025-01-15,CMP002
C07151,Indonesia,2025-09-09,CMP005
C07152,Singapore,2025-03-10,
C07153,Thailand,2025-04-21,CMP005
C07154,Indonesia,2025-06-08,
C07155,Indonesia,2025-12-12,CMP003
C07156,Indonesia,2025-04-30,
C07157,Singapore,2025-09-18,
C07158,Thailand,2025-03-15,
C07159,Indonesia,2025-12-15,CMP002
C07160,Singapore,2025-01-04,
C07161,Thailand,2025-01-28,CMP003
C07162,Indonesia,2025-07-03,
C07163,Thailand,2025-02-06,CMP001
C07164,Indonesia,2025-09-29,CMP005
C07165,Thailand,2025-03-24,
C07166,Singapore,2025-05-08,
C07167,Thailand,2025-04-02,
C07168,Thailand,2025-01-16,CMP002
C07169,Thailand,2025-09-11,CMP003
C07170,Indonesia,2025-06-19,
C07171,Indonesia,2025-07-26,
C07172,Indonesia,2025-12-17,
C07173,Indonesia,2025-07-28,
C07174,Indonesia,2025-08-31,CMP003
C07175,Indonesia,2025-06-25,
C07176,Indonesia,2025-06-09,CMP004
C07177,Indonesia,2025-12-29,
C07178,Indonesia,2025-05-10,CMP002
C07179,Indonesia,2025-04-05,
C07180,Indonesia,2025-04-13,
C07181,Thailand,2025-11-28,
C07182,Indonesia,2025-06-23,CMP005
C07183,Indonesia,2025-02-18,CMP005
C07184,Singapore,2025-01-11,
C07185,Singapore,2025-02-01,
C07186,Thailand,2025-01-31,
C07187,Indonesia,2025-02-18,CMP002
C07188,Indonesia,2025-09-28,CMP005
C07189,Indonesia,2025-06-17,
C07190,Thailand,2025-01-15,CMP001
C07191,Indonesia,2025-10-18,
C07192,Singapore,2025-02-05,CMP002
C07193,Thailand,2025-04-07,CMP002
C07194,Indonesia,2025-09-13,CMP002
C07195,Singapore,2025-04-22,
C07196,Singapore,2025-02-19,
C07197,Indonesia,2025-03-21,
C07198,Indonesia,2025-10-21,
C07199,Thailand,2025-08-14,
C07200,Indonesia,2025-04-01,
C07201,Indonesia,2025-08-16,
C07202,Singapore,2025-01-20,CMP002
C07203,Thailand,2025-03-03,
C07204,Singapore,2025-06-09,CMP002
C07205,Indonesia,2025-02-25,
C07206,Indonesia,2025-04-03,
C07207,Singapore,2025-03-27,CMP001
C07208,Indonesia,2025-09-12,CMP002
C07209,Singapore,2025-03-21,CMP002
C07210,Singapore,2025-06-22,
C07211,Indonesia,2025-12-04,
C07212,Thailand,2025-07-19,
C07213,Thailand,2025-03-01,CMP004
C07214,Indonesia,2025-02-03,CMP002
C07215,Indonesia,2025-07-07,CMP001
C07216,Indonesia,2025-09-09,
C07217,Indonesia,2025-07-26,
C07218,Singapore,2025-01-31,CMP002
C07219,Thailand,2025-09-03,
C07220,Thailand,2025-12-04,
C07221,Indonesia,2025-10-30,CMP004
C07222,Indonesia,2025-09-24,
C07223,Indonesia,2025-12-02,CMP001
C07224,Indonesia,2025-09-27,CMP002
C07225,Indonesia,2025-12-26,
C07226,Thailand,2025-07-21,
C07227,Indonesia,2025-11-26,
C07228,Indonesia,2025-06-14,CMP002
C07229,Indonesia,2025-04-12,
C07230,Indonesia,2025-11-17,CMP001
C07231,Indonesia,2025-08-11,CMP002
C07232,Indonesia,2025-09-09,
C07233,Indonesia,2025-02-23,
C07234,Thailand,2025-09-05,
C07235,Indonesia,2025-06-06,CMP004
C07236,Thailand,2025-05-28,
C07237,Indonesia,2025-12-24,
C07238,Indonesia,2025-01-22,
C07239,Indonesia,2025-02-15,CMP002
C07240,Thailand,2025-10-28,
C07241,Indonesia,2025-10-20,
C07242,Indonesia,2025-11-25,
C07243,Indonesia,2025-01-25,
C07244,Singapore,2025-01-25,
C07245,Indonesia,2025-07-17,
C07246,Indonesia,2025-10-03,
C07247,Singapore,2025-12-17,
C07248,Indonesia,2025-09-18,CMP003
C07249,Indonesia,2025-04-02,
C07250,Thailand,2025-12-15,
C07251,Indonesia,2025-04-20,
C07252,Singapore,2025-04-06,CMP004
C07253,Indonesia,2025-12-31,
C07254,Indonesia,2025-04-15,CMP003
C07255,Thailand,2025-10-20,CMP003
C07256,Indonesia,2025-01-08,CMP001
C07257,Indonesia,2025-07-15,
C07258,Indonesia,2025-12-19,
C07259,Indonesia,2025-05-29,CMP001
C07260,Thailand,2025-05-04,
C07261,Singapore,2025-06-19,
C07262,Thailand,2025-07-19,
C07263,Singapore,2025-07-10,CMP001
C07264,Indonesia,2025-07-25,CMP004
C07265,Indonesia,2025-03-14,
C07266,Thailand,2025-11-15,
C07267,Thailand,2025-08-05,CMP001
C07268,Singapore,2025-12-30,
C07269,Indonesia,2025-11-17,
C07270,Thailand,2025-12-01,
C07271,Indonesia,2025-05-20,CMP003
C07272,Indonesia,2025-01-06,CMP002
C07273,Indonesia,2025-07-31,
C07274,Thailand,2025-04-08,CMP001
C07275,Indonesia,2025-09-07,CMP001
C07276,Thailand,2025-01-06,
C07277,Indonesia,2025-07-22,
C07278,Indonesia,2025-08-18,
C07279,Indonesia,2025-12-20,
C07280,Indonesia,2025-11-23,
C07281,Singapore,2025-03-23,CMP003
C07282,Indonesia,2025-09-08,CMP001
C07283,Indonesia,2025-10-02,CMP002
C07284,Singapore,2025-05-12,
C07285,Indonesia,2025-12-22,
C07286,Indonesia,2025-10-02,
C07287,Indonesia,2025-10-19,
C07288,Indonesia,2025-03-03,CMP004
C07289,Singapore,2025-04-14,CMP001
C07290,Thailand,2025-10-12,CMP001
C07291,Indonesia,2025-04-13,CMP002
C07292,Indonesia,2025-01-19,
C07293,Indonesia,2025-02-25,
C07294,Thailand,2025-01-20,
C07295,Indonesia,2025-04-05,CMP004
C07296,Thailand,2025-12-22,
C07297,Indonesia,2025-05-04,
C07298,Indonesia,2025-07-09,CMP002
C07299,Indonesia,2025-03-15,CMP001
C07300,Thailand,2025-01-22,CMP004
C07301,Thailand,2025-09-15,CMP001
C07302,Thailand,2025-04-07,
C07303,Indonesia,2025-06-12,
C07304,Singapore,2025-01-08,
C07305,Singapore,2025-06-24,CMP004
C07306,Singapore,2025-05-09,
C07307,Indonesia,2025-06-29,
C07308,Indonesia,2025-11-26,
C07309,Indonesia,2025-07-14,CMP003
C07310,Indonesia,2025-05-30,CMP001
C07311,Indonesia,2025-04-26,CMP003
C07312,Indonesia,2025-04-10,CMP003
C07313,Indonesia,2025-08-13,
C07314,Indonesia,2025-08-14,
C07315,Thailand,2025-05-06,CMP003
C07316,Indonesia,2025-05-28,
C07317,Indonesia,2025-03-15,CMP004
C07318,Indonesia,2025-06-12,CMP005
C07319,Indonesia,2025-12-17,
C07320,Indonesia,2025-09-23,
C07321,Thailand,2025-11-13,CMP003
C07322,Indonesia,2025-06-14,CMP004
C07323,Singapore,2025-03-15,CMP004
C07324,Indonesia,2025-12-17,
C07325,Indonesia,2025-07-15,CMP005
C07326,Thailand,2025-01-30,CMP005
C07327,Indonesia,2025-10-18,CMP002
C07328,Thailand,2025-04-25,CMP004
C07329,Indonesia,2025-01-19,
C07330,Indonesia,2025-02-07,
C07331,Singapore,2025-09-01,
C07332,Indonesia,2025-11-27,
C07333,Thailand,2025-12-18,
C07334,Singapore,2025-08-19,CMP001
C07335,Thailand,2025-05-02,CMP002
C07336,Indonesia,2025-11-10,CMP003
C07337,Indonesia,2025-11-22,
C07338,Indonesia,2025-03-20,
C07339,Indonesia,2025-07-04,
C07340,Thailand,2025-05-27,
C07341,Singapore,2025-03-31,CMP002
C07342,Singapore,2025-07-18,CMP002
C07343,Indonesia,2025-03-24,CMP001
C07344,Indonesia,2025-01-11,
C07345,Indonesia,2025-06-03,
C07346,Indonesia,2025-08-24,
C07347,Singapore,2025-10-05,
C07348,Indonesia,2025-07-25,
C07349,Indonesia,2025-11-17,
C07350,Indonesia,2025-07-27,
C07351,Indonesia,2025-08-02,
C07352,Indonesia,2025-08-20,
C07353,Indonesia,2025-07-18,
C07354,Indonesia,2025-06-22,CMP002
C07355,Indonesia,2025-07-24,
C07356,Indonesia,2025-09-29,CMP002
C07357,Thailand,2025-04-22,CMP003
C07358,Indonesia,2025-10-19,CMP004
C07359,Thailand,2025-12-04,
C07360,Singapore,2025-07-06,CMP001
C07361,Singapore,2025-10-08,
C07362,Indonesia,2025-07-29,
C07363,Indonesia,2025-06-07,
C07364,Indonesia,2025-03-14,CMP004
C07365,Thailand,2025-10-05,CMP002
C07366,Singapore,2025-06-03,
C07367,Indonesia,2025-11-16,
C07368,Indonesia,2025-04-13,CMP001
C07369,Singapore,2025-10-10,
C07370,Indonesia,2025-12-04,
C07371,Indonesia,2025-09-22,
C07372,Indonesia,2025-08-15,
C07373,Indonesia,2025-04-16,CMP002
C07374,Indonesia,2025-12-08,CMP002
C07375,Indonesia,2025-12-15,
C07376,Thailand,2025-03-21,CMP001
C07377,Thailand,2025-10-22,CMP004
C07378,Indonesia,2025-04-12,
C07379,Indonesia,2025-06-12,CMP001
C07380,Thailand,2025-03-08,CMP003
C07381,Indonesia,2025-09-07,
C07382,Indonesia,2025-11-10,
C07383,Singapore,2025-11-18,CMP002
C07384,Indonesia,2025-12-13,
C07385,Indonesia,2025-02-03,CMP005
C07386,Singapore,2025-01-05,CMP004
C07387,Indonesia,2025-01-28,
C07388,Indonesia,2025-02-16,
C07389,Indonesia,2025-07-02,CMP001
C07390,Singapore,2025-03-19,CMP001
C07391,Thailand,2025-06-07,CMP008
C07392,Thailand,2025-07-05,
C07393,Indonesia,2025-06-11,
C07394,Indonesia,2025-08-17,CMP005
C07395,Indonesia,2025-12-27,
C07396,Indonesia,2025-06-05,CMP001
C07397,Indonesia,2025-10-15,
C07398,Indonesia,2025-03-19,
C07399,Indonesia,2025-03-02,CMP002
C07400,Indonesia,2025-11-13,
C07401,Indonesia,2025-10-15,
C07402,Thailand,2025-08-29,
C07403,Thailand,2025-05-24,
C07404,Singapore,2025-05-08,CMP002
C07405,Singapore,2025-12-06,
C07406,Indonesia,2025-08-16,
C07407,Indonesia,2025-01-21,CMP002
C07408,Indonesia,2025-07-15,
C07409,Indonesia,2025-09-02,
C07410,Indonesia,2025-01-11,CMP002
C07411,Singapore,2025-07-05,
C07412,Indonesia,2025-10-27,
C07413,Singapore,2025-08-18,CMP001
C07414,Singapore,2025-09-09,
C07415,Indonesia,2025-10-18,
C07416,Singapore,2025-06-23,CMP002
C07417,Indonesia,2025-07-09,CMP004
C07418,Thailand,2025-03-11,CMP002
C07419,Indonesia,2025-12-13,
C07420,Indonesia,2025-03-18,CMP002
C07421,Indonesia,2025-12-09,
C07422,Indonesia,2025-11-21,CMP003
C07423,Thailand,2025-12-31,
C07424,Indonesia,2025-02-12,CMP002
C07425,Indonesia,2025-09-11,CMP003
C07426,Indonesia,2025-10-30,CMP002
C07427,Indonesia,2025-03-28,CMP002
C07428,Indonesia,2025-05-10,CMP003
C07429,Singapore,2025-05-24,CMP001
C07430,Indonesia,2025-01-13,CMP001
C07431,Indonesia,2025-03-27,
C07432,Thailand,2025-05-03,CMP003
C07433,Indonesia,2025-05-15,CMP003
C07434,Indonesia,2025-08-10,
C07435,Thailand,2025-05-20,
C07436,Indonesia,2025-12-03,CMP003
C07437,Indonesia,2025-02-11,
C07438,Indonesia,2025-01-17,
C07439,Indonesia,2025-11-16,
C07440,Indonesia,2025-10-21,CMP001
C07441,Indonesia,2025-07-14,CMP001
C07442,Indonesia,2025-08-29,CMP003
C07443,Thailand,2025-01-19,
C07444,Thailand,2025-05-19,CMP002
C07445,Indonesia,2025-06-21,CMP002
C07446,Singapore,2025-09-20,CMP004
C07447,Indonesia,2025-08-06,
C07448,Indonesia,2025-06-25,
C07449,Thailand,2025-06-27,CMP001
C07450,Indonesia,2025-10-10,CMP005
C07451,Indonesia,2025-05-25,CMP002
C07452,Singapore,2025-08-19,CMP001
C07453,Thailand,2025-02-13,CMP003
C07454,Singapore,2025-06-13,CMP001
C07455,Indonesia,2025-02-28,CMP001
C07456,Thailand,2025-03-07,CMP003
C07457,Indonesia,2025-02-24,
C07458,Indonesia,2025-04-01,
C07459,Indonesia,2025-03-20,
C07460,Thailand,2025-05-02,
C07461,Indonesia,2025-02-08,CMP004
C07462,Thailand,2025-01-07,CMP001
C07463,Singapore,2025-06-24,
C07464,Indonesia,2025-11-13,
C07465,Thailand,2025-10-26,CMP004
C07466,Thailand,2025-08-24,CMP005
C07467,Thailand,2025-06-19,CMP002
C07468,Thailand,2025-02-24,
C07469,Thailand,2025-01-29,CMP003
C07470,Singapore,2025-04-13,CMP003
C07471,Indonesia,2025-02-11,
C07472,Indonesia,2025-02-16,CMP002
C07473,Indonesia,2025-12-18,
C07474,Thailand,2025-01-26,
C07475,Indonesia,2025-07-18,CMP002
C07476,Indonesia,2025-09-29,
C07477,Thailand,2025-04-12,CMP001
C07478,Thailand,2025-09-11,CMP001
C07479,Indonesia,2025-04-06,CMP002
C07480,Indonesia,2025-12-13,
C07481,Indonesia,2025-02-01,
C07482,Indonesia,2025-09-17,CMP003
C07483,Singapore,2025-04-01,CMP005
C07484,Indonesia,2025-05-15,
C07485,Indonesia,2025-10-05,
C07486,Thailand,2025-04-07,
C07487,Thailand,2025-12-26,
C07488,Indonesia,2025-04-07,CMP003
C07489,Thailand,2025-06-14,CMP002
C07490,Indonesia,2025-04-27,CMP002
C07491,Thailand,2025-11-22,
C07492,Thailand,2025-06-01,
C07493,Thailand,2025-09-17,
C07494,Indonesia,2025-04-22,
C07495,Thailand,2025-06-26,CMP001
C07496,Indonesia,2025-09-29,
C07497,Indonesia,2025-12-16,
C07498,Indonesia,2025-03-24,
C07499,Indonesia,2025-02-02,
C07500,Thailand,2025-01-31,
C07501,Indonesia,2025-08-09,
C07502,Indonesia,2025-08-17,CMP001
C07503,Indonesia,2025-12-12,
C07504,Thailand,2025-10-29,
C07505,Thailand,2025-07-05,CMP002
C07506,Thailand,2025-11-07,
C07507,Indonesia,2025-02-03,CMP003
C07508,Indonesia,2025-06-13,
C07509,Indonesia,2025-09-03,CMP003
C07510,Thailand,2025-06-03,
C07511,Indonesia,2025-06-10,
C07512,Indonesia,2025-04-08,
C07513,Indonesia,2025-03-29,CMP004
C07514,Indonesia,2025-06-30,
C07515,Indonesia,2025-08-25,
C07516,Indonesia,2025-07-26,CMP003
C07517,Indonesia,2025-08-26,CMP003
C07518,Thailand,2025-03-14,CMP005
C07519,Indonesia,2025-07-17,
C07520,Singapore,2025-01-13,CMP004
C07521,Indonesia,2025-06-12,
C07522,Indonesia,2025-11-20,
C07523,Indonesia,2025-07-07,
C07524,Singapore,2025-12-05,CMP003
C07525,Indonesia,2025-03-19,
C07526,Indonesia,2025-04-05,CMP003
C07527,Indonesia,2025-01-09,CMP001
C07528,Indonesia,2025-03-18,
C07529,Indonesia,2025-04-12,CMP003
C07530,Indonesia,2025-07-20,
C07531,Indonesia,2025-10-09,CMP005
C07532,Indonesia,2025-04-08,
C07533,Indonesia,2025-09-13,CMP005
C07534,Indonesia,2025-03-23,
C07535,Indonesia,2025-12-07,
C07536,Indonesia,2025-02-24,CMP002
C07537,Thailand,2025-06-15,
C07538,Indonesia,2025-11-08,CMP001
C07539,Indonesia,2025-05-01,
C07540,Thailand,2025-09-11,CMP001
C07541,Indonesia,2025-08-02,CMP004
C07542,Thailand,2025-06-07,CMP002
C07543,Thailand,2025-06-23,
C07544,Thailand,2025-12-17,
C07545,Indonesia,2025-11-10,CMP002
C07546,Indonesia,2025-03-08,
C07547,Thailand,2025-06-24,
C07548,Singapore,2025-12-19,
C07549,Indonesia,2025-07-09,CMP001
C07550,Indonesia,2025-08-31,CMP005
C07551,Indonesia,2025-08-17,CMP003
C07552,Indonesia,2025-05-07,
C07553,Thailand,2025-06-17,CMP002
C07554,Thailand,2025-06-10,
C07555,Thailand,2025-09-01,CMP002
C07556,Indonesia,2025-10-12,
C07557,Thailand,2025-06-19,
C07558,Singapore,2025-03-07,CMP002
C07559,Indonesia,2025-11-20,CMP005
C07560,Thailand,2025-04-28,
C07561,Indonesia,2025-11-09,
C07562,Indonesia,2025-05-08,
C07563,Singapore,2025-08-29,
C07564,Indonesia,2025-06-10,CMP004
C07565,Indonesia,2025-02-18,CMP005
C07566,Thailand,2025-03-17,
C07567,Indonesia,2025-02-11,CMP001
C07568,Thailand,2025-08-25,CMP001
C07569,Indonesia,2025-05-17,
C07570,Thailand,2025-07-19,CMP003
C07571,Thailand,2025-05-22,
C07572,Thailand,2025-07-06,CMP003
C07573,Indonesia,2025-01-31,
C07574,Thailand,2025-04-25,CMP004
C07575,Indonesia,2025-06-17,
C07576,Indonesia,2025-11-14,
C07577,Thailand,2025-03-16,
C07578,Indonesia,2025-06-13,CMP008
C07579,Thailand,2025-06-10,CMP003
C07580,Indonesia,2025-10-02,CMP001
C07581,Indonesia,2025-11-27,CMP001
C07582,Thailand,2025-11-02,
C07583,Thailand,2025-06-01,CMP002
C07584,Indonesia,2025-04-10,CMP001
C07585,Indonesia,2025-09-16,
C07586,Indonesia,2025-07-12,CMP003
C07587,Indonesia,2025-01-06,CMP002
C07588,Indonesia,2025-04-15,CMP003
C07589,Indonesia,2025-01-13,CMP003
C07590,Thailand,2025-11-26,
C07591,Indonesia,2025-02-10,CMP003
C07592,Indonesia,2025-03-17,
C07593,Indonesia,2025-07-15,
C07594,Indonesia,2025-11-01,
C07595,Indonesia,2025-06-10,
C07596,Indonesia,2025-05-21,
C07597,Thailand,2025-04-12,CMP001
C07598,Indonesia,2025-08-21,CMP001
C07599,Indonesia,2025-10-28,
C07600,Indonesia,2025-01-09,CMP003
C07601,Indonesia,2025-06-17,CMP003
C07602,Indonesia,2025-07-08,
C07603,Indonesia,2025-07-12,CMP001
C07604,Indonesia,2025-11-18,
C07605,Indonesia,2025-06-15,
C07606,Thailand,2025-06-17,
C07607,Thailand,2025-01-18,CMP003
C07608,Indonesia,2025-06-15,
C07609,Indonesia,2025-10-19,
C07610,Indonesia,2025-09-19,
C07611,Indonesia,2025-03-09,CMP002
C07612,Indonesia,2025-02-04,CMP001
C07613,Indonesia,2025-02-22,
C07614,Indonesia,2025-05-01,CMP001
C07615,Singapore,2025-07-04,CMP002
C07616,Indonesia,2025-06-23,CMP001
C07617,Thailand,2025-06-25,
C07618,Indonesia,2025-09-10,CMP001
C07619,Indonesia,2025-02-01,CMP002
C07620,Thailand,2025-11-25,CMP003
C07621,Indonesia,2025-12-22,
C07622,Thailand,2025-02-15,
C07623,Indonesia,2025-08-18,
C07624,Indonesia,2025-05-14,CMP004
C07625,Thailand,2025-01-29,
C07626,Indonesia,2025-10-13,CMP002
C07627,Thailand,2025-11-26,
C07628,Indonesia,2025-04-26,
C07629,Indonesia,2025-01-22,
C07630,Singapore,2025-04-30,
C07631,Indonesia,2025-03-12,CMP003
C07632,Indonesia,2025-06-15,CMP004
C07633,Thailand,2025-11-21,
C07634,Indonesia,2025-01-10,CMP004
C07635,Indonesia,2025-05-29,CMP002
C07636,Thailand,2025-12-09,
C07637,Indonesia,2025-08-01,
C07638,Indonesia,2025-01-21,
C07639,Indonesia,2025-01-19,CMP004
C07640,Indonesia,2025-10-26,
C07641,Thailand,2025-06-28,CMP001
C07642,Singapore,2025-10-25,CMP004
C07643,Singapore,2025-09-18,
C07644,Indonesia,2025-03-26,CMP005
C07645,Indonesia,2025-03-19,
C07646,Thailand,2025-11-18,CMP004
C07647,Indonesia,2025-05-25,CMP001
C07648,Indonesia,2025-07-11,
C07649,Thailand,2025-03-23,CMP001
C07650,Indonesia,2025-11-08,
C07651,Indonesia,2025-04-11,
C07652,Indonesia,2025-05-14,
C07653,Indonesia,2025-11-30,
C07654,Indonesia,2025-01-15,
C07655,Thailand,2025-11-30,
C07656,Indonesia,2025-07-27,
C07657,Indonesia,2025-02-27,CMP002
C07658,Thailand,2025-02-24,CMP003
C07659,Indonesia,2025-04-16,CMP005
C07660,Thailand,2025-10-19,CMP001
C07661,Thailand,2025-06-02,
C07662,Indonesia,2025-12-12,
C07663,Thailand,2025-10-31,
C07664,Indonesia,2025-07-04,CMP001
C07665,Thailand,2025-11-28,
C07666,Singapore,2025-10-18,CMP002
C07667,Indonesia,2025-05-10,CMP001
C07668,Indonesia,2025-01-13,CMP002
C07669,Thailand,2025-04-21,CMP001
C07670,Indonesia,2025-06-20,
C07671,Thailand,2025-07-18,
C07672,Singapore,2025-08-23,CMP004
C07673,Thailand,2025-11-05,CMP003
C07674,Indonesia,2025-09-09,
C07675,Indonesia,2025-11-02,
C07676,Singapore,2025-12-08,
C07677,Indonesia,2025-05-08,CMP003
C07678,Singapore,2025-02-24,
C07679,Thailand,2025-01-16,CMP004
C07680,Singapore,2025-01-06,CMP002
C07681,Indonesia,2025-01-01,
C07682,Thailand,2025-07-15,CMP002
C07683,Indonesia,2025-03-23,
C07684,Indonesia,2025-07-08,
C07685,Singapore,2025-04-08,
C07686,Indonesia,2025-07-10,CMP002
C07687,Thailand,2025-08-02,CMP004
C07688,Thailand,2025-06-02,CMP002
C07689,Indonesia,2025-03-03,
C07690,Indonesia,2025-05-15,
C07691,Indonesia,2025-04-15,
C07692,Thailand,2025-11-22,
C07693,Thailand,2025-12-16,
C07694,Indonesia,2025-09-01,CMP003
C07695,Indonesia,2025-02-27,
C07696,Indonesia,2025-05-01,
C07697,Thailand,2025-10-24,CMP002
C07698,Indonesia,2025-05-20,CMP001
C07699,Indonesia,2025-12-26,
C07700,Thailand,2025-02-02,
C07701,Indonesia,2025-03-20,CMP002
C07702,Thailand,2025-07-23,CMP002
C07703,Indonesia,2025-01-16,CMP001
C07704,Thailand,2025-08-10,
C07705,Indonesia,2025-07-31,
C07706,Indonesia,2025-01-07,CMP005
C07707,Thailand,2025-01-23,
C07708,Thailand,2025-05-24,
C07709,Indonesia,2025-09-03,CMP004
C07710,Indonesia,2025-05-17,
C07711,Singapore,2025-05-20,CMP003
C07712,Indonesia,2025-04-07,
C07713,Thailand,2025-08-18,
C07714,Indonesia,2025-11-29,CMP002
C07715,Thailand,2025-10-16,CMP004
C07716,Indonesia,2025-08-11,
C07717,Indonesia,2025-12-26,
C07718,Thailand,2025-04-29,
C07719,Indonesia,2025-01-25,
C07720,Indonesia,2025-02-15,
C07721,Thailand,2025-08-22,CMP004
C07722,Indonesia,2025-10-06,CMP005
C07723,Singapore,2025-12-04,
C07724,Indonesia,2025-10-10,CMP003
C07725,Thailand,2025-06-14,
C07726,Indonesia,2025-06-27,
C07727,Indonesia,2025-10-25,CMP003
C07728,Singapore,2025-08-28,CMP002
C07729,Indonesia,2025-05-30,
C07730,Thailand,2025-12-11,
C07731,Thailand,2025-09-11,
C07732,Indonesia,2025-07-28,CMP002
C07733,Indonesia,2025-08-10,
C07734,Singapore,2025-05-10,CMP003
C07735,Singapore,2025-06-20,
C07736,Indonesia,2025-11-27,
C07737,Singapore,2025-10-04,
C07738,Singapore,2025-03-26,
C07739,Indonesia,2025-06-25,
C07740,Indonesia,2025-11-17,CMP001
C07741,Indonesia,2025-06-24,
C07742,Singapore,2025-03-23,
C07743,Indonesia,2025-10-21,CMP004
C07744,Thailand,2025-04-16,CMP003
C07745,Indonesia,2025-07-22,CMP002
C07746,Singapore,2025-08-03,CMP004
C07747,Indonesia,2025-09-14,CMP004
C07748,Indonesia,2025-09-24,CMP004
C07749,Indonesia,2025-01-03,CMP002
C07750,Thailand,2025-10-09,
C07751,Thailand,2025-03-26,CMP004
C07752,Thailand,2025-12-17,
C07753,Indonesia,2025-06-21,CMP003
C07754,Thailand,2025-06-16,
C07755,Indonesia,2025-07-11,CMP002
C07756,Indonesia,2025-07-22,CMP002
C07757,Indonesia,2025-07-21,CMP004
C07758,Thailand,2025-06-29,CMP003
C07759,Thailand,2025-12-19,
C07760,Indonesia,2025-02-24,
C07761,Indonesia,2025-11-26,
C07762,Singapore,2025-12-22,
C07763,Thailand,2025-04-07,CMP001
C07764,Thailand,2025-09-16,
C07765,Indonesia,2025-09-11,
C07766,Thailand,2025-02-06,CMP004
C07767,Indonesia,2025-06-06,CMP003
C07768,Indonesia,2025-07-27,
C07769,Indonesia,2025-04-18,CMP003
C07770,Singapore,2025-02-19,
C07771,Indonesia,2025-04-08,
C07772,Indonesia,2025-01-16,
C07773,Indonesia,2025-04-17,
C07774,Indonesia,2025-12-15,
C07775,Indonesia,2025-05-10,CMP005
C07776,Indonesia,2025-03-02,CMP003
C07777,Thailand,2025-07-03,CMP005
C07778,Thailand,2025-01-06,CMP001
C07779,Indonesia,2025-06-03,CMP004
C07780,Indonesia,2025-07-11,
C07781,Thailand,2025-08-08,CMP002
C07782,Thailand,2025-09-02,
C07783,Indonesia,2025-10-31,CMP003
C07784,Singapore,2025-09-09,CMP003
C07785,Indonesia,2025-09-13,
C07786,Indonesia,2025-01-16,
C07787,Singapore,2025-08-31,CMP002
C07788,Thailand,2025-07-16,CMP004
C07789,Indonesia,2025-02-20,CMP004
C07790,Thailand,2025-10-28,
C07791,Singapore,2025-06-29,CMP001
C07792,Indonesia,2025-12-17,
C07793,Indonesia,2025-01-14,CMP003
C07794,Thailand,2025-09-07,
C07795,Indonesia,2025-02-14,CMP003
C07796,Indonesia,2025-10-06,CMP002
C07797,Thailand,2025-05-06,CMP002
C07798,Singapore,2025-11-20,
C07799,Indonesia,2025-08-21,CMP001
C07800,Indonesia,2025-06-22,
C07801,Indonesia,2025-08-29,CMP004
C07802,Indonesia,2025-06-08,CMP005
C07803,Singapore,2025-12-27,
C07804,Thailand,2025-04-21,CMP001
C07805,Indonesia,2025-02-18,
C07806,Indonesia,2025-03-07,
C07807,Thailand,2025-12-12,CMP003
C07808,Indonesia,2025-09-17,
C07809,Indonesia,2025-09-15,CMP002
C07810,Thailand,2025-05-21,
C07811,Thailand,2025-07-18,CMP002
C07812,Thailand,2025-10-02,
C07813,Indonesia,2025-01-25,CMP001
C07814,Thailand,2025-03-02,CMP002
C07815,Indonesia,2025-09-09,
C07816,Indonesia,2025-08-20,
C07817,Indonesia,2025-03-25,CMP003
C07818,Indonesia,2025-11-04,
C07819,Thailand,2025-02-26,CMP004
C07820,Indonesia,2025-02-09,CMP003
C07821,Indonesia,2025-09-06,
C07822,Thailand,2025-07-18,
C07823,Singapore,2025-12-01,
C07824,Indonesia,2025-07-12,CMP001
C07825,Indonesia,2025-04-04,CMP002
C07826,Indonesia,2025-12-16,
C07827,Indonesia,2025-09-10,CMP002
C07828,Thailand,2025-08-16,CMP002
C07829,Indonesia,2025-03-01,
C07830,Indonesia,2025-03-13,CMP003
C07831,Indonesia,2025-11-06,
C07832,Indonesia,2025-08-13,
C07833,Indonesia,2025-12-24,
C07834,Indonesia,2025-12-29,
C07835,Indonesia,2025-12-22,
C07836,Indonesia,2025-10-06,CMP003
C07837,Indonesia,2025-08-31,CMP002
C07838,Indonesia,2025-08-12,CMP004
C07839,Indonesia,2025-08-05,
C07840,Indonesia,2025-02-14,
C07841,Indonesia,2025-12-07,
C07842,Indonesia,2025-07-25,CMP001
C07843,Singapore,2025-05-05,
C07844,Indonesia,2025-03-12,
C07845,Indonesia,2025-03-24,
C07846,Thailand,2025-04-06,CMP002
C07847,Thailand,2025-08-17,
C07848,Indonesia,2025-10-07,CMP003
C07849,Indonesia,2025-05-15,CMP002
C07850,Indonesia,2025-12-03,
C07851,Indonesia,2025-07-31,
C07852,Indonesia,2025-01-21,CMP004
C07853,Indonesia,2025-03-17,
C07854,Indonesia,2025-12-26,
C07855,Indonesia,2025-07-10,
C07856,Indonesia,2025-01-07,
C07857,Indonesia,2025-12-07,
C07858,Indonesia,2025-09-29,CMP004
C07859,Indonesia,2025-03-12,CMP002
C07860,Singapore,2025-05-05,CMP004
C07861,Indonesia,2025-04-20,CMP002
C07862,Indonesia,2025-09-01,CMP005
C07863,Indonesia,2025-04-20,
C07864,Indonesia,2025-07-18,
C07865,Indonesia,2025-11-18,
C07866,Indonesia,2025-02-06,CMP001
C07867,Singapore,2025-03-07,CMP001
C07868,Singapore,2025-03-16,CMP005
C07869,Indonesia,2025-02-04,CMP002
C07870,Indonesia,2025-02-07,
C07871,Thailand,2025-05-07,CMP002
C07872,Thailand,2025-07-31,CMP004
C07873,Singapore,2025-07-05,CMP001
C07874,Indonesia,2025-05-15,CMP001
C07875,Indonesia,2025-08-10,CMP002
C07876,Thailand,2025-06-14,
C07877,Indonesia,2025-01-15,
C07878,Indonesia,2025-07-11,
C07879,Thailand,2025-11-07,
C07880,Thailand,2025-04-26,
C07881,Indonesia,2025-03-07,CMP001
C07882,Singapore,2025-09-18,
C07883,Singapore,2025-11-27,
C07884,Indonesia,2025-11-22,CMP003
C07885,Indonesia,2025-11-03,CMP003
C07886,Thailand,2025-09-12,CMP003
C07887,Indonesia,2025-08-10,CMP004
C07888,Indonesia,2025-08-02,
C07889,Thailand,2025-02-13,CMP001
C07890,Thailand,2025-03-16,
C07891,Indonesia,2025-01-21,
C07892,Indonesia,2025-07-21,
C07893,Thailand,2025-11-29,CMP005
C07894,Indonesia,2025-06-24,CMP001
C07895,Thailand,2025-10-02,
C07896,Singapore,2025-06-07,CMP005
C07897,Indonesia,2025-08-29,CMP002
C07898,Thailand,2025-07-17,CMP002
C07899,Indonesia,2025-12-19,
C07900,Singapore,2025-10-14,CMP003
C07901,Indonesia,2025-11-06,
C07902,Indonesia,2025-10-21,
C07903,Indonesia,2025-06-22,
C07904,Singapore,2025-09-08,
C07905,Indonesia,2025-09-30,CMP004
C07906,Indonesia,2025-11-20,
C07907,Indonesia,2025-11-19,
C07908,Singapore,2025-05-19,
C07909,Indonesia,2025-11-01,
C07910,Singapore,2025-06-10,CMP001
C07911,Singapore,2025-06-15,
C07912,Indonesia,2025-10-17,CMP001
C07913,Indonesia,2025-06-06,CMP004
C07914,Indonesia,2025-06-21,CMP001
C07915,Indonesia,2025-07-30,CMP002
C07916,Indonesia,2025-11-03,
C07917,Indonesia,2025-12-04,
C07918,Singapore,2025-11-10,CMP005
C07919,Thailand,2025-03-13,
C07920,Indonesia,2025-12-19,
C07921,Thailand,2025-12-18,
C07922,Indonesia,2025-12-31,
C07923,Indonesia,2025-06-14,CMP002
C07924,Indonesia,2025-08-25,CMP003
C07925,Indonesia,2025-03-30,CMP001
C07926,Thailand,2025-05-30,CMP001
C07927,Indonesia,2025-04-16,
C07928,Thailand,2025-11-21,
C07929,Singapore,2025-04-04,CMP001
C07930,Indonesia,2025-09-12,
C07931,Indonesia,2025-07-20,
C07932,Singapore,2025-05-19,CMP004
C07933,Indonesia,2025-08-24,CMP002
C07934,Indonesia,2025-03-16,CMP003
C07935,Indonesia,2025-02-06,CMP002
C07936,Thailand,2025-07-12,
C07937,Indonesia,2025-07-21,CMP001
C07938,Thailand,2025-04-07,CMP001
C07939,Singapore,2025-05-11,
C07940,Singapore,2025-08-21,
C07941,Indonesia,2025-10-09,CMP003
C07942,Indonesia,2025-05-22,CMP004
C07943,Indonesia,2025-08-04,CMP004
C07944,Singapore,2025-01-27,CMP001
C07945,Singapore,2025-11-18,CMP002
C07946,Indonesia,2025-11-01,
C07947,Indonesia,2025-08-12,
C07948,Indonesia,2025-03-03,CMP001
C07949,Indonesia,2025-03-04,
C07950,Indonesia,2025-01-28,
C07951,Indonesia,2025-02-05,
C07952,Indonesia,2025-10-08,
C07953,Thailand,2025-03-07,
C07954,Indonesia,2025-12-18,CMP001
C07955,Singapore,2025-01-21,
C07956,Indonesia,2025-10-18,
C07957,Indonesia,2025-02-27,CMP004
C07958,Thailand,2025-11-16,CMP001
C07959,Indonesia,2025-05-26,CMP008
C07960,Indonesia,2025-04-29,
C07961,Indonesia,2025-11-06,CMP004
C07962,Singapore,2025-05-17,
C07963,Thailand,2025-07-01,
C07964,Indonesia,2025-03-19,
C07965,Indonesia,2025-10-27,
C07966,Indonesia,2025-04-23,
C07967,Indonesia,2025-07-16,CMP003
C07968,Indonesia,2025-11-12,
C07969,Indonesia,2025-03-24,CMP002
C07970,Singapore,2025-11-11,
C07971,Thailand,2025-05-19,CMP004
C07972,Indonesia,2025-03-05,CMP003
C07973,Indonesia,2025-07-28,
C07974,Thailand,2025-08-24,
C07975,Singapore,2025-03-30,CMP003
C07976,Indonesia,2025-05-24,
C07977,Thailand,2025-05-03,
C07978,Indonesia,2025-08-11,
C07979,Thailand,2025-11-04,CMP003
C07980,Indonesia,2025-08-17,
C07981,Thailand,2025-02-21,CMP001
C07982,Thailand,2025-07-29,
C07983,Indonesia,2025-08-15,CMP003
C07984,Singapore,2025-07-16,CMP004
C07985,Indonesia,2025-07-14,CMP002
C07986,Indonesia,2025-05-20,
C07987,Indonesia,2025-12-11,
C07988,Indonesia,2025-09-26,CMP004
C07989,Indonesia,2025-01-11,CMP005
C07990,Indonesia,2025-11-12,
C07991,Thailand,2025-08-15,
C07992,Indonesia,2025-07-10,
C07993,Thailand,2025-02-09,
C07994,Thailand,2025-12-24,
C07995,Thailand,2025-03-28,
C07996,Indonesia,2025-04-17,
C07997,Indonesia,2025-06-30,CMP003
C07998,Thailand,2025-05-08,CMP005
C07999,Indonesia,2025-04-29,CMP001
C08000,Singapore,2025-08-29,CMP004
C08001,Singapore,2025-12-18,
C08002,Thailand,2025-05-05,CMP003
C08003,Indonesia,2025-02-03,CMP004
C08004,Indonesia,2025-01-12,
C08005,Indonesia,2025-06-26,
C08006,Indonesia,2025-01-11,CMP001
C08007,Singapore,2025-08-17,CMP005
C08008,Indonesia,2025-02-15,CMP002
C08009,Indonesia,2025-06-28,CMP005
C08010,Singapore,2025-07-07,CMP001
C08011,Indonesia,2025-05-14,
C08012,Indonesia,2025-03-28,CMP002
C08013,Thailand,2025-10-27,
C08014,Indonesia,2025-11-03,
C08015,Thailand,2025-04-11,CMP001
C08016,Indonesia,2025-07-15,CMP003
C08017,Indonesia,2025-04-28,
C08018,Indonesia,2025-03-23,CMP001
C08019,Indonesia,2025-12-23,
C08020,Indonesia,2025-05-09,CMP005
C08021,Indonesia,2025-05-11,CMP001
C08022,Indonesia,2025-05-31,
C08023,Indonesia,2025-08-12,CMP002
C08024,Indonesia,2025-04-06,
C08025,Indonesia,2025-06-09,CMP003
C08026,Indonesia,2025-02-04,CMP001
C08027,Thailand,2025-02-17,CMP003
C08028,Thailand,2025-10-21,CMP002
C08029,Indonesia,2025-04-01,CMP002
C08030,Singapore,2025-08-29,CMP001
C08031,Indonesia,2025-03-27,
C08032,Thailand,2025-04-11,
C08033,Indonesia,2025-02-09,CMP001
C08034,Indonesia,2025-02-21,CMP002
C08035,Indonesia,2025-04-02,CMP005
C08036,Indonesia,2025-08-25,CMP005
C08037,Thailand,2025-07-08,CMP003
C08038,Indonesia,2025-03-20,CMP003
C08039,Indonesia,2025-04-06,
C08040,Indonesia,2025-01-05,CMP003
C08041,Thailand,2025-03-29,
C08042,Thailand,2025-09-20,CMP001
C08043,Indonesia,2025-09-14,
C08044,Indonesia,2025-01-30,CMP004
C08045,Indonesia,2025-03-27,CMP002
C08046,Thailand,2025-03-21,
C08047,Singapore,2025-05-04,CMP001
C08048,Indonesia,2025-07-08,
C08049,Indonesia,2025-05-23,CMP002
C08050,Indonesia,2025-08-21,
C08051,Thailand,2025-02-26,
C08052,Thailand,2025-03-24,CMP004
C08053,Indonesia,2025-01-22,CMP002
C08054,Indonesia,2025-07-13,
C08055,Indonesia,2025-05-28,CMP005
C08056,Thailand,2025-09-08,CMP002
C08057,Indonesia,2025-07-22,
C08058,Singapore,2025-07-26,
C08059,Singapore,2025-08-27,
C08060,Indonesia,2025-09-24,CMP001
C08061,Indonesia,2025-11-07,CMP001
C08062,Thailand,2025-07-27,CMP005
C08063,Singapore,2025-09-26,
C08064,Indonesia,2025-03-27,CMP004
C08065,Indonesia,2025-09-13,
C08066,Indonesia,2025-01-19,CMP001
C08067,Singapore,2025-11-04,CMP003
C08068,Indonesia,2025-06-02,CMP001
C08069,Indonesia,2025-07-31,
C08070,Indonesia,2025-06-03,
C08071,Indonesia,2025-06-11,CMP004
C08072,Indonesia,2025-01-09,
C08073,Thailand,2025-11-23,
C08074,Singapore,2025-08-19,CMP004
C08075,Thailand,2025-03-13,
C08076,Indonesia,2025-06-04,CMP001
C08077,Indonesia,2025-03-14,CMP002
C08078,Singapore,2025-04-27,CMP002
C08079,Indonesia,2025-05-10,CMP002
C08080,Thailand,2025-08-27,CMP004
C08081,Singapore,2025-07-10,
C08082,Indonesia,2025-08-26,
C08083,Indonesia,2025-01-27,
C08084,Singapore,2025-03-16,
C08085,Indonesia,2025-02-21,CMP003
C08086,Indonesia,2025-01-28,
C08087,Singapore,2025-07-17,
C08088,Indonesia,2025-08-10,
C08089,Indonesia,2025-05-31,CMP003
C08090,Indonesia,2025-09-20,
C08091,Singapore,2025-01-21,CMP004
C08092,Indonesia,2025-09-03,
C08093,Indonesia,2025-06-19,CMP004
C08094,Indonesia,2025-09-17,CMP003
C08095,Indonesia,2025-02-21,
C08096,Indonesia,2025-12-31,
C08097,Indonesia,2025-01-31,
C08098,Thailand,2025-04-22,
C08099,Indonesia,2025-07-10,
C08100,Indonesia,2025-07-26,
C08101,Indonesia,2025-11-10,CMP001
C08102,Indonesia,2025-11-15,
C08103,Indonesia,2025-07-08,
C08104,Indonesia,2025-09-22,CMP004
C08105,Thailand,2025-08-13,CMP003
C08106,Thailand,2025-08-10,
C08107,Thailand,2025-01-19,CMP003
C08108,Thailand,2025-10-08,CMP005
C08109,Indonesia,2025-10-17,CMP003
C08110,Singapore,2025-03-20,
C08111,Indonesia,2025-07-13,
C08112,Thailand,2025-08-14,
C08113,Indonesia,2025-11-22,CMP002
C08114,Thailand,2025-03-14,
C08115,Indonesia,2025-04-11,
C08116,Indonesia,2025-07-16,CMP002
C08117,Indonesia,2025-04-23,
C08118,Indonesia,2025-06-05,CMP003
C08119,Indonesia,2025-03-10,CMP001
C08120,Indonesia,2025-10-19,
C08121,Indonesia,2025-03-19,
C08122,Indonesia,2025-10-18,CMP003
C08123,Indonesia,2025-04-18,CMP005
C08124,Indonesia,2025-02-03,
C08125,Indonesia,2025-01-20,CMP004
C08126,Thailand,2025-09-05,
C08127,Indonesia,2025-04-23,
C08128,Singapore,2025-03-26,
C08129,Indonesia,2025-09-10,
C08130,Indonesia,2025-12-09,
C08131,Thailand,2025-06-25,CMP002
C08132,Singapore,2025-07-10,
C08133,Indonesia,2025-05-13,
C08134,Singapore,2025-10-08,
C08135,Thailand,2025-06-19,CMP004
C08136,Indonesia,2025-06-17,
C08137,Thailand,2025-12-08,
C08138,Indonesia,2025-10-29,
C08139,Thailand,2025-05-23,
C08140,Indonesia,2025-05-06,
C08141,Indonesia,2025-01-12,CMP002
C08142,Indonesia,2025-05-20,
C08143,Indonesia,2025-09-18,CMP002
C08144,Indonesia,2025-07-27,
C08145,Indonesia,2025-10-30,
C08146,Indonesia,2025-05-12,CMP004
C08147,Indonesia,2025-03-17,
C08148,Singapore,2025-04-23,CMP002
C08149,Indonesia,2025-05-08,
C08150,Singapore,2025-03-20,
C08151,Indonesia,2025-12-24,
C08152,Indonesia,2025-07-05,CMP005
C08153,Indonesia,2025-07-24,CMP003
C08154,Indonesia,2025-06-19,
C08155,Indonesia,2025-05-05,
C08156,Singapore,2025-09-04,CMP004
C08157,Indonesia,2025-12-06,CMP004
C08158,Singapore,2025-06-10,
C08159,Indonesia,2025-01-30,CMP003
C08160,Indonesia,2025-08-10,CMP002
C08161,Singapore,2025-08-31,
C08162,Singapore,2025-06-20,CMP003
C08163,Indonesia,2025-03-02,
C08164,Singapore,2025-09-07,
C08165,Singapore,2025-09-09,
C08166,Indonesia,2025-07-22,
C08167,Indonesia,2025-07-27,CMP004
C08168,Indonesia,2025-05-01,
C08169,Thailand,2025-11-09,CMP003
C08170,Indonesia,2025-06-22,
C08171,Indonesia,2025-06-17,CMP004
C08172,Indonesia,2025-02-12,CMP004
C08173,Thailand,2025-02-12,CMP004
C08174,Indonesia,2025-01-05,
C08175,Indonesia,2025-08-08,
C08176,Singapore,2025-02-17,
C08177,Thailand,2025-12-24,
C08178,Indonesia,2025-01-27,
C08179,Indonesia,2025-04-01,CMP001
C08180,Singapore,2025-05-30,
C08181,Thailand,2025-07-07,CMP001
C08182,Indonesia,2025-12-25,
C08183,Indonesia,2025-10-20,CMP001
C08184,Singapore,2025-03-26,
C08185,Indonesia,2025-06-19,CMP004
C08186,Indonesia,2025-10-26,CMP001
C08187,Thailand,2025-01-21,CMP001
C08188,Thailand,2025-04-09,CMP003
C08189,Thailand,2025-07-20,CMP004
C08190,Indonesia,2025-09-09,CMP004
C08191,Indonesia,2025-10-31,
C08192,Indonesia,2025-09-27,
C08193,Indonesia,2025-11-10,
C08194,Indonesia,2025-02-03,
C08195,Indonesia,2025-05-14,
C08196,Indonesia,2025-12-25,
C08197,Thailand,2025-09-12,
C08198,Indonesia,2025-12-19,
C08199,Singapore,2025-07-21,
C08200,Indonesia,2025-12-07,
C08201,Thailand,2025-08-31,
C08202,Singapore,2025-07-03,CMP002
C08203,Indonesia,2025-06-06,
C08204,Thailand,2025-12-28,
C08205,Thailand,2025-08-03,CMP004
C08206,Thailand,2025-05-01,
C08207,Thailand,2025-06-08,
C08208,Indonesia,2025-04-18,
C08209,Thailand,2025-03-18,
C08210,Indonesia,2025-01-19,
C08211,Singapore,2025-10-28,CMP004
C08212,Indonesia,2025-03-17,
C08213,Indonesia,2025-08-18,
C08214,Indonesia,2025-02-07,CMP004
C08215,Thailand,2025-06-20,CMP003
C08216,Indonesia,2025-10-24,CMP003
C08217,Indonesia,2025-09-04,CMP001
C08218,Singapore,2025-03-04,CMP003
C08219,Singapore,2025-12-09,
C08220,Thailand,2025-10-10,CMP001
C08221,Singapore,2025-06-04,
C08222,Singapore,2025-04-18,CMP001
C08223,Indonesia,2025-12-02,CMP004
C08224,Indonesia,2025-03-22,CMP005
C08225,Indonesia,2025-06-26,CMP002
C08226,Thailand,2025-01-17,
C08227,Indonesia,2025-05-10,CMP005
C08228,Indonesia,2025-09-12,
C08229,Thailand,2025-07-23,
C08230,Indonesia,2025-06-15,CMP003
C08231,Thailand,2025-06-17,
C08232,Indonesia,2025-12-29,
C08233,Singapore,2025-06-11,
C08234,Singapore,2025-10-18,
C08235,Indonesia,2025-04-05,CMP003
C08236,Singapore,2025-03-26,CMP001
C08237,Indonesia,2025-08-01,
C08238,Indonesia,2025-06-21,
C08239,Indonesia,2025-03-13,
C08240,Indonesia,2025-11-06,
C08241,Singapore,2025-05-23,CMP004
C08242,Indonesia,2025-04-03,CMP002
C08243,Thailand,2025-01-05,
C08244,Indonesia,2025-12-31,
C08245,Indonesia,2025-11-11,
C08246,Indonesia,2025-01-02,CMP002
C08247,Indonesia,2025-09-14,
C08248,Indonesia,2025-03-17,CMP004
C08249,Singapore,2025-12-04,CMP001
C08250,Indonesia,2025-09-16,
C08251,Singapore,2025-07-20,
C08252,Thailand,2025-10-30,CMP002
C08253,Indonesia,2025-11-10,CMP002
C08254,Indonesia,2025-01-21,CMP003
C08255,Indonesia,2025-10-30,CMP001
C08256,Singapore,2025-10-03,
C08257,Indonesia,2025-08-22,CMP002
C08258,Indonesia,2025-06-20,
C08259,Thailand,2025-10-29,CMP002
C08260,Indonesia,2025-02-02,CMP003
C08261,Singapore,2025-08-02,
C08262,Indonesia,2025-11-08,CMP001
C08263,Thailand,2025-06-11,CMP002
C08264,Indonesia,2025-04-25,
C08265,Singapore,2025-06-03,
C08266,Thailand,2025-01-20,CMP001
C08267,Singapore,2025-12-09,
C08268,Indonesia,2025-05-11,CMP004
C08269,Indonesia,2025-01-03,
C08270,Indonesia,2025-01-21,CMP001
C08271,Indonesia,2025-08-19,CMP004
C08272,Indonesia,2025-01-02,CMP005
C08273,Thailand,2025-02-08,
C08274,Indonesia,2025-05-21,
C08275,Singapore,2025-10-07,CMP001
C08276,Indonesia,2025-01-09,CMP004
C08277,Thailand,2025-11-24,CMP002
C08278,Thailand,2025-11-04,CMP004
C08279,Singapore,2025-09-12,CMP003
C08280,Indonesia,2025-04-20,CMP004
C08281,Indonesia,2025-10-10,
C08282,Singapore,2025-03-01,CMP002
C08283,Indonesia,2025-07-19,
C08284,Indonesia,2025-06-18,CMP001
C08285,Indonesia,2025-12-02,
C08286,Indonesia,2025-12-17,
C08287,Thailand,2025-06-18,CMP004
C08288,Indonesia,2025-09-03,CMP002
C08289,Singapore,2025-03-08,CMP004
C08290,Indonesia,2025-05-13,CMP002
C08291,Thailand,2025-05-30,CMP008
C08292,Indonesia,2025-08-01,CMP004
C08293,Indonesia,2025-08-07,
C08294,Indonesia,2025-03-25,
C08295,Indonesia,2025-05-28,CMP004
C08296,Thailand,2025-10-05,CMP001
C08297,Indonesia,2025-11-24,
C08298,Singapore,2025-03-21,
C08299,Singapore,2025-01-02,
C08300,Thailand,2025-02-03,CMP002
C08301,Singapore,2025-05-19,
C08302,Thailand,2025-02-28,
C08303,Indonesia,2025-06-22,
C08304,Indonesia,2025-10-01,CMP002
C08305,Indonesia,2025-03-04,
C08306,Indonesia,2025-11-11,
C08307,Indonesia,2025-02-12,
C08308,Indonesia,2025-02-17,
C08309,Thailand,2025-07-18,CMP002
C08310,Singapore,2025-10-07,
C08311,Singapore,2025-01-10,CMP001
C08312,Thailand,2025-11-14,
C08313,Singapore,2025-02-14,CMP001
C08314,Indonesia,2025-03-25,CMP004
C08315,Indonesia,2025-03-24,
C08316,Indonesia,2025-12-20,
C08317,Singapore,2025-09-03,CMP005
C08318,Indonesia,2025-11-20,
C08319,Singapore,2025-06-24,
C08320,Indonesia,2025-08-10,
C08321,Thailand,2025-09-20,
C08322,Indonesia,2025-07-26,
C08323,Thailand,2025-04-08,
C08324,Thailand,2025-09-05,CMP003
C08325,Indonesia,2025-12-24,
C08326,Thailand,2025-04-27,CMP002
C08327,Indonesia,2025-09-11,
C08328,Indonesia,2025-08-23,
C08329,Indonesia,2025-11-25,CMP001
C08330,Indonesia,2025-01-22,CMP002
C08331,Indonesia,2025-04-07,
C08332,Indonesia,2025-07-01,CMP004
C08333,Singapore,2025-12-07,CMP001
C08334,Indonesia,2025-11-29,
C08335,Singapore,2025-01-04,CMP002
C08336,Indonesia,2025-08-26,
C08337,Indonesia,2025-02-19,CMP001
C08338,Thailand,2025-10-15,CMP003
C08339,Indonesia,2025-10-31,CMP005
C08340,Indonesia,2025-09-11,CMP001
C08341,Thailand,2025-10-10,
C08342,Indonesia,2025-06-24,
C08343,Thailand,2025-01-17,
C08344,Indonesia,2025-11-23,
C08345,Indonesia,2025-06-09,
C08346,Indonesia,2025-08-06,
C08347,Indonesia,2025-02-24,
C08348,Thailand,2025-06-03,
C08349,Thailand,2025-03-12,CMP001
C08350,Singapore,2025-07-14,
C08351,Indonesia,2025-05-24,CMP003
C08352,Singapore,2025-07-30,CMP001
C08353,Indonesia,2025-09-29,CMP001
C08354,Indonesia,2025-09-13,CMP002
C08355,Indonesia,2025-06-03,CMP002
C08356,Singapore,2025-01-14,
C08357,Indonesia,2025-06-17,CMP003
C08358,Singapore,2025-02-17,CMP003
C08359,Thailand,2025-09-26,CMP003
C08360,Indonesia,2025-02-21,
C08361,Singapore,2025-02-18,
C08362,Indonesia,2025-06-20,
C08363,Indonesia,2025-03-05,CMP002
C08364,Indonesia,2025-04-19,
C08365,Indonesia,2025-02-10,
C08366,Indonesia,2025-05-22,
C08367,Thailand,2025-10-09,
C08368,Thailand,2025-02-10,
C08369,Singapore,2025-10-09,
C08370,Indonesia,2025-12-20,
C08371,Thailand,2025-10-10,CMP002
C08372,Singapore,2025-02-21,
C08373,Indonesia,2025-01-21,
C08374,Indonesia,2025-08-04,CMP005
C08375,Indonesia,2025-06-20,CMP002
C08376,Indonesia,2025-01-27,CMP002
C08377,Singapore,2025-02-18,CMP001
C08378,Indonesia,2025-10-29,CMP004
C08379,Indonesia,2025-09-02,CMP004
C08380,Indonesia,2025-07-04,CMP002
C08381,Indonesia,2025-02-24,CMP001
C08382,Singapore,2025-10-30,
C08383,Indonesia,2025-05-07,
C08384,Indonesia,2025-03-28,
C08385,Thailand,2025-10-19,CMP003
C08386,Thailand,2025-02-23,CMP005
C08387,Indonesia,2025-01-09,CMP003
C08388,Indonesia,2025-12-29,
C08389,Indonesia,2025-12-16,
C08390,Indonesia,2025-07-28,CMP004
C08391,Singapore,2025-09-25,CMP003
C08392,Thailand,2025-10-23,CMP003
C08393,Indonesia,2025-04-07,CMP003
C08394,Indonesia,2025-05-02,CMP001
C08395,Thailand,2025-04-19,
C08396,Indonesia,2025-07-18,
C08397,Indonesia,2025-09-28,CMP002
C08398,Indonesia,2025-03-11,
C08399,Indonesia,2025-10-30,CMP004
C08400,Indonesia,2025-10-24,CMP001
C08401,Thailand,2025-05-08,
C08402,Thailand,2025-03-05,
C08403,Thailand,2025-05-11,CMP003
C08404,Indonesia,2025-09-12,CMP002
C08405,Indonesia,2025-02-28,
C08406,Thailand,2025-04-08,CMP002
C08407,Indonesia,2025-12-20,
C08408,Thailand,2025-04-05,CMP005
C08409,Indonesia,2025-10-25,
C08410,Indonesia,2025-12-10,
C08411,Indonesia,2025-12-31,
C08412,Thailand,2025-05-08,CMP001
C08413,Thailand,2025-02-06,
C08414,Singapore,2025-03-10,
C08415,Singapore,2025-05-22,CMP005
C08416,Indonesia,2025-10-22,CMP005
C08417,Thailand,2025-04-18,
C08418,Indonesia,2025-12-23,
C08419,Indonesia,2025-02-24,CMP002
C08420,Indonesia,2025-08-17,CMP004
C08421,Thailand,2025-11-28,
C08422,Indonesia,2025-07-08,CMP001
C08423,Indonesia,2025-07-30,CMP002
C08424,Thailand,2025-09-23,
C08425,Thailand,2025-08-16,CMP003
C08426,Indonesia,2025-11-22,
C08427,Indonesia,2025-07-19,CMP005
C08428,Singapore,2025-12-07,
C08429,Indonesia,2025-12-06,
C08430,Singapore,2025-09-08,CMP001
C08431,Indonesia,2025-08-12,CMP004
C08432,Indonesia,2025-01-02,CMP002
C08433,Indonesia,2025-03-23,
C08434,Thailand,2025-01-31,CMP004
C08435,Indonesia,2025-09-26,CMP001
C08436,Indonesia,2025-07-31,
C08437,Indonesia,2025-05-28,CMP001
C08438,Indonesia,2025-05-24,
C08439,Indonesia,2025-01-08,
C08440,Indonesia,2025-09-29,
C08441,Indonesia,2025-08-21,
C08442,Indonesia,2025-11-26,CMP001
C08443,Thailand,2025-04-13,CMP004
C08444,Thailand,2025-05-22,
C08445,Indonesia,2025-07-19,
C08446,Indonesia,2025-09-03,
C08447,Indonesia,2025-03-10,CMP001
C08448,Thailand,2025-05-01,CMP004
C08449,Indonesia,2025-07-16,
C08450,Indonesia,2025-10-10,
C08451,Indonesia,2025-03-16,CMP003
C08452,Indonesia,2025-07-09,CMP002
C08453,Indonesia,2025-12-20,
C08454,Indonesia,2025-12-04,
C08455,Thailand,2025-06-08,CMP003
C08456,Indonesia,2025-01-11,CMP004
C08457,Indonesia,2025-02-24,
C08458,Indonesia,2025-05-25,
C08459,Thailand,2025-05-06,
C08460,Singapore,2025-12-09,
C08461,Indonesia,2025-11-11,
C08462,Singapore,2025-09-29,
C08463,Indonesia,2025-11-18,
C08464,Indonesia,2025-09-28,
C08465,Indonesia,2025-01-11,CMP002
C08466,Thailand,2025-12-20,
C08467,Indonesia,2025-08-03,
C08468,Indonesia,2025-01-01,CMP004
C08469,Indonesia,2025-04-06,
C08470,Thailand,2025-06-06,CMP005
C08471,Indonesia,2025-08-06,CMP002
C08472,Indonesia,2025-05-20,CMP001
C08473,Indonesia,2025-11-18,
C08474,Indonesia,2025-11-05,CMP001
C08475,Indonesia,2025-07-02,CMP003
C08476,Thailand,2025-08-30,
C08477,Indonesia,2025-05-06,CMP002
C08478,Indonesia,2025-06-22,
C08479,Indonesia,2025-05-04,
C08480,Indonesia,2025-09-10,CMP002
C08481,Indonesia,2025-10-15,
C08482,Indonesia,2025-02-09,CMP002
C08483,Indonesia,2025-03-12,
C08484,Indonesia,2025-01-23,CMP003
C08485,Indonesia,2025-07-31,
C08486,Indonesia,2025-02-07,
C08487,Indonesia,2025-10-08,CMP002
C08488,Indonesia,2025-03-11,
C08489,Indonesia,2025-04-20,
C08490,Indonesia,2025-02-19,CMP001
C08491,Singapore,2025-01-06,
C08492,Indonesia,2025-07-29,
C08493,Thailand,2025-05-24,CMP004
C08494,Singapore,2025-08-19,
C08495,Indonesia,2025-02-17,
C08496,Thailand,2025-05-02,CMP004
C08497,Thailand,2025-02-17,CMP004
C08498,Indonesia,2025-11-03,CMP002
C08499,Singapore,2025-11-19,CMP004
C08500,Indonesia,2025-05-04,CMP004
C08501,Indonesia,2025-12-19,
C08502,Thailand,2025-03-27,CMP003
C08503,Thailand,2025-12-23,
C08504,Thailand,2025-09-08,CMP001
C08505,Thailand,2025-04-21,CMP003
C08506,Indonesia,2025-06-19,
C08507,Indonesia,2025-09-15,CMP005
C08508,Indonesia,2025-10-22,
C08509,Thailand,2025-08-07,CMP003
C08510,Thailand,2025-07-02,
C08511,Thailand,2025-10-12,CMP002
C08512,Thailand,2025-01-14,
C08513,Indonesia,2025-11-18,
C08514,Indonesia,2025-12-08,
C08515,Thailand,2025-03-30,
C08516,Thailand,2025-04-30,
C08517,Indonesia,2025-04-02,CMP005
C08518,Indonesia,2025-04-18,CMP005
C08519,Indonesia,2025-06-01,
C08520,Indonesia,2025-12-05,
C08521,Indonesia,2025-11-13,
C08522,Thailand,2025-03-02,
C08523,Indonesia,2025-04-15,CMP002
C08524,Thailand,2025-06-03,CMP002
C08525,Indonesia,2025-08-10,
C08526,Thailand,2025-02-02,CMP002
C08527,Indonesia,2025-03-23,
C08528,Indonesia,2025-01-04,
C08529,Indonesia,2025-01-18,CMP001
C08530,Thailand,2025-12-17,CMP004
C08531,Indonesia,2025-08-04,CMP004
C08532,Indonesia,2025-03-22,
C08533,Indonesia,2025-03-20,CMP002
C08534,Indonesia,2025-08-11,
C08535,Indonesia,2025-03-27,
C08536,Thailand,2025-09-24,CMP002
C08537,Indonesia,2025-12-13,
C08538,Singapore,2025-10-30,
C08539,Singapore,2025-10-27,
C08540,Indonesia,2025-08-20,
C08541,Indonesia,2025-11-01,CMP004
C08542,Indonesia,2025-10-18,CMP004
C08543,Indonesia,2025-08-18,
C08544,Thailand,2025-11-09,
C08545,Indonesia,2025-08-16,CMP005
C08546,Thailand,2025-05-14,CMP005
C08547,Indonesia,2025-01-11,
C08548,Indonesia,2025-06-01,CMP005
C08549,Indonesia,2025-10-02,
C08550,Singapore,2025-02-16,CMP005
C08551,Thailand,2025-03-01,CMP002
C08552,Singapore,2025-03-06,
C08553,Thailand,2025-04-28,
C08554,Singapore,2025-10-01,
C08555,Indonesia,2025-02-27,CMP002
C08556,Singapore,2025-07-22,
C08557,Thailand,2025-10-25,
C08558,Indonesia,2025-03-11,
C08559,Indonesia,2025-04-03,
C08560,Thailand,2025-04-29,CMP001
C08561,Singapore,2025-05-04,CMP002
C08562,Singapore,2025-09-18,CMP004
C08563,Singapore,2025-10-06,CMP001
C08564,Indonesia,2025-05-04,CMP005
C08565,Indonesia,2025-02-12,CMP002
C08566,Indonesia,2025-10-03,CMP005
C08567,Indonesia,2025-05-14,
C08568,Thailand,2025-03-11,
C08569,Indonesia,2025-01-23,
C08570,Indonesia,2025-04-16,
C08571,Thailand,2025-04-23,CMP002
C08572,Indonesia,2025-02-15,CMP002
C08573,Indonesia,2025-11-16,
C08574,Thailand,2025-08-05,CMP002
C08575,Indonesia,2025-10-07,
C08576,Indonesia,2025-06-14,CMP003
C08577,Indonesia,2025-12-15,
C08578,Indonesia,2025-06-22,CMP003
C08579,Thailand,2025-01-06,
C08580,Thailand,2025-12-07,CMP003
C08581,Indonesia,2025-01-16,CMP003
C08582,Thailand,2025-03-26,CMP002
C08583,Indonesia,2025-11-23,CMP002
C08584,Thailand,2025-02-12,
C08585,Singapore,2025-09-04,
C08586,Indonesia,2025-02-20,CMP003
C08587,Thailand,2025-10-03,CMP001
C08588,Thailand,2025-01-30,CMP001
C08589,Indonesia,2025-11-06,CMP005
C08590,Singapore,2025-03-18,CMP002
C08591,Indonesia,2025-06-10,CMP005
C08592,Thailand,2025-02-28,CMP002
C08593,Thailand,2025-09-16,
C08594,Indonesia,2025-05-30,CMP001
C08595,Indonesia,2025-02-13,CMP004
C08596,Thailand,2025-03-17,CMP005
C08597,Indonesia,2025-10-23,CMP001
C08598,Indonesia,2025-05-28,CMP004
C08599,Indonesia,2025-02-09,CMP005
C08600,Indonesia,2025-05-28,
C08601,Indonesia,2025-01-22,
C08602,Indonesia,2025-08-29,
C08603,Indonesia,2025-08-11,
C08604,Indonesia,2025-01-23,CMP004
C08605,Thailand,2025-01-02,
C08606,Indonesia,2025-05-06,CMP003
C08607,Indonesia,2025-11-22,CMP005
C08608,Thailand,2025-07-05,
C08609,Indonesia,2025-05-21,
C08610,Indonesia,2025-07-27,CMP005
C08611,Indonesia,2025-03-04,CMP005
C08612,Thailand,2025-03-18,CMP001
C08613,Indonesia,2025-09-19,CMP003
C08614,Indonesia,2025-06-14,CMP002
C08615,Indonesia,2025-01-26,
C08616,Thailand,2025-03-29,CMP002
C08617,Thailand,2025-07-12,
C08618,Thailand,2025-10-10,CMP004
C08619,Indonesia,2025-11-17,
C08620,Indonesia,2025-07-28,CMP001
C08621,Thailand,2025-07-30,CMP002
C08622,Indonesia,2025-11-11,
C08623,Indonesia,2025-11-13,
C08624,Thailand,2025-01-09,CMP002
C08625,Singapore,2025-11-22,CMP004
C08626,Indonesia,2025-09-27,
C08627,Indonesia,2025-02-03,CMP003
C08628,Singapore,2025-01-25,CMP002
C08629,Indonesia,2025-07-20,
C08630,Indonesia,2025-09-28,
C08631,Singapore,2025-10-12,
C08632,Indonesia,2025-01-03,
C08633,Singapore,2025-05-13,CMP001
C08634,Indonesia,2025-11-26,
C08635,Indonesia,2025-08-31,
C08636,Indonesia,2025-05-08,CMP004
C08637,Thailand,2025-07-13,CMP001
C08638,Indonesia,2025-04-07,CMP002
C08639,Indonesia,2025-02-02,CMP001
C08640,Indonesia,2025-05-05,CMP001
C08641,Indonesia,2025-02-03,
C08642,Thailand,2025-07-24,CMP003
C08643,Thailand,2025-06-01,
C08644,Indonesia,2025-09-25,
C08645,Thailand,2025-12-09,
C08646,Indonesia,2025-06-07,CMP002
C08647,Indonesia,2025-03-23,
C08648,Thailand,2025-08-03,
C08649,Indonesia,2025-03-08,CMP004
C08650,Indonesia,2025-09-28,CMP001
C08651,Indonesia,2025-02-23,
C08652,Indonesia,2025-05-09,CMP005
C08653,Thailand,2025-01-21,
C08654,Singapore,2025-05-30,
C08655,Indonesia,2025-11-20,
C08656,Singapore,2025-07-01,CMP004
C08657,Thailand,2025-07-11,CMP002
C08658,Indonesia,2025-01-22,
C08659,Thailand,2025-04-28,CMP003
C08660,Indonesia,2025-07-08,CMP003
C08661,Indonesia,2025-12-16,
C08662,Singapore,2025-04-09,CMP005
C08663,Thailand,2025-01-12,CMP001
C08664,Indonesia,2025-08-29,
C08665,Thailand,2025-07-30,
C08666,Indonesia,2025-05-29,
C08667,Indonesia,2025-09-29,CMP001
C08668,Thailand,2025-01-12,CMP004
C08669,Indonesia,2025-02-25,CMP002
C08670,Thailand,2025-10-12,
C08671,Indonesia,2025-09-23,
C08672,Indonesia,2025-05-22,
C08673,Indonesia,2025-03-10,CMP005
C08674,Indonesia,2025-12-23,
C08675,Indonesia,2025-12-19,
C08676,Thailand,2025-05-29,CMP002
C08677,Singapore,2025-01-30,
C08678,Indonesia,2025-05-30,CMP004
C08679,Indonesia,2025-04-21,CMP004
C08680,Indonesia,2025-07-01,CMP003
C08681,Indonesia,2025-09-27,CMP002
C08682,Singapore,2025-06-11,CMP005
C08683,Indonesia,2025-03-04,CMP005
C08684,Thailand,2025-04-24,
C08685,Indonesia,2025-02-22,
C08686,Indonesia,2025-12-31,
C08687,Indonesia,2025-09-27,CMP005
C08688,Indonesia,2025-03-05,CMP001
C08689,Singapore,2025-11-07,
C08690,Indonesia,2025-05-04,
C08691,Thailand,2025-11-20,CMP005
C08692,Indonesia,2025-09-10,
C08693,Thailand,2025-07-27,CMP004
C08694,Indonesia,2025-04-26,CMP004
C08695,Singapore,2025-07-28,
C08696,Singapore,2025-02-09,
C08697,Thailand,2025-11-10,CMP004
C08698,Thailand,2025-09-12,CMP003
C08699,Singapore,2025-06-17,
C08700,Indonesia,2025-02-18,
C08701,Singapore,2025-09-14,CMP004
C08702,Thailand,2025-10-10,CMP004
C08703,Singapore,2025-09-26,
C08704,Singapore,2025-01-06,
C08705,Thailand,2025-04-17,CMP005
C08706,Indonesia,2025-01-16,
C08707,Thailand,2025-06-21,CMP002
C08708,Indonesia,2025-02-27,CMP003
C08709,Indonesia,2025-11-02,CMP002
C08710,Indonesia,2025-01-07,
C08711,Indonesia,2025-07-13,
C08712,Thailand,2025-11-23,CMP002
C08713,Thailand,2025-05-16,CMP001
C08714,Indonesia,2025-11-02,
C08715,Singapore,2025-08-01,CMP005
C08716,Thailand,2025-11-14,CMP001
C08717,Indonesia,2025-07-20,CMP001
C08718,Indonesia,2025-06-27,CMP003
C08719,Indonesia,2025-01-30,
C08720,Indonesia,2025-11-06,CMP003
C08721,Singapore,2025-03-05,CMP001
C08722,Thailand,2025-11-24,
C08723,Indonesia,2025-05-27,
C08724,Indonesia,2025-05-30,CMP003
C08725,Indonesia,2025-07-23,CMP003
C08726,Thailand,2025-06-25,CMP002
C08727,Indonesia,2025-10-28,CMP005
C08728,Indonesia,2025-07-28,
C08729,Singapore,2025-03-22,
C08730,Thailand,2025-11-07,
C08731,Indonesia,2025-03-17,
C08732,Indonesia,2025-08-20,CMP002
C08733,Indonesia,2025-06-22,CMP004
C08734,Indonesia,2025-02-17,
C08735,Thailand,2025-01-19,CMP001
C08736,Indonesia,2025-05-31,
C08737,Indonesia,2025-10-02,CMP002
C08738,Thailand,2025-01-22,
C08739,Indonesia,2025-11-19,
C08740,Indonesia,2025-06-22,CMP004
C08741,Indonesia,2025-07-22,CMP003
C08742,Indonesia,2025-01-24,CMP004
C08743,Indonesia,2025-02-19,
C08744,Indonesia,2025-03-07,CMP005
C08745,Singapore,2025-01-10,CMP001
C08746,Singapore,2025-04-09,CMP002
C08747,Indonesia,2025-01-29,CMP001
C08748,Indonesia,2025-04-15,CMP003
C08749,Singapore,2025-07-23,
C08750,Thailand,2025-02-15,
C08751,Indonesia,2025-01-14,CMP005
C08752,Indonesia,2025-12-17,
C08753,Singapore,2025-06-14,CMP001
C08754,Indonesia,2025-04-19,CMP004
C08755,Thailand,2025-03-31,CMP002
C08756,Singapore,2025-05-11,
C08757,Indonesia,2025-07-02,CMP001
C08758,Indonesia,2025-08-09,
C08759,Indonesia,2025-04-04,CMP005
C08760,Indonesia,2025-02-25,
C08761,Indonesia,2025-09-06,CMP003
C08762,Thailand,2025-10-15,
C08763,Thailand,2025-03-15,CMP004
C08764,Thailand,2025-09-26,
C08765,Thailand,2025-05-29,
C08766,Indonesia,2025-01-21,
C08767,Singapore,2025-06-05,CMP005
C08768,Thailand,2025-01-03,CMP002
C08769,Thailand,2025-08-18,
C08770,Indonesia,2025-06-25,
C08771,Singapore,2025-09-02,CMP001
C08772,Thailand,2025-10-09,CMP002
C08773,Indonesia,2025-09-28,CMP003
C08774,Indonesia,2025-01-24,CMP005
C08775,Indonesia,2025-11-27,
C08776,Indonesia,2025-03-05,
C08777,Indonesia,2025-12-08,CMP004
C08778,Thailand,2025-12-20,
C08779,Thailand,2025-11-07,
C08780,Indonesia,2025-09-17,CMP002
C08781,Indonesia,2025-10-17,
C08782,Thailand,2025-02-03,
C08783,Indonesia,2025-05-27,CMP002
C08784,Thailand,2025-01-09,
C08785,Singapore,2025-08-20,CMP003
C08786,Thailand,2025-10-26,
C08787,Thailand,2025-07-26,
C08788,Indonesia,2025-12-28,
C08789,Indonesia,2025-11-17,
C08790,Indonesia,2025-11-16,CMP003
C08791,Singapore,2025-07-12,CMP001
C08792,Indonesia,2025-12-03,
C08793,Thailand,2025-10-10,CMP002
C08794,Thailand,2025-11-04,
C08795,Thailand,2025-12-13,
C08796,Indonesia,2025-08-22,CMP002
C08797,Indonesia,2025-09-25,CMP004
C08798,Thailand,2025-10-02,
C08799,Indonesia,2025-10-24,
C08800,Indonesia,2025-10-19,
C08801,Indonesia,2025-06-19,CMP002
C08802,Indonesia,2025-05-31,CMP001
C08803,Singapore,2025-09-14,CMP003
C08804,Thailand,2025-10-19,CMP005
C08805,Singapore,2025-04-10,
C08806,Indonesia,2025-04-08,CMP002
C08807,Indonesia,2025-04-25,
C08808,Thailand,2025-03-14,
C08809,Indonesia,2025-08-09,
C08810,Singapore,2025-10-14,CMP003
C08811,Indonesia,2025-01-29,CMP004
C08812,Indonesia,2025-12-25,
C08813,Indonesia,2025-10-13,CMP004
C08814,Thailand,2025-07-23,
C08815,Thailand,2025-08-23,
C08816,Thailand,2025-01-16,CMP001
C08817,Thailand,2025-03-31,CMP003
C08818,Indonesia,2025-06-08,
C08819,Indonesia,2025-04-27,CMP004
C08820,Indonesia,2025-04-23,
C08821,Thailand,2025-12-06,
C08822,Thailand,2025-07-05,CMP004
C08823,Indonesia,2025-09-24,CMP001
C08824,Thailand,2025-10-15,CMP002
C08825,Thailand,2025-05-26,
C08826,Singapore,2025-06-26,CMP002
C08827,Indonesia,2025-12-06,CMP001
C08828,Singapore,2025-03-14,CMP005
C08829,Thailand,2025-10-17,CMP002
C08830,Indonesia,2025-06-24,CMP004
C08831,Indonesia,2025-03-17,CMP004
C08832,Indonesia,2025-07-03,
C08833,Indonesia,2025-03-17,
C08834,Indonesia,2025-05-17,
C08835,Indonesia,2025-10-09,CMP001
C08836,Indonesia,2025-07-13,
C08837,Indonesia,2025-11-19,CMP002
C08838,Indonesia,2025-04-21,
C08839,Thailand,2025-09-04,
C08840,Thailand,2025-02-20,CMP005
C08841,Singapore,2025-12-18,
C08842,Thailand,2025-04-08,
C08843,Indonesia,2025-06-10,CMP002
C08844,Indonesia,2025-03-03,CMP002
C08845,Thailand,2025-04-09,CMP004
C08846,Indonesia,2025-07-24,
C08847,Indonesia,2025-05-04,CMP003
C08848,Thailand,2025-06-09,
C08849,Thailand,2025-05-20,CMP003
C08850,Singapore,2025-01-21,
C08851,Indonesia,2025-03-26,CMP002
C08852,Indonesia,2025-04-25,CMP004
C08853,Singapore,2025-12-08,
C08854,Thailand,2025-08-11,CMP002
C08855,Indonesia,2025-07-19,
C08856,Indonesia,2025-01-29,CMP001
C08857,Indonesia,2025-07-18,CMP002
C08858,Indonesia,2025-02-08,CMP001
C08859,Thailand,2025-04-09,
C08860,Thailand,2025-06-21,CMP003
C08861,Indonesia,2025-01-14,CMP004
C08862,Indonesia,2025-02-03,
C08863,Thailand,2025-01-29,
C08864,Indonesia,2025-05-23,
C08865,Thailand,2025-11-19,CMP005
C08866,Indonesia,2025-06-14,CMP004
C08867,Thailand,2025-07-28,CMP004
C08868,Indonesia,2025-11-19,
C08869,Singapore,2025-10-26,
C08870,Indonesia,2025-11-25,
C08871,Indonesia,2025-03-15,
C08872,Indonesia,2025-07-08,
C08873,Indonesia,2025-05-24,
C08874,Indonesia,2025-09-11,
C08875,Indonesia,2025-11-03,CMP001
C08876,Indonesia,2025-03-25,CMP002
C08877,Singapore,2025-08-18,CMP002
C08878,Thailand,2025-07-26,
C08879,Thailand,2025-07-30,
C08880,Indonesia,2025-11-02,
C08881,Indonesia,2025-01-10,
C08882,Thailand,2025-02-17,CMP002
C08883,Thailand,2025-09-09,
C08884,Singapore,2025-08-31,CMP004
C08885,Singapore,2025-01-25,CMP004
C08886,Thailand,2025-10-17,CMP004
C08887,Indonesia,2025-11-05,
C08888,Indonesia,2025-05-15,CMP005
C08889,Thailand,2025-09-26,
C08890,Indonesia,2025-05-15,
C08891,Indonesia,2025-04-10,
C08892,Indonesia,2025-08-21,
C08893,Singapore,2025-03-09,CMP004
C08894,Indonesia,2025-06-10,
C08895,Indonesia,2025-03-29,CMP003
C08896,Indonesia,2025-07-25,
C08897,Singapore,2025-10-06,
C08898,Indonesia,2025-08-26,CMP004
C08899,Thailand,2025-03-26,CMP003
C08900,Thailand,2025-02-10,CMP001
C08901,Indonesia,2025-01-01,CMP002
C08902,Thailand,2025-04-23,
C08903,Thailand,2025-05-02,
C08904,Indonesia,2025-12-09,CMP001
C08905,Indonesia,2025-08-28,
C08906,Singapore,2025-10-21,CMP004
C08907,Indonesia,2025-07-12,
C08908,Indonesia,2025-04-22,
C08909,Indonesia,2025-12-08,
C08910,Indonesia,2025-06-07,CMP002
C08911,Thailand,2025-01-26,CMP003
C08912,Singapore,2025-03-28,
C08913,Indonesia,2025-06-15,
C08914,Indonesia,2025-07-22,CMP003
C08915,Singapore,2025-01-23,CMP003
C08916,Indonesia,2025-02-18,
C08917,Singapore,2025-05-26,
C08918,Indonesia,2025-05-02,
C08919,Indonesia,2025-12-16,
C08920,Indonesia,2025-02-22,
C08921,Indonesia,2025-10-01,
C08922,Singapore,2025-03-14,
C08923,Thailand,2025-09-13,
C08924,Singapore,2025-03-29,
C08925,Indonesia,2025-02-08,
C08926,Thailand,2025-03-24,
C08927,Singapore,2025-09-09,CMP005
C08928,Indonesia,2025-10-29,
C08929,Indonesia,2025-04-04,
C08930,Indonesia,2025-04-10,
C08931,Indonesia,2025-08-03,
C08932,Indonesia,2025-10-07,
C08933,Thailand,2025-09-09,
C08934,Thailand,2025-12-18,
C08935,Thailand,2025-04-30,
C08936,Singapore,2025-04-29,
C08937,Indonesia,2025-10-04,
C08938,Thailand,2025-02-28,CMP002
C08939,Indonesia,2025-04-01,CMP003
C08940,Indonesia,2025-06-13,
C08941,Indonesia,2025-06-23,
C08942,Singapore,2025-08-19,
C08943,Indonesia,2025-01-12,
C08944,Indonesia,2025-12-26,
C08945,Indonesia,2025-11-22,
C08946,Singapore,2025-12-15,
C08947,Indonesia,2025-03-02,CMP002
C08948,Indonesia,2025-12-25,
C08949,Indonesia,2025-09-12,CMP003
C08950,Indonesia,2025-07-27,
C08951,Singapore,2025-03-17,
C08952,Indonesia,2025-01-08,CMP004
C08953,Indonesia,2025-01-02,
C08954,Indonesia,2025-03-15,CMP004
C08955,Indonesia,2025-03-29,CMP004
C08956,Indonesia,2025-11-19,CMP003
C08957,Indonesia,2025-12-12,
C08958,Thailand,2025-07-21,CMP002
C08959,Indonesia,2025-12-04,CMP002
C08960,Indonesia,2025-06-21,CMP004
C08961,Singapore,2025-08-18,
C08962,Indonesia,2025-12-18,
C08963,Indonesia,2025-10-19,CMP001
C08964,Indonesia,2025-02-07,
C08965,Indonesia,2025-03-31,
C08966,Indonesia,2025-10-20,
C08967,Indonesia,2025-10-18,CMP002
C08968,Thailand,2025-08-22,CMP001
C08969,Indonesia,2025-01-21,
C08970,Thailand,2025-10-01,
C08971,Indonesia,2025-05-18,CMP003
C08972,Thailand,2025-11-16,
C08973,Thailand,2025-05-28,CMP001
C08974,Singapore,2025-01-09,CMP003
C08975,Singapore,2025-03-06,
C08976,Singapore,2025-01-20,
C08977,Singapore,2025-01-18,CMP003
C08978,Thailand,2025-12-21,
C08979,Thailand,2025-12-06,
C08980,Singapore,2025-08-10,
C08981,Thailand,2025-11-03,
C08982,Indonesia,2025-05-09,
C08983,Thailand,2025-05-30,CMP008
C08984,Singapore,2025-06-02,
C08985,Thailand,2025-06-22,
C08986,Indonesia,2025-11-09,
C08987,Indonesia,2025-11-19,CMP003
C08988,Indonesia,2025-02-13,CMP002
C08989,Thailand,2025-08-20,CMP003
C08990,Indonesia,2025-09-17,CMP001
C08991,Thailand,2025-01-19,CMP005
C08992,Indonesia,2025-08-14,CMP002
C08993,Indonesia,2025-04-02,CMP002
C08994,Indonesia,2025-10-06,
C08995,Indonesia,2025-07-19,
C08996,Thailand,2025-10-04,CMP003
C08997,Indonesia,2025-12-03,
C08998,Indonesia,2025-11-12,
C08999,Thailand,2025-07-14,CMP002
C09000,Indonesia,2025-11-11,
C09001,Thailand,2025-11-18,
C09002,Indonesia,2025-08-25,
C09003,Indonesia,2025-09-30,CMP002
C09004,Indonesia,2025-10-05,
C09005,Indonesia,2025-11-16,
C09006,Indonesia,2025-08-12,
C09007,Thailand,2025-03-20,CMP002
C09008,Indonesia,2025-03-08,CMP001
C09009,Indonesia,2025-10-23,CMP001
C09010,Thailand,2025-01-20,
C09011,Indonesia,2025-09-30,
C09012,Indonesia,2025-09-26,
C09013,Indonesia,2025-11-26,
C09014,Thailand,2025-11-17,
C09015,Indonesia,2025-07-08,
C09016,Singapore,2025-05-18,CMP003
C09017,Singapore,2025-12-06,
C09018,Thailand,2025-07-04,
C09019,Indonesia,2025-07-19,CMP003
C09020,Indonesia,2025-11-14,
C09021,Indonesia,2025-08-22,CMP003
C09022,Thailand,2025-01-16,
C09023,Indonesia,2025-03-27,
C09024,Indonesia,2025-10-05,CMP002
C09025,Singapore,2025-06-25,CMP003
C09026,Indonesia,2025-05-18,
C09027,Indonesia,2025-09-26,CMP003
C09028,Indonesia,2025-10-31,CMP002
C09029,Indonesia,2025-03-13,
C09030,Indonesia,2025-11-10,
C09031,Indonesia,2025-11-23,
C09032,Thailand,2025-03-10,CMP002
C09033,Thailand,2025-10-22,CMP001
C09034,Thailand,2025-07-20,
C09035,Singapore,2025-04-24,CMP002
C09036,Indonesia,2025-04-10,
C09037,Singapore,2025-10-21,
C09038,Indonesia,2025-06-24,
C09039,Indonesia,2025-05-14,
C09040,Singapore,2025-12-15,
C09041,Indonesia,2025-04-06,CMP005
C09042,Thailand,2025-06-22,
C09043,Indonesia,2025-09-05,
C09044,Indonesia,2025-06-25,CMP002
C09045,Indonesia,2025-10-22,CMP005
C09046,Indonesia,2025-10-29,
C09047,Indonesia,2025-12-22,
C09048,Thailand,2025-09-29,
C09049,Indonesia,2025-12-18,
C09050,Singapore,2025-04-25,
C09051,Indonesia,2025-09-16,
C09052,Indonesia,2025-12-30,
C09053,Indonesia,2025-07-07,
C09054,Indonesia,2025-11-27,
C09055,Singapore,2025-05-15,
C09056,Indonesia,2025-10-14,
C09057,Indonesia,2025-11-09,
C09058,Thailand,2025-09-07,CMP003
C09059,Thailand,2025-05-28,
C09060,Indonesia,2025-04-25,
C09061,Thailand,2025-06-06,
C09062,Singapore,2025-03-03,
C09063,Thailand,2025-09-20,
C09064,Singapore,2025-02-08,CMP004
C09065,Singapore,2025-02-27,
C09066,Indonesia,2025-11-03,CMP003
C09067,Indonesia,2025-01-25,CMP004
C09068,Indonesia,2025-12-27,
C09069,Indonesia,2025-05-01,
C09070,Indonesia,2025-01-20,
C09071,Indonesia,2025-07-06,CMP001
C09072,Indonesia,2025-06-07,CMP003
C09073,Indonesia,2025-05-31,CMP004
C09074,Thailand,2025-06-17,CMP008
C09075,Indonesia,2025-04-14,CMP001
C09076,Indonesia,2025-03-30,
C09077,Thailand,2025-04-20,
C09078,Thailand,2025-09-01,
C09079,Indonesia,2025-09-26,CMP001
C09080,Indonesia,2025-08-07,CMP005
C09081,Indonesia,2025-06-12,CMP002
C09082,Indonesia,2025-11-14,
C09083,Thailand,2025-03-18,
C09084,Thailand,2025-11-26,
C09085,Singapore,2025-05-26,CMP002
C09086,Indonesia,2025-02-14,
C09087,Indonesia,2025-07-01,
C09088,Thailand,2025-07-16,
C09089,Thailand,2025-03-04,CMP004
C09090,Indonesia,2025-09-26,
C09091,Thailand,2025-01-31,CMP003
C09092,Thailand,2025-03-09,CMP004
C09093,Indonesia,2025-01-04,
C09094,Indonesia,2025-03-08,
C09095,Indonesia,2025-09-21,
C09096,Indonesia,2025-06-28,
C09097,Singapore,2025-03-12,CMP003
C09098,Thailand,2025-10-13,
C09099,Indonesia,2025-08-08,CMP002
C09100,Singapore,2025-06-16,CMP004
C09101,Indonesia,2025-10-26,CMP003
C09102,Indonesia,2025-08-19,CMP001
C09103,Indonesia,2025-05-24,
C09104,Indonesia,2025-03-27,
C09105,Indonesia,2025-12-28,
C09106,Singapore,2025-06-22,
C09107,Indonesia,2025-12-09,CMP002
C09108,Indonesia,2025-11-20,CMP001
C09109,Indonesia,2025-10-29,CMP004
C09110,Thailand,2025-07-06,CMP004
C09111,Thailand,2025-06-12,
C09112,Indonesia,2025-11-11,
C09113,Indonesia,2025-09-15,CMP002
C09114,Singapore,2025-11-11,CMP002
C09115,Thailand,2025-02-12,CMP003
C09116,Singapore,2025-08-08,CMP002
C09117,Indonesia,2025-01-14,
C09118,Singapore,2025-01-04,
C09119,Indonesia,2025-01-22,
C09120,Indonesia,2025-06-07,
C09121,Indonesia,2025-04-28,CMP005
C09122,Indonesia,2025-04-29,
C09123,Indonesia,2025-05-02,CMP004
C09124,Thailand,2025-03-01,
C09125,Indonesia,2025-06-12,
C09126,Indonesia,2025-01-03,CMP003
C09127,Indonesia,2025-09-04,CMP002
C09128,Thailand,2025-04-15,
C09129,Indonesia,2025-08-06,
C09130,Thailand,2025-04-04,
C09131,Indonesia,2025-05-26,
C09132,Indonesia,2025-09-24,
C09133,Indonesia,2025-07-16,CMP001
C09134,Singapore,2025-11-14,
C09135,Indonesia,2025-09-09,
C09136,Singapore,2025-12-20,
C09137,Indonesia,2025-04-24,CMP001
C09138,Thailand,2025-11-23,
C09139,Thailand,2025-05-30,CMP005
C09140,Thailand,2025-03-18,CMP005
C09141,Indonesia,2025-03-08,CMP002
C09142,Singapore,2025-09-21,
C09143,Indonesia,2025-12-27,
C09144,Indonesia,2025-07-08,
C09145,Indonesia,2025-02-05,
C09146,Thailand,2025-03-30,
C09147,Thailand,2025-02-24,CMP004
C09148,Thailand,2025-04-08,
C09149,Indonesia,2025-03-06,CMP001
C09150,Singapore,2025-03-15,
C09151,Indonesia,2025-11-27,
C09152,Thailand,2025-06-06,CMP002
C09153,Indonesia,2025-01-31,CMP003
C09154,Singapore,2025-01-05,
C09155,Indonesia,2025-09-24,
C09156,Indonesia,2025-05-15,
C09157,Thailand,2025-04-15,CMP005
C09158,Indonesia,2025-08-26,CMP003
C09159,Indonesia,2025-09-30,CMP001
C09160,Indonesia,2025-08-30,
C09161,Indonesia,2025-12-28,
C09162,Indonesia,2025-08-22,
C09163,Singapore,2025-04-03,CMP001
C09164,Indonesia,2025-09-03,CMP003
C09165,Thailand,2025-05-14,CMP003
C09166,Indonesia,2025-07-05,CMP002
C09167,Indonesia,2025-05-17,CMP003
C09168,Indonesia,2025-07-14,
C09169,Singapore,2025-10-20,
C09170,Indonesia,2025-06-16,CMP002
C09171,Indonesia,2025-02-16,
C09172,Thailand,2025-12-09,
C09173,Singapore,2025-07-15,CMP004
C09174,Indonesia,2025-10-11,CMP001
C09175,Indonesia,2025-02-22,
C09176,Singapore,2025-10-09,CMP004
C09177,Singapore,2025-08-14,CMP001
C09178,Indonesia,2025-11-27,
C09179,Indonesia,2025-02-02,CMP002
C09180,Indonesia,2025-04-21,CMP003
C09181,Singapore,2025-04-22,
C09182,Indonesia,2025-12-02,CMP005
C09183,Singapore,2025-04-06,CMP003
C09184,Indonesia,2025-01-15,
C09185,Indonesia,2025-03-30,CMP002
C09186,Singapore,2025-10-18,CMP001
C09187,Thailand,2025-04-20,
C09188,Singapore,2025-03-29,CMP002
C09189,Thailand,2025-08-07,CMP003
C09190,Singapore,2025-12-03,
C09191,Thailand,2025-02-08,
C09192,Indonesia,2025-05-01,
C09193,Indonesia,2025-03-15,CMP001
C09194,Indonesia,2025-03-27,CMP003
C09195,Thailand,2025-07-06,
C09196,Thailand,2025-05-06,CMP005
C09197,Indonesia,2025-10-04,CMP004
C09198,Singapore,2025-10-12,CMP002
C09199,Indonesia,2025-05-17,CMP003
C09200,Thailand,2025-09-08,CMP001
C09201,Thailand,2025-08-26,CMP002
C09202,Indonesia,2025-09-10,
C09203,Indonesia,2025-07-21,
C09204,Indonesia,2025-01-11,CMP001
C09205,Singapore,2025-05-14,
C09206,Thailand,2025-10-23,
C09207,Thailand,2025-09-13,
C09208,Indonesia,2025-03-01,CMP003
C09209,Thailand,2025-08-17,
C09210,Indonesia,2025-10-26,
C09211,Indonesia,2025-04-06,CMP002
C09212,Indonesia,2025-08-14,CMP001
C09213,Indonesia,2025-01-29,CMP004
C09214,Singapore,2025-12-08,
C09215,Thailand,2025-08-28,CMP001
C09216,Thailand,2025-09-12,
C09217,Indonesia,2025-04-20,CMP004
C09218,Indonesia,2025-06-17,
C09219,Singapore,2025-10-13,CMP001
C09220,Indonesia,2025-09-23,CMP001
C09221,Indonesia,2025-03-18,
C09222,Thailand,2025-12-12,
C09223,Indonesia,2025-02-20,
C09224,Indonesia,2025-07-06,CMP001
C09225,Indonesia,2025-01-28,CMP003
C09226,Indonesia,2025-03-30,
C09227,Indonesia,2025-01-23,
C09228,Indonesia,2025-10-11,
C09229,Singapore,2025-12-18,
C09230,Indonesia,2025-09-23,CMP002
C09231,Indonesia,2025-10-19,
C09232,Indonesia,2025-12-17,
C09233,Singapore,2025-12-27,
C09234,Indonesia,2025-12-08,
C09235,Indonesia,2025-04-05,
C09236,Indonesia,2025-10-01,
C09237,Thailand,2025-02-01,CMP003
C09238,Indonesia,2025-01-21,CMP001
C09239,Singapore,2025-05-23,CMP002
C09240,Singapore,2025-05-01,
C09241,Indonesia,2025-11-27,CMP002
C09242,Singapore,2025-10-21,
C09243,Indonesia,2025-10-21,CMP004
C09244,Indonesia,2025-08-24,
C09245,Singapore,2025-03-25,
C09246,Singapore,2025-10-20,
C09247,Indonesia,2025-02-17,
C09248,Thailand,2025-03-18,
C09249,Thailand,2025-03-27,
C09250,Thailand,2025-10-28,
C09251,Indonesia,2025-12-06,CMP005
C09252,Indonesia,2025-06-05,
C09253,Thailand,2025-05-22,CMP003
C09254,Indonesia,2025-09-19,CMP003
C09255,Thailand,2025-11-10,
C09256,Indonesia,2025-01-03,CMP002
C09257,Indonesia,2025-08-29,
C09258,Indonesia,2025-12-18,
C09259,Thailand,2025-02-17,
C09260,Indonesia,2025-02-28,CMP004
C09261,Thailand,2025-01-25,CMP001
C09262,Indonesia,2025-03-19,
C09263,Indonesia,2025-03-22,CMP001
C09264,Singapore,2025-12-18,CMP003
C09265,Indonesia,2025-08-24,
C09266,Indonesia,2025-12-05,
C09267,Thailand,2025-02-28,CMP001
C09268,Indonesia,2025-12-11,
C09269,Indonesia,2025-02-27,
C09270,Indonesia,2025-02-23,CMP001
C09271,Indonesia,2025-04-03,CMP002
C09272,Thailand,2025-11-13,
C09273,Indonesia,2025-08-17,CMP001
C09274,Thailand,2025-06-25,
C09275,Thailand,2025-09-28,
C09276,Indonesia,2025-05-08,
C09277,Thailand,2025-11-15,
C09278,Indonesia,2025-04-20,
C09279,Indonesia,2025-10-20,CMP003
C09280,Indonesia,2025-07-14,
C09281,Indonesia,2025-10-02,CMP002
C09282,Indonesia,2025-04-02,CMP001
C09283,Thailand,2025-12-07,
C09284,Indonesia,2025-09-24,CMP003
C09285,Indonesia,2025-05-25,
C09286,Indonesia,2025-02-16,CMP001
C09287,Thailand,2025-10-13,CMP005
C09288,Indonesia,2025-11-17,
C09289,Singapore,2025-06-22,CMP008
C09290,Thailand,2025-10-23,CMP002
C09291,Indonesia,2025-03-10,CMP001
C09292,Indonesia,2025-05-27,CMP001
C09293,Thailand,2025-01-09,
C09294,Indonesia,2025-10-30,CMP001
C09295,Singapore,2025-07-07,
C09296,Thailand,2025-06-29,CMP001
C09297,Thailand,2025-02-03,CMP001
C09298,Indonesia,2025-12-02,
C09299,Thailand,2025-04-20,
C09300,Indonesia,2025-10-19,
C09301,Thailand,2025-03-07,CMP004
C09302,Indonesia,2025-10-26,CMP003
C09303,Thailand,2025-01-09,
C09304,Singapore,2025-04-28,CMP001
C09305,Indonesia,2025-03-02,CMP004
C09306,Indonesia,2025-04-08,CMP001
C09307,Indonesia,2025-07-03,CMP001
C09308,Indonesia,2025-10-04,CMP001
C09309,Thailand,2025-06-07,CMP003
C09310,Indonesia,2025-03-08,CMP002
C09311,Indonesia,2025-01-14,CMP003
C09312,Singapore,2025-02-08,CMP001
C09313,Indonesia,2025-03-21,CMP001
C09314,Singapore,2025-09-04,CMP002
C09315,Indonesia,2025-08-05,CMP002
C09316,Indonesia,2025-11-11,CMP003
C09317,Indonesia,2025-04-29,CMP001
C09318,Indonesia,2025-05-23,
C09319,Thailand,2025-11-03,CMP001
C09320,Thailand,2025-08-15,
C09321,Indonesia,2025-02-13,CMP001
C09322,Indonesia,2025-10-30,CMP001
C09323,Indonesia,2025-04-27,CMP001
C09324,Indonesia,2025-05-25,CMP004
C09325,Indonesia,2025-02-24,
C09326,Singapore,2025-05-14,CMP001
C09327,Thailand,2025-03-23,CMP002
C09328,Thailand,2025-12-17,
C09329,Indonesia,2025-01-04,
C09330,Singapore,2025-12-30,
C09331,Indonesia,2025-01-17,CMP002
C09332,Indonesia,2025-03-05,
C09333,Singapore,2025-07-05,CMP003
C09334,Singapore,2025-07-27,CMP002
C09335,Singapore,2025-10-16,
C09336,Indonesia,2025-11-24,CMP004
C09337,Singapore,2025-08-05,
C09338,Thailand,2025-06-07,
C09339,Indonesia,2025-07-09,
C09340,Thailand,2025-12-13,
C09341,Indonesia,2025-06-28,
C09342,Thailand,2025-08-06,CMP001
C09343,Indonesia,2025-05-07,
C09344,Indonesia,2025-02-24,
C09345,Indonesia,2025-05-09,CMP001
C09346,Indonesia,2025-01-02,CMP001
C09347,Indonesia,2025-10-12,
C09348,Thailand,2025-03-02,
C09349,Indonesia,2025-09-21,CMP002
C09350,Indonesia,2025-04-17,CMP002
C09351,Indonesia,2025-07-31,
C09352,Indonesia,2025-02-21,CMP001
C09353,Thailand,2025-05-22,
C09354,Indonesia,2025-02-16,
C09355,Indonesia,2025-08-05,CMP001
C09356,Indonesia,2025-10-06,
C09357,Thailand,2025-02-19,CMP004
C09358,Indonesia,2025-12-10,
C09359,Indonesia,2025-02-24,
C09360,Singapore,2025-01-16,
C09361,Singapore,2025-02-25,CMP001
C09362,Indonesia,2025-12-27,
C09363,Indonesia,2025-02-13,
C09364,Indonesia,2025-01-22,CMP003
C09365,Indonesia,2025-02-22,CMP005
C09366,Thailand,2025-08-25,
C09367,Indonesia,2025-06-20,
C09368,Thailand,2025-01-25,CMP001
C09369,Indonesia,2025-05-28,CMP001
C09370,Singapore,2025-09-29,
C09371,Indonesia,2025-09-09,CMP001
C09372,Indonesia,2025-07-25,
C09373,Indonesia,2025-12-27,
C09374,Indonesia,2025-01-09,
C09375,Indonesia,2025-04-04,CMP002
C09376,Thailand,2025-09-28,CMP002
C09377,Indonesia,2025-08-17,
C09378,Indonesia,2025-08-08,CMP004
C09379,Indonesia,2025-09-12,CMP001
C09380,Indonesia,2025-03-03,
C09381,Indonesia,2025-06-20,
C09382,Thailand,2025-12-10,
C09383,Thailand,2025-04-13,
C09384,Thailand,2025-03-22,CMP003
C09385,Singapore,2025-08-14,CMP002
C09386,Singapore,2025-08-12,CMP002
C09387,Thailand,2025-08-12,
C09388,Indonesia,2025-02-10,CMP002
C09389,Indonesia,2025-02-02,CMP004
C09390,Thailand,2025-03-12,CMP005
C09391,Indonesia,2025-09-01,CMP002
C09392,Singapore,2025-01-30,CMP003
C09393,Indonesia,2025-07-26,
C09394,Indonesia,2025-02-21,CMP003
C09395,Thailand,2025-06-19,
C09396,Thailand,2025-01-13,
C09397,Indonesia,2025-03-01,
C09398,Indonesia,2025-10-29,
C09399,Indonesia,2025-08-28,CMP002
C09400,Indonesia,2025-05-10,
C09401,Indonesia,2025-12-02,
C09402,Indonesia,2025-05-01,CMP005
C09403,Indonesia,2025-10-10,
C09404,Thailand,2025-10-16,
C09405,Thailand,2025-12-29,
C09406,Indonesia,2025-05-19,
C09407,Indonesia,2025-06-11,CMP001
C09408,Indonesia,2025-12-29,
C09409,Indonesia,2025-03-30,CMP002
C09410,Thailand,2025-11-09,
C09411,Thailand,2025-01-20,
C09412,Thailand,2025-06-02,CMP002
C09413,Thailand,2025-11-03,
C09414,Thailand,2025-07-22,CMP004
C09415,Singapore,2025-09-28,
C09416,Indonesia,2025-11-24,CMP003
C09417,Indonesia,2025-02-03,
C09418,Indonesia,2025-10-30,CMP002
C09419,Thailand,2025-03-03,
C09420,Thailand,2025-07-15,
C09421,Indonesia,2025-05-30,CMP003
C09422,Singapore,2025-07-15,CMP001
C09423,Indonesia,2025-03-18,CMP002
C09424,Singapore,2025-05-27,
C09425,Indonesia,2025-09-06,
C09426,Indonesia,2025-05-17,CMP004
C09427,Thailand,2025-03-31,
C09428,Indonesia,2025-08-12,
C09429,Singapore,2025-12-19,
C09430,Indonesia,2025-12-09,
C09431,Indonesia,2025-05-29,CMP003
C09432,Singapore,2025-02-28,
C09433,Thailand,2025-08-17,CMP002
C09434,Thailand,2025-02-04,
C09435,Indonesia,2025-05-16,
C09436,Thailand,2025-08-09,
C09437,Indonesia,2025-12-05,
C09438,Indonesia,2025-04-20,CMP003
C09439,Indonesia,2025-09-21,
C09440,Thailand,2025-10-04,CMP004
C09441,Indonesia,2025-02-24,CMP002
C09442,Thailand,2025-01-29,
C09443,Thailand,2025-12-05,
C09444,Thailand,2025-01-15,
C09445,Thailand,2025-12-05,CMP004
C09446,Thailand,2025-02-18,
C09447,Singapore,2025-10-07,CMP004
C09448,Indonesia,2025-02-12,
C09449,Thailand,2025-12-17,
C09450,Indonesia,2025-11-11,CMP003
C09451,Indonesia,2025-11-01,CMP002
C09452,Indonesia,2025-10-27,CMP002
C09453,Singapore,2025-03-17,
C09454,Singapore,2025-02-12,CMP004
C09455,Thailand,2025-01-12,CMP004
C09456,Indonesia,2025-10-03,CMP001
C09457,Singapore,2025-10-28,
C09458,Indonesia,2025-12-05,
C09459,Singapore,2025-02-06,CMP004
C09460,Singapore,2025-07-24,CMP002
C09461,Indonesia,2025-06-05,CMP004
C09462,Thailand,2025-03-24,CMP003
C09463,Singapore,2025-08-20,
C09464,Indonesia,2025-07-02,CMP005
C09465,Indonesia,2025-04-30,CMP002
C09466,Singapore,2025-08-14,CMP001
C09467,Indonesia,2025-07-11,CMP001
C09468,Indonesia,2025-01-06,CMP005
C09469,Thailand,2025-02-01,
C09470,Indonesia,2025-05-13,CMP001
C09471,Indonesia,2025-08-03,
C09472,Thailand,2025-08-31,CMP005
C09473,Thailand,2025-04-03,CMP001
C09474,Indonesia,2025-07-14,CMP003
C09475,Indonesia,2025-06-03,
C09476,Thailand,2025-02-16,
C09477,Indonesia,2025-12-09,
C09478,Indonesia,2025-03-22,CMP002
C09479,Thailand,2025-09-13,
C09480,Indonesia,2025-10-30,
C09481,Indonesia,2025-03-26,CMP004
C09482,Indonesia,2025-08-05,
C09483,Indonesia,2025-09-16,
C09484,Indonesia,2025-07-20,CMP003
C09485,Singapore,2025-12-10,
C09486,Thailand,2025-09-02,
C09487,Indonesia,2025-01-26,
C09488,Indonesia,2025-10-29,CMP002
C09489,Indonesia,2025-03-02,
C09490,Thailand,2025-02-15,
C09491,Indonesia,2025-08-05,
C09492,Indonesia,2025-08-07,CMP003
C09493,Thailand,2025-10-10,CMP003
C09494,Indonesia,2025-04-01,CMP001
C09495,Singapore,2025-12-12,
C09496,Indonesia,2025-12-20,
C09497,Indonesia,2025-04-25,CMP002
C09498,Indonesia,2025-07-13,
C09499,Indonesia,2025-08-24,CMP002
C09500,Thailand,2025-12-04,
C09501,Indonesia,2025-07-23,CMP002
C09502,Indonesia,2025-11-24,
C09503,Singapore,2025-11-06,CMP003
C09504,Thailand,2025-12-26,
C09505,Indonesia,2025-11-09,
C09506,Indonesia,2025-10-07,CMP001
C09507,Singapore,2025-05-16,CMP003
C09508,Indonesia,2025-08-08,CMP001
C09509,Indonesia,2025-08-20,
C09510,Indonesia,2025-03-19,
C09511,Indonesia,2025-01-06,CMP004
C09512,Indonesia,2025-06-23,
C09513,Indonesia,2025-03-14,CMP005
C09514,Indonesia,2025-07-02,
C09515,Thailand,2025-05-05,CMP001
C09516,Indonesia,2025-07-28,CMP004
C09517,Indonesia,2025-10-07,
C09518,Singapore,2025-09-15,CMP005
C09519,Indonesia,2025-04-24,CMP001
C09520,Indonesia,2025-07-24,
C09521,Indonesia,2025-09-14,
C09522,Singapore,2025-01-22,
C09523,Singapore,2025-03-12,
C09524,Indonesia,2025-07-22,CMP002
C09525,Indonesia,2025-09-27,CMP002
C09526,Indonesia,2025-10-22,
C09527,Thailand,2025-01-12,CMP002
C09528,Indonesia,2025-02-02,CMP001
C09529,Indonesia,2025-02-07,
C09530,Indonesia,2025-02-27,CMP001
C09531,Indonesia,2025-05-08,CMP005
C09532,Thailand,2025-11-04,
C09533,Singapore,2025-03-25,CMP004
C09534,Thailand,2025-04-15,
C09535,Indonesia,2025-02-25,
C09536,Thailand,2025-09-01,CMP002
C09537,Indonesia,2025-01-01,
C09538,Indonesia,2025-05-08,
C09539,Indonesia,2025-05-11,CMP003
C09540,Indonesia,2025-09-19,
C09541,Thailand,2025-06-20,CMP001
C09542,Indonesia,2025-12-25,
C09543,Indonesia,2025-03-26,CMP001
C09544,Thailand,2025-05-23,
C09545,Indonesia,2025-09-11,
C09546,Thailand,2025-03-05,CMP001
C09547,Indonesia,2025-08-08,CMP004
C09548,Singapore,2025-01-17,CMP001
C09549,Indonesia,2025-12-23,
C09550,Thailand,2025-01-15,
C09551,Indonesia,2025-08-02,
C09552,Indonesia,2025-02-02,
C09553,Singapore,2025-09-05,CMP001
C09554,Thailand,2025-02-03,CMP002
C09555,Thailand,2025-03-06,
C09556,Indonesia,2025-11-01,
C09557,Thailand,2025-10-07,CMP001
C09558,Indonesia,2025-10-07,
C09559,Singapore,2025-01-02,CMP001
C09560,Thailand,2025-08-25,CMP002
C09561,Indonesia,2025-03-16,CMP004
C09562,Indonesia,2025-02-10,CMP001
C09563,Indonesia,2025-07-31,CMP001
C09564,Thailand,2025-02-23,
C09565,Thailand,2025-06-17,CMP003
C09566,Thailand,2025-07-21,CMP001
C09567,Indonesia,2025-05-16,
C09568,Thailand,2025-11-12,
C09569,Thailand,2025-11-13,
C09570,Thailand,2025-05-08,
C09571,Indonesia,2025-10-25,
C09572,Indonesia,2025-11-13,
C09573,Singapore,2025-06-09,
C09574,Indonesia,2025-07-15,
C09575,Singapore,2025-12-19,
C09576,Indonesia,2025-02-16,CMP001
C09577,Indonesia,2025-10-29,CMP001
C09578,Thailand,2025-06-10,CMP001
C09579,Indonesia,2025-01-26,CMP001
C09580,Indonesia,2025-11-11,CMP004
C09581,Thailand,2025-11-03,
C09582,Thailand,2025-01-30,CMP004
C09583,Singapore,2025-09-02,
C09584,Thailand,2025-05-07,CMP003
C09585,Singapore,2025-07-15,CMP002
C09586,Indonesia,2025-01-23,CMP001
C09587,Indonesia,2025-02-06,CMP004
C09588,Thailand,2025-08-05,CMP004
C09589,Indonesia,2025-02-01,CMP001
C09590,Indonesia,2025-11-02,CMP004
C09591,Thailand,2025-10-12,CMP003
C09592,Indonesia,2025-04-17,CMP005
C09593,Indonesia,2025-05-08,
C09594,Thailand,2025-12-30,
C09595,Indonesia,2025-02-21,CMP001
C09596,Indonesia,2025-05-14,CMP004
C09597,Indonesia,2025-11-03,CMP002
C09598,Indonesia,2025-09-06,
C09599,Indonesia,2025-01-13,CMP001
C09600,Indonesia,2025-11-30,
C09601,Indonesia,2025-03-11,CMP001
C09602,Indonesia,2025-10-25,
C09603,Indonesia,2025-01-25,
C09604,Singapore,2025-07-12,CMP002
C09605,Singapore,2025-12-16,
C09606,Thailand,2025-10-13,
C09607,Indonesia,2025-08-09,CMP003
C09608,Indonesia,2025-01-26,
C09609,Indonesia,2025-08-12,CMP001
C09610,Thailand,2025-01-08,
C09611,Indonesia,2025-06-09,CMP008
C09612,Indonesia,2025-07-06,
C09613,Indonesia,2025-08-15,
C09614,Indonesia,2025-01-15,CMP003
C09615,Thailand,2025-06-07,
C09616,Indonesia,2025-04-24,
C09617,Thailand,2025-09-17,CMP002
C09618,Indonesia,2025-01-15,CMP004
C09619,Singapore,2025-05-05,
C09620,Indonesia,2025-07-09,CMP002
C09621,Singapore,2025-07-27,CMP003
C09622,Singapore,2025-03-08,CMP002
C09623,Thailand,2025-04-05,CMP005
C09624,Thailand,2025-06-22,CMP002
C09625,Indonesia,2025-01-28,
C09626,Indonesia,2025-11-20,
C09627,Indonesia,2025-11-08,CMP004
C09628,Indonesia,2025-01-28,CMP003
C09629,Indonesia,2025-12-12,
C09630,Indonesia,2025-04-06,
C09631,Indonesia,2025-03-19,CMP004
C09632,Indonesia,2025-08-20,CMP002
C09633,Thailand,2025-09-02,
C09634,Indonesia,2025-08-31,
C09635,Thailand,2025-03-10,
C09636,Indonesia,2025-11-10,CMP004
C09637,Indonesia,2025-01-15,
C09638,Indonesia,2025-04-01,
C09639,Indonesia,2025-02-21,CMP003
C09640,Thailand,2025-09-15,
C09641,Indonesia,2025-05-09,
C09642,Thailand,2025-09-22,CMP001
C09643,Indonesia,2025-01-31,
C09644,Indonesia,2025-10-02,
C09645,Indonesia,2025-08-31,
C09646,Indonesia,2025-07-22,
C09647,Singapore,2025-09-11,CMP002
C09648,Indonesia,2025-03-07,
C09649,Indonesia,2025-02-10,CMP004
C09650,Singapore,2025-11-01,CMP001
C09651,Indonesia,2025-07-03,
C09652,Singapore,2025-01-07,CMP004
C09653,Indonesia,2025-05-20,
C09654,Thailand,2025-07-29,
C09655,Thailand,2025-03-26,
C09656,Indonesia,2025-08-06,
C09657,Singapore,2025-02-26,
C09658,Indonesia,2025-01-28,
C09659,Indonesia,2025-05-09,
C09660,Indonesia,2025-09-03,
C09661,Indonesia,2025-08-09,
C09662,Thailand,2025-10-29,
C09663,Indonesia,2025-09-30,CMP001
C09664,Indonesia,2025-10-11,
C09665,Indonesia,2025-11-22,
C09666,Singapore,2025-05-16,CMP004
C09667,Indonesia,2025-03-31,CMP002
C09668,Thailand,2025-03-05,CMP004
C09669,Thailand,2025-12-22,
C09670,Indonesia,2025-09-15,
C09671,Indonesia,2025-05-10,
C09672,Indonesia,2025-05-18,
C09673,Singapore,2025-12-13,
C09674,Indonesia,2025-05-11,CMP001
C09675,Indonesia,2025-07-08,CMP001
C09676,Indonesia,2025-08-28,CMP001
C09677,Singapore,2025-03-16,CMP002
C09678,Indonesia,2025-02-09,
C09679,Indonesia,2025-04-10,
C09680,Indonesia,2025-08-18,CMP002
C09681,Thailand,2025-10-03,
C09682,Thailand,2025-09-09,CMP001
C09683,Thailand,2025-11-14,CMP002
C09684,Indonesia,2025-02-13,
C09685,Thailand,2025-07-23,
C09686,Thailand,2025-05-05,
C09687,Thailand,2025-11-27,
C09688,Indonesia,2025-03-27,
C09689,Indonesia,2025-01-16,CMP002
C09690,Indonesia,2025-10-12,CMP002
C09691,Indonesia,2025-12-17,
C09692,Singapore,2025-02-07,CMP002
C09693,Thailand,2025-07-01,CMP004
C09694,Indonesia,2025-12-02,CMP002
C09695,Thailand,2025-02-04,CMP004
C09696,Singapore,2025-07-18,
C09697,Indonesia,2025-01-22,CMP004
C09698,Indonesia,2025-11-22,
C09699,Thailand,2025-07-17,
C09700,Indonesia,2025-04-28,CMP001
C09701,Indonesia,2025-10-07,CMP001
C09702,Indonesia,2025-03-16,CMP001
C09703,Indonesia,2025-04-28,CMP002
C09704,Singapore,2025-04-28,CMP003
C09705,Indonesia,2025-01-07,
C09706,Thailand,2025-12-25,
C09707,Indonesia,2025-02-23,CMP004
C09708,Indonesia,2025-07-22,
C09709,Indonesia,2025-09-16,CMP003
C09710,Thailand,2025-02-04,
C09711,Singapore,2025-06-26,CMP004
C09712,Indonesia,2025-05-23,CMP003
C09713,Singapore,2025-12-10,
C09714,Indonesia,2025-05-14,CMP001
C09715,Thailand,2025-01-28,CMP004
C09716,Thailand,2025-04-18,
C09717,Thailand,2025-07-05,
C09718,Thailand,2025-09-01,
C09719,Indonesia,2025-04-22,CMP004
C09720,Indonesia,2025-10-10,CMP005
C09721,Thailand,2025-11-25,CMP001
C09722,Indonesia,2025-12-09,
C09723,Indonesia,2025-11-26,CMP005
C09724,Indonesia,2025-03-17,CMP002
C09725,Indonesia,2025-09-15,CMP001
C09726,Singapore,2025-05-11,CMP001
C09727,Thailand,2025-07-17,CMP005
C09728,Indonesia,2025-10-18,CMP003
C09729,Indonesia,2025-10-28,
C09730,Singapore,2025-03-21,
C09731,Indonesia,2025-12-20,CMP002
C09732,Singapore,2025-06-06,
C09733,Indonesia,2025-06-11,
C09734,Indonesia,2025-12-26,
C09735,Indonesia,2025-09-03,
C09736,Thailand,2025-08-19,
C09737,Indonesia,2025-05-10,
C09738,Thailand,2025-01-19,
C09739,Indonesia,2025-11-03,
C09740,Thailand,2025-07-15,CMP001
C09741,Indonesia,2025-03-31,CMP002
C09742,Thailand,2025-04-15,
C09743,Indonesia,2025-11-29,CMP005
C09744,Indonesia,2025-08-19,CMP001
C09745,Indonesia,2025-05-01,
C09746,Indonesia,2025-02-22,CMP003
C09747,Singapore,2025-02-27,CMP004
C09748,Indonesia,2025-12-04,
C09749,Indonesia,2025-01-16,
C09750,Singapore,2025-03-22,CMP001
C09751,Indonesia,2025-10-18,
C09752,Indonesia,2025-03-30,
C09753,Singapore,2025-09-21,
C09754,Indonesia,2025-12-31,
C09755,Indonesia,2025-04-19,
C09756,Indonesia,2025-03-04,CMP001
C09757,Indonesia,2025-03-01,CMP002
C09758,Indonesia,2025-04-28,CMP003
C09759,Indonesia,2025-01-02,
C09760,Indonesia,2025-12-21,
C09761,Indonesia,2025-08-25,CMP002
C09762,Indonesia,2025-02-28,CMP001
C09763,Indonesia,2025-01-16,CMP001
C09764,Indonesia,2025-11-20,
C09765,Singapore,2025-10-13,CMP004
C09766,Indonesia,2025-12-13,
C09767,Indonesia,2025-07-17,CMP001
C09768,Indonesia,2025-10-08,CMP003
C09769,Indonesia,2025-06-01,CMP001
C09770,Thailand,2025-07-16,
C09771,Indonesia,2025-05-28,
C09772,Singapore,2025-05-01,CMP002
C09773,Singapore,2025-05-29,CMP003
C09774,Indonesia,2025-11-29,CMP002
C09775,Indonesia,2025-02-13,
C09776,Thailand,2025-01-25,CMP004
C09777,Indonesia,2025-05-22,
C09778,Thailand,2025-10-09,CMP003
C09779,Indonesia,2025-04-10,
C09780,Singapore,2025-07-29,CMP001
C09781,Indonesia,2025-10-29,CMP003
C09782,Thailand,2025-12-13,
C09783,Indonesia,2025-01-18,
C09784,Indonesia,2025-01-09,CMP003
C09785,Singapore,2025-07-26,
C09786,Indonesia,2025-01-02,CMP002
C09787,Singapore,2025-05-23,CMP001
C09788,Indonesia,2025-10-29,CMP004
C09789,Indonesia,2025-02-08,
C09790,Indonesia,2025-12-19,
C09791,Singapore,2025-08-10,
C09792,Indonesia,2025-12-09,
C09793,Indonesia,2025-05-18,CMP001
C09794,Singapore,2025-01-07,CMP004
C09795,Singapore,2025-07-21,
C09796,Singapore,2025-06-03,
C09797,Indonesia,2025-12-29,
C09798,Singapore,2025-04-26,CMP003
C09799,Thailand,2025-01-01,CMP002
C09800,Indonesia,2025-10-05,CMP001
C09801,Thailand,2025-07-24,
C09802,Indonesia,2025-10-30,
C09803,Indonesia,2025-11-13,
C09804,Thailand,2025-09-25,
C09805,Thailand,2025-07-08,
C09806,Indonesia,2025-04-10,
C09807,Indonesia,2025-10-08,CMP003
C09808,Indonesia,2025-10-11,CMP003
C09809,Thailand,2025-10-01,CMP004
C09810,Thailand,2025-10-17,
C09811,Indonesia,2025-03-23,CMP002
C09812,Thailand,2025-08-24,
C09813,Indonesia,2025-09-28,
C09814,Indonesia,2025-08-10,CMP003
C09815,Singapore,2025-09-24,
C09816,Indonesia,2025-10-17,CMP002
C09817,Singapore,2025-09-28,CMP001
C09818,Thailand,2025-12-05,CMP002
C09819,Indonesia,2025-11-11,
C09820,Indonesia,2025-01-16,CMP001
C09821,Indonesia,2025-10-30,
C09822,Indonesia,2025-07-05,
C09823,Indonesia,2025-02-09,CMP002
C09824,Indonesia,2025-07-13,
C09825,Indonesia,2025-11-01,CMP001
C09826,Singapore,2025-01-12,
C09827,Indonesia,2025-03-09,CMP003
C09828,Thailand,2025-12-26,
C09829,Indonesia,2025-07-03,CMP004
C09830,Indonesia,2025-11-20,
C09831,Thailand,2025-10-14,CMP004
C09832,Indonesia,2025-04-06,CMP001
C09833,Singapore,2025-06-04,
C09834,Singapore,2025-10-11,CMP003
C09835,Indonesia,2025-10-20,
C09836,Singapore,2025-03-13,CMP004
C09837,Indonesia,2025-08-25,
C09838,Indonesia,2025-09-19,CMP002
C09839,Indonesia,2025-03-02,
C09840,Indonesia,2025-08-22,
C09841,Thailand,2025-02-16,CMP003
C09842,Indonesia,2025-03-12,CMP004
C09843,Thailand,2025-07-17,CMP003
C09844,Indonesia,2025-02-08,
C09845,Thailand,2025-12-11,
C09846,Indonesia,2025-11-27,CMP001
C09847,Indonesia,2025-05-24,
C09848,Indonesia,2025-12-31,
C09849,Indonesia,2025-03-12,CMP004
C09850,Indonesia,2025-04-01,
C09851,Singapore,2025-11-05,CMP001
C09852,Indonesia,2025-06-21,
C09853,Indonesia,2025-02-08,CMP002
C09854,Singapore,2025-12-29,
C09855,Thailand,2025-05-16,CMP002
C09856,Indonesia,2025-07-07,CMP001
C09857,Indonesia,2025-03-09,CMP004
C09858,Indonesia,2025-10-11,CMP004
C09859,Indonesia,2025-05-31,
C09860,Indonesia,2025-01-24,
C09861,Indonesia,2025-09-16,CMP005
C09862,Indonesia,2025-10-23,CMP002
C09863,Indonesia,2025-07-07,
C09864,Thailand,2025-01-01,CMP001
C09865,Singapore,2025-01-10,
C09866,Indonesia,2025-01-26,CMP003
C09867,Indonesia,2025-07-24,CMP001
C09868,Singapore,2025-12-27,
C09869,Indonesia,2025-07-29,CMP003
C09870,Indonesia,2025-01-28,CMP004
C09871,Thailand,2025-04-19,
C09872,Thailand,2025-05-23,
C09873,Singapore,2025-08-29,CMP004
C09874,Indonesia,2025-09-15,
C09875,Thailand,2025-10-14,CMP001
C09876,Indonesia,2025-05-24,
C09877,Indonesia,2025-02-15,CMP001
C09878,Singapore,2025-11-30,
C09879,Indonesia,2025-09-22,
C09880,Indonesia,2025-12-19,
C09881,Indonesia,2025-08-20,
C09882,Singapore,2025-03-11,
C09883,Indonesia,2025-02-07,
C09884,Singapore,2025-10-05,
C09885,Indonesia,2025-07-11,CMP001
C09886,Indonesia,2025-02-03,
C09887,Singapore,2025-06-29,CMP002
C09888,Thailand,2025-11-25,CMP002
C09889,Indonesia,2025-01-31,CMP002
C09890,Indonesia,2025-10-22,CMP004
C09891,Thailand,2025-01-01,CMP003
C09892,Singapore,2025-08-26,
C09893,Singapore,2025-02-25,CMP004
C09894,Indonesia,2025-12-03,CMP003
C09895,Indonesia,2025-04-06,CMP002
C09896,Thailand,2025-01-23,CMP002
C09897,Singapore,2025-04-27,CMP001
C09898,Indonesia,2025-08-14,
C09899,Indonesia,2025-10-19,
C09900,Indonesia,2025-01-23,
C09901,Thailand,2025-02-06,
C09902,Indonesia,2025-10-31,CMP002
C09903,Indonesia,2025-01-08,
C09904,Indonesia,2025-09-05,CMP002
C09905,Thailand,2025-12-25,
C09906,Indonesia,2025-12-01,
C09907,Indonesia,2025-09-16,
C09908,Indonesia,2025-06-09,
C09909,Thailand,2025-06-17,
C09910,Thailand,2025-04-27,
C09911,Thailand,2025-03-14,
C09912,Indonesia,2025-09-25,CMP002
C09913,Indonesia,2025-10-31,CMP002
C09914,Singapore,2025-04-20,CMP005
C09915,Indonesia,2025-07-31,
C09916,Indonesia,2025-11-01,
C09917,Thailand,2025-08-30,
C09918,Thailand,2025-07-31,
C09919,Singapore,2025-02-15,CMP003
C09920,Singapore,2025-09-21,CMP003
C09921,Indonesia,2025-08-31,CMP001
C09922,Thailand,2025-06-09,CMP001
C09923,Indonesia,2025-02-12,
C09924,Indonesia,2025-02-06,CMP005
C09925,Indonesia,2025-06-20,CMP003
C09926,Thailand,2025-06-30,
C09927,Thailand,2025-12-06,
C09928,Thailand,2025-04-24,
C09929,Indonesia,2025-02-05,
C09930,Indonesia,2025-06-01,
C09931,Indonesia,2025-07-04,
C09932,Thailand,2025-09-26,CMP002
C09933,Indonesia,2025-05-04,CMP003
C09934,Indonesia,2025-03-19,
C09935,Indonesia,2025-01-31,
C09936,Singapore,2025-05-20,
C09937,Indonesia,2025-08-11,
C09938,Indonesia,2025-08-08,
C09939,Indonesia,2025-10-29,
C09940,Singapore,2025-05-09,
C09941,Indonesia,2025-10-05,CMP001
C09942,Indonesia,2025-10-08,CMP001
C09943,Indonesia,2025-04-01,CMP004
C09944,Indonesia,2025-04-27,CMP003
C09945,Singapore,2025-11-19,
C09946,Indonesia,2025-06-02,
C09947,Indonesia,2025-03-12,
C09948,Indonesia,2025-06-19,CMP001
C09949,Thailand,2025-08-17,
C09950,Thailand,2025-05-22,
C09951,Indonesia,2025-07-21,
C09952,Indonesia,2025-11-14,CMP001
C09953,Indonesia,2025-02-10,
C09954,Indonesia,2025-07-23,CMP002
C09955,Indonesia,2025-10-17,CMP003
C09956,Indonesia,2025-01-05,
C09957,Singapore,2025-10-04,
C09958,Indonesia,2025-06-16,CMP002
C09959,Thailand,2025-09-10,
C09960,Thailand,2025-06-08,
C09961,Singapore,2025-12-08,
C09962,Singapore,2025-02-22,
C09963,Singapore,2025-02-21,
C09964,Indonesia,2025-02-21,CMP004
C09965,Singapore,2025-09-17,
C09966,Thailand,2025-02-18,
C09967,Indonesia,2025-12-18,
C09968,Thailand,2025-06-18,
C09969,Singapore,2025-12-27,
C09970,Indonesia,2025-12-16,
C09971,Thailand,2025-12-18,
C09972,Thailand,2025-03-28,
C09973,Thailand,2025-07-27,
C09974,Singapore,2025-07-09,
C09975,Thailand,2025-06-11,
C09976,Thailand,2025-05-18,CMP003
C09977,Thailand,2025-02-12,CMP001
C09978,Singapore,2025-01-01,CMP002
C09979,Indonesia,2025-12-08,
C09980,Singapore,2025-08-13,
C09981,Indonesia,2025-10-17,
C09982,Indonesia,2025-01-31,CMP001
C09983,Thailand,2025-08-02,
C09984,Singapore,2025-12-25,
C09985,Indonesia,2025-02-10,
C09986,Indonesia,2025-06-22,CMP004
C09987,Singapore,2025-04-04,
C09988,Singapore,2025-06-27,CMP003
C09989,Thailand,2025-12-02,
C09990,Indonesia,2025-10-29,
C09991,Singapore,2025-11-21,CMP001
C09992,Indonesia,2025-06-23,
C09993,Indonesia,2025-05-25,
C09994,Indonesia,2025-09-10,CMP001
C09995,Thailand,2025-08-15,
C09996,Indonesia,2025-03-08,CMP002
C09997,Indonesia,2025-10-09,CMP002
C09998,Thailand,2025-07-01,
C09999,Thailand,2025-10-30,
C10000,Indonesia,2025-11-26,
