booking_id,customer_id,booking_timestamp,booking_value
B000001,C00002,2025-02-16 03:46:00,1329
B000002,C00006,2025-08-04 05:14:00,1059
B000003,C00008,2025-10-18 09:07:00,205
B000004,C00009,2026-01-08 20:36:00,307
B000005,C00011,2025-02-09 22:22:00,269
B000006,C00015,2025-04-29 12:03:00,1034
B000007,C00016,2025-09-07 18:23:00,1099
B000008,C00019,2025-11-23 13:23:00,413
B000009,C00020,2025-12-05 01:02:00,783
B000010,C00024,2025-02-09 15:26:00,1443
B000011,C00025,2025-02-03 03:30:00,877
B000012,C00026,2025-07-10 00:23:00,167
B000013,C00029,2025-02-20 02:02:00,895
B000014,C00030,2025-05-17 21:07:00,1056
B000015,C00032,2025-09-13 09:51:00,689
B000016,C00040,2025-07-21 08:40:00,637
B000017,C00046,2025-11-22 16:06:00,963
B000018,C00047,2025-06-12 03:57:00,339
B000019,C00050,2025-09-03 19:19:00,1274
B000020,C00053,2025-04-30 06:38:00,1399
B000021,C00057,2025-08-25 15:41:00,383
B000022,C00058,2025-11-27 05:27:00,585
B000023,C00059,2025-05-25 07:25:00,986
B000024,C00060,2025-04-30 14:44:00,1194
B000025,C00064,2025-05-25 22:43:00,1297
B000026,C00070,2025-10-04 15:13:00,729
B000027,C00075,2025-11-30 17:23:00,383
B000028,C00080,2025-08-30 18:06:00,1131
B000029,C00087,2025-11-17 09:47:00,847
B000030,C00088,2026-01-02 23:56:00,298
B000031,C00090,2025-11-25 23:45:00,169
B000032,C00092,2025-12-06 12:49:00,854
B000033,C00094,2025-12-09 02:43:00,438
B000034,C00097,2025-03-15 19:04:00,890
B000035,C00099,2025-08-20 11:13:00,316
B000036,C00102,2025-11-07 18:37:00,1405
B000037,C00104,2025-03-31 05:27:00,486
B000038,C00108,2025-08-07 19:15:00,589
B000039,C00113,2025-08-17 23:38:00,1012
B000040,C00115,2025-11-18 14:35:00,378
B000041,C00116,2026-01-03 04:11:00,419
B000042,C00117,2025-07-07 10:34:00,1245
B000043,C00119,2025-03-20 11:41:00,795
B000044,C00120,2025-10-22 05:32:00,621
B000045,C00122,2025-04-23 19:43:00,289
B000046,C00124,2025-05-09 00:00:00,1183
B000047,C00125,2025-09-19 07:21:00,1328
B000048,C00132,2025-10-26 08:35:00,637
B000049,C00134,2025-04-07 20:27:00,1478
B000050,C00135,2025-10-23 20:32:00,434
B000051,C00136,2025-10-07 08:10:00,252
B000052,C00137,2025-11-02 01:39:00,1154
B000053,C00151,2025-11-18 01:19:00,650
B000054,C00155,2025-06-30 07:24:00,1307
B000055,C00157,2025-08-04 16:21:00,208
B000056,C00158,2025-09-02 22:10:00,1171
B000057,C00161,2025-08-11 13:57:00,872
B000058,C00162,2025-12-04 14:59:00,654
B000059,C00164,2025-06-28 02:44:00,592
B000060,C00165,2025-05-03 22:10:00,750
B000061,C00166,2025-05-21 19:55:00,637
B000062,C00169,2025-04-23 08:41:00,710
B000063,C00177,2025-10-12 15:26:00,354
B000064,C00178,2026-01-01 11:24:00,1404
B000065,C00180,2026-01-03 15:58:00,1419
B000066,C00185,2025-10-19 08:05:00,1193
B000067,C00189,2025-02-28 19:43:00,612
B000068,C00194,2025-03-17 17:56:00,1300
B000069,C00197,2025-10-28 08:48:00,590
B000070,C00198,2025-10-31 00:04:00,407
B000071,C00200,2025-11-12 03:28:00,719
B000072,C00206,2025-02-01 12:04:00,1177
B000073,C00213,2025-01-26 19:16:00,560
B000074,C00215,2025-07-18 00:27:00,677
B000075,C00223,2025-08-10 18:14:00,1242
B000076,C00227,2025-05-27 22:46:00,588
B000077,C00238,2025-08-30 10:24:00,1192
B000078,C00239,2025-08-16 06:57:00,1247
B000079,C00242,2025-06-30 03:49:00,339
B000080,C00244,2025-12-21 09:53:00,203
B000081,C00246,2025-04-29 00:42:00,904
B000082,C00248,2025-10-02 15:05:00,821
B000083,C00250,2025-12-31 17:22:00,522
B000084,C00257,2025-02-11 06:18:00,1424
B000085,C00258,2025-10-18 01:05:00,504
B000086,C00260,2025-01-20 13:39:00,999
B000087,C00262,2025-12-17 03:37:00,956
B000088,C00265,2025-03-08 02:29:00,518
B000089,C00274,2025-08-12 00:08:00,628
B000090,C00275,2025-05-04 17:48:00,165
B000091,C00276,2025-07-04 09:05:00,966
B000092,C00280,2025-07-08 20:17:00,700
B000093,C00282,2025-01-22 19:49:00,1161
B000094,C00285,2025-11-22 23:43:00,830
B000095,C00287,2025-03-24 22:53:00,1408
B000096,C00288,2025-04-26 17:21:00,688
B000097,C00289,2025-12-09 02:43:00,364
B000098,C00294,2025-02-08 23:15:00,1099
B000099,C00302,2025-02-14 15:37:00,691
B000100,C00303,2025-02-24 14:02:00,1462
B000101,C00304,2026-01-13 07:16:00,1051
B000102,C00306,2025-12-27 14:04:00,493
B000103,C00307,2025-03-02 10:24:00,623
B000104,C00309,2025-11-28 00:04:00,408
B000105,C00310,2025-05-20 21:27:00,796
B000106,C00317,2025-05-23 23:37:00,1316
B000107,C00319,2025-09-23 21:25:00,1404
B000108,C00322,2025-03-10 10:37:00,930
B000109,C00323,2025-04-29 03:50:00,621
B000110,C00335,2025-12-30 04:55:00,1439
B000111,C00342,2025-05-24 18:03:00,366
B000112,C00344,2025-04-08 01:09:00,1113
B000113,C00345,2025-10-17 08:09:00,910
B000114,C00348,2025-02-04 14:29:00,934
B000115,C00349,2025-04-16 20:08:00,256
B000116,C00351,2025-07-31 04:47:00,336
B000117,C00354,2025-06-06 11:13:00,721
B000118,C00355,2025-08-18 16:46:00,670
B000119,C00357,2025-05-27 20:45:00,1480
B000120,C00358,2025-04-23 17:26:00,1487
B000121,C00362,2026-01-12 15:09:00,105
B000122,C00365,2025-07-31 19:00:00,216
B000123,C00371,2025-04-03 22:51:00,484
B000124,C00372,2025-03-28 06:27:00,1489
B000125,C00373,2025-02-26 04:35:00,889
B000126,C00374,2025-12-13 02:25:00,164
B000127,C00382,2025-09-04 19:21:00,775
B000128,C00383,2025-06-20 08:19:00,507
B000129,C00386,2025-02-01 11:07:00,342
B000130,C00387,2025-06-01 16:26:00,1388
B000131,C00391,2025-04-25 17:14:00,832
B000132,C00394,2025-02-07 18:49:00,1389
B000133,C00395,2025-04-15 15:15:00,685
B000134,C00401,2025-03-04 08:35:00,120
B000135,C00402,2025-03-22 21:46:00,818
B000136,C00404,2025-05-09 21:38:00,330
B000137,C00405,2025-01-21 15:05:00,606
B000138,C00407,2025-08-21 08:24:00,1131
B000139,C00412,2025-09-04 07:01:00,156
B000140,C00414,2025-02-18 06:09:00,173
B000141,C00417,2025-02-10 01:36:00,643
B000142,C00425,2025-07-01 16:55:00,1264
B000143,C00427,2025-05-04 04:28:00,1286
B000144,C00428,2025-08-17 10:52:00,984
B000145,C00429,2025-02-26 07:02:00,502
B000146,C00433,2025-08-03 13:19:00,1431
B000147,C00436,2025-06-14 06:59:00,1493
B000148,C00439,2025-05-11 23:12:00,1088
B000149,C00441,2025-09-23 01:09:00,771
B000150,C00444,2025-09-13 07:35:00,1014
B000151,C00447,2025-10-22 20:36:00,577
B000152,C00448,2025-07-05 19:21:00,133
B000153,C00451,2025-07-16 21:52:00,762
B000154,C00453,2025-05-26 03:46:00,915
B000155,C00454,2025-07-26 05:25:00,1432
B000156,C00455,2025-03-16 17:48:00,1480
B000157,C00458,2025-03-12 12:51:00,339
B000158,C00459,2025-07-10 01:18:00,879
B000159,C00460,2025-03-27 20:10:00,113
B000160,C00464,2025-10-01 12:00:00,1125
B000161,C00468,2025-06-01 23:19:00,695
B000162,C00470,2025-11-21 20:43:00,1194
B000163,C00471,2025-05-30 22:19:00,833
B000164,C00474,2025-07-03 11:00:00,101
B000165,C00476,2026-01-06 01:42:00,1082
B000166,C00477,2025-04-14 09:36:00,513
B000167,C00478,2025-12-28 22:18:00,910
B000168,C00484,2025-02-14 13:31:00,724
B000169,C00488,2025-05-25 05:10:00,559
B000170,C00490,2025-03-24 16:38:00,276
B000171,C00492,2025-11-07 12:54:00,230
B000172,C00493,2025-06-06 03:28:00,550
B000173,C00495,2025-06-23 17:28:00,1001
B000174,C00496,2025-05-14 08:37:00,529
B000175,C00497,2025-05-20 18:35:00,669
B000176,C00503,2025-03-07 01:45:00,1046
B000177,C00506,2025-11-05 22:13:00,298
B000178,C00507,2025-05-31 05:59:00,390
B000179,C00508,2025-05-14 21:31:00,139
B000180,C00518,2025-05-08 15:49:00,663
B000181,C00521,2025-10-13 03:37:00,1247
B000182,C00522,2025-04-30 15:27:00,231
B000183,C00523,2026-01-05 10:27:00,833
B000184,C00524,2025-11-05 11:19:00,1126
B000185,C00525,2025-07-29 21:18:00,505
B000186,C00527,2025-06-03 16:49:00,627
B000187,C00530,2025-06-28 16:22:00,212
B000188,C00534,2025-05-22 01:09:00,1342
B000189,C00539,2025-11-10 11:42:00,163
B000190,C00540,2025-09-12 21:12:00,613
B000191,C00544,2025-01-07 23:06:00,265
B000192,C00545,2025-02-16 23:37:00,489
B000193,C00547,2025-03-11 08:56:00,1292
B000194,C00548,2025-08-23 09:22:00,1488
B000195,C00552,2025-09-21 07:22:00,808
B000196,C00553,2025-06-15 16:30:00,1433
B000197,C00559,2025-11-15 17:05:00,1311
B000198,C00561,2025-04-28 11:41:00,172
B000199,C00564,2025-08-23 17:16:00,1104
B000200,C00565,2025-11-21 02:30:00,116
B000201,C00566,2025-11-21 11:04:00,150
B000202,C00568,2025-03-31 21:45:00,670
B000203,C00569,2025-06-22 01:26:00,1409
B000204,C00571,2025-11-15 13:57:00,670
B000205,C00572,2025-05-26 14:15:00,1113
B000206,C00577,2025-05-29 13:31:00,1008
B000207,C00579,2025-02-07 16:58:00,361
B000208,C00586,2025-09-02 03:30:00,1083
B000209,C00587,2025-11-21 10:38:00,774
B000210,C00588,2025-12-31 20:57:00,1227
B000211,C00589,2025-08-11 15:58:00,138
B000212,C00594,2025-05-24 19:59:00,1171
B000213,C00598,2025-07-06 19:56:00,1005
B000214,C00602,2025-08-05 05:13:00,1402
B000215,C00606,2025-10-17 11:02:00,1466
B000216,C00613,2025-06-25 07:23:00,171
B000217,C00614,2025-03-20 22:42:00,1020
B000218,C00616,2025-12-28 21:49:00,715
B000219,C00617,2025-11-22 18:00:00,1174
B000220,C00621,2025-06-26 13:03:00,495
B000221,C00622,2025-08-05 17:04:00,439
B000222,C00623,2025-10-07 07:13:00,172
B000223,C00625,2025-08-25 20:06:00,1395
B000224,C00627,2025-06-22 15:01:00,473
B000225,C00628,2025-08-10 20:57:00,374
B000226,C00631,2025-03-01 08:15:00,648
B000227,C00634,2025-08-26 18:00:00,617
B000228,C00636,2025-09-18 07:49:00,950
B000229,C00638,2025-09-07 02:22:00,378
B000230,C00639,2025-10-29 21:41:00,482
B000231,C00642,2025-02-27 01:01:00,890
B000232,C00644,2025-05-10 23:52:00,664
B000233,C00646,2025-08-28 08:19:00,1397
B000234,C00647,2025-03-26 09:12:00,474
B000235,C00649,2025-05-13 14:32:00,704
B000236,C00650,2025-06-17 15:34:00,1449
B000237,C00651,2025-10-28 22:00:00,803
B000238,C00652,2025-03-29 00:16:00,1082
B000239,C00654,2025-11-05 14:23:00,1186
B000240,C00657,2025-05-05 02:59:00,578
B000241,C00659,2025-07-21 05:49:00,611
B000242,C00661,2025-08-02 18:12:00,637
B000243,C00662,2025-05-25 19:12:00,209
B000244,C00664,2025-12-10 01:16:00,1204
B000245,C00665,2025-11-27 21:51:00,649
B000246,C00667,2025-10-01 18:07:00,837
B000247,C00672,2025-07-18 04:37:00,739
B000248,C00678,2025-02-07 21:41:00,898
B000249,C00679,2026-01-03 19:19:00,368
B000250,C00680,2025-12-27 22:54:00,702
B000251,C00681,2026-01-04 21:42:00,411
B000252,C00684,2025-10-01 03:58:00,144
B000253,C00689,2025-04-22 05:04:00,1269
B000254,C00690,2026-01-06 13:27:00,1206
B000255,C00692,2025-03-03 12:11:00,1495
B000256,C00696,2025-11-14 12:10:00,282
B000257,C00697,2025-07-26 17:08:00,960
B000258,C00701,2025-07-31 16:27:00,161
B000259,C00702,2025-12-06 08:41:00,984
B000260,C00703,2025-11-22 21:10:00,423
B000261,C00706,2025-12-18 05:02:00,452
B000262,C00709,2025-03-12 04:05:00,744
B000263,C00713,2025-03-04 11:53:00,1470
B000264,C00715,2025-11-04 22:33:00,444
B000265,C00730,2025-06-22 16:32:00,1418
B000266,C00732,2025-10-15 09:26:00,359
B000267,C00735,2025-03-26 16:28:00,1222
B000268,C00737,2025-04-26 10:56:00,987
B000269,C00739,2025-09-14 05:56:00,640
B000270,C00752,2025-07-10 11:06:00,685
B000271,C00754,2025-05-08 19:10:00,858
B000272,C00755,2025-02-11 11:37:00,308
B000273,C00757,2025-06-28 12:08:00,1492
B000274,C00758,2025-04-08 02:57:00,528
B000275,C00759,2025-07-07 04:29:00,1072
B000276,C00764,2025-05-04 14:38:00,1284
B000277,C00765,2025-01-13 14:40:00,752
B000278,C00766,2025-04-06 11:17:00,1295
B000279,C00767,2025-03-31 14:43:00,1072
B000280,C00768,2025-05-27 07:41:00,592
B000281,C00769,2025-12-05 00:52:00,226
B000282,C00773,2025-10-06 20:37:00,587
B000283,C00776,2025-05-07 14:17:00,586
B000284,C00777,2025-05-18 18:03:00,1125
B000285,C00778,2025-06-16 09:48:00,1343
B000286,C00785,2026-01-09 04:08:00,722
B000287,C00786,2025-12-21 11:20:00,136
B000288,C00789,2026-01-09 14:51:00,744
B000289,C00792,2025-12-16 11:48:00,1330
B000290,C00794,2025-09-05 09:03:00,206
B000291,C00800,2025-04-20 08:34:00,919
B000292,C00805,2025-08-10 14:28:00,466
B000293,C00806,2025-12-23 15:23:00,1337
B000294,C00808,2025-10-17 16:18:00,363
B000295,C00811,2025-05-02 02:35:00,374
B000296,C00813,2025-05-17 22:26:00,1330
B000297,C00817,2025-01-13 07:13:00,1216
B000298,C00820,2025-01-14 09:52:00,190
B000299,C00821,2025-06-02 22:58:00,1281
B000300,C00824,2026-01-13 01:52:00,628
B000301,C00828,2025-12-01 11:05:00,647
B000302,C00830,2025-09-21 22:30:00,1093
B000303,C00833,2025-03-13 20:39:00,408
B000304,C00835,2025-03-25 14:04:00,970
B000305,C00843,2025-12-22 01:57:00,1162
B000306,C00844,2025-12-26 18:17:00,706
B000307,C00846,2025-10-03 08:26:00,1409
B000308,C00852,2025-12-07 01:17:00,1089
B000309,C00858,2025-03-20 11:11:00,583
B000310,C00859,2025-02-07 06:37:00,836
B000311,C00860,2025-07-16 20:37:00,1239
B000312,C00864,2025-05-20 11:38:00,513
B000313,C00867,2025-08-15 16:31:00,405
B000314,C00869,2025-11-30 20:02:00,1055
B000315,C00871,2025-05-22 11:25:00,504
B000316,C00872,2025-09-22 22:02:00,1081
B000317,C00876,2025-10-25 08:20:00,543
B000318,C00877,2025-01-13 22:58:00,1425
B000319,C00880,2025-05-26 20:52:00,1277
B000320,C00881,2025-02-03 09:48:00,1215
B000321,C00889,2025-03-21 11:42:00,917
B000322,C00890,2025-03-14 19:03:00,257
B000323,C00891,2025-07-28 06:01:00,1110
B000324,C00893,2025-04-06 23:55:00,624
B000325,C00895,2025-05-06 02:52:00,1430
B000326,C00900,2025-10-31 07:43:00,1002
B000327,C00903,2025-05-14 13:59:00,121
B000328,C00908,2025-10-07 13:19:00,761
B000329,C00912,2025-05-02 23:30:00,530
B000330,C00916,2025-01-19 04:00:00,1336
B000331,C00923,2025-12-13 04:04:00,524
B000332,C00927,2025-01-27 16:30:00,564
B000333,C00929,2026-01-04 08:45:00,710
B000334,C00933,2025-08-24 14:39:00,1263
B000335,C00935,2025-01-11 17:25:00,205
B000336,C00936,2025-09-22 21:51:00,320
B000337,C00942,2025-01-12 03:21:00,950
B000338,C00943,2025-05-30 12:09:00,165
B000339,C00946,2025-11-11 11:14:00,1282
B000340,C00947,2025-07-27 01:40:00,234
B000341,C00949,2025-10-05 03:54:00,1344
B000342,C00960,2025-09-17 05:25:00,699
B000343,C00963,2025-09-30 10:33:00,1395
B000344,C00965,2025-02-11 03:01:00,1204
B000345,C00967,2025-11-09 15:09:00,687
B000346,C00972,2025-10-23 09:03:00,136
B000347,C00978,2025-08-22 22:42:00,1431
B000348,C00979,2026-01-13 10:42:00,1223
B000349,C00981,2025-07-08 16:44:00,1176
B000350,C00982,2025-12-07 13:17:00,1004
B000351,C00984,2025-03-16 09:17:00,275
B000352,C00985,2025-10-01 01:22:00,401
B000353,C00986,2025-03-18 05:35:00,991
B000354,C00987,2025-07-25 22:14:00,547
B000355,C00988,2025-12-20 07:58:00,421
B000356,C00991,2025-06-05 14:32:00,1416
B000357,C00992,2025-01-18 12:46:00,580
B000358,C00994,2025-10-30 00:48:00,663
B000359,C00996,2025-03-17 00:35:00,1378
B000360,C00998,2025-04-29 14:50:00,1358
B000361,C01001,2025-07-22 11:29:00,983
B000362,C01003,2025-05-12 17:09:00,829
B000363,C01006,2025-11-08 23:31:00,775
B000364,C01007,2025-11-07 08:37:00,548
B000365,C01008,2025-12-28 09:13:00,678
B000366,C01010,2025-03-01 06:14:00,1120
B000367,C01015,2025-11-20 08:58:00,347
B000368,C01016,2025-06-26 15:45:00,456
B000369,C01017,2025-04-20 19:14:00,595
B000370,C01018,2025-12-14 06:16:00,959
B000371,C01021,2025-08-08 21:54:00,1172
B000372,C01027,2025-08-13 00:11:00,1091
B000373,C01029,2025-01-08 17:56:00,607
B000374,C01035,2025-10-19 16:37:00,317
B000375,C01036,2025-12-22 12:57:00,920
B000376,C01039,2025-12-18 15:17:00,704
B000377,C01041,2025-06-13 14:40:00,423
B000378,C01045,2025-03-24 16:36:00,955
B000379,C01047,2026-01-07 03:00:00,307
B000380,C01052,2025-07-25 12:36:00,1446
B000381,C01056,2025-12-05 12:49:00,952
B000382,C01057,2025-05-31 18:56:00,370
B000383,C01061,2025-10-30 03:15:00,476
B000384,C01062,2025-04-29 14:22:00,370
B000385,C01066,2025-12-16 08:53:00,1045
B000386,C01067,2025-10-08 06:47:00,363
B000387,C01068,2025-11-28 13:06:00,1104
B000388,C01069,2025-02-03 02:04:00,1231
B000389,C01070,2025-06-03 18:17:00,468
B000390,C01075,2025-10-22 01:56:00,676
B000391,C01077,2025-07-03 16:00:00,366
B000392,C01079,2025-08-19 21:39:00,1360
B000393,C01080,2025-10-07 13:12:00,634
B000394,C01081,2025-08-18 04:45:00,947
B000395,C01083,2025-11-18 20:06:00,813
B000396,C01085,2025-08-24 06:32:00,133
B000397,C01087,2025-07-28 11:42:00,725
B000398,C01089,2025-05-07 20:32:00,866
B000399,C01093,2025-05-27 13:31:00,669
B000400,C01095,2025-12-07 01:25:00,1102
B000401,C01096,2025-02-21 06:05:00,1130
B000402,C01101,2025-01-10 00:16:00,574
B000403,C01103,2025-03-19 05:30:00,865
B000404,C01106,2025-05-21 19:51:00,986
B000405,C01110,2025-05-29 02:51:00,592
B000406,C01112,2025-09-15 14:52:00,920
B000407,C01114,2025-07-12 17:08:00,206
B000408,C01118,2025-02-26 14:11:00,921
B000409,C01119,2025-03-05 18:35:00,1092
B000410,C01123,2025-03-20 05:28:00,567
B000411,C01130,2025-04-14 18:32:00,115
B000412,C01132,2025-05-17 07:33:00,432
B000413,C01133,2025-11-08 13:00:00,315
B000414,C01135,2025-02-19 16:08:00,778
B000415,C01136,2025-03-27 13:59:00,1419
B000416,C01138,2025-01-26 17:13:00,849
B000417,C01139,2025-09-24 15:21:00,1112
B000418,C01141,2025-10-18 02:45:00,317
B000419,C01142,2025-04-03 03:24:00,1346
B000420,C01144,2025-07-01 06:58:00,615
B000421,C01145,2025-07-01 19:53:00,609
B000422,C01146,2025-05-02 12:17:00,168
B000423,C01154,2025-05-14 07:42:00,755
B000424,C01155,2026-01-05 18:51:00,282
B000425,C01159,2025-03-30 20:43:00,786
B000426,C01160,2025-08-16 23:54:00,226
B000427,C01161,2025-08-17 06:11:00,1328
B000428,C01166,2025-10-17 08:52:00,355
B000429,C01170,2025-10-26 08:50:00,700
B000430,C01171,2025-04-05 23:09:00,752
B000431,C01173,2025-11-09 05:34:00,1100
B000432,C01175,2025-02-14 13:29:00,765
B000433,C01176,2025-12-26 00:30:00,961
B000434,C01177,2025-08-16 19:15:00,1055
B000435,C01181,2025-03-01 07:12:00,345
B000436,C01184,2025-06-30 08:25:00,469
B000437,C01194,2025-08-10 05:08:00,432
B000438,C01200,2025-01-27 18:35:00,350
B000439,C01202,2025-08-15 00:11:00,582
B000440,C01205,2025-07-06 05:49:00,920
B000441,C01209,2025-06-26 09:05:00,1282
B000442,C01214,2025-08-04 03:24:00,317
B000443,C01216,2025-10-22 15:38:00,313
B000444,C01221,2025-12-29 00:39:00,478
B000445,C01224,2025-09-23 01:12:00,146
B000446,C01226,2025-01-12 02:51:00,447
B000447,C01228,2025-12-26 21:53:00,365
B000448,C01232,2025-12-20 10:04:00,604
B000449,C01233,2025-06-24 08:32:00,961
B000450,C01234,2025-02-23 21:54:00,862
B000451,C01238,2025-06-20 04:22:00,1492
B000452,C01239,2025-04-02 15:47:00,743
B000453,C01243,2025-07-28 06:40:00,1029
B000454,C01246,2025-11-07 12:17:00,752
B000455,C01247,2025-05-28 18:11:00,1453
B000456,C01248,2025-08-09 05:47:00,459
B000457,C01249,2025-12-17 17:19:00,343
B000458,C01260,2025-03-16 22:25:00,1293
B000459,C01261,2025-05-05 19:55:00,910
B000460,C01265,2025-04-23 04:47:00,107
B000461,C01266,2025-06-05 13:41:00,1414
B000462,C01268,2025-04-17 17:33:00,670
B000463,C01270,2025-11-21 00:20:00,776
B000464,C01272,2026-01-04 13:25:00,1170
B000465,C01273,2025-10-26 23:49:00,980
B000466,C01276,2025-07-08 10:05:00,512
B000467,C01277,2025-04-07 19:26:00,192
B000468,C01278,2025-05-07 05:53:00,838
B000469,C01280,2025-11-04 01:26:00,1173
B000470,C01283,2025-02-28 23:52:00,1495
B000471,C01286,2025-03-29 05:45:00,807
B000472,C01294,2025-07-14 13:14:00,947
B000473,C01296,2025-12-17 23:51:00,910
B000474,C01298,2025-08-11 06:02:00,1231
B000475,C01299,2025-02-20 05:09:00,779
B000476,C01303,2025-03-30 07:40:00,525
B000477,C01305,2025-04-08 14:47:00,959
B000478,C01306,2025-04-03 09:27:00,742
B000479,C01309,2025-04-15 21:52:00,734
B000480,C01310,2025-05-22 09:06:00,910
B000481,C01311,2025-11-21 01:28:00,908
B000482,C01318,2025-02-02 03:56:00,1475
B000483,C01328,2025-11-16 11:07:00,1219
B000484,C01330,2025-02-17 16:03:00,251
B000485,C01331,2025-05-05 14:45:00,687
B000486,C01332,2025-04-07 01:44:00,1333
B000487,C01334,2025-07-28 08:20:00,969
B000488,C01335,2025-12-06 17:36:00,1402
B000489,C01337,2025-08-05 06:41:00,111
B000490,C01339,2025-07-15 05:13:00,230
B000491,C01342,2025-04-04 19:43:00,1261
B000492,C01344,2025-01-17 23:36:00,909
B000493,C01347,2025-09-26 13:07:00,1271
B000494,C01351,2025-09-22 18:44:00,833
B000495,C01354,2025-04-18 10:41:00,142
B000496,C01358,2025-11-12 10:30:00,905
B000497,C01359,2026-01-10 00:01:00,345
B000498,C01363,2025-12-28 07:04:00,812
B000499,C01371,2025-05-12 17:03:00,917
B000500,C01372,2025-12-23 09:43:00,1222
B000501,C01376,2025-01-05 23:54:00,445
B000502,C01378,2025-11-09 08:02:00,269
B000503,C01379,2025-11-29 13:30:00,1165
B000504,C01384,2025-07-23 11:23:00,454
B000505,C01385,2025-01-16 12:35:00,643
B000506,C01386,2025-07-06 16:13:00,731
B000507,C01387,2025-11-16 21:43:00,244
B000508,C01390,2025-07-06 01:04:00,491
B000509,C01391,2025-04-23 01:19:00,945
B000510,C01393,2025-06-23 03:42:00,1493
B000511,C01394,2025-09-28 09:58:00,1413
B000512,C01395,2025-05-11 09:51:00,891
B000513,C01397,2025-11-05 18:17:00,750
B000514,C01399,2025-02-07 13:29:00,1133
B000515,C01402,2025-07-14 08:49:00,293
B000516,C01403,2025-11-17 16:04:00,583
B000517,C01404,2025-08-30 22:39:00,1416
B000518,C01405,2025-11-28 00:30:00,351
B000519,C01406,2025-07-25 13:17:00,972
B000520,C01411,2025-03-31 02:18:00,184
B000521,C01413,2025-09-20 13:33:00,443
B000522,C01415,2025-03-07 09:11:00,969
B000523,C01416,2025-01-21 23:07:00,772
B000524,C01423,2025-08-21 08:10:00,1404
B000525,C01426,2025-10-13 19:10:00,955
B000526,C01427,2025-09-07 10:44:00,1494
B000527,C01430,2025-07-26 02:11:00,252
B000528,C01431,2025-04-09 06:52:00,1382
B000529,C01432,2026-01-12 16:47:00,342
B000530,C01434,2025-07-01 20:01:00,1169
B000531,C01437,2025-05-23 18:29:00,326
B000532,C01443,2025-05-26 07:27:00,502
B000533,C01446,2025-01-21 09:32:00,1024
B000534,C01448,2025-11-07 14:51:00,1393
B000535,C01456,2025-09-23 22:52:00,498
B000536,C01458,2025-12-06 02:00:00,827
B000537,C01462,2025-09-22 00:36:00,275
B000538,C01464,2025-05-31 18:48:00,1379
B000539,C01465,2025-03-20 15:26:00,412
B000540,C01466,2025-05-07 18:18:00,768
B000541,C01470,2025-02-24 09:13:00,1051
B000542,C01474,2025-04-24 08:38:00,300
B000543,C01481,2025-04-09 22:29:00,479
B000544,C01485,2025-09-17 05:18:00,1045
B000545,C01491,2025-08-04 18:44:00,213
B000546,C01495,2025-02-13 22:00:00,618
B000547,C01498,2025-12-11 23:03:00,525
B000548,C01507,2025-05-15 11:52:00,274
B000549,C01515,2025-11-05 09:20:00,716
B000550,C01516,2025-09-14 18:35:00,1079
B000551,C01517,2025-09-01 08:41:00,383
B000552,C01522,2025-08-01 17:25:00,1347
B000553,C01526,2025-11-11 12:25:00,789
B000554,C01529,2025-02-16 13:36:00,1250
B000555,C01533,2025-08-20 19:08:00,1223
B000556,C01536,2025-08-15 14:04:00,122
B000557,C01537,2025-04-01 16:52:00,899
B000558,C01540,2025-04-11 20:34:00,257
B000559,C01541,2025-09-13 05:04:00,1185
B000560,C01549,2025-08-14 00:40:00,1494
B000561,C01554,2025-12-02 09:31:00,904
B000562,C01556,2025-03-10 21:58:00,1078
B000563,C01559,2025-08-06 15:55:00,1168
B000564,C01562,2025-12-07 23:07:00,870
B000565,C01567,2025-10-31 17:48:00,461
B000566,C01568,2025-02-05 16:47:00,616
B000567,C01571,2025-06-10 10:32:00,325
B000568,C01574,2025-11-01 07:52:00,1491
B000569,C01575,2025-03-13 14:13:00,1473
B000570,C01576,2026-01-03 08:19:00,1474
B000571,C01579,2025-09-26 11:20:00,1388
B000572,C01580,2025-12-30 20:19:00,829
B000573,C01581,2025-01-22 06:27:00,158
B000574,C01584,2025-05-28 11:05:00,522
B000575,C01588,2025-11-19 14:24:00,664
B000576,C01592,2025-09-13 21:26:00,350
B000577,C01596,2025-07-14 17:47:00,1248
B000578,C01597,2025-12-16 23:08:00,1002
B000579,C01602,2025-11-01 08:56:00,1187
B000580,C01610,2025-08-11 02:36:00,998
B000581,C01612,2025-01-29 10:47:00,315
B000582,C01615,2025-04-29 00:04:00,998
B000583,C01617,2025-10-27 06:29:00,1385
B000584,C01622,2025-08-14 00:42:00,252
B000585,C01623,2025-05-11 13:10:00,934
B000586,C01625,2025-03-13 20:52:00,401
B000587,C01626,2025-11-06 15:29:00,1474
B000588,C01631,2025-08-05 05:43:00,876
B000589,C01633,2025-07-19 13:54:00,1480
B000590,C01640,2025-08-19 20:20:00,432
B000591,C01646,2025-04-11 18:37:00,1417
B000592,C01653,2025-08-11 02:02:00,387
B000593,C01659,2025-03-15 06:34:00,1131
B000594,C01663,2025-04-11 05:07:00,840
B000595,C01664,2025-09-12 00:09:00,197
B000596,C01666,2025-08-04 06:13:00,232
B000597,C01669,2025-12-07 10:34:00,341
B000598,C01670,2025-08-11 05:54:00,511
B000599,C01672,2025-07-23 11:01:00,538
B000600,C01674,2025-12-20 18:31:00,121
B000601,C01675,2025-01-13 06:16:00,1297
B000602,C01676,2025-12-19 03:17:00,1116
B000603,C01678,2025-10-12 15:54:00,127
B000604,C01680,2025-06-03 08:19:00,783
B000605,C01685,2025-07-10 17:02:00,908
B000606,C01691,2025-02-19 21:03:00,941
B000607,C01696,2025-07-07 14:22:00,590
B000608,C01698,2025-10-02 15:30:00,924
B000609,C01701,2025-04-23 19:05:00,472
B000610,C01708,2025-12-30 16:20:00,296
B000611,C01715,2025-08-30 12:52:00,909
B000612,C01721,2025-03-06 00:15:00,419
B000613,C01722,2025-07-27 02:27:00,1380
B000614,C01724,2025-02-19 05:17:00,810
B000615,C01728,2025-02-23 16:01:00,175
B000616,C01732,2025-02-08 05:45:00,980
B000617,C01741,2025-08-28 18:54:00,271
B000618,C01742,2025-09-14 23:19:00,1248
B000619,C01745,2025-12-23 11:51:00,287
B000620,C01746,2025-04-28 13:42:00,673
B000621,C01752,2025-12-02 14:46:00,516
B000622,C01754,2025-03-27 04:57:00,973
B000623,C01758,2025-05-08 08:38:00,620
B000624,C01766,2025-10-10 07:11:00,846
B000625,C01767,2025-10-25 21:46:00,739
B000626,C01768,2025-11-13 14:34:00,1452
B000627,C01770,2025-08-16 16:08:00,230
B000628,C01778,2026-01-09 14:52:00,780
B000629,C01780,2025-09-03 22:35:00,818
B000630,C01784,2025-06-15 14:29:00,1466
B000631,C01792,2025-11-23 17:11:00,1155
B000632,C01795,2025-02-21 15:15:00,796
B000633,C01799,2025-06-01 13:57:00,852
B000634,C01800,2025-02-25 21:50:00,374
B000635,C01808,2025-10-04 04:55:00,645
B000636,C01809,2025-03-16 17:00:00,1171
B000637,C01811,2025-04-12 04:34:00,219
B000638,C01815,2025-10-30 16:10:00,537
B000639,C01819,2025-03-26 23:35:00,703
B000640,C01820,2025-01-28 19:21:00,1138
B000641,C01822,2025-03-15 04:02:00,992
B000642,C01823,2025-12-31 22:31:00,506
B000643,C01824,2025-06-03 17:12:00,599
B000644,C01825,2025-04-10 12:47:00,227
B000645,C01829,2025-11-24 14:47:00,135
B000646,C01830,2025-05-29 23:42:00,1218
B000647,C01831,2025-09-12 05:31:00,340
B000648,C01833,2025-12-21 03:05:00,1046
B000649,C01836,2025-01-20 08:49:00,339
B000650,C01837,2025-08-17 09:12:00,1128
B000651,C01838,2025-03-04 10:22:00,313
B000652,C01843,2025-02-07 08:23:00,1254
B000653,C01845,2025-09-16 07:03:00,1007
B000654,C01846,2025-05-19 15:09:00,967
B000655,C01847,2025-03-15 01:05:00,420
B000656,C01848,2025-06-21 13:56:00,278
B000657,C01852,2025-07-25 06:01:00,194
B000658,C01859,2025-04-27 04:15:00,604
B000659,C01860,2025-07-27 08:10:00,333
B000660,C01861,2025-02-12 14:58:00,1259
B000661,C01862,2025-02-25 00:06:00,523
B000662,C01863,2025-05-14 06:22:00,849
B000663,C01866,2025-11-16 08:54:00,1175
B000664,C01871,2025-12-11 14:59:00,217
B000665,C01875,2025-12-31 21:20:00,1037
B000666,C01876,2025-03-01 07:07:00,1262
B000667,C01880,2025-06-30 15:15:00,1261
B000668,C01884,2025-04-11 01:48:00,1117
B000669,C01886,2025-02-15 13:17:00,185
B000670,C01888,2025-11-16 20:33:00,1067
B000671,C01889,2025-01-18 14:47:00,317
B000672,C01890,2025-09-03 19:44:00,746
B000673,C01891,2025-11-18 15:30:00,773
B000674,C01893,2025-04-09 05:33:00,454
B000675,C01894,2025-08-29 20:41:00,909
B000676,C01899,2025-03-19 19:22:00,520
B000677,C01900,2025-02-22 22:20:00,1130
B000678,C01903,2025-03-25 10:08:00,947
B000679,C01905,2025-11-20 05:51:00,853
B000680,C01908,2025-10-30 12:45:00,1345
B000681,C01909,2025-12-05 21:46:00,620
B000682,C01911,2025-08-22 23:59:00,326
B000683,C01912,2025-10-02 16:49:00,1303
B000684,C01913,2025-05-02 00:43:00,1342
B000685,C01915,2025-02-12 10:18:00,424
B000686,C01917,2025-12-29 20:01:00,414
B000687,C01922,2025-09-14 07:20:00,1480
B000688,C01924,2025-01-28 07:50:00,1469
B000689,C01925,2025-02-12 09:59:00,231
B000690,C01930,2025-06-24 12:04:00,1422
B000691,C01934,2025-06-02 23:43:00,320
B000692,C01935,2025-05-14 01:44:00,393
B000693,C01936,2025-01-04 00:55:00,970
B000694,C01937,2025-08-28 05:38:00,252
B000695,C01940,2025-10-14 11:43:00,861
B000696,C01942,2025-07-19 14:50:00,633
B000697,C01946,2025-03-31 03:48:00,885
B000698,C01947,2025-08-17 23:38:00,806
B000699,C01951,2025-06-20 16:19:00,1047
B000700,C01953,2025-04-28 04:25:00,1408
B000701,C01960,2025-09-12 16:22:00,1236
B000702,C01963,2025-06-07 18:29:00,359
B000703,C01964,2025-11-14 05:38:00,964
B000704,C01965,2025-08-13 13:33:00,713
B000705,C01968,2025-10-24 00:30:00,423
B000706,C01971,2025-12-01 09:10:00,335
B000707,C01972,2025-07-24 17:39:00,1149
B000708,C01973,2025-02-13 20:44:00,443
B000709,C01978,2025-04-12 12:36:00,1219
B000710,C01982,2025-02-14 00:55:00,800
B000711,C01989,2025-04-17 01:32:00,753
B000712,C01992,2025-02-11 11:46:00,1008
B000713,C01995,2025-12-06 03:54:00,255
B000714,C02001,2025-09-21 00:47:00,349
B000715,C02005,2025-04-05 09:03:00,1087
B000716,C02007,2025-11-16 19:07:00,587
B000717,C02011,2025-01-13 11:04:00,550
B000718,C02012,2025-05-19 06:55:00,1039
B000719,C02015,2025-05-23 10:45:00,555
B000720,C02016,2025-02-01 02:42:00,1364
B000721,C02018,2025-12-13 04:12:00,556
B000722,C02021,2025-05-23 17:05:00,1071
B000723,C02026,2025-09-30 18:53:00,742
B000724,C02030,2025-09-17 23:44:00,1455
B000725,C02035,2025-07-09 19:51:00,1126
B000726,C02036,2025-01-13 08:14:00,1152
B000727,C02042,2025-07-25 10:24:00,876
B000728,C02043,2025-01-19 04:12:00,143
B000729,C02044,2025-10-10 01:44:00,946
B000730,C02046,2025-01-11 13:59:00,1044
B000731,C02050,2025-09-06 08:35:00,485
B000732,C02056,2025-07-02 00:55:00,1260
B000733,C02058,2025-06-08 23:55:00,663
B000734,C02059,2025-03-23 12:27:00,252
B000735,C02060,2025-08-31 10:54:00,184
B000736,C02062,2025-01-25 15:12:00,466
B000737,C02066,2025-04-03 06:48:00,220
B000738,C02068,2025-01-25 02:34:00,1104
B000739,C02069,2025-01-30 00:06:00,325
B000740,C02070,2025-06-15 03:16:00,472
B000741,C02071,2025-10-26 03:08:00,704
B000742,C02072,2025-10-25 01:58:00,1329
B000743,C02073,2025-11-16 08:06:00,748
B000744,C02074,2025-11-19 10:28:00,172
B000745,C02075,2025-03-27 09:41:00,891
B000746,C02076,2025-10-04 23:41:00,214
B000747,C02077,2025-10-10 04:32:00,533
B000748,C02087,2025-08-09 14:45:00,158
B000749,C02088,2025-08-16 19:00:00,475
B000750,C02092,2025-05-04 01:58:00,675
B000751,C02094,2025-08-07 11:16:00,388
B000752,C02096,2025-10-04 01:26:00,604
B000753,C02100,2025-04-02 16:33:00,1288
B000754,C02102,2025-03-23 23:21:00,754
B000755,C02103,2025-01-28 08:35:00,1394
B000756,C02104,2025-08-17 18:32:00,276
B000757,C02112,2025-07-07 17:09:00,1076
B000758,C02114,2025-03-19 16:52:00,406
B000759,C02115,2025-12-15 00:29:00,689
B000760,C02117,2025-12-19 20:49:00,1465
B000761,C02121,2025-04-06 11:49:00,197
B000762,C02124,2025-10-28 16:13:00,1493
B000763,C02125,2025-08-07 01:22:00,921
B000764,C02126,2025-05-29 08:36:00,220
B000765,C02131,2025-10-22 15:42:00,279
B000766,C02132,2025-05-10 00:11:00,259
B000767,C02140,2025-02-08 03:24:00,1322
B000768,C02144,2026-01-02 17:20:00,375
B000769,C02146,2025-01-27 07:12:00,1012
B000770,C02147,2025-11-03 04:26:00,643
B000771,C02148,2025-04-23 06:22:00,617
B000772,C02158,2025-10-17 17:13:00,885
B000773,C02163,2025-01-25 20:46:00,983
B000774,C02168,2025-06-04 09:33:00,1380
B000775,C02173,2025-01-28 10:23:00,1350
B000776,C02175,2025-01-14 13:17:00,935
B000777,C02179,2025-12-19 08:43:00,1189
B000778,C02181,2025-11-23 02:45:00,1022
B000779,C02186,2025-12-09 14:42:00,711
B000780,C02195,2025-08-11 12:43:00,1357
B000781,C02196,2025-12-20 04:55:00,215
B000782,C02201,2025-11-15 18:13:00,600
B000783,C02210,2025-08-15 06:00:00,123
B000784,C02211,2025-12-04 01:08:00,1057
B000785,C02215,2025-12-17 12:11:00,859
B000786,C02217,2025-09-05 01:50:00,695
B000787,C02218,2025-07-15 07:33:00,845
B000788,C02219,2025-12-01 02:36:00,101
B000789,C02220,2025-02-08 04:18:00,661
B000790,C02221,2025-02-11 23:39:00,549
B000791,C02224,2025-07-31 00:02:00,1292
B000792,C02225,2025-12-31 09:51:00,1069
B000793,C02231,2025-10-06 15:58:00,1124
B000794,C02232,2025-11-03 23:24:00,996
B000795,C02233,2025-07-16 03:55:00,217
B000796,C02235,2025-08-03 16:24:00,396
B000797,C02236,2025-02-19 12:58:00,1050
B000798,C02244,2025-04-03 12:39:00,865
B000799,C02246,2025-08-25 04:57:00,762
B000800,C02247,2025-07-27 13:12:00,696
B000801,C02248,2025-04-01 04:55:00,211
B000802,C02251,2025-08-10 02:38:00,559
B000803,C02252,2025-11-04 16:45:00,1409
B000804,C02261,2025-09-23 17:00:00,332
B000805,C02265,2025-01-28 12:03:00,273
B000806,C02266,2025-06-18 00:33:00,1237
B000807,C02268,2025-01-18 05:27:00,718
B000808,C02270,2025-12-14 04:12:00,854
B000809,C02271,2025-01-30 00:29:00,805
B000810,C02279,2025-08-10 22:53:00,1473
B000811,C02281,2025-07-19 17:03:00,427
B000812,C02283,2025-12-30 05:34:00,1106
B000813,C02286,2025-11-28 04:18:00,1155
B000814,C02293,2025-05-09 19:18:00,1160
B000815,C02294,2025-10-04 01:13:00,951
B000816,C02295,2025-02-21 09:10:00,956
B000817,C02298,2025-08-06 04:17:00,537
B000818,C02299,2025-03-30 02:07:00,696
B000819,C02304,2025-11-23 03:46:00,1238
B000820,C02306,2025-02-08 04:17:00,597
B000821,C02307,2025-09-04 03:51:00,1313
B000822,C02308,2025-11-06 15:57:00,315
B000823,C02312,2025-05-03 19:22:00,161
B000824,C02317,2025-05-01 23:19:00,126
B000825,C02318,2025-10-03 16:17:00,771
B000826,C02319,2025-11-21 13:43:00,187
B000827,C02320,2025-06-13 01:46:00,915
B000828,C02321,2025-05-21 19:13:00,896
B000829,C02324,2025-09-20 22:56:00,1119
B000830,C02332,2025-05-19 17:23:00,510
B000831,C02336,2025-11-29 00:44:00,1324
B000832,C02340,2025-09-09 23:38:00,803
B000833,C02344,2025-11-29 23:10:00,1402
B000834,C02346,2025-09-10 06:03:00,1182
B000835,C02349,2025-07-01 11:10:00,302
B000836,C02358,2025-11-24 08:43:00,618
B000837,C02365,2025-04-17 13:58:00,1024
B000838,C02366,2025-10-06 08:18:00,944
B000839,C02369,2025-11-26 12:15:00,510
B000840,C02371,2025-12-26 03:59:00,273
B000841,C02372,2025-09-28 11:36:00,120
B000842,C02374,2025-11-02 04:16:00,1165
B000843,C02376,2025-03-28 02:50:00,825
B000844,C02379,2025-02-05 19:57:00,598
B000845,C02380,2025-04-10 09:28:00,1246
B000846,C02383,2026-01-20 11:44:00,1000
B000847,C02384,2025-02-12 20:53:00,1435
B000848,C02385,2025-12-21 22:51:00,585
B000849,C02389,2025-09-28 05:13:00,552
B000850,C02391,2025-08-21 17:23:00,1008
B000851,C02392,2025-06-07 04:10:00,1328
B000852,C02393,2025-09-14 21:43:00,472
B000853,C02394,2025-04-26 07:57:00,368
B000854,C02400,2025-01-28 17:47:00,976
B000855,C02401,2025-12-26 22:41:00,1205
B000856,C02402,2025-08-01 20:50:00,924
B000857,C02404,2025-08-08 17:44:00,610
B000858,C02408,2025-08-22 00:10:00,402
B000859,C02409,2025-04-19 02:20:00,1391
B000860,C02412,2025-09-11 05:17:00,1410
B000861,C02414,2025-03-16 10:10:00,985
B000862,C02419,2025-08-08 08:44:00,676
B000863,C02420,2025-04-22 04:31:00,484
B000864,C02422,2025-12-27 05:46:00,216
B000865,C02425,2025-11-19 11:10:00,1210
B000866,C02433,2025-03-05 03:38:00,878
B000867,C02437,2025-07-13 03:51:00,416
B000868,C02438,2025-03-13 18:27:00,1129
B000869,C02444,2025-10-25 08:52:00,823
B000870,C02445,2025-03-08 19:12:00,992
B000871,C02446,2025-11-01 10:28:00,366
B000872,C02447,2026-01-13 13:42:00,453
B000873,C02451,2025-08-01 21:36:00,913
B000874,C02452,2025-08-09 05:57:00,1044
B000875,C02455,2025-10-16 17:11:00,236
B000876,C02456,2025-05-09 07:05:00,655
B000877,C02458,2025-10-18 18:00:00,1380
B000878,C02467,2025-05-28 14:50:00,1203
B000879,C02471,2025-07-16 14:20:00,300
B000880,C02473,2025-11-30 07:48:00,818
B000881,C02478,2025-02-05 06:06:00,691
B000882,C02479,2025-04-17 10:24:00,394
B000883,C02483,2025-07-27 03:22:00,920
B000884,C02484,2025-06-29 00:05:00,1100
B000885,C02486,2025-06-09 04:58:00,1205
B000886,C02487,2026-01-02 10:57:00,117
B000887,C02490,2025-08-31 19:14:00,118
B000888,C02491,2025-01-26 14:02:00,468
B000889,C02504,2025-03-11 14:24:00,827
B000890,C02505,2025-06-01 03:10:00,687
B000891,C02507,2025-11-20 03:25:00,856
B000892,C02509,2025-12-24 12:00:00,1115
B000893,C02510,2025-04-24 14:00:00,1190
B000894,C02514,2025-08-03 15:31:00,1405
B000895,C02520,2025-04-08 23:12:00,991
B000896,C02522,2025-09-07 14:25:00,410
B000897,C02523,2025-05-13 11:05:00,704
B000898,C02524,2025-01-29 18:28:00,1208
B000899,C02525,2025-12-01 02:14:00,443
B000900,C02527,2025-11-12 14:36:00,1417
B000901,C02528,2025-05-08 16:47:00,1447
B000902,C02533,2025-07-09 21:43:00,580
B000903,C02534,2025-01-15 22:41:00,854
B000904,C02536,2025-07-11 23:54:00,468
B000905,C02542,2025-02-04 20:51:00,771
B000906,C02545,2025-02-25 01:07:00,877
B000907,C02554,2025-04-11 07:38:00,702
B000908,C02555,2025-12-24 11:22:00,750
B000909,C02556,2025-11-15 12:15:00,359
B000910,C02559,2025-11-14 02:26:00,725
B000911,C02561,2025-04-21 21:57:00,1336
B000912,C02563,2025-09-15 11:14:00,148
B000913,C02564,2025-03-31 09:16:00,815
B000914,C02567,2025-02-01 10:09:00,600
B000915,C02571,2025-12-13 11:41:00,1208
B000916,C02572,2026-01-12 11:11:00,1254
B000917,C02575,2025-12-27 09:53:00,1020
B000918,C02576,2025-06-11 16:32:00,1120
B000919,C02578,2025-11-06 06:54:00,290
B000920,C02582,2025-05-25 00:09:00,182
B000921,C02583,2025-05-28 02:40:00,453
B000922,C02588,2025-07-15 19:19:00,1044
B000923,C02596,2025-02-19 05:29:00,176
B000924,C02597,2025-08-25 00:22:00,509
B000925,C02601,2025-07-02 17:07:00,416
B000926,C02606,2025-05-24 00:36:00,1394
B000927,C02609,2025-09-25 12:52:00,185
B000928,C02614,2025-11-24 04:43:00,1161
B000929,C02615,2025-04-19 14:47:00,1305
B000930,C02618,2026-01-07 08:58:00,442
B000931,C02619,2025-02-07 14:33:00,560
B000932,C02621,2025-09-29 15:49:00,526
B000933,C02628,2025-12-16 05:43:00,872
B000934,C02631,2026-01-01 00:15:00,1263
B000935,C02632,2025-01-23 23:57:00,196
B000936,C02634,2025-07-28 06:41:00,1001
B000937,C02635,2025-11-03 02:35:00,938
B000938,C02636,2025-08-13 06:18:00,514
B000939,C02639,2025-04-15 21:40:00,289
B000940,C02641,2025-02-15 18:40:00,1301
B000941,C02643,2025-01-10 09:12:00,358
B000942,C02645,2025-01-16 20:37:00,329
B000943,C02646,2025-08-03 09:57:00,846
B000944,C02647,2025-08-07 07:20:00,1088
B000945,C02650,2025-01-31 15:45:00,1314
B000946,C02652,2025-10-09 12:34:00,913
B000947,C02654,2025-02-14 07:25:00,884
B000948,C02656,2025-08-27 00:33:00,1489
B000949,C02660,2025-12-06 23:15:00,1440
B000950,C02663,2025-08-14 11:51:00,471
B000951,C02666,2025-04-30 19:03:00,278
B000952,C02667,2025-05-02 03:13:00,376
B000953,C02669,2025-10-04 02:33:00,1091
B000954,C02672,2025-04-18 19:14:00,1325
B000955,C02675,2025-05-08 00:41:00,1234
B000956,C02677,2025-01-24 17:49:00,485
B000957,C02681,2025-12-04 08:27:00,311
B000958,C02683,2025-08-28 21:50:00,520
B000959,C02687,2025-04-25 17:55:00,1240
B000960,C02688,2025-01-16 07:37:00,1271
B000961,C02691,2025-06-04 12:59:00,744
B000962,C02693,2025-12-01 12:12:00,847
B000963,C02697,2025-12-02 09:24:00,1287
B000964,C02698,2025-08-01 02:15:00,475
B000965,C02699,2025-06-25 22:52:00,965
B000966,C02700,2025-12-14 18:58:00,474
B000967,C02702,2025-05-10 14:50:00,785
B000968,C02707,2025-03-31 03:44:00,1158
B000969,C02709,2025-10-15 16:25:00,1097
B000970,C02718,2025-10-15 00:09:00,677
B000971,C02720,2025-10-05 03:18:00,1339
B000972,C02722,2025-05-13 18:18:00,900
B000973,C02723,2025-06-17 04:14:00,610
B000974,C02728,2025-03-11 01:46:00,149
B000975,C02729,2025-07-28 02:59:00,726
B000976,C02731,2025-02-24 15:37:00,561
B000977,C02734,2025-08-23 06:45:00,130
B000978,C02737,2025-09-07 15:28:00,103
B000979,C02739,2025-08-13 07:32:00,394
B000980,C02740,2025-01-27 23:31:00,320
B000981,C02741,2025-11-07 17:48:00,413
B000982,C02743,2025-04-23 22:13:00,535
B000983,C02752,2025-03-12 00:56:00,388
B000984,C02753,2025-12-28 07:52:00,1488
B000985,C02755,2025-10-22 01:18:00,598
B000986,C02757,2025-11-12 10:12:00,231
B000987,C02758,2025-06-28 04:07:00,966
B000988,C02761,2025-05-02 16:51:00,1301
B000989,C02764,2025-02-24 07:18:00,502
B000990,C02765,2025-08-13 13:16:00,899
B000991,C02767,2025-12-17 03:10:00,909
B000992,C02769,2025-10-15 22:56:00,1457
B000993,C02770,2025-12-27 16:42:00,141
B000994,C02772,2025-11-16 14:32:00,905
B000995,C02775,2025-05-11 11:31:00,1351
B000996,C02777,2025-07-06 05:57:00,321
B000997,C02779,2025-03-13 13:27:00,889
B000998,C02781,2025-02-03 23:09:00,435
B000999,C02783,2025-10-21 03:36:00,691
B001000,C02784,2025-08-06 16:26:00,1110
B001001,C02787,2025-12-17 22:34:00,1489
B001002,C02789,2025-03-27 21:36:00,520
B001003,C02790,2025-05-29 08:58:00,1319
B001004,C02792,2025-05-21 05:58:00,512
B001005,C02793,2025-12-23 19:21:00,1466
B001006,C02796,2025-10-06 05:03:00,157
B001007,C02797,2025-01-12 23:12:00,1095
B001008,C02798,2025-06-07 07:13:00,1231
B001009,C02799,2025-12-26 17:50:00,334
B001010,C02802,2025-04-14 06:11:00,200
B001011,C02805,2025-04-19 11:21:00,1431
B001012,C02806,2025-12-07 21:04:00,344
B001013,C02808,2025-03-22 22:43:00,179
B001014,C02809,2025-11-26 00:23:00,332
B001015,C02811,2025-11-09 21:32:00,922
B001016,C02812,2025-03-17 14:04:00,1341
B001017,C02813,2025-06-07 20:08:00,905
B001018,C02815,2025-02-18 01:20:00,901
B001019,C02818,2025-10-05 05:10:00,1068
B001020,C02822,2025-12-05 04:19:00,604
B001021,C02823,2025-11-28 08:25:00,699
B001022,C02825,2025-01-26 11:16:00,668
B001023,C02826,2025-01-29 10:26:00,953
B001024,C02834,2025-03-11 14:36:00,843
B001025,C02838,2025-04-11 23:18:00,406
B001026,C02840,2025-09-26 00:35:00,144
B001027,C02841,2025-04-24 14:57:00,1155
B001028,C02842,2025-04-09 09:36:00,1197
B001029,C02847,2025-10-31 03:31:00,413
B001030,C02848,2025-07-04 10:42:00,536
B001031,C02852,2025-07-18 10:34:00,1310
B001032,C02854,2025-06-02 04:45:00,1479
B001033,C02857,2025-07-28 04:19:00,434
B001034,C02861,2025-10-15 22:58:00,1002
B001035,C02862,2025-07-18 16:03:00,958
B001036,C02868,2025-01-28 02:26:00,162
B001037,C02871,2025-01-13 05:00:00,1370
B001038,C02876,2025-11-28 22:07:00,804
B001039,C02878,2025-01-29 00:58:00,1216
B001040,C02879,2025-06-25 14:47:00,1376
B001041,C02884,2025-06-11 13:19:00,1065
B001042,C02886,2025-06-14 02:05:00,930
B001043,C02887,2025-12-18 10:46:00,762
B001044,C02888,2025-11-03 21:27:00,1087
B001045,C02896,2025-08-31 19:17:00,110
B001046,C02899,2025-10-01 04:28:00,918
B001047,C02900,2025-04-04 15:43:00,928
B001048,C02902,2025-06-19 18:55:00,1173
B001049,C02903,2025-05-03 12:50:00,1139
B001050,C02905,2025-06-12 23:46:00,514
B001051,C02913,2025-12-11 06:09:00,869
B001052,C02914,2025-03-20 23:09:00,1133
B001053,C02922,2025-12-31 05:30:00,936
B001054,C02925,2025-02-10 06:05:00,818
B001055,C02926,2025-04-14 16:45:00,1126
B001056,C02934,2025-12-09 10:57:00,196
B001057,C02939,2026-01-13 11:47:00,1367
B001058,C02942,2025-12-30 09:19:00,952
B001059,C02943,2025-05-10 05:24:00,1192
B001060,C02950,2025-06-10 12:59:00,398
B001061,C02951,2025-06-18 03:29:00,1214
B001062,C02954,2025-11-07 21:05:00,389
B001063,C02957,2025-12-30 01:46:00,795
B001064,C02960,2025-07-15 16:27:00,1261
B001065,C02962,2025-02-14 10:02:00,494
B001066,C02963,2025-02-14 12:32:00,279
B001067,C02964,2025-06-19 23:27:00,269
B001068,C02969,2025-11-16 06:15:00,588
B001069,C02970,2025-10-07 23:31:00,191
B001070,C02973,2025-07-25 23:16:00,486
B001071,C02974,2025-06-23 15:53:00,557
B001072,C02976,2025-12-22 20:37:00,555
B001073,C02981,2025-02-13 03:34:00,1286
B001074,C02984,2025-08-17 13:06:00,286
B001075,C02986,2025-04-19 07:29:00,415
B001076,C02992,2025-06-22 19:52:00,615
B001077,C02994,2025-07-31 08:49:00,323
B001078,C03000,2025-10-17 13:52:00,1143
B001079,C03005,2025-04-28 04:49:00,1217
B001080,C03008,2025-06-09 11:58:00,164
B001081,C03009,2025-10-05 19:10:00,663
B001082,C03010,2025-10-23 15:35:00,637
B001083,C03011,2025-02-15 17:45:00,165
B001084,C03014,2025-03-19 04:44:00,1171
B001085,C03017,2025-06-29 21:48:00,190
B001086,C03019,2025-07-20 01:52:00,1344
B001087,C03022,2025-03-11 05:04:00,1109
B001088,C03031,2025-08-10 19:44:00,1038
B001089,C03036,2025-07-26 05:18:00,496
B001090,C03040,2025-03-17 10:23:00,384
B001091,C03042,2025-12-17 04:22:00,1405
B001092,C03044,2025-09-21 14:58:00,863
B001093,C03047,2025-05-26 23:41:00,843
B001094,C03049,2025-03-21 10:40:00,374
B001095,C03050,2025-04-06 10:24:00,1066
B001096,C03051,2025-02-27 06:24:00,1360
B001097,C03052,2025-11-02 05:32:00,1234
B001098,C03054,2025-04-08 08:20:00,1464
B001099,C03056,2025-03-27 12:01:00,729
B001100,C03057,2025-01-09 18:02:00,354
B001101,C03058,2025-12-02 03:12:00,1300
B001102,C03059,2025-05-11 22:51:00,788
B001103,C03063,2025-12-15 10:01:00,1379
B001104,C03065,2025-04-03 12:49:00,877
B001105,C03069,2025-09-21 14:01:00,732
B001106,C03073,2025-05-04 16:48:00,1022
B001107,C03074,2025-10-01 12:38:00,525
B001108,C03078,2025-09-07 20:06:00,496
B001109,C03079,2025-02-12 01:05:00,1342
B001110,C03082,2025-07-24 09:58:00,632
B001111,C03085,2025-07-06 19:15:00,965
B001112,C03087,2025-11-28 00:09:00,989
B001113,C03091,2025-06-25 14:56:00,541
B001114,C03092,2025-03-01 02:22:00,1086
B001115,C03096,2025-10-30 07:20:00,928
B001116,C03101,2025-09-09 20:52:00,710
B001117,C03110,2025-07-31 01:50:00,393
B001118,C03113,2025-04-29 21:57:00,1050
B001119,C03116,2025-04-11 01:51:00,774
B001120,C03119,2025-11-04 11:24:00,689
B001121,C03124,2026-01-08 15:13:00,1034
B001122,C03125,2025-05-04 16:51:00,489
B001123,C03126,2025-08-16 21:06:00,259
B001124,C03127,2025-08-22 12:39:00,1407
B001125,C03131,2025-03-30 04:06:00,737
B001126,C03133,2025-09-03 08:11:00,1110
B001127,C03134,2025-07-25 06:35:00,1452
B001128,C03137,2025-03-11 10:08:00,240
B001129,C03138,2025-01-18 14:42:00,856
B001130,C03139,2025-05-28 16:09:00,307
B001131,C03140,2025-08-29 10:34:00,958
B001132,C03141,2025-11-30 09:49:00,193
B001133,C03148,2025-01-14 17:15:00,272
B001134,C03156,2025-02-21 06:16:00,615
B001135,C03157,2025-03-04 13:10:00,942
B001136,C03158,2025-03-14 00:56:00,689
B001137,C03160,2025-04-05 14:53:00,223
B001138,C03162,2025-07-15 07:17:00,1427
B001139,C03166,2025-10-24 16:56:00,789
B001140,C03167,2025-08-18 14:05:00,275
B001141,C03173,2025-09-23 02:51:00,740
B001142,C03176,2025-04-03 01:05:00,981
B001143,C03179,2025-04-25 01:19:00,438
B001144,C03186,2025-11-12 06:47:00,1317
B001145,C03190,2025-03-09 00:32:00,1256
B001146,C03191,2025-07-23 03:06:00,990
B001147,C03192,2025-01-19 13:33:00,811
B001148,C03194,2025-01-24 12:01:00,924
B001149,C03196,2025-06-06 21:17:00,132
B001150,C03197,2025-04-23 05:45:00,1389
B001151,C03199,2025-09-12 06:11:00,1435
B001152,C03202,2025-11-13 13:52:00,1431
B001153,C03211,2025-10-20 12:13:00,615
B001154,C03214,2025-04-04 07:33:00,846
B001155,C03217,2025-10-20 20:16:00,1190
B001156,C03219,2025-05-16 16:45:00,1458
B001157,C03228,2025-11-26 07:40:00,836
B001158,C03229,2025-08-16 05:40:00,682
B001159,C03232,2025-06-18 14:26:00,1125
B001160,C03234,2025-08-17 23:52:00,607
B001161,C03237,2025-08-28 09:04:00,900
B001162,C03238,2025-04-20 01:31:00,1081
B001163,C03239,2025-07-16 00:12:00,904
B001164,C03242,2025-03-20 20:22:00,1050
B001165,C03246,2025-05-17 17:58:00,939
B001166,C03249,2026-01-14 22:15:00,890
B001167,C03252,2025-07-18 17:29:00,1034
B001168,C03254,2025-07-31 23:12:00,479
B001169,C03255,2025-09-24 19:41:00,397
B001170,C03259,2025-03-05 19:30:00,943
B001171,C03264,2025-08-16 07:08:00,455
B001172,C03267,2025-07-24 08:45:00,923
B001173,C03271,2025-02-19 19:06:00,427
B001174,C03273,2025-07-19 21:23:00,1273
B001175,C03274,2026-01-04 00:29:00,790
B001176,C03278,2025-04-24 12:28:00,1183
B001177,C03280,2025-11-29 22:10:00,1251
B001178,C03282,2026-01-02 02:02:00,760
B001179,C03283,2025-12-01 14:18:00,643
B001180,C03285,2025-08-15 08:20:00,1336
B001181,C03286,2025-07-22 05:28:00,1376
B001182,C03292,2025-03-29 22:35:00,1345
B001183,C03304,2025-01-16 23:37:00,1351
B001184,C03305,2025-02-10 01:52:00,222
B001185,C03306,2025-12-02 06:57:00,830
B001186,C03308,2026-01-01 19:57:00,1374
B001187,C03311,2025-12-17 09:59:00,1416
B001188,C03312,2025-06-30 10:45:00,1274
B001189,C03314,2025-11-17 16:48:00,303
B001190,C03316,2025-08-08 00:30:00,437
B001191,C03319,2025-08-29 22:11:00,192
B001192,C03321,2025-07-15 23:42:00,289
B001193,C03330,2025-09-11 09:50:00,818
B001194,C03331,2025-04-25 22:39:00,469
B001195,C03332,2025-03-10 03:58:00,897
B001196,C03339,2025-08-11 23:39:00,148
B001197,C03342,2025-10-28 19:45:00,857
B001198,C03343,2025-04-23 03:25:00,992
B001199,C03345,2025-09-25 13:51:00,1203
B001200,C03346,2025-04-25 21:59:00,1423
B001201,C03350,2025-12-29 05:37:00,567
B001202,C03351,2025-11-11 02:39:00,558
B001203,C03354,2025-09-16 09:10:00,722
B001204,C03355,2025-10-31 15:30:00,950
B001205,C03361,2025-01-10 20:45:00,1068
B001206,C03363,2025-03-17 06:02:00,902
B001207,C03365,2025-01-30 18:01:00,818
B001208,C03370,2025-08-23 11:04:00,1014
B001209,C03372,2025-10-06 21:43:00,449
B001210,C03373,2025-02-10 19:28:00,650
B001211,C03377,2025-10-22 09:07:00,337
B001212,C03382,2025-01-25 00:56:00,1269
B001213,C03396,2025-05-15 03:26:00,535
B001214,C03397,2025-01-16 23:37:00,186
B001215,C03403,2025-07-15 09:14:00,694
B001216,C03404,2025-10-27 03:13:00,1235
B001217,C03405,2025-10-03 05:27:00,1255
B001218,C03407,2025-11-11 14:06:00,1235
B001219,C03408,2025-08-13 08:24:00,1399
B001220,C03412,2025-02-25 17:44:00,900
B001221,C03419,2025-02-20 17:35:00,1140
B001222,C03420,2025-12-20 07:49:00,1300
B001223,C03421,2025-11-20 14:48:00,561
B001224,C03422,2025-02-10 08:23:00,134
B001225,C03424,2025-02-25 14:06:00,153
B001226,C03428,2025-03-10 05:29:00,938
B001227,C03437,2025-04-08 07:00:00,1323
B001228,C03439,2025-12-11 01:24:00,653
B001229,C03443,2025-05-06 10:56:00,1246
B001230,C03447,2025-11-08 21:04:00,1163
B001231,C03449,2025-06-08 14:20:00,972
B001232,C03462,2025-03-03 10:50:00,927
B001233,C03463,2025-04-14 21:18:00,1207
B001234,C03469,2025-06-11 14:24:00,1408
B001235,C03473,2025-10-28 06:18:00,752
B001236,C03478,2025-07-03 23:33:00,1129
B001237,C03479,2025-03-08 14:40:00,602
B001238,C03484,2025-11-13 15:37:00,1159
B001239,C03486,2025-01-28 22:53:00,1270
B001240,C03487,2025-10-12 20:11:00,372
B001241,C03490,2025-11-02 21:03:00,391
B001242,C03494,2025-01-30 18:44:00,757
B001243,C03497,2025-11-12 23:02:00,1299
B001244,C03499,2025-08-08 15:25:00,1166
B001245,C03500,2025-06-06 00:18:00,509
B001246,C03505,2025-11-19 17:57:00,1116
B001247,C03507,2025-06-09 11:02:00,1081
B001248,C03514,2025-05-14 07:27:00,627
B001249,C03521,2025-03-15 23:29:00,640
B001250,C03523,2025-07-04 02:46:00,801
B001251,C03526,2025-10-20 04:59:00,490
B001252,C03534,2025-01-09 14:12:00,779
B001253,C03535,2025-05-26 21:40:00,493
B001254,C03536,2025-01-14 14:03:00,427
B001255,C03540,2025-06-10 09:08:00,769
B001256,C03544,2025-08-09 14:39:00,1052
B001257,C03545,2025-11-29 02:01:00,356
B001258,C03547,2025-10-20 04:30:00,862
B001259,C03548,2025-06-15 20:04:00,402
B001260,C03556,2025-12-04 18:03:00,1076
B001261,C03558,2026-01-09 03:09:00,1430
B001262,C03562,2025-04-06 11:19:00,641
B001263,C03564,2025-10-30 15:23:00,775
B001264,C03569,2025-03-07 09:48:00,945
B001265,C03571,2025-06-25 09:37:00,1299
B001266,C03580,2025-03-17 13:53:00,1391
B001267,C03583,2025-08-10 17:43:00,1216
B001268,C03584,2025-08-01 17:52:00,1159
B001269,C03586,2025-03-04 00:46:00,556
B001270,C03590,2025-05-08 17:20:00,440
B001271,C03591,2026-01-02 08:59:00,1500
B001272,C03593,2025-04-01 12:50:00,525
B001273,C03595,2025-02-17 21:35:00,911
B001274,C03600,2025-07-22 06:21:00,348
B001275,C03601,2025-05-21 14:57:00,516
B001276,C03602,2025-10-26 08:16:00,1254
B001277,C03608,2025-07-24 13:08:00,841
B001278,C03609,2025-08-29 10:37:00,1233
B001279,C03610,2025-03-09 07:30:00,817
B001280,C03611,2025-04-15 06:50:00,1336
B001281,C03615,2025-09-25 18:40:00,810
B001282,C03617,2025-12-12 20:33:00,1441
B001283,C03620,2025-12-26 20:02:00,446
B001284,C03623,2025-04-12 04:30:00,1446
B001285,C03624,2025-04-16 01:53:00,506
B001286,C03628,2025-09-05 19:53:00,589
B001287,C03629,2025-09-02 02:06:00,738
B001288,C03632,2025-03-08 16:22:00,448
B001289,C03638,2025-10-19 01:22:00,560
B001290,C03640,2025-07-16 16:40:00,980
B001291,C03641,2025-05-20 04:08:00,1472
B001292,C03644,2025-01-25 16:16:00,1350
B001293,C03646,2025-11-03 21:12:00,128
B001294,C03649,2025-01-16 06:15:00,186
B001295,C03655,2025-05-02 04:19:00,478
B001296,C03656,2025-04-24 12:37:00,1244
B001297,C03657,2025-05-02 04:15:00,335
B001298,C03658,2025-06-23 05:24:00,763
B001299,C03661,2025-08-24 11:01:00,419
B001300,C03662,2025-07-14 16:24:00,1186
B001301,C03664,2025-08-25 03:33:00,835
B001302,C03670,2025-06-27 06:53:00,719
B001303,C03672,2025-05-03 12:46:00,779
B001304,C03673,2025-09-19 12:20:00,276
B001305,C03674,2025-08-08 10:05:00,710
B001306,C03676,2025-11-18 23:42:00,725
B001307,C03677,2025-03-12 22:46:00,1025
B001308,C03679,2025-08-28 01:12:00,837
B001309,C03683,2025-06-07 05:07:00,945
B001310,C03690,2025-04-26 23:03:00,1158
B001311,C03696,2025-03-16 22:33:00,549
B001312,C03698,2025-12-03 05:56:00,283
B001313,C03699,2025-02-25 02:59:00,1190
B001314,C03701,2025-04-27 13:29:00,1020
B001315,C03702,2025-05-20 06:59:00,1069
B001316,C03703,2025-05-09 08:06:00,1346
B001317,C03704,2025-09-25 15:08:00,527
B001318,C03705,2025-12-26 12:51:00,673
B001319,C03706,2025-05-30 09:10:00,1376
B001320,C03708,2025-12-10 22:38:00,508
B001321,C03711,2025-09-20 20:07:00,206
B001322,C03714,2026-01-04 17:33:00,773
B001323,C03718,2025-04-09 00:18:00,931
B001324,C03720,2025-06-22 20:57:00,1068
B001325,C03721,2025-12-08 15:39:00,1409
B001326,C03722,2025-02-10 11:41:00,578
B001327,C03724,2025-10-05 17:40:00,552
B001328,C03726,2025-08-26 16:32:00,1221
B001329,C03727,2025-09-03 01:18:00,1477
B001330,C03728,2025-08-01 02:21:00,955
B001331,C03729,2025-08-28 04:24:00,1427
B001332,C03730,2025-07-01 03:07:00,1384
B001333,C03733,2025-01-27 11:06:00,1438
B001334,C03734,2025-08-28 16:39:00,494
B001335,C03741,2025-09-04 04:35:00,1488
B001336,C03746,2025-10-12 04:21:00,758
B001337,C03747,2025-05-02 19:20:00,696
B001338,C03752,2025-09-28 01:57:00,1388
B001339,C03754,2025-11-27 15:27:00,859
B001340,C03755,2025-12-18 00:42:00,613
B001341,C03756,2025-06-22 00:54:00,504
B001342,C03757,2025-08-06 23:27:00,1046
B001343,C03759,2025-11-24 06:03:00,1030
B001344,C03760,2025-11-12 12:54:00,961
B001345,C03776,2025-12-26 10:11:00,104
B001346,C03777,2025-03-11 16:56:00,713
B001347,C03788,2025-03-25 10:48:00,199
B001348,C03789,2025-08-21 16:25:00,953
B001349,C03791,2025-12-27 11:32:00,142
B001350,C03792,2025-07-12 17:27:00,912
B001351,C03795,2025-12-12 13:00:00,642
B001352,C03797,2025-08-27 22:55:00,1186
B001353,C03801,2025-07-11 07:32:00,747
B001354,C03805,2025-10-05 01:00:00,1374
B001355,C03807,2025-11-09 23:13:00,535
B001356,C03808,2025-05-28 21:06:00,223
B001357,C03810,2025-06-07 19:15:00,1041
B001358,C03815,2025-07-28 03:23:00,1263
B001359,C03816,2025-03-24 05:41:00,561
B001360,C03820,2025-01-28 14:39:00,1177
B001361,C03823,2025-12-25 18:28:00,897
B001362,C03824,2025-02-03 22:01:00,1067
B001363,C03827,2025-06-27 20:34:00,1439
B001364,C03829,2025-05-31 19:46:00,778
B001365,C03833,2025-06-06 12:46:00,397
B001366,C03834,2025-05-28 08:47:00,776
B001367,C03837,2025-05-21 19:35:00,143
B001368,C03844,2025-04-21 13:48:00,748
B001369,C03845,2025-04-03 15:31:00,409
B001370,C03846,2025-01-25 19:00:00,1237
B001371,C03847,2025-10-15 17:47:00,1114
B001372,C03848,2025-11-06 23:27:00,1429
B001373,C03850,2025-03-14 19:48:00,1062
B001374,C03854,2025-09-11 14:37:00,1209
B001375,C03859,2025-10-31 23:02:00,335
B001376,C03861,2025-08-26 10:34:00,354
B001377,C03862,2025-04-07 16:16:00,300
B001378,C03867,2025-07-16 03:59:00,230
B001379,C03868,2025-03-24 01:43:00,525
B001380,C03875,2025-01-30 20:02:00,1412
B001381,C03876,2025-01-15 10:05:00,623
B001382,C03877,2025-03-11 11:02:00,708
B001383,C03890,2025-12-06 05:20:00,1161
B001384,C03893,2025-09-01 13:46:00,142
B001385,C03895,2025-04-26 13:19:00,357
B001386,C03896,2025-03-22 19:31:00,570
B001387,C03897,2025-06-29 13:53:00,1073
B001388,C03898,2025-06-02 07:01:00,332
B001389,C03900,2025-05-21 01:25:00,412
B001390,C03902,2025-11-22 12:42:00,682
B001391,C03905,2025-05-04 01:14:00,342
B001392,C03906,2025-08-11 13:54:00,189
B001393,C03907,2025-03-01 20:17:00,1371
B001394,C03910,2025-08-21 04:38:00,795
B001395,C03913,2025-11-30 03:09:00,1100
B001396,C03919,2025-08-23 23:38:00,562
B001397,C03920,2025-11-26 06:07:00,1426
B001398,C03921,2025-04-06 02:58:00,1179
B001399,C03922,2025-05-07 16:06:00,1175
B001400,C03927,2025-01-30 10:01:00,509
B001401,C03929,2025-03-17 06:25:00,397
B001402,C03932,2025-02-22 06:47:00,204
B001403,C03935,2025-05-22 15:50:00,302
B001404,C03936,2025-10-27 06:35:00,520
B001405,C03937,2025-06-22 06:39:00,1430
B001406,C03940,2025-04-26 21:13:00,1431
B001407,C03942,2026-01-03 09:58:00,734
B001408,C03943,2025-07-18 06:13:00,473
B001409,C03944,2025-03-12 04:03:00,1470
B001410,C03945,2025-01-30 14:43:00,509
B001411,C03946,2025-12-22 12:17:00,1272
B001412,C03947,2025-12-03 11:42:00,563
B001413,C03952,2025-01-30 21:58:00,582
B001414,C03961,2025-02-28 23:24:00,829
B001415,C03964,2025-10-09 15:23:00,806
B001416,C03965,2025-01-22 10:37:00,790
B001417,C03967,2025-07-03 19:19:00,1094
B001418,C03969,2025-05-23 22:44:00,547
B001419,C03979,2025-11-27 23:47:00,375
B001420,C03982,2025-05-21 11:42:00,1475
B001421,C03984,2025-04-20 14:15:00,1082
B001422,C03986,2025-07-07 16:42:00,987
B001423,C03987,2025-12-30 11:23:00,173
B001424,C03988,2025-04-21 22:39:00,905
B001425,C03989,2025-07-03 14:30:00,125
B001426,C03991,2025-01-11 10:33:00,1333
B001427,C03994,2025-04-13 02:57:00,1070
B001428,C03996,2025-12-18 11:15:00,1157
B001429,C03998,2025-12-07 20:11:00,1345
B001430,C04004,2025-02-19 23:13:00,480
B001431,C04006,2026-01-06 16:18:00,1168
B001432,C04007,2025-07-03 17:56:00,569
B001433,C04009,2025-03-28 01:24:00,661
B001434,C04010,2026-01-16 02:04:00,318
B001435,C04013,2025-05-09 23:52:00,1152
B001436,C04020,2025-03-03 23:29:00,1272
B001437,C04028,2025-11-12 13:45:00,227
B001438,C04033,2025-07-22 02:11:00,1487
B001439,C04034,2025-04-18 10:29:00,164
B001440,C04038,2025-10-20 15:19:00,970
B001441,C04048,2025-08-15 22:45:00,1490
B001442,C04056,2025-06-15 18:06:00,1151
B001443,C04060,2025-11-25 18:56:00,839
B001444,C04061,2025-03-04 21:45:00,336
B001445,C04062,2025-03-30 14:27:00,1278
B001446,C04063,2025-02-07 01:44:00,1294
B001447,C04066,2025-06-21 01:14:00,1048
B001448,C04068,2025-12-25 08:36:00,1217
B001449,C04070,2025-04-07 17:41:00,126
B001450,C04071,2025-07-14 23:41:00,842
B001451,C04072,2025-01-28 23:37:00,1256
B001452,C04073,2025-08-23 13:12:00,174
B001453,C04075,2025-07-13 11:29:00,1274
B001454,C04076,2025-06-19 08:54:00,1273
B001455,C04082,2025-08-25 09:57:00,691
B001456,C04084,2025-01-27 22:31:00,587
B001457,C04089,2025-12-27 02:15:00,1340
B001458,C04090,2025-01-18 01:57:00,832
B001459,C04091,2025-10-25 11:27:00,1268
B001460,C04093,2025-10-16 21:28:00,1363
B001461,C04095,2025-02-08 05:25:00,1102
B001462,C04097,2025-11-14 06:03:00,603
B001463,C04099,2025-03-17 16:10:00,1221
B001464,C04100,2025-07-24 06:34:00,838
B001465,C04107,2026-01-02 05:48:00,589
B001466,C04110,2025-12-25 14:20:00,1338
B001467,C04114,2025-07-02 07:19:00,373
B001468,C04116,2025-12-25 20:40:00,887
B001469,C04119,2025-06-01 22:14:00,923
B001470,C04123,2025-12-25 17:34:00,248
B001471,C04124,2025-04-29 14:43:00,1036
B001472,C04125,2025-06-19 06:56:00,1259
B001473,C04128,2025-03-10 08:25:00,622
B001474,C04131,2025-11-10 02:56:00,758
B001475,C04133,2025-06-21 17:01:00,712
B001476,C04141,2025-03-13 23:54:00,258
B001477,C04143,2025-12-29 01:01:00,510
B001478,C04144,2025-03-31 08:47:00,276
B001479,C04148,2025-01-15 21:17:00,573
B001480,C04152,2025-04-08 10:02:00,247
B001481,C04154,2025-06-16 16:23:00,190
B001482,C04158,2025-03-25 03:30:00,1394
B001483,C04161,2025-10-07 00:39:00,766
B001484,C04164,2025-12-03 20:16:00,1434
B001485,C04167,2025-04-25 13:42:00,1079
B001486,C04169,2025-02-16 04:30:00,661
B001487,C04171,2025-02-28 01:36:00,1223
B001488,C04172,2025-08-25 16:18:00,1404
B001489,C04174,2025-08-14 21:00:00,1163
B001490,C04175,2025-10-13 19:51:00,1456
B001491,C04178,2025-06-05 10:02:00,1320
B001492,C04194,2025-03-04 14:40:00,713
B001493,C04195,2025-04-27 18:55:00,841
B001494,C04203,2025-12-22 22:17:00,826
B001495,C04205,2025-08-12 17:45:00,592
B001496,C04206,2025-02-25 08:50:00,241
B001497,C04209,2025-12-08 16:47:00,357
B001498,C04210,2025-04-18 14:30:00,395
B001499,C04211,2025-02-18 18:14:00,203
B001500,C04212,2025-10-12 07:46:00,709
B001501,C04214,2025-06-23 20:05:00,856
B001502,C04216,2025-02-16 17:05:00,130
B001503,C04217,2025-03-24 10:23:00,911
B001504,C04219,2025-07-04 23:28:00,314
B001505,C04222,2025-03-17 22:23:00,554
B001506,C04223,2025-01-24 20:19:00,155
B001507,C04224,2025-02-05 05:55:00,912
B001508,C04228,2025-07-21 20:26:00,755
B001509,C04230,2025-09-23 12:34:00,1034
B001510,C04232,2025-04-12 13:31:00,250
B001511,C04235,2025-09-16 22:32:00,1358
B001512,C04245,2025-02-25 00:23:00,579
B001513,C04252,2025-08-10 22:57:00,1317
B001514,C04253,2025-02-07 14:34:00,155
B001515,C04260,2025-03-08 05:08:00,306
B001516,C04263,2025-06-06 13:45:00,1072
B001517,C04265,2025-12-13 15:37:00,474
B001518,C04271,2025-06-05 13:23:00,742
B001519,C04272,2025-01-13 08:40:00,988
B001520,C04283,2025-05-02 05:18:00,1316
B001521,C04286,2025-04-07 14:33:00,1036
B001522,C04288,2025-03-09 15:14:00,1013
B001523,C04292,2025-02-12 23:34:00,943
B001524,C04293,2025-11-21 08:49:00,895
B001525,C04297,2025-03-23 17:41:00,472
B001526,C04298,2025-08-07 10:23:00,348
B001527,C04306,2025-12-09 21:23:00,715
B001528,C04311,2025-07-29 09:04:00,325
B001529,C04312,2025-09-12 04:50:00,1481
B001530,C04313,2026-01-06 03:07:00,1331
B001531,C04316,2025-12-18 01:52:00,847
B001532,C04318,2025-10-28 20:57:00,1000
B001533,C04325,2025-02-16 22:48:00,1256
B001534,C04327,2025-04-05 11:22:00,1483
B001535,C04328,2025-09-28 17:16:00,1081
B001536,C04333,2025-03-16 22:38:00,466
B001537,C04336,2025-06-17 16:13:00,382
B001538,C04339,2025-10-04 23:38:00,1184
B001539,C04347,2025-04-26 04:17:00,960
B001540,C04363,2025-11-29 11:56:00,149
B001541,C04364,2025-01-21 07:24:00,519
B001542,C04365,2025-02-08 00:15:00,232
B001543,C04368,2026-01-04 00:58:00,1054
B001544,C04369,2025-04-21 12:40:00,541
B001545,C04370,2025-06-25 22:15:00,874
B001546,C04373,2025-02-08 06:26:00,880
B001547,C04375,2025-03-24 05:42:00,1030
B001548,C04381,2025-11-29 22:46:00,1023
B001549,C04382,2025-08-26 14:55:00,784
B001550,C04383,2025-07-06 11:33:00,670
B001551,C04387,2025-07-15 21:35:00,1326
B001552,C04393,2025-08-07 13:11:00,1366
B001553,C04397,2025-04-01 08:53:00,790
B001554,C04401,2025-04-23 23:47:00,1401
B001555,C04404,2025-07-27 19:48:00,331
B001556,C04415,2025-07-18 03:42:00,495
B001557,C04416,2025-12-21 14:09:00,585
B001558,C04419,2025-01-20 12:36:00,1269
B001559,C04422,2025-05-19 12:22:00,911
B001560,C04425,2025-04-07 15:38:00,1165
B001561,C04426,2025-12-06 12:34:00,1311
B001562,C04428,2025-09-21 12:59:00,372
B001563,C04429,2025-02-06 08:15:00,1243
B001564,C04430,2026-01-14 04:44:00,894
B001565,C04431,2025-02-21 07:55:00,503
B001566,C04439,2025-04-10 14:12:00,908
B001567,C04441,2025-05-21 19:50:00,1215
B001568,C04442,2025-10-30 11:20:00,268
B001569,C04443,2025-02-01 20:16:00,114
B001570,C04449,2025-09-30 01:22:00,1174
B001571,C04453,2025-02-18 23:57:00,253
B001572,C04458,2025-07-11 21:34:00,507
B001573,C04461,2025-04-18 09:51:00,957
B001574,C04463,2025-06-03 00:16:00,292
B001575,C04467,2025-05-22 09:57:00,1410
B001576,C04468,2025-01-12 10:07:00,1179
B001577,C04471,2025-06-04 18:31:00,1444
B001578,C04474,2025-11-01 23:03:00,400
B001579,C04477,2025-08-29 13:11:00,1338
B001580,C04480,2025-12-18 01:21:00,1013
B001581,C04481,2025-10-17 13:06:00,879
B001582,C04482,2025-08-08 16:16:00,1200
B001583,C04485,2025-12-01 21:18:00,854
B001584,C04488,2025-11-20 01:44:00,332
B001585,C04489,2025-08-23 07:52:00,103
B001586,C04493,2025-11-10 05:26:00,227
B001587,C04495,2025-07-27 05:36:00,1083
B001588,C04496,2025-08-08 06:53:00,488
B001589,C04499,2025-04-18 12:11:00,928
B001590,C04500,2025-06-16 17:22:00,1360
B001591,C04502,2025-06-28 17:04:00,683
B001592,C04514,2025-11-24 22:55:00,388
B001593,C04516,2025-05-19 09:22:00,439
B001594,C04519,2025-04-16 14:12:00,1386
B001595,C04521,2025-05-05 07:41:00,1498
B001596,C04522,2025-11-11 07:30:00,544
B001597,C04524,2025-11-23 20:39:00,1265
B001598,C04529,2025-01-21 16:28:00,977
B001599,C04530,2025-06-07 16:47:00,539
B001600,C04533,2025-04-11 23:43:00,145
B001601,C04536,2025-05-21 23:30:00,912
B001602,C04537,2025-10-29 21:43:00,1293
B001603,C04539,2025-09-13 08:53:00,1206
B001604,C04540,2025-04-05 10:33:00,990
B001605,C04542,2025-11-04 05:10:00,1303
B001606,C04554,2025-08-24 19:32:00,759
B001607,C04555,2025-06-30 15:03:00,510
B001608,C04556,2025-05-07 16:41:00,940
B001609,C04557,2025-11-20 08:54:00,171
B001610,C04558,2025-07-20 17:40:00,926
B001611,C04559,2025-06-16 23:18:00,1354
B001612,C04563,2025-08-31 20:25:00,1203
B001613,C04569,2025-09-29 20:48:00,329
B001614,C04571,2025-12-14 16:41:00,1376
B001615,C04573,2025-05-29 21:30:00,315
B001616,C04574,2025-03-24 12:53:00,808
B001617,C04580,2025-12-04 04:04:00,761
B001618,C04583,2025-04-21 22:36:00,1223
B001619,C04585,2025-08-08 01:49:00,1327
B001620,C04587,2025-02-18 19:10:00,625
B001621,C04588,2025-12-19 14:42:00,800
B001622,C04589,2025-08-19 12:29:00,1300
B001623,C04592,2025-01-15 19:43:00,594
B001624,C04595,2025-02-16 09:15:00,307
B001625,C04598,2025-10-12 07:51:00,1041
B001626,C04599,2025-09-24 14:39:00,1422
B001627,C04600,2025-06-13 16:12:00,1080
B001628,C04605,2025-08-01 07:10:00,1473
B001629,C04606,2025-04-09 15:31:00,873
B001630,C04608,2025-03-21 04:04:00,1082
B001631,C04609,2025-08-15 00:36:00,855
B001632,C04615,2025-12-04 19:55:00,867
B001633,C04616,2025-02-25 19:34:00,1129
B001634,C04618,2026-01-03 15:15:00,667
B001635,C04624,2025-01-17 02:54:00,1399
B001636,C04625,2025-12-25 22:11:00,307
B001637,C04629,2025-06-23 13:43:00,1312
B001638,C04630,2025-08-25 23:53:00,1053
B001639,C04632,2025-07-08 22:43:00,960
B001640,C04636,2025-09-05 09:19:00,314
B001641,C04639,2025-06-01 10:01:00,1096
B001642,C04642,2025-09-16 02:11:00,424
B001643,C04644,2025-08-30 10:23:00,297
B001644,C04647,2025-07-28 01:04:00,805
B001645,C04649,2025-08-06 14:28:00,427
B001646,C04653,2025-06-01 06:37:00,1263
B001647,C04657,2025-12-21 00:56:00,781
B001648,C04659,2025-12-28 09:25:00,1440
B001649,C04665,2025-10-22 22:01:00,178
B001650,C04666,2025-09-16 03:25:00,804
B001651,C04667,2025-08-26 08:00:00,256
B001652,C04671,2025-06-25 16:16:00,571
B001653,C04672,2025-09-15 22:30:00,1436
B001654,C04674,2025-02-17 03:36:00,1366
B001655,C04678,2025-04-09 03:04:00,1184
B001656,C04685,2025-10-12 11:05:00,520
B001657,C04689,2025-09-02 12:07:00,1092
B001658,C04695,2025-07-27 22:22:00,1236
B001659,C04696,2025-08-07 00:09:00,897
B001660,C04698,2025-05-15 07:55:00,1099
B001661,C04703,2025-09-16 15:52:00,417
B001662,C04706,2025-07-09 22:35:00,199
B001663,C04707,2025-07-07 14:17:00,601
B001664,C04709,2025-11-17 08:17:00,283
B001665,C04710,2025-09-20 21:46:00,1356
B001666,C04711,2025-03-16 04:46:00,343
B001667,C04712,2025-03-17 11:56:00,646
B001668,C04713,2025-02-26 18:58:00,342
B001669,C04715,2025-04-08 05:55:00,789
B001670,C04719,2025-09-29 14:13:00,1158
B001671,C04721,2025-03-17 06:24:00,1421
B001672,C04725,2025-11-22 21:00:00,1447
B001673,C04732,2025-10-24 01:32:00,1215
B001674,C04733,2025-04-02 10:48:00,348
B001675,C04735,2025-02-08 04:55:00,399
B001676,C04737,2025-06-09 11:46:00,1335
B001677,C04739,2025-02-17 01:29:00,1253
B001678,C04742,2025-11-25 08:51:00,212
B001679,C04743,2025-05-10 02:51:00,431
B001680,C04746,2025-04-27 21:22:00,156
B001681,C04757,2025-06-18 19:52:00,1463
B001682,C04759,2025-09-19 04:06:00,1161
B001683,C04762,2025-08-17 19:57:00,758
B001684,C04770,2025-07-19 14:28:00,1079
B001685,C04771,2025-05-20 05:01:00,1306
B001686,C04773,2025-06-12 21:35:00,1028
B001687,C04778,2025-05-01 00:19:00,503
B001688,C04779,2025-01-31 10:21:00,142
B001689,C04783,2025-09-29 07:46:00,563
B001690,C04785,2025-07-08 00:15:00,1240
B001691,C04788,2025-06-16 00:29:00,1002
B001692,C04794,2025-05-12 12:24:00,1022
B001693,C04795,2025-02-01 15:04:00,176
B001694,C04800,2025-06-04 02:33:00,499
B001695,C04806,2025-08-08 11:24:00,1340
B001696,C04811,2025-10-07 17:24:00,321
B001697,C04812,2025-02-17 04:26:00,1029
B001698,C04815,2025-09-17 04:03:00,793
B001699,C04816,2025-12-12 21:10:00,693
B001700,C04817,2025-12-24 09:43:00,285
B001701,C04823,2025-06-13 01:21:00,708
B001702,C04825,2025-01-11 15:35:00,1407
B001703,C04828,2025-04-11 04:07:00,950
B001704,C04829,2025-12-21 20:40:00,315
B001705,C04833,2025-05-29 14:44:00,920
B001706,C04835,2025-07-26 08:27:00,790
B001707,C04837,2025-04-20 07:55:00,741
B001708,C04841,2025-11-21 00:33:00,574
B001709,C04843,2025-12-25 05:58:00,402
B001710,C04845,2025-04-24 14:50:00,1373
B001711,C04847,2025-12-30 18:05:00,1067
B001712,C04848,2025-10-07 19:21:00,452
B001713,C04863,2025-10-20 18:13:00,1418
B001714,C04869,2025-02-22 09:58:00,462
B001715,C04870,2026-01-04 03:09:00,745
B001716,C04872,2025-10-06 16:36:00,594
B001717,C04875,2025-05-20 02:08:00,1289
B001718,C04876,2025-03-05 17:23:00,541
B001719,C04878,2025-05-31 01:11:00,793
B001720,C04879,2025-01-31 01:16:00,104
B001721,C04880,2025-12-12 06:54:00,1472
B001722,C04883,2025-12-25 08:28:00,943
B001723,C04885,2025-02-18 15:34:00,916
B001724,C04886,2025-04-10 00:12:00,1217
B001725,C04888,2025-04-07 07:34:00,660
B001726,C04890,2025-11-19 01:55:00,964
B001727,C04895,2025-04-18 01:40:00,563
B001728,C04896,2025-05-01 07:32:00,549
B001729,C04909,2025-09-03 01:23:00,934
B001730,C04910,2025-08-05 12:50:00,1482
B001731,C04913,2025-06-02 11:55:00,1479
B001732,C04919,2025-08-12 18:39:00,1247
B001733,C04920,2025-01-26 14:07:00,1018
B001734,C04921,2025-04-11 23:50:00,1358
B001735,C04925,2025-04-25 14:28:00,746
B001736,C04927,2025-03-09 19:49:00,1212
B001737,C04928,2025-04-26 15:46:00,1100
B001738,C04933,2025-03-01 21:21:00,841
B001739,C04937,2025-05-17 13:13:00,997
B001740,C04940,2025-06-20 00:37:00,335
B001741,C04941,2025-07-16 13:11:00,1068
B001742,C04944,2025-07-25 09:51:00,1473
B001743,C04947,2025-04-25 00:39:00,907
B001744,C04949,2025-04-07 08:43:00,766
B001745,C04950,2025-05-02 09:21:00,1357
B001746,C04962,2025-06-30 09:38:00,390
B001747,C04963,2025-05-29 19:14:00,1113
B001748,C04964,2025-06-03 07:58:00,1009
B001749,C04965,2025-10-31 23:16:00,159
B001750,C04969,2025-07-07 19:42:00,424
B001751,C04974,2025-09-24 23:41:00,529
B001752,C04975,2025-08-30 17:51:00,174
B001753,C04976,2025-03-13 22:23:00,1156
B001754,C04977,2025-05-06 10:56:00,470
B001755,C04981,2025-10-21 14:04:00,340
B001756,C04983,2025-01-26 13:43:00,756
B001757,C04984,2025-06-14 05:58:00,1024
B001758,C04985,2025-09-06 14:14:00,841
B001759,C04986,2025-12-11 14:07:00,1408
B001760,C04987,2025-03-27 15:01:00,590
B001761,C04991,2025-07-19 03:59:00,190
B001762,C04992,2025-02-11 16:45:00,240
B001763,C04994,2025-04-12 21:50:00,1137
B001764,C04999,2025-12-22 11:39:00,947
B001765,C05000,2025-05-12 20:58:00,221
B001766,C05002,2025-03-02 11:08:00,1002
B001767,C05008,2025-07-25 03:46:00,459
B001768,C05013,2025-04-10 02:16:00,1085
B001769,C05021,2025-08-19 17:02:00,1364
B001770,C05025,2025-06-24 15:30:00,201
B001771,C05030,2025-11-15 03:39:00,323
B001772,C05034,2026-01-01 19:49:00,1064
B001773,C05036,2025-10-06 22:39:00,1282
B001774,C05037,2025-12-16 20:57:00,361
B001775,C05042,2025-06-22 19:56:00,369
B001776,C05045,2025-11-29 05:20:00,974
B001777,C05046,2025-12-26 17:11:00,908
B001778,C05047,2025-12-28 05:09:00,246
B001779,C05049,2025-03-13 23:23:00,993
B001780,C05050,2025-12-24 04:29:00,1319
B001781,C05051,2025-04-16 05:19:00,309
B001782,C05058,2025-04-08 09:25:00,446
B001783,C05059,2025-04-22 17:14:00,749
B001784,C05061,2025-01-20 13:30:00,1205
B001785,C05063,2025-01-19 11:56:00,1000
B001786,C05065,2025-03-16 18:22:00,948
B001787,C05066,2025-09-02 02:02:00,292
B001788,C05067,2025-06-19 02:23:00,114
B001789,C05070,2025-11-11 13:02:00,1485
B001790,C05071,2025-12-21 05:32:00,1084
B001791,C05077,2025-03-04 20:51:00,1118
B001792,C05078,2025-10-13 00:40:00,457
B001793,C05080,2025-08-12 00:01:00,1452
B001794,C05084,2025-04-25 04:59:00,1295
B001795,C05085,2025-10-22 00:28:00,449
B001796,C05088,2025-07-31 23:22:00,976
B001797,C05091,2026-01-02 05:22:00,1237
B001798,C05101,2025-03-06 04:23:00,396
B001799,C05104,2025-12-02 23:42:00,512
B001800,C05105,2025-04-27 01:57:00,855
B001801,C05107,2025-10-02 19:52:00,245
B001802,C05108,2025-06-21 04:46:00,531
B001803,C05113,2025-03-21 11:30:00,1159
B001804,C05114,2025-07-24 18:03:00,1442
B001805,C05116,2025-07-01 19:01:00,236
B001806,C05120,2025-11-21 08:56:00,1443
B001807,C05121,2025-04-26 17:16:00,1047
B001808,C05123,2025-04-14 18:29:00,569
B001809,C05127,2025-11-09 17:43:00,311
B001810,C05130,2025-06-02 02:10:00,443
B001811,C05135,2025-10-09 12:19:00,171
B001812,C05137,2025-09-24 22:32:00,216
B001813,C05140,2025-09-18 19:51:00,1178
B001814,C05141,2025-03-06 23:57:00,906
B001815,C05142,2025-05-31 08:57:00,480
B001816,C05143,2025-04-19 12:59:00,615
B001817,C05146,2025-08-27 23:27:00,700
B001818,C05148,2025-03-18 19:48:00,1055
B001819,C05149,2025-04-04 10:36:00,749
B001820,C05153,2025-11-06 10:51:00,595
B001821,C05155,2025-12-14 04:02:00,362
B001822,C05159,2025-10-16 06:38:00,1126
B001823,C05160,2025-01-19 17:02:00,1218
B001824,C05162,2025-04-21 15:10:00,798
B001825,C05164,2025-01-20 10:12:00,1438
B001826,C05165,2025-03-01 11:41:00,1249
B001827,C05166,2025-09-07 21:07:00,313
B001828,C05168,2025-01-20 11:00:00,186
B001829,C05169,2025-05-15 07:06:00,1053
B001830,C05171,2025-01-16 07:49:00,1288
B001831,C05173,2025-04-23 15:53:00,282
B001832,C05174,2025-11-07 11:26:00,1337
B001833,C05178,2025-04-05 06:34:00,581
B001834,C05185,2026-01-03 09:40:00,1173
B001835,C05187,2025-11-16 00:36:00,380
B001836,C05197,2025-04-05 10:22:00,195
B001837,C05202,2025-04-09 03:39:00,987
B001838,C05204,2025-04-16 05:45:00,155
B001839,C05205,2025-02-28 12:39:00,1237
B001840,C05212,2025-01-23 01:16:00,1029
B001841,C05214,2025-09-29 01:55:00,896
B001842,C05221,2025-12-24 05:25:00,416
B001843,C05223,2025-09-01 22:01:00,1024
B001844,C05224,2025-02-02 08:35:00,1394
B001845,C05228,2025-08-18 22:31:00,177
B001846,C05229,2025-03-02 21:41:00,359
B001847,C05230,2025-10-26 04:32:00,678
B001848,C05232,2025-07-04 19:25:00,1394
B001849,C05233,2025-06-06 02:13:00,1210
B001850,C05236,2025-02-04 01:56:00,1405
B001851,C05238,2025-08-08 17:36:00,733
B001852,C05239,2025-08-04 11:56:00,1487
B001853,C05240,2025-11-18 01:45:00,1063
B001854,C05241,2025-07-23 11:57:00,592
B001855,C05246,2025-12-18 01:11:00,275
B001856,C05255,2025-11-28 19:37:00,161
B001857,C05257,2025-04-22 09:45:00,1302
B001858,C05259,2026-01-16 08:22:00,1067
B001859,C05263,2025-05-21 04:36:00,1143
B001860,C05269,2025-08-26 11:29:00,920
B001861,C05278,2025-03-31 02:44:00,1382
B001862,C05279,2025-02-15 01:59:00,424
B001863,C05282,2025-03-12 06:29:00,346
B001864,C05284,2025-06-22 05:43:00,1307
B001865,C05294,2025-11-20 19:33:00,1226
B001866,C05296,2025-10-12 18:16:00,1436
B001867,C05300,2025-09-18 11:54:00,1081
B001868,C05308,2025-10-03 22:05:00,142
B001869,C05310,2025-05-04 14:21:00,568
B001870,C05311,2025-01-17 14:29:00,202
B001871,C05312,2025-11-11 05:26:00,377
B001872,C05314,2025-11-29 06:34:00,434
B001873,C05316,2025-10-23 02:15:00,298
B001874,C05318,2025-05-21 23:36:00,542
B001875,C05323,2025-12-04 08:25:00,1328
B001876,C05327,2025-12-17 03:57:00,1104
B001877,C05328,2025-02-07 01:33:00,405
B001878,C05331,2025-04-08 08:38:00,202
B001879,C05333,2026-01-09 10:09:00,670
B001880,C05335,2025-09-14 00:28:00,1318
B001881,C05341,2025-07-03 20:19:00,1265
B001882,C05344,2025-08-02 17:38:00,455
B001883,C05346,2025-03-16 06:24:00,267
B001884,C05348,2025-09-20 16:18:00,894
B001885,C05353,2025-01-09 21:05:00,458
B001886,C05355,2025-02-22 16:01:00,621
B001887,C05357,2025-09-30 03:36:00,891
B001888,C05360,2026-01-08 22:33:00,204
B001889,C05362,2025-01-27 04:30:00,1440
B001890,C05366,2025-07-31 09:37:00,800
B001891,C05375,2025-11-04 11:10:00,898
B001892,C05376,2025-02-26 11:33:00,685
B001893,C05378,2025-11-30 19:57:00,829
B001894,C05380,2025-01-31 02:32:00,437
B001895,C05387,2025-05-25 19:02:00,949
B001896,C05395,2025-07-14 22:40:00,1416
B001897,C05396,2025-11-04 10:52:00,485
B001898,C05401,2025-03-13 06:27:00,117
B001899,C05403,2025-06-11 12:24:00,109
B001900,C05405,2025-04-17 19:34:00,1317
B001901,C05412,2025-06-22 19:13:00,1306
B001902,C05416,2025-12-21 03:52:00,777
B001903,C05419,2025-10-12 09:18:00,557
B001904,C05421,2025-10-26 14:24:00,1229
B001905,C05424,2025-04-05 09:49:00,1421
B001906,C05425,2025-02-18 14:24:00,917
B001907,C05431,2025-08-07 04:12:00,1298
B001908,C05434,2025-02-12 22:46:00,1439
B001909,C05435,2025-04-20 21:57:00,203
B001910,C05437,2025-02-11 04:11:00,1451
B001911,C05438,2025-02-03 15:09:00,263
B001912,C05439,2025-09-07 13:10:00,1156
B001913,C05440,2025-06-16 23:28:00,1491
B001914,C05442,2025-11-15 17:53:00,577
B001915,C05443,2025-03-01 13:18:00,565
B001916,C05446,2025-08-15 15:04:00,471
B001917,C05447,2025-01-21 18:27:00,573
B001918,C05449,2025-10-10 13:20:00,1460
B001919,C05450,2025-01-22 16:39:00,1056
B001920,C05452,2025-04-19 13:52:00,774
B001921,C05453,2025-10-11 08:23:00,1111
B001922,C05456,2025-08-31 01:54:00,1197
B001923,C05457,2025-06-14 10:57:00,255
B001924,C05459,2026-01-01 23:17:00,1253
B001925,C05466,2025-12-19 22:09:00,1370
B001926,C05467,2025-09-08 14:20:00,501
B001927,C05468,2025-06-16 18:14:00,301
B001928,C05472,2025-11-15 14:06:00,801
B001929,C05477,2025-05-22 11:42:00,126
B001930,C05479,2025-06-11 09:28:00,936
B001931,C05486,2025-09-30 23:40:00,628
B001932,C05487,2025-12-26 03:17:00,1458
B001933,C05488,2025-02-14 13:04:00,1378
B001934,C05491,2025-05-19 16:47:00,1316
B001935,C05492,2025-08-20 16:47:00,1078
B001936,C05495,2025-04-19 22:03:00,616
B001937,C05501,2025-04-12 07:36:00,338
B001938,C05506,2025-11-11 21:49:00,1318
B001939,C05513,2025-04-06 20:53:00,936
B001940,C05516,2025-02-17 09:18:00,824
B001941,C05519,2025-05-10 08:27:00,725
B001942,C05520,2025-10-28 15:22:00,473
B001943,C05523,2025-01-14 09:50:00,424
B001944,C05524,2025-05-07 08:46:00,499
B001945,C05528,2025-03-01 12:51:00,1087
B001946,C05529,2025-04-03 12:19:00,394
B001947,C05530,2026-01-15 17:41:00,761
B001948,C05533,2025-03-14 08:44:00,609
B001949,C05536,2025-08-01 07:16:00,1330
B001950,C05540,2025-07-27 09:08:00,945
B001951,C05541,2025-11-25 01:45:00,355
B001952,C05543,2025-07-05 02:47:00,406
B001953,C05548,2025-05-02 09:27:00,556
B001954,C05549,2025-03-20 10:28:00,1354
B001955,C05552,2025-12-25 12:40:00,1304
B001956,C05558,2025-11-24 14:26:00,338
B001957,C05560,2025-05-02 20:20:00,1495
B001958,C05565,2026-01-11 02:25:00,1314
B001959,C05568,2025-06-27 09:16:00,239
B001960,C05571,2025-12-08 19:49:00,186
B001961,C05575,2025-10-08 16:48:00,1293
B001962,C05581,2025-01-22 21:20:00,365
B001963,C05582,2025-12-19 16:09:00,311
B001964,C05583,2025-12-18 00:50:00,200
B001965,C05585,2025-01-07 21:31:00,446
B001966,C05590,2025-05-22 23:00:00,127
B001967,C05592,2025-10-21 21:07:00,311
B001968,C05593,2025-01-13 20:18:00,493
B001969,C05594,2026-01-08 07:01:00,153
B001970,C05603,2025-03-13 18:56:00,163
B001971,C05605,2025-02-08 08:25:00,788
B001972,C05606,2026-01-13 16:31:00,841
B001973,C05609,2025-01-20 00:48:00,467
B001974,C05611,2025-03-06 22:49:00,991
B001975,C05614,2025-05-24 16:03:00,308
B001976,C05615,2025-08-16 07:16:00,1470
B001977,C05616,2025-03-09 10:46:00,976
B001978,C05620,2025-03-25 22:42:00,1402
B001979,C05621,2025-09-01 04:22:00,892
B001980,C05625,2025-10-24 02:55:00,1318
B001981,C05626,2025-10-08 23:46:00,657
B001982,C05628,2025-09-16 14:21:00,1088
B001983,C05629,2025-09-16 13:40:00,337
B001984,C05638,2025-07-20 18:49:00,404
B001985,C05640,2025-08-26 13:45:00,685
B001986,C05641,2025-07-27 05:34:00,1007
B001987,C05643,2025-04-25 12:37:00,322
B001988,C05646,2025-08-02 03:13:00,248
B001989,C05648,2025-12-14 16:30:00,526
B001990,C05653,2025-12-04 17:10:00,1097
B001991,C05656,2025-08-17 23:09:00,1354
B001992,C05659,2025-11-18 18:56:00,458
B001993,C05660,2025-08-17 21:26:00,1102
B001994,C05662,2025-07-15 15:43:00,1392
B001995,C05664,2025-06-28 03:15:00,178
B001996,C05669,2025-10-06 14:39:00,1249
B001997,C05673,2025-02-05 10:21:00,1279
B001998,C05674,2025-02-22 02:36:00,1200
B001999,C05676,2025-01-26 10:03:00,588
B002000,C05684,2025-10-14 01:41:00,1293
B002001,C05686,2025-06-10 20:31:00,343
B002002,C05690,2025-05-07 22:52:00,503
B002003,C05697,2025-09-22 19:41:00,1079
B002004,C05700,2025-11-30 07:08:00,165
B002005,C05705,2025-02-08 23:59:00,859
B002006,C05712,2025-07-11 13:39:00,116
B002007,C05719,2025-11-09 20:18:00,982
B002008,C05720,2025-10-13 21:26:00,588
B002009,C05723,2026-01-01 01:37:00,1116
B002010,C05726,2025-07-12 13:20:00,957
B002011,C05730,2025-06-08 13:12:00,1479
B002012,C05732,2025-02-22 03:33:00,1182
B002013,C05735,2025-06-16 08:35:00,300
B002014,C05736,2025-09-08 14:21:00,610
B002015,C05739,2025-11-13 04:04:00,671
B002016,C05740,2025-11-13 18:12:00,1333
B002017,C05744,2025-07-27 04:08:00,598
B002018,C05745,2025-04-17 00:49:00,570
B002019,C05751,2025-08-27 19:33:00,934
B002020,C05755,2025-02-01 02:34:00,354
B002021,C05757,2025-03-03 22:29:00,110
B002022,C05759,2025-01-17 05:28:00,183
B002023,C05760,2025-11-14 16:02:00,1401
B002024,C05762,2025-08-08 21:54:00,1188
B002025,C05764,2025-03-16 02:02:00,1499
B002026,C05766,2025-08-09 17:50:00,1051
B002027,C05770,2025-05-29 13:10:00,468
B002028,C05772,2025-05-19 05:23:00,1277
B002029,C05773,2025-11-20 18:21:00,876
B002030,C05776,2025-08-09 04:58:00,1270
B002031,C05779,2025-10-25 13:04:00,558
B002032,C05780,2025-08-08 11:51:00,1429
B002033,C05781,2025-09-18 07:58:00,474
B002034,C05790,2025-07-04 10:07:00,353
B002035,C05799,2026-01-02 22:39:00,1132
B002036,C05807,2025-06-11 00:40:00,289
B002037,C05812,2025-10-15 22:10:00,568
B002038,C05813,2025-03-21 20:51:00,249
B002039,C05814,2025-06-17 22:29:00,242
B002040,C05817,2025-08-07 16:54:00,231
B002041,C05818,2025-09-03 01:08:00,719
B002042,C05820,2025-12-08 00:23:00,1359
B002043,C05821,2025-08-09 15:19:00,272
B002044,C05822,2025-10-17 09:47:00,1349
B002045,C05826,2025-07-13 14:14:00,149
B002046,C05828,2025-05-21 16:20:00,530
B002047,C05831,2025-09-15 19:18:00,358
B002048,C05834,2025-05-08 11:49:00,399
B002049,C05840,2025-04-25 17:51:00,466
B002050,C05844,2025-05-28 18:23:00,1439
B002051,C05845,2026-01-02 15:22:00,1226
B002052,C05849,2025-04-01 15:28:00,1498
B002053,C05851,2025-08-24 18:15:00,1248
B002054,C05852,2025-10-22 05:23:00,1344
B002055,C05854,2025-06-30 13:52:00,399
B002056,C05857,2025-11-04 13:37:00,441
B002057,C05859,2026-01-04 16:02:00,1115
B002058,C05869,2025-07-20 14:11:00,203
B002059,C05871,2025-08-18 03:19:00,1245
B002060,C05873,2025-05-11 06:19:00,1091
B002061,C05879,2025-04-15 16:54:00,1015
B002062,C05880,2025-02-24 23:42:00,879
B002063,C05881,2025-07-09 11:55:00,887
B002064,C05883,2025-08-02 17:04:00,1250
B002065,C05885,2025-01-16 07:05:00,677
B002066,C05888,2025-12-08 21:06:00,368
B002067,C05890,2025-06-11 16:38:00,1485
B002068,C05891,2025-10-03 15:35:00,253
B002069,C05892,2025-08-23 17:43:00,304
B002070,C05895,2025-08-30 01:08:00,1306
B002071,C05899,2025-11-26 00:42:00,303
B002072,C05900,2025-02-22 17:23:00,122
B002073,C05904,2025-05-05 10:13:00,423
B002074,C05915,2025-01-22 17:18:00,132
B002075,C05917,2025-05-07 04:36:00,1307
B002076,C05923,2026-01-14 21:00:00,156
B002077,C05935,2025-09-13 21:41:00,913
B002078,C05938,2025-07-27 23:05:00,666
B002079,C05940,2025-08-30 22:50:00,509
B002080,C05942,2025-03-10 08:15:00,869
B002081,C05946,2025-08-07 22:14:00,862
B002082,C05947,2025-10-19 11:58:00,935
B002083,C05953,2025-03-22 12:25:00,1245
B002084,C05955,2025-11-05 11:58:00,686
B002085,C05957,2025-05-05 22:09:00,942
B002086,C05963,2025-04-21 13:24:00,1410
B002087,C05964,2025-03-31 19:15:00,1339
B002088,C05966,2025-02-25 15:43:00,1327
B002089,C05973,2025-08-07 12:04:00,984
B002090,C05976,2025-05-19 08:48:00,712
B002091,C05977,2025-02-05 17:53:00,1355
B002092,C05983,2025-04-08 14:00:00,1103
B002093,C05988,2025-09-18 10:30:00,902
B002094,C05991,2025-03-25 20:31:00,685
B002095,C05992,2025-10-02 20:14:00,164
B002096,C06003,2025-04-04 02:20:00,193
B002097,C06004,2025-01-30 10:34:00,1268
B002098,C06011,2025-02-09 15:05:00,317
B002099,C06018,2025-07-31 09:46:00,657
B002100,C06022,2025-01-20 05:22:00,769
B002101,C06023,2025-11-08 15:07:00,716
B002102,C06027,2025-10-20 19:02:00,218
B002103,C06043,2025-06-24 15:18:00,741
B002104,C06045,2025-06-26 08:15:00,1099
B002105,C06050,2025-09-18 13:26:00,1447
B002106,C06052,2025-01-18 15:56:00,1279
B002107,C06055,2025-02-22 13:37:00,301
B002108,C06058,2025-07-15 21:44:00,1061
B002109,C06059,2025-11-08 20:03:00,1202
B002110,C06060,2025-12-18 01:29:00,318
B002111,C06063,2025-04-09 04:19:00,950
B002112,C06064,2026-01-10 20:46:00,308
B002113,C06066,2025-07-05 16:35:00,303
B002114,C06071,2025-06-25 11:40:00,640
B002115,C06072,2025-01-08 04:05:00,1193
B002116,C06074,2025-01-11 03:51:00,695
B002117,C06077,2025-05-31 11:18:00,1033
B002118,C06080,2025-10-21 09:29:00,1102
B002119,C06081,2025-10-21 13:59:00,1049
B002120,C06082,2025-04-28 12:56:00,242
B002121,C06083,2025-12-11 08:26:00,314
B002122,C06090,2025-10-02 17:41:00,541
B002123,C06093,2025-10-11 22:02:00,1271
B002124,C06096,2025-09-12 04:58:00,882
B002125,C06101,2025-02-24 19:26:00,298
B002126,C06108,2025-08-22 04:24:00,1382
B002127,C06121,2025-09-09 02:55:00,867
B002128,C06126,2025-06-25 19:07:00,1139
B002129,C06133,2025-11-12 02:30:00,361
B002130,C06136,2025-09-27 09:08:00,1055
B002131,C06139,2025-05-04 04:34:00,1277
B002132,C06142,2025-08-30 00:48:00,626
B002133,C06146,2025-12-18 12:04:00,484
B002134,C06152,2025-07-03 20:24:00,678
B002135,C06153,2025-07-04 18:36:00,597
B002136,C06155,2025-08-03 07:43:00,935
B002137,C06157,2025-09-17 10:30:00,1283
B002138,C06160,2025-02-20 07:59:00,1094
B002139,C06167,2025-04-27 15:15:00,656
B002140,C06168,2025-02-16 05:13:00,150
B002141,C06169,2025-05-15 09:56:00,925
B002142,C06174,2025-06-16 11:39:00,470
B002143,C06175,2025-07-16 02:07:00,1392
B002144,C06176,2025-07-22 21:34:00,395
B002145,C06178,2025-07-19 23:09:00,527
B002146,C06180,2025-02-14 23:06:00,101
B002147,C06183,2025-01-22 01:01:00,906
B002148,C06184,2025-04-23 18:14:00,758
B002149,C06186,2025-10-25 04:52:00,530
B002150,C06187,2025-08-01 21:07:00,644
B002151,C06189,2025-06-21 00:18:00,1410
B002152,C06191,2025-06-15 04:30:00,724
B002153,C06197,2025-11-25 05:38:00,286
B002154,C06199,2025-02-18 16:34:00,182
B002155,C06200,2025-04-17 06:47:00,1353
B002156,C06212,2025-12-01 13:41:00,652
B002157,C06224,2025-07-24 16:30:00,843
B002158,C06226,2025-04-16 08:00:00,122
B002159,C06227,2025-01-22 06:07:00,372
B002160,C06231,2025-06-24 13:14:00,576
B002161,C06232,2025-10-16 23:04:00,256
B002162,C06233,2025-03-18 05:04:00,1308
B002163,C06235,2025-04-30 12:56:00,1181
B002164,C06239,2025-10-24 10:08:00,392
B002165,C06240,2025-06-25 04:37:00,365
B002166,C06241,2025-04-16 04:37:00,772
B002167,C06242,2025-09-18 17:10:00,908
B002168,C06244,2025-08-02 00:50:00,997
B002169,C06245,2025-11-23 11:16:00,1353
B002170,C06246,2025-10-04 07:48:00,481
B002171,C06248,2025-01-26 09:19:00,441
B002172,C06250,2025-06-28 20:12:00,1180
B002173,C06252,2025-08-02 16:42:00,1483
B002174,C06259,2025-08-04 03:48:00,464
B002175,C06260,2025-02-13 09:10:00,134
B002176,C06261,2025-09-24 17:45:00,242
B002177,C06265,2025-05-17 15:37:00,995
B002178,C06269,2025-11-23 17:22:00,600
B002179,C06271,2025-03-31 17:28:00,551
B002180,C06274,2025-09-24 16:22:00,401
B002181,C06278,2025-09-08 12:13:00,317
B002182,C06279,2025-01-21 05:25:00,1162
B002183,C06280,2025-03-01 03:23:00,166
B002184,C06281,2025-09-04 06:00:00,882
B002185,C06286,2025-03-01 16:27:00,190
B002186,C06288,2025-04-02 12:19:00,451
B002187,C06289,2025-05-20 08:58:00,1259
B002188,C06290,2025-05-10 19:46:00,1196
B002189,C06291,2025-05-15 17:47:00,138
B002190,C06297,2025-04-08 13:31:00,516
B002191,C06300,2025-03-01 19:53:00,409
B002192,C06305,2025-02-07 04:59:00,326
B002193,C06307,2025-10-14 11:02:00,912
B002194,C06310,2025-09-27 12:12:00,817
B002195,C06312,2025-04-15 17:52:00,406
B002196,C06314,2025-08-15 08:42:00,1177
B002197,C06317,2025-02-09 06:38:00,1394
B002198,C06318,2025-04-14 19:11:00,998
B002199,C06319,2025-03-17 21:42:00,745
B002200,C06322,2025-06-23 15:13:00,227
B002201,C06323,2025-07-31 03:33:00,107
B002202,C06325,2025-11-06 08:09:00,979
B002203,C06327,2025-09-16 17:11:00,405
B002204,C06330,2025-02-26 06:11:00,670
B002205,C06335,2025-03-01 08:01:00,563
B002206,C06336,2025-01-21 16:57:00,830
B002207,C06342,2025-12-23 19:28:00,749
B002208,C06344,2025-07-27 02:28:00,267
B002209,C06345,2025-09-01 20:57:00,1041
B002210,C06347,2025-09-20 19:44:00,872
B002211,C06352,2025-12-15 10:13:00,1050
B002212,C06360,2025-02-14 10:35:00,649
B002213,C06362,2025-04-11 08:40:00,759
B002214,C06363,2025-04-25 04:48:00,641
B002215,C06375,2025-11-24 00:58:00,1166
B002216,C06380,2025-04-23 16:13:00,515
B002217,C06384,2025-02-23 19:20:00,437
B002218,C06386,2026-01-04 05:19:00,598
B002219,C06387,2025-08-14 00:02:00,1139
B002220,C06388,2025-04-30 05:12:00,424
B002221,C06391,2025-10-07 17:50:00,228
B002222,C06394,2025-07-11 04:59:00,483
B002223,C06399,2025-05-21 10:23:00,1438
B002224,C06404,2025-07-06 08:24:00,535
B002225,C06407,2025-03-20 22:41:00,664
B002226,C06409,2025-11-14 14:28:00,580
B002227,C06412,2025-01-27 04:42:00,431
B002228,C06413,2025-11-02 01:53:00,1381
B002229,C06414,2025-12-09 08:45:00,406
B002230,C06416,2025-05-08 19:27:00,969
B002231,C06429,2025-06-14 07:29:00,628
B002232,C06430,2025-10-26 16:16:00,547
B002233,C06434,2025-02-23 10:06:00,828
B002234,C06436,2025-08-04 11:20:00,368
B002235,C06437,2025-12-20 02:09:00,1023
B002236,C06440,2025-10-28 04:49:00,870
B002237,C06447,2025-03-27 01:51:00,1137
B002238,C06448,2025-06-04 18:32:00,1209
B002239,C06450,2025-07-11 00:34:00,1411
B002240,C06453,2025-10-13 22:43:00,836
B002241,C06455,2025-03-19 19:32:00,184
B002242,C06462,2025-08-12 22:58:00,516
B002243,C06465,2025-08-03 15:03:00,892
B002244,C06470,2025-03-27 11:37:00,336
B002245,C06473,2025-05-22 20:33:00,1246
B002246,C06477,2025-09-09 10:12:00,1095
B002247,C06478,2025-06-28 21:59:00,510
B002248,C06480,2025-09-02 04:50:00,345
B002249,C06482,2025-12-03 21:02:00,1251
B002250,C06483,2025-09-14 08:31:00,1196
B002251,C06484,2025-10-12 18:26:00,572
B002252,C06485,2025-06-21 12:28:00,1235
B002253,C06487,2025-11-28 05:09:00,640
B002254,C06488,2025-08-12 17:57:00,444
B002255,C06490,2025-06-27 03:24:00,972
B002256,C06494,2025-02-08 12:25:00,916
B002257,C06495,2025-08-27 23:00:00,854
B002258,C06496,2026-01-09 12:01:00,784
B002259,C06498,2025-01-16 09:09:00,649
B002260,C06503,2025-05-21 07:39:00,562
B002261,C06504,2025-04-17 19:42:00,1144
B002262,C06507,2025-06-01 10:25:00,1030
B002263,C06509,2025-09-06 17:01:00,670
B002264,C06510,2025-03-19 06:49:00,1116
B002265,C06512,2025-01-22 11:12:00,623
B002266,C06513,2025-05-25 18:56:00,818
B002267,C06514,2025-03-23 02:22:00,831
B002268,C06517,2025-08-22 07:04:00,744
B002269,C06518,2025-01-08 13:45:00,854
B002270,C06519,2025-03-15 12:33:00,1499
B002271,C06520,2025-06-17 06:36:00,945
B002272,C06521,2025-12-09 13:57:00,835
B002273,C06522,2025-04-18 10:36:00,895
B002274,C06526,2025-02-08 14:10:00,775
B002275,C06528,2025-12-18 19:26:00,1142
B002276,C06533,2025-05-04 16:21:00,759
B002277,C06535,2025-09-24 19:54:00,1131
B002278,C06537,2025-04-05 00:19:00,820
B002279,C06542,2025-07-06 16:47:00,1147
B002280,C06545,2025-12-23 14:10:00,264
B002281,C06546,2025-11-09 15:18:00,230
B002282,C06548,2025-11-18 04:56:00,690
B002283,C06550,2025-07-10 05:54:00,1340
B002284,C06552,2025-08-28 21:27:00,762
B002285,C06554,2025-12-25 05:07:00,686
B002286,C06559,2025-02-16 06:39:00,1143
B002287,C06567,2025-02-03 10:14:00,651
B002288,C06569,2025-04-08 11:12:00,798
B002289,C06572,2025-05-15 12:12:00,821
B002290,C06573,2025-05-15 12:29:00,1471
B002291,C06579,2025-12-13 02:16:00,700
B002292,C06580,2025-07-02 22:49:00,1489
B002293,C06581,2025-12-22 03:01:00,820
B002294,C06582,2025-10-03 19:13:00,637
B002295,C06584,2025-01-22 23:29:00,1319
B002296,C06585,2025-01-30 07:57:00,1460
B002297,C06589,2025-03-06 01:56:00,270
B002298,C06591,2025-10-17 01:20:00,675
B002299,C06599,2025-03-09 13:21:00,890
B002300,C06603,2025-09-12 13:08:00,458
B002301,C06604,2025-03-09 04:42:00,1185
B002302,C06607,2025-09-19 12:16:00,999
B002303,C06609,2026-01-10 15:17:00,1169
B002304,C06612,2025-05-02 21:25:00,376
B002305,C06619,2025-03-05 22:27:00,1259
B002306,C06620,2025-04-20 18:01:00,865
B002307,C06621,2025-06-17 08:02:00,885
B002308,C06625,2025-12-04 05:39:00,847
B002309,C06626,2025-04-23 21:13:00,106
B002310,C06627,2025-03-30 23:13:00,550
B002311,C06628,2025-05-08 03:18:00,579
B002312,C06633,2025-08-03 05:41:00,1125
B002313,C06634,2025-04-19 17:45:00,1486
B002314,C06641,2026-01-03 09:59:00,920
B002315,C06643,2025-02-09 06:01:00,577
B002316,C06644,2025-09-19 03:39:00,895
B002317,C06645,2026-01-07 04:16:00,1266
B002318,C06646,2025-10-03 20:35:00,1074
B002319,C06649,2025-10-12 11:52:00,510
B002320,C06650,2025-05-11 19:41:00,1046
B002321,C06651,2025-05-22 10:39:00,543
B002322,C06653,2025-08-01 16:16:00,886
B002323,C06654,2025-08-09 03:42:00,266
B002324,C06657,2025-02-20 19:05:00,1043
B002325,C06661,2025-08-23 10:58:00,833
B002326,C06667,2025-10-23 11:19:00,674
B002327,C06668,2025-02-16 22:35:00,894
B002328,C06672,2025-08-13 00:11:00,722
B002329,C06674,2025-03-29 10:07:00,278
B002330,C06677,2025-09-03 14:43:00,164
B002331,C06680,2025-05-31 10:48:00,898
B002332,C06683,2025-06-20 12:09:00,726
B002333,C06684,2025-08-05 13:47:00,523
B002334,C06688,2025-11-21 20:19:00,968
B002335,C06693,2025-01-18 19:56:00,712
B002336,C06699,2025-09-21 15:26:00,1001
B002337,C06700,2025-07-23 13:49:00,607
B002338,C06703,2025-08-11 20:13:00,773
B002339,C06708,2025-11-21 03:55:00,1464
B002340,C06710,2025-08-03 02:10:00,1034
B002341,C06711,2025-09-09 03:12:00,1143
B002342,C06716,2025-12-25 12:28:00,1292
B002343,C06718,2025-02-24 00:12:00,1438
B002344,C06720,2025-08-28 06:43:00,1465
B002345,C06726,2025-06-30 05:41:00,980
B002346,C06727,2025-11-10 07:01:00,235
B002347,C06731,2025-03-10 19:24:00,1197
B002348,C06732,2025-05-18 07:44:00,787
B002349,C06735,2025-04-13 21:35:00,609
B002350,C06739,2025-11-30 22:14:00,109
B002351,C06742,2025-12-19 14:06:00,1171
B002352,C06745,2025-05-30 16:00:00,702
B002353,C06747,2025-05-10 10:55:00,1396
B002354,C06750,2025-05-27 03:24:00,726
B002355,C06753,2025-06-24 21:33:00,874
B002356,C06754,2025-07-14 03:01:00,290
B002357,C06755,2025-06-13 13:17:00,572
B002358,C06757,2025-12-13 10:43:00,900
B002359,C06763,2025-04-18 23:19:00,1130
B002360,C06765,2025-11-18 13:40:00,378
B002361,C06770,2025-12-10 11:36:00,394
B002362,C06774,2025-07-18 13:45:00,1169
B002363,C06775,2025-01-31 05:09:00,1166
B002364,C06776,2025-09-30 15:15:00,338
B002365,C06780,2025-07-11 17:10:00,1457
B002366,C06794,2025-07-17 14:21:00,437
B002367,C06797,2025-12-04 08:42:00,333
B002368,C06798,2025-12-02 01:16:00,104
B002369,C06799,2026-01-08 12:42:00,1079
B002370,C06801,2025-09-11 02:07:00,322
B002371,C06803,2025-04-22 03:20:00,1031
B002372,C06808,2025-11-10 08:00:00,170
B002373,C06810,2025-08-26 02:06:00,1366
B002374,C06811,2025-03-01 11:51:00,1118
B002375,C06812,2025-10-23 10:02:00,451
B002376,C06818,2025-11-20 09:18:00,380
B002377,C06821,2025-02-03 21:01:00,969
B002378,C06824,2025-03-06 22:19:00,1473
B002379,C06827,2025-01-14 12:38:00,939
B002380,C06829,2026-01-01 03:46:00,1083
B002381,C06831,2025-04-30 20:16:00,216
B002382,C06840,2025-01-22 15:17:00,1171
B002383,C06845,2025-05-30 13:57:00,536
B002384,C06849,2025-03-23 13:00:00,199
B002385,C06853,2025-06-27 07:23:00,581
B002386,C06855,2025-04-23 04:30:00,702
B002387,C06861,2025-09-04 23:10:00,1407
B002388,C06863,2025-04-17 13:12:00,1041
B002389,C06870,2025-11-24 15:59:00,930
B002390,C06872,2025-07-08 05:51:00,237
B002391,C06876,2025-10-08 04:17:00,190
B002392,C06878,2025-12-26 15:04:00,197
B002393,C06879,2025-05-22 02:03:00,1469
B002394,C06881,2025-05-01 23:26:00,297
B002395,C06882,2025-12-11 07:02:00,624
B002396,C06883,2025-03-25 18:06:00,1427
B002397,C06884,2025-11-27 22:58:00,136
B002398,C06886,2025-04-12 01:35:00,116
B002399,C06887,2025-01-12 13:47:00,114
B002400,C06890,2025-02-08 02:00:00,323
B002401,C06894,2025-06-08 07:28:00,590
B002402,C06895,2025-10-21 14:20:00,737
B002403,C06898,2025-12-12 00:00:00,403
B002404,C06906,2025-10-03 23:41:00,985
B002405,C06908,2025-08-20 13:15:00,130
B002406,C06910,2025-02-18 06:58:00,213
B002407,C06914,2025-10-10 11:48:00,1080
B002408,C06916,2025-10-26 02:11:00,1151
B002409,C06928,2025-09-29 13:01:00,1215
B002410,C06929,2025-09-12 02:35:00,792
B002411,C06936,2025-06-27 02:52:00,183
B002412,C06937,2025-06-15 02:29:00,1148
B002413,C06938,2025-08-10 23:07:00,1398
B002414,C06941,2025-06-16 13:15:00,1419
B002415,C06944,2025-10-08 02:46:00,1225
B002416,C06950,2025-05-06 01:51:00,1337
B002417,C06951,2025-02-14 19:01:00,957
B002418,C06954,2025-03-25 22:09:00,915
B002419,C06959,2025-08-18 11:44:00,1238
B002420,C06963,2025-03-15 12:48:00,491
B002421,C06964,2025-11-23 13:25:00,521
B002422,C06965,2025-04-20 15:37:00,1322
B002423,C06967,2025-09-05 17:40:00,1430
B002424,C06969,2025-12-18 21:42:00,1500
B002425,C06972,2025-03-03 10:30:00,738
B002426,C06975,2025-11-05 14:25:00,228
B002427,C06976,2025-11-19 15:55:00,1014
B002428,C06977,2025-10-22 13:05:00,579
B002429,C06983,2025-07-04 04:39:00,1396
B002430,C06987,2025-08-01 23:24:00,1103
B002431,C06989,2025-09-29 00:22:00,1356
B002432,C06995,2025-03-30 15:08:00,182
B002433,C06999,2025-10-09 02:24:00,497
B002434,C07000,2025-11-26 20:38:00,1212
B002435,C07004,2025-10-31 07:35:00,1126
B002436,C07005,2025-10-21 08:24:00,1319
B002437,C07007,2025-08-20 16:11:00,677
B002438,C07008,2025-06-08 10:35:00,1230
B002439,C07011,2025-12-30 15:09:00,497
B002440,C07014,2025-03-17 08:52:00,176
B002441,C07020,2025-11-13 09:02:00,766
B002442,C07023,2025-01-24 13:42:00,321
B002443,C07029,2025-10-23 00:28:00,1329
B002444,C07032,2025-12-21 03:36:00,418
B002445,C07034,2025-09-07 15:13:00,1287
B002446,C07035,2025-11-11 20:34:00,975
B002447,C07036,2025-08-22 04:41:00,486
B002448,C07037,2025-04-04 19:36:00,631
B002449,C07042,2025-04-11 10:00:00,321
B002450,C07043,2025-02-15 06:38:00,299
B002451,C07046,2025-07-14 09:29:00,519
B002452,C07050,2025-11-06 20:55:00,1023
B002453,C07053,2025-09-16 18:43:00,129
B002454,C07058,2025-01-31 19:52:00,1180
B002455,C07063,2025-06-04 17:49:00,792
B002456,C07064,2025-02-04 19:01:00,780
B002457,C07065,2025-09-13 04:54:00,381
B002458,C07066,2025-05-13 09:16:00,777
B002459,C07067,2025-11-06 20:25:00,113
B002460,C07070,2025-12-20 02:56:00,1415
B002461,C07074,2025-12-01 12:14:00,942
B002462,C07075,2025-12-29 12:57:00,552
B002463,C07082,2025-09-21 15:41:00,1110
B002464,C07084,2025-08-10 02:10:00,506
B002465,C07089,2025-11-02 11:32:00,999
B002466,C07090,2026-01-08 10:01:00,178
B002467,C07097,2025-04-10 12:09:00,385
B002468,C07098,2025-09-20 19:51:00,1122
B002469,C07099,2025-09-13 17:03:00,1470
B002470,C07102,2025-07-17 14:56:00,402
B002471,C07103,2025-11-26 15:41:00,187
B002472,C07104,2025-09-04 18:11:00,765
B002473,C07106,2025-02-17 15:04:00,209
B002474,C07107,2025-06-27 10:12:00,1106
B002475,C07110,2026-01-03 04:19:00,566
B002476,C07113,2025-03-18 01:38:00,1241
B002477,C07114,2025-09-16 20:33:00,1101
B002478,C07115,2025-04-03 04:45:00,150
B002479,C07118,2025-03-21 23:55:00,1370
B002480,C07121,2025-12-10 02:47:00,434
B002481,C07124,2025-08-15 11:19:00,299
B002482,C07128,2025-06-09 15:36:00,1341
B002483,C07133,2025-04-08 10:27:00,557
B002484,C07138,2025-05-08 07:08:00,755
B002485,C07140,2025-04-07 10:48:00,528
B002486,C07143,2025-12-04 07:12:00,536
B002487,C07145,2025-04-28 16:34:00,1329
B002488,C07148,2025-10-26 13:28:00,536
B002489,C07150,2025-12-17 03:59:00,1086
B002490,C07156,2025-01-26 03:48:00,1202
B002491,C07158,2025-05-04 17:11:00,954
B002492,C07161,2025-01-13 17:46:00,1276
B002493,C07162,2025-02-16 18:08:00,1170
B002494,C07163,2025-09-17 08:37:00,1486
B002495,C07164,2025-04-08 13:02:00,1078
B002496,C07169,2025-10-12 16:51:00,788
B002497,C07183,2025-06-01 05:59:00,1357
B002498,C07194,2025-02-17 00:10:00,852
B002499,C07200,2025-06-25 08:23:00,470
B002500,C07202,2025-12-24 11:08:00,620
B002501,C07204,2025-12-28 18:33:00,892
B002502,C07208,2025-09-07 14:29:00,1097
B002503,C07209,2025-04-08 07:36:00,835
B002504,C07218,2025-01-18 14:27:00,651
B002505,C07221,2025-11-10 23:36:00,1188
B002506,C07224,2025-05-29 12:13:00,258
B002507,C07225,2025-09-28 01:46:00,1479
B002508,C07228,2025-02-07 14:41:00,515
B002509,C07230,2025-05-13 15:13:00,355
B002510,C07239,2025-11-13 15:52:00,1008
B002511,C07254,2025-05-25 17:41:00,397
B002512,C07255,2025-10-05 01:59:00,1332
B002513,C07256,2025-05-20 11:25:00,1295
B002514,C07258,2025-01-09 03:22:00,1406
B002515,C07261,2025-04-02 10:30:00,162
B002516,C07264,2026-01-02 15:01:00,558
B002517,C07266,2025-11-23 03:00:00,602
B002518,C07271,2025-10-13 10:12:00,575
B002519,C07280,2025-12-23 23:26:00,258
B002520,C07281,2025-03-14 20:32:00,576
B002521,C07282,2025-01-25 17:59:00,1331
B002522,C07283,2025-10-26 10:30:00,545
B002523,C07288,2025-07-19 10:42:00,1195
B002524,C07289,2025-04-29 11:23:00,806
B002525,C07290,2025-11-13 10:00:00,254
B002526,C07291,2025-09-09 21:53:00,855
B002527,C07298,2025-11-20 14:07:00,1099
B002528,C07299,2025-10-11 21:15:00,1126
B002529,C07301,2025-01-21 21:43:00,170
B002530,C07309,2025-07-22 14:43:00,971
B002531,C07315,2025-05-18 19:32:00,444
B002532,C07317,2025-03-17 15:55:00,657
B002533,C07326,2025-10-20 06:36:00,1382
B002534,C07327,2025-02-26 12:58:00,961
B002535,C07335,2025-02-08 18:44:00,1055
B002536,C07338,2025-02-09 07:31:00,498
B002537,C07341,2025-02-11 09:28:00,858
B002538,C07342,2025-11-01 13:45:00,1407
B002539,C07343,2025-10-21 10:25:00,787
B002540,C07354,2025-02-04 10:18:00,1395
B002541,C07357,2025-09-14 05:33:00,506
B002542,C07358,2025-04-11 19:03:00,1038
B002543,C07360,2026-01-08 20:44:00,447
B002544,C07365,2025-07-15 03:51:00,265
B002545,C07366,2025-05-23 22:39:00,1265
B002546,C07368,2025-03-24 19:18:00,933
B002547,C07376,2025-01-27 12:29:00,587
B002548,C07377,2025-09-04 15:22:00,1367
B002549,C07380,2025-09-13 13:50:00,568
B002550,C07389,2025-07-12 16:42:00,781
B002551,C07390,2025-02-12 00:50:00,1118
B002552,C07393,2025-02-24 02:41:00,227
B002553,C07394,2025-10-07 01:25:00,384
B002554,C07395,2025-12-08 06:12:00,488
B002555,C07396,2025-06-12 03:02:00,1418
B002556,C07404,2025-12-09 00:03:00,966
B002557,C07406,2025-12-31 06:34:00,119
B002558,C07407,2025-01-19 02:38:00,1150
B002559,C07419,2025-03-15 23:03:00,1396
B002560,C07422,2025-06-21 17:48:00,446
B002561,C07426,2025-10-25 07:52:00,640
B002562,C07427,2025-06-30 20:07:00,1496
B002563,C07428,2025-11-15 02:30:00,1227
B002564,C07429,2025-09-10 02:02:00,898
B002565,C07436,2025-04-01 08:23:00,315
B002566,C07440,2025-04-22 22:42:00,1332
B002567,C07441,2025-08-07 14:43:00,153
B002568,C07442,2025-09-16 22:03:00,1405
B002569,C07444,2025-01-24 04:50:00,847
B002570,C07448,2025-10-13 19:06:00,1285
B002571,C07449,2025-02-22 08:16:00,873
B002572,C07453,2025-05-31 22:09:00,317
B002573,C07454,2025-06-29 13:47:00,1038
B002574,C07455,2025-06-18 00:24:00,1120
B002575,C07458,2025-04-03 12:21:00,214
B002576,C07462,2025-10-23 19:23:00,411
B002577,C07465,2025-12-26 08:30:00,914
B002578,C07466,2025-02-25 11:09:00,1149
B002579,C07467,2025-06-12 04:34:00,144
B002580,C07472,2025-12-22 18:00:00,1047
B002581,C07475,2025-12-25 18:31:00,1157
B002582,C07477,2025-09-10 01:12:00,843
B002583,C07478,2025-11-13 03:58:00,979
B002584,C07480,2025-07-10 15:21:00,908
B002585,C07483,2025-08-27 00:39:00,1356
B002586,C07484,2025-07-02 03:33:00,1313
B002587,C07487,2025-08-09 16:40:00,533
B002588,C07492,2025-05-24 14:13:00,522
B002589,C07495,2025-11-23 06:40:00,461
B002590,C07496,2025-12-19 10:23:00,273
B002591,C07499,2025-11-27 08:51:00,521
B002592,C07505,2025-04-07 04:38:00,1109
B002593,C07516,2025-09-17 04:29:00,477
B002594,C07517,2025-02-19 01:30:00,367
B002595,C07518,2025-08-15 14:48:00,1154
B002596,C07522,2025-12-19 13:30:00,727
B002597,C07526,2025-09-14 05:38:00,125
B002598,C07529,2025-07-08 05:15:00,281
B002599,C07530,2025-03-19 19:12:00,1107
B002600,C07531,2025-10-20 00:00:00,608
B002601,C07533,2025-11-19 17:51:00,125
B002602,C07536,2025-08-20 23:15:00,503
B002603,C07538,2025-08-16 17:10:00,418
B002604,C07540,2025-02-28 13:09:00,139
B002605,C07541,2026-01-01 03:11:00,1002
B002606,C07542,2025-03-03 13:27:00,1389
B002607,C07547,2025-06-03 07:15:00,1243
B002608,C07548,2025-10-02 07:30:00,353
B002609,C07549,2025-10-11 08:43:00,1259
B002610,C07550,2025-12-01 19:41:00,574
B002611,C07553,2025-07-08 15:44:00,1494
B002612,C07558,2025-04-28 06:10:00,192
B002613,C07559,2025-01-30 04:48:00,170
B002614,C07564,2025-04-20 21:39:00,1332
B002615,C07567,2025-03-21 09:42:00,845
B002616,C07570,2025-05-22 14:50:00,514
B002617,C07572,2025-07-25 05:01:00,1224
B002618,C07575,2025-04-08 06:41:00,711
B002619,C07577,2025-04-01 14:41:00,1012
B002620,C07581,2025-01-28 07:05:00,1281
B002621,C07583,2025-11-30 22:58:00,255
B002622,C07585,2025-11-30 07:07:00,1107
B002623,C07586,2025-01-25 13:56:00,1381
B002624,C07589,2025-05-08 18:06:00,805
B002625,C07591,2025-06-14 09:44:00,1050
B002626,C07592,2025-04-11 23:11:00,1215
B002627,C07597,2025-11-01 16:10:00,1354
B002628,C07599,2025-03-08 02:58:00,913
B002629,C07607,2025-07-13 15:07:00,1428
B002630,C07609,2025-07-16 05:04:00,1165
B002631,C07611,2025-05-25 18:37:00,1169
B002632,C07612,2025-11-05 20:11:00,388
B002633,C07615,2025-09-25 07:59:00,853
B002634,C07616,2025-07-29 02:32:00,1156
B002635,C07618,2025-04-17 09:43:00,520
B002636,C07620,2025-12-07 17:18:00,590
B002637,C07624,2025-10-21 18:38:00,1368
B002638,C07631,2025-06-17 08:30:00,1382
B002639,C07632,2025-02-10 10:47:00,244
B002640,C07634,2025-08-07 06:03:00,215
B002641,C07635,2025-02-25 10:42:00,866
B002642,C07638,2025-03-17 22:40:00,603
B002643,C07639,2025-08-22 17:05:00,1107
B002644,C07644,2025-12-07 04:01:00,971
B002645,C07646,2025-09-02 23:57:00,494
B002646,C07648,2025-04-30 15:05:00,718
B002647,C07649,2025-09-06 22:12:00,1137
B002648,C07658,2025-05-09 21:33:00,394
B002649,C07659,2025-10-02 01:30:00,1490
B002650,C07662,2025-02-20 23:17:00,1108
B002651,C07664,2025-01-30 08:12:00,563
B002652,C07665,2025-05-07 15:43:00,419
B002653,C07666,2025-12-12 03:07:00,610
B002654,C07669,2025-07-05 14:26:00,1186
B002655,C07672,2025-03-16 00:45:00,1444
B002656,C07673,2025-02-09 08:27:00,678
B002657,C07680,2025-04-27 22:36:00,1298
B002658,C07682,2025-12-20 08:19:00,1312
B002659,C07687,2025-03-30 04:34:00,223
B002660,C07697,2025-01-27 11:47:00,318
B002661,C07698,2025-04-26 11:56:00,1225
B002662,C07700,2025-07-24 04:18:00,1038
B002663,C07701,2025-08-03 16:56:00,630
B002664,C07702,2025-06-05 09:31:00,991
B002665,C07703,2025-03-23 13:32:00,883
B002666,C07711,2025-10-29 15:22:00,1416
B002667,C07714,2025-08-10 11:40:00,971
B002668,C07715,2025-12-20 07:17:00,894
B002669,C07721,2025-09-21 10:36:00,1004
B002670,C07722,2025-09-17 00:24:00,278
B002671,C07724,2025-12-07 23:06:00,614
B002672,C07728,2025-09-15 21:02:00,630
B002673,C07729,2025-12-21 13:50:00,1240
B002674,C07740,2025-03-23 06:20:00,1445
B002675,C07743,2025-05-18 11:35:00,710
B002676,C07744,2025-08-29 14:16:00,1368
B002677,C07746,2025-04-10 16:01:00,285
B002678,C07747,2025-03-18 02:20:00,1046
B002679,C07748,2026-01-10 14:29:00,163
B002680,C07750,2025-10-01 00:33:00,165
B002681,C07751,2025-08-17 10:04:00,196
B002682,C07752,2025-05-30 19:41:00,568
B002683,C07753,2025-08-11 19:24:00,1478
B002684,C07756,2025-11-17 05:21:00,477
B002685,C07757,2025-03-02 11:18:00,886
B002686,C07762,2025-04-14 23:00:00,1164
B002687,C07766,2025-12-15 00:30:00,975
B002688,C07769,2025-03-28 12:51:00,964
B002689,C07770,2025-02-02 04:59:00,744
B002690,C07775,2025-02-24 17:39:00,1013
B002691,C07776,2025-11-08 06:14:00,244
B002692,C07777,2025-01-11 05:25:00,680
B002693,C07781,2025-02-15 14:34:00,474
B002694,C07787,2025-07-04 08:37:00,814
B002695,C07789,2025-05-03 13:36:00,247
B002696,C07791,2025-03-23 02:03:00,431
B002697,C07792,2025-09-21 23:19:00,612
B002698,C07795,2025-08-08 08:12:00,374
B002699,C07797,2025-02-01 20:50:00,1474
B002700,C07799,2025-12-28 21:33:00,575
B002701,C07802,2025-10-17 02:30:00,1216
B002702,C07803,2025-04-28 05:25:00,1234
B002703,C07804,2025-03-04 20:06:00,705
B002704,C07811,2025-11-26 18:02:00,369
B002705,C07813,2025-10-20 04:28:00,798
B002706,C07820,2025-11-27 10:21:00,1181
B002707,C07824,2025-01-18 14:35:00,773
B002708,C07830,2025-08-13 23:48:00,1188
B002709,C07831,2025-09-25 04:28:00,876
B002710,C07833,2025-08-01 06:50:00,617
B002711,C07835,2025-03-01 18:26:00,770
B002712,C07837,2025-03-30 05:22:00,1491
B002713,C07838,2025-06-16 00:38:00,113
B002714,C07842,2025-02-23 17:39:00,1182
B002715,C07843,2025-07-06 23:36:00,135
B002716,C07848,2025-08-04 01:25:00,886
B002717,C07857,2025-11-14 12:38:00,392
B002718,C07858,2025-02-05 20:41:00,521
B002719,C07860,2025-04-27 02:11:00,137
B002720,C07861,2025-01-29 03:16:00,1445
B002721,C07865,2025-08-07 16:02:00,1227
B002722,C07867,2025-06-17 12:02:00,361
B002723,C07869,2025-06-08 21:30:00,917
B002724,C07873,2025-04-24 17:54:00,1337
B002725,C07881,2025-10-09 03:03:00,174
B002726,C07884,2025-07-03 07:43:00,295
B002727,C07889,2025-07-11 01:14:00,422
B002728,C07893,2026-01-04 14:25:00,846
B002729,C07894,2025-09-15 04:04:00,722
B002730,C07896,2025-05-20 10:15:00,977
B002731,C07897,2025-04-17 15:38:00,626
B002732,C07900,2025-06-14 04:50:00,1365
B002733,C07905,2025-03-10 13:15:00,583
B002734,C07906,2025-06-27 03:49:00,624
B002735,C07914,2025-09-30 14:00:00,684
B002736,C07915,2025-11-12 17:15:00,1167
B002737,C07918,2025-11-10 09:53:00,1350
B002738,C07924,2025-06-09 19:33:00,479
B002739,C07925,2025-05-19 15:09:00,467
B002740,C07934,2025-10-09 23:40:00,609
B002741,C07935,2025-10-31 01:46:00,1185
B002742,C07937,2025-03-06 03:19:00,495
B002743,C07942,2025-12-24 07:18:00,483
B002744,C07943,2025-04-25 09:09:00,1380
B002745,C07945,2026-01-04 18:32:00,1406
B002746,C07948,2025-11-17 22:48:00,436
B002747,C07957,2025-10-22 21:25:00,575
B002748,C07961,2025-11-26 04:30:00,1087
B002749,C07963,2025-04-21 03:59:00,1459
B002750,C07969,2025-10-25 07:25:00,579
B002751,C07971,2025-06-15 14:54:00,1465
B002752,C07981,2025-03-25 13:08:00,476
B002753,C07984,2025-12-27 08:49:00,1319
B002754,C07987,2025-09-01 11:06:00,1417
B002755,C07988,2025-11-23 08:58:00,560
B002756,C07989,2025-05-11 13:56:00,1483
B002757,C07997,2026-01-16 06:11:00,591
B002758,C07998,2025-08-08 13:46:00,795
B002759,C07999,2025-12-27 23:09:00,878
B002760,C08002,2025-01-26 04:13:00,105
B002761,C08003,2025-08-13 09:44:00,631
B002762,C08004,2025-02-02 20:31:00,730
B002763,C08007,2025-12-25 23:23:00,280
B002764,C08009,2025-11-06 21:18:00,1234
B002765,C08010,2025-06-08 17:34:00,817
B002766,C08012,2025-10-03 09:49:00,422
B002767,C08015,2025-10-28 08:01:00,145
B002768,C08016,2025-06-28 15:38:00,189
B002769,C08018,2025-09-09 06:47:00,1404
B002770,C08019,2025-08-06 05:07:00,1339
B002771,C08021,2025-07-18 20:35:00,1172
B002772,C08025,2025-10-21 15:29:00,220
B002773,C08028,2025-03-18 17:53:00,869
B002774,C08029,2025-07-02 15:46:00,1157
B002775,C08030,2025-12-23 06:38:00,1268
B002776,C08033,2025-08-02 00:18:00,917
B002777,C08035,2025-06-14 15:43:00,1084
B002778,C08037,2025-12-29 02:41:00,1207
B002779,C08040,2025-03-30 15:01:00,1446
B002780,C08047,2025-01-20 21:22:00,1419
B002781,C08052,2026-01-09 15:54:00,990
B002782,C08053,2025-05-02 21:14:00,155
B002783,C08055,2025-10-05 13:23:00,1488
B002784,C08056,2025-07-28 07:16:00,1240
B002785,C08061,2025-04-29 16:47:00,529
B002786,C08066,2025-01-16 23:53:00,1176
B002787,C08067,2025-05-19 10:07:00,1006
B002788,C08068,2025-10-29 01:53:00,1245
B002789,C08071,2025-06-28 01:21:00,828
B002790,C08073,2025-01-11 14:58:00,591
B002791,C08074,2025-10-14 12:53:00,1099
B002792,C08076,2025-11-01 05:29:00,223
B002793,C08077,2025-08-23 16:18:00,1427
B002794,C08080,2025-08-12 17:25:00,264
B002795,C08084,2025-02-12 05:26:00,1150
B002796,C08089,2025-02-26 20:37:00,1399
B002797,C08094,2025-09-30 22:09:00,1202
B002798,C08104,2025-10-17 08:02:00,1380
B002799,C08105,2025-11-13 09:03:00,388
B002800,C08107,2025-05-01 03:52:00,290
B002801,C08108,2025-05-20 13:28:00,146
B002802,C08113,2025-12-22 20:00:00,482
B002803,C08114,2025-07-27 00:45:00,1364
B002804,C08115,2025-04-25 21:12:00,1206
B002805,C08118,2025-05-05 08:19:00,1494
B002806,C08122,2025-06-05 03:16:00,793
B002807,C08123,2025-09-27 13:17:00,917
B002808,C08125,2025-10-01 09:37:00,614
B002809,C08130,2025-09-28 23:21:00,1380
B002810,C08133,2025-10-13 13:45:00,1383
B002811,C08135,2025-05-07 18:40:00,302
B002812,C08136,2025-07-25 14:01:00,1347
B002813,C08137,2025-08-07 05:51:00,1259
B002814,C08143,2025-07-03 04:06:00,569
B002815,C08144,2025-02-14 19:20:00,1133
B002816,C08148,2025-09-04 14:20:00,1336
B002817,C08149,2025-10-15 10:24:00,308
B002818,C08152,2026-01-16 02:15:00,1203
B002819,C08153,2025-11-25 09:20:00,1114
B002820,C08155,2025-03-15 13:40:00,366
B002821,C08156,2025-08-18 15:56:00,1252
B002822,C08157,2026-01-18 08:42:00,660
B002823,C08160,2025-01-22 15:51:00,1435
B002824,C08163,2025-12-07 23:39:00,256
B002825,C08167,2025-11-26 18:19:00,1112
B002826,C08169,2025-01-05 01:08:00,767
B002827,C08170,2026-01-17 05:37:00,1272
B002828,C08171,2025-10-02 20:37:00,1482
B002829,C08172,2025-02-07 00:04:00,697
B002830,C08173,2025-03-17 13:45:00,332
B002831,C08178,2026-01-02 21:55:00,739
B002832,C08179,2025-07-13 06:22:00,646
B002833,C08181,2025-09-14 15:17:00,427
B002834,C08186,2025-02-20 02:40:00,1119
B002835,C08187,2025-04-30 13:51:00,285
B002836,C08188,2025-12-08 01:58:00,1351
B002837,C08189,2025-08-18 17:05:00,912
B002838,C08190,2025-08-20 07:04:00,693
B002839,C08198,2025-07-26 11:26:00,829
B002840,C08204,2025-09-24 19:47:00,602
B002841,C08205,2025-03-17 23:59:00,1468
B002842,C08213,2025-12-24 09:21:00,1066
B002843,C08214,2025-11-11 06:00:00,1386
B002844,C08216,2025-02-24 20:07:00,707
B002845,C08220,2025-07-06 10:11:00,1228
B002846,C08223,2025-02-27 23:00:00,832
B002847,C08225,2025-10-23 13:59:00,377
B002848,C08227,2025-12-08 13:56:00,1209
B002849,C08229,2025-03-31 07:11:00,443
B002850,C08230,2025-03-09 06:44:00,843
B002851,C08234,2025-03-08 13:59:00,805
B002852,C08235,2025-04-02 02:18:00,1258
B002853,C08242,2025-05-10 01:09:00,1486
B002854,C08246,2025-12-23 14:13:00,166
B002855,C08249,2025-05-02 17:17:00,1378
B002856,C08252,2025-11-15 03:33:00,718
B002857,C08253,2025-11-01 17:43:00,122
B002858,C08254,2025-04-11 06:26:00,947
B002859,C08257,2025-11-22 22:58:00,797
B002860,C08259,2025-02-04 01:24:00,977
B002861,C08262,2025-10-03 07:09:00,1105
B002862,C08263,2025-01-09 16:40:00,238
B002863,C08266,2025-06-13 02:35:00,1453
B002864,C08270,2025-05-24 18:15:00,604
B002865,C08271,2025-12-10 17:36:00,658
B002866,C08278,2025-05-31 10:16:00,664
B002867,C08279,2025-12-17 15:20:00,280
B002868,C08280,2025-01-24 02:48:00,496
B002869,C08284,2025-09-10 17:13:00,1223
B002870,C08286,2025-06-16 04:21:00,250
B002871,C08289,2025-02-09 03:18:00,100
B002872,C08292,2025-02-14 11:04:00,1229
B002873,C08295,2025-04-25 20:08:00,635
B002874,C08296,2025-11-13 15:51:00,729
B002875,C08297,2025-11-05 06:34:00,1379
B002876,C08302,2025-05-14 10:54:00,592
B002877,C08304,2025-03-24 23:24:00,1456
B002878,C08309,2025-10-08 09:32:00,634
B002879,C08311,2025-05-30 07:50:00,954
B002880,C08313,2025-10-30 01:01:00,1335
B002881,C08315,2025-10-24 18:02:00,815
B002882,C08323,2025-03-21 11:20:00,749
B002883,C08324,2025-08-17 19:25:00,1072
B002884,C08331,2025-02-14 03:44:00,163
B002885,C08332,2025-12-15 12:29:00,148
B002886,C08335,2025-12-18 06:48:00,1367
B002887,C08337,2025-09-29 11:43:00,1420
B002888,C08339,2026-01-05 14:28:00,227
B002889,C08343,2025-02-20 13:23:00,847
B002890,C08349,2025-09-11 08:26:00,242
B002891,C08353,2025-07-14 16:26:00,329
B002892,C08355,2025-09-19 03:34:00,381
B002893,C08357,2025-07-23 23:07:00,496
B002894,C08358,2025-07-02 00:02:00,1107
B002895,C08360,2025-08-12 00:07:00,847
B002896,C08363,2025-07-04 20:36:00,1010
B002897,C08366,2025-03-17 17:52:00,1093
B002898,C08367,2025-02-28 05:08:00,876
B002899,C08371,2025-07-23 23:56:00,1186
B002900,C08374,2025-11-06 17:21:00,216
B002901,C08377,2025-10-10 11:58:00,367
B002902,C08379,2025-07-17 02:15:00,1353
B002903,C08380,2025-04-26 12:53:00,390
B002904,C08385,2025-06-09 16:14:00,316
B002905,C08386,2025-04-11 13:42:00,1329
B002906,C08387,2025-03-16 09:11:00,713
B002907,C08389,2025-08-07 20:30:00,1108
B002908,C08390,2025-06-21 12:37:00,1478
B002909,C08391,2025-02-20 10:40:00,899
B002910,C08393,2025-07-20 00:37:00,959
B002911,C08397,2025-09-23 12:55:00,1462
B002912,C08399,2025-05-31 21:51:00,653
B002913,C08400,2025-06-24 03:16:00,975
B002914,C08401,2025-03-17 03:25:00,138
B002915,C08406,2025-02-27 01:07:00,930
B002916,C08407,2025-05-14 02:19:00,404
B002917,C08412,2025-11-26 12:12:00,392
B002918,C08414,2025-02-07 22:45:00,265
B002919,C08416,2025-06-20 10:19:00,751
B002920,C08420,2025-02-08 07:56:00,1259
B002921,C08422,2025-11-13 04:05:00,100
B002922,C08423,2025-09-18 06:07:00,107
B002923,C08425,2025-05-14 03:58:00,330
B002924,C08427,2025-07-22 18:52:00,403
B002925,C08429,2025-07-20 16:42:00,101
B002926,C08430,2025-06-03 00:14:00,1359
B002927,C08431,2025-08-26 18:24:00,580
B002928,C08432,2025-11-14 03:04:00,1260
B002929,C08434,2025-09-06 20:51:00,925
B002930,C08435,2025-07-14 19:04:00,433
B002931,C08436,2025-11-29 16:19:00,1257
B002932,C08437,2025-01-22 12:10:00,1031
B002933,C08447,2025-06-02 23:49:00,548
B002934,C08449,2025-08-25 00:35:00,187
B002935,C08465,2025-12-17 10:03:00,210
B002936,C08468,2025-12-24 19:08:00,382
B002937,C08471,2025-10-04 19:59:00,594
B002938,C08472,2025-10-29 01:45:00,924
B002939,C08477,2025-05-12 07:51:00,422
B002940,C08480,2025-12-14 22:40:00,1296
B002941,C08482,2025-01-31 18:58:00,729
B002942,C08483,2025-10-14 20:31:00,1072
B002943,C08487,2025-11-10 05:46:00,1454
B002944,C08496,2025-12-17 03:23:00,1371
B002945,C08497,2025-05-10 11:38:00,267
B002946,C08499,2025-04-16 09:06:00,361
B002947,C08504,2025-03-29 09:13:00,224
B002948,C08505,2025-10-23 05:57:00,1130
B002949,C08507,2025-01-21 21:35:00,192
B002950,C08511,2025-10-14 20:24:00,1399
B002951,C08515,2025-08-17 16:06:00,439
B002952,C08524,2025-06-28 07:32:00,320
B002953,C08526,2025-02-13 19:40:00,804
B002954,C08533,2025-07-18 00:23:00,152
B002955,C08541,2025-04-08 20:35:00,452
B002956,C08544,2025-09-06 03:17:00,312
B002957,C08545,2025-01-25 22:39:00,1337
B002958,C08548,2025-10-02 06:04:00,1023
B002959,C08551,2025-01-13 02:54:00,627
B002960,C08562,2025-09-29 23:12:00,972
B002961,C08563,2025-07-12 19:06:00,602
B002962,C08564,2025-10-21 22:44:00,281
B002963,C08566,2025-08-25 16:23:00,1111
B002964,C08571,2025-06-22 11:31:00,1117
B002965,C08572,2025-10-19 12:56:00,773
B002966,C08576,2025-10-26 09:50:00,879
B002967,C08577,2025-10-02 12:33:00,1462
B002968,C08578,2025-06-15 22:22:00,702
B002969,C08582,2025-02-25 10:44:00,114
B002970,C08583,2025-11-01 18:27:00,416
B002971,C08586,2025-07-04 02:23:00,325
B002972,C08587,2025-09-11 10:25:00,425
B002973,C08588,2025-04-01 19:50:00,730
B002974,C08589,2025-07-04 23:47:00,311
B002975,C08590,2025-08-10 00:41:00,693
B002976,C08591,2025-07-19 13:26:00,1073
B002977,C08593,2025-11-30 03:02:00,159
B002978,C08595,2025-12-29 08:09:00,1123
B002979,C08596,2026-01-02 10:53:00,173
B002980,C08598,2025-01-16 05:15:00,1473
B002981,C08604,2025-06-24 02:23:00,560
B002982,C08612,2025-10-16 01:20:00,279
B002983,C08613,2025-07-28 23:45:00,463
B002984,C08614,2025-03-12 13:34:00,1093
B002985,C08616,2025-03-28 14:52:00,1258
B002986,C08625,2025-04-06 21:00:00,1172
B002987,C08627,2025-07-14 03:08:00,1005
B002988,C08632,2025-05-24 10:57:00,407
B002989,C08635,2025-04-12 11:51:00,1142
B002990,C08636,2025-09-06 04:37:00,143
B002991,C08639,2026-01-05 16:49:00,400
B002992,C08645,2025-04-13 10:39:00,1366
B002993,C08651,2025-08-29 04:02:00,1135
B002994,C08654,2025-06-26 23:08:00,423
B002995,C08661,2025-02-01 08:29:00,1246
B002996,C08662,2025-05-26 21:32:00,549
B002997,C08663,2025-04-25 22:22:00,389
B002998,C08666,2025-04-20 06:38:00,883
B002999,C08668,2025-11-10 16:36:00,164
B003000,C08669,2025-12-19 17:41:00,977
B003001,C08675,2025-10-04 22:57:00,711
B003002,C08676,2025-02-22 00:33:00,802
B003003,C08678,2025-07-28 13:32:00,530
B003004,C08681,2025-08-08 08:55:00,1336
B003005,C08682,2025-02-19 20:27:00,789
B003006,C08685,2025-12-20 05:33:00,996
B003007,C08686,2025-07-20 13:51:00,335
B003008,C08687,2025-07-08 03:33:00,698
B003009,C08688,2025-06-11 16:24:00,1389
B003010,C08691,2025-01-28 06:14:00,977
B003011,C08698,2025-02-23 23:24:00,172
B003012,C08702,2025-02-12 08:05:00,858
B003013,C08705,2025-12-11 08:07:00,528
B003014,C08707,2025-10-28 15:20:00,906
B003015,C08709,2025-10-11 05:21:00,193
B003016,C08712,2025-11-22 11:35:00,1270
B003017,C08713,2025-02-01 17:17:00,1171
B003018,C08714,2025-02-21 07:04:00,295
B003019,C08715,2025-07-20 04:56:00,965
B003020,C08718,2025-07-04 01:51:00,1182
B003021,C08721,2025-02-16 01:44:00,1085
B003022,C08724,2025-11-25 13:55:00,517
B003023,C08726,2025-11-25 19:29:00,433
B003024,C08732,2025-11-23 17:14:00,1275
B003025,C08733,2025-10-10 00:30:00,409
B003026,C08739,2025-09-18 16:57:00,848
B003027,C08740,2026-01-05 21:55:00,1160
B003028,C08742,2025-10-30 21:20:00,857
B003029,C08744,2025-09-28 12:15:00,849
B003030,C08745,2025-06-11 21:25:00,517
B003031,C08747,2025-12-07 09:56:00,442
B003032,C08748,2025-03-03 13:52:00,533
B003033,C08752,2025-10-11 19:15:00,630
B003034,C08754,2025-04-17 23:32:00,1185
B003035,C08757,2025-03-15 22:41:00,1105
B003036,C08759,2025-11-17 20:00:00,454
B003037,C08763,2025-01-22 05:45:00,1056
B003038,C08767,2025-05-11 07:14:00,1158
B003039,C08768,2025-03-02 15:48:00,1319
B003040,C08771,2025-07-13 06:03:00,1423
B003041,C08772,2025-03-15 05:12:00,345
B003042,C08774,2025-01-14 00:38:00,1363
B003043,C08778,2025-11-30 14:31:00,236
B003044,C08783,2025-02-23 16:24:00,209
B003045,C08785,2025-10-23 22:16:00,268
B003046,C08787,2025-01-07 15:31:00,795
B003047,C08790,2025-01-20 13:55:00,1215
B003048,C08793,2025-03-25 08:58:00,1248
B003049,C08797,2025-09-03 01:52:00,1425
B003050,C08799,2025-02-07 08:24:00,1291
B003051,C08810,2025-01-22 10:56:00,483
B003052,C08811,2025-04-09 07:55:00,1411
B003053,C08812,2025-04-18 17:15:00,952
B003054,C08817,2025-10-05 14:29:00,327
B003055,C08823,2025-12-02 02:31:00,444
B003056,C08824,2025-07-13 08:00:00,778
B003057,C08826,2025-03-05 01:41:00,379
B003058,C08827,2025-05-12 17:21:00,775
B003059,C08829,2025-07-17 02:57:00,1447
B003060,C08830,2025-03-01 07:50:00,667
B003061,C08831,2025-02-10 15:36:00,1080
B003062,C08833,2025-10-11 00:34:00,930
B003063,C08835,2025-11-07 22:21:00,1112
B003064,C08836,2026-01-04 15:21:00,409
B003065,C08837,2025-07-23 21:17:00,733
B003066,C08838,2025-05-13 09:38:00,253
B003067,C08839,2025-03-02 03:56:00,989
B003068,C08840,2025-12-24 00:47:00,914
B003069,C08844,2025-04-07 15:39:00,801
B003070,C08847,2025-10-25 17:40:00,1493
B003071,C08849,2025-11-22 16:46:00,671
B003072,C08851,2025-07-21 23:48:00,885
B003073,C08852,2025-12-04 02:30:00,660
B003074,C08854,2025-12-09 14:40:00,252
B003075,C08855,2025-06-09 17:44:00,620
B003076,C08856,2025-10-26 14:50:00,1324
B003077,C08857,2025-09-15 19:42:00,1181
B003078,C08858,2025-06-03 23:44:00,1401
B003079,C08861,2025-03-06 17:16:00,1473
B003080,C08863,2025-12-29 11:08:00,1021
B003081,C08865,2025-01-22 23:35:00,135
B003082,C08866,2026-01-05 02:17:00,160
B003083,C08867,2025-12-01 01:39:00,372
B003084,C08868,2025-11-05 20:33:00,104
B003085,C08871,2025-10-03 16:25:00,531
B003086,C08875,2025-07-30 23:39:00,497
B003087,C08877,2025-10-10 14:02:00,1452
B003088,C08879,2025-11-22 22:30:00,481
B003089,C08884,2025-08-21 22:36:00,1367
B003090,C08885,2025-01-22 23:25:00,779
B003091,C08893,2025-09-16 12:56:00,637
B003092,C08895,2026-01-13 01:10:00,946
B003093,C08898,2025-07-15 16:24:00,595
B003094,C08900,2025-06-27 13:06:00,939
B003095,C08901,2025-10-24 16:58:00,519
B003096,C08904,2025-10-14 10:30:00,543
B003097,C08906,2025-11-28 15:35:00,977
B003098,C08907,2025-12-21 03:13:00,1441
B003099,C08910,2025-02-01 13:41:00,618
B003100,C08915,2025-08-07 08:58:00,823
B003101,C08919,2025-03-17 10:36:00,1089
B003102,C08927,2025-04-20 08:30:00,782
B003103,C08939,2025-04-03 09:05:00,326
B003104,C08942,2025-02-18 03:52:00,1387
B003105,C08945,2025-11-15 16:19:00,408
B003106,C08946,2025-06-14 05:54:00,1207
B003107,C08950,2025-02-25 04:21:00,549
B003108,C08952,2025-05-24 00:32:00,484
B003109,C08955,2025-02-02 08:14:00,1327
B003110,C08956,2025-02-07 04:01:00,453
B003111,C08959,2025-02-21 12:48:00,421
B003112,C08963,2025-05-24 13:03:00,1214
B003113,C08968,2025-08-17 03:00:00,216
B003114,C08971,2025-09-12 14:38:00,1113
B003115,C08973,2025-04-24 02:29:00,149
B003116,C08974,2025-10-12 22:07:00,1408
B003117,C08975,2025-06-16 20:02:00,978
B003118,C08982,2025-07-03 09:14:00,144
B003119,C08983,2025-04-12 12:17:00,1189
B003120,C08985,2026-01-18 06:20:00,1090
B003121,C08987,2025-11-03 16:43:00,925
B003122,C08988,2025-05-11 09:06:00,201
B003123,C08990,2025-12-06 16:57:00,1113
B003124,C08991,2025-01-29 18:26:00,1407
B003125,C08992,2025-03-15 22:16:00,366
B003126,C08996,2026-01-04 12:48:00,106
B003127,C08997,2025-11-14 19:29:00,799
B003128,C08998,2025-08-23 11:37:00,515
B003129,C09000,2025-11-20 13:30:00,1037
B003130,C09003,2025-12-01 18:48:00,887
B003131,C09019,2025-02-16 11:29:00,213
B003132,C09020,2025-08-22 07:36:00,812
B003133,C09025,2025-12-21 16:20:00,462
B003134,C09026,2025-10-08 14:38:00,411
B003135,C09032,2025-09-19 04:54:00,1273
B003136,C09033,2025-09-07 12:06:00,305
B003137,C09035,2025-12-10 04:21:00,405
B003138,C09040,2025-11-18 18:05:00,615
B003139,C09045,2025-02-09 12:12:00,403
B003140,C09049,2025-07-26 12:11:00,442
B003141,C09052,2025-07-29 06:58:00,722
B003142,C09058,2025-11-23 11:11:00,907
B003143,C09060,2026-01-03 01:45:00,582
B003144,C09066,2025-03-29 02:31:00,1033
B003145,C09070,2025-08-01 02:30:00,142
B003146,C09071,2025-01-14 03:27:00,291
B003147,C09075,2025-09-15 19:18:00,259
B003148,C09076,2025-08-02 20:37:00,279
B003149,C09080,2025-01-13 19:27:00,1083
B003150,C09081,2025-08-12 16:57:00,1105
B003151,C09084,2025-11-17 23:55:00,356
B003152,C09085,2025-05-15 11:57:00,921
B003153,C09097,2025-02-11 16:13:00,1176
B003154,C09099,2025-02-02 16:00:00,1454
B003155,C09101,2025-07-29 23:06:00,180
B003156,C09107,2025-09-11 03:10:00,1335
B003157,C09108,2026-01-15 04:13:00,694
B003158,C09109,2025-02-21 22:45:00,747
B003159,C09110,2025-12-26 03:25:00,1281
B003160,C09113,2025-01-11 20:35:00,1092
B003161,C09114,2025-04-25 11:33:00,1331
B003162,C09122,2025-06-07 01:52:00,160
B003163,C09123,2025-11-12 12:29:00,265
B003164,C09125,2025-06-04 11:03:00,1447
B003165,C09127,2025-12-17 05:43:00,947
B003166,C09128,2025-12-26 09:23:00,279
B003167,C09130,2025-10-17 20:55:00,161
B003168,C09136,2025-07-14 06:21:00,1056
B003169,C09138,2025-01-23 00:39:00,621
B003170,C09139,2025-07-09 06:24:00,522
B003171,C09141,2025-08-15 06:41:00,813
B003172,C09143,2025-07-10 21:42:00,947
B003173,C09144,2025-06-26 06:11:00,869
B003174,C09148,2025-03-17 13:41:00,1072
B003175,C09149,2025-12-15 00:22:00,1426
B003176,C09152,2025-07-14 21:54:00,253
B003177,C09153,2025-12-10 06:13:00,1034
B003178,C09158,2025-11-21 11:07:00,416
B003179,C09163,2025-12-14 18:46:00,187
B003180,C09167,2025-01-14 14:39:00,338
B003181,C09173,2025-11-23 16:29:00,1120
B003182,C09174,2025-08-15 08:46:00,625
B003183,C09175,2025-04-14 09:18:00,885
B003184,C09179,2025-06-03 21:08:00,209
B003185,C09183,2025-12-24 01:33:00,390
B003186,C09187,2025-02-03 23:17:00,184
B003187,C09188,2025-01-27 05:48:00,1380
B003188,C09189,2025-05-28 03:50:00,1390
B003189,C09196,2025-04-25 14:22:00,903
B003190,C09202,2025-10-02 17:26:00,325
B003191,C09205,2025-10-26 01:31:00,1019
B003192,C09210,2025-08-14 20:10:00,1351
B003193,C09211,2025-03-20 14:02:00,532
B003194,C09213,2025-11-12 06:29:00,973
B003195,C09215,2025-05-23 15:54:00,766
B003196,C09216,2025-04-28 09:31:00,1053
B003197,C09217,2025-09-20 03:34:00,1125
B003198,C09222,2025-11-02 07:39:00,629
B003199,C09224,2025-11-07 02:20:00,1164
B003200,C09225,2025-07-20 22:39:00,410
B003201,C09229,2025-03-04 10:33:00,284
B003202,C09230,2025-06-15 01:33:00,229
B003203,C09234,2025-11-23 09:44:00,1249
B003204,C09237,2025-06-06 14:51:00,644
B003205,C09238,2025-01-22 11:33:00,896
B003206,C09239,2026-01-01 06:46:00,516
B003207,C09240,2025-07-30 16:04:00,299
B003208,C09241,2025-07-08 04:52:00,306
B003209,C09243,2025-02-02 19:02:00,1153
B003210,C09246,2025-11-04 08:15:00,525
B003211,C09253,2025-05-23 03:34:00,1395
B003212,C09258,2025-06-08 20:57:00,963
B003213,C09260,2025-08-27 01:04:00,1163
B003214,C09261,2025-11-29 21:56:00,1370
B003215,C09264,2025-12-01 20:50:00,813
B003216,C09267,2025-01-26 15:20:00,1099
B003217,C09270,2025-07-07 20:20:00,1326
B003218,C09272,2025-12-11 10:26:00,501
B003219,C09279,2025-08-29 14:05:00,954
B003220,C09281,2025-04-26 22:57:00,1013
B003221,C09283,2025-11-08 19:06:00,1225
B003222,C09284,2025-04-27 06:10:00,726
B003223,C09286,2025-12-20 10:34:00,1500
B003224,C09288,2025-04-10 15:30:00,1463
B003225,C09289,2025-10-17 02:40:00,930
B003226,C09294,2025-12-12 16:46:00,936
B003227,C09296,2025-10-20 13:59:00,1484
B003228,C09297,2025-07-14 18:06:00,1499
B003229,C09302,2025-11-13 10:02:00,133
B003230,C09304,2025-02-05 22:59:00,1096
B003231,C09305,2025-05-23 02:56:00,368
B003232,C09307,2025-08-06 23:21:00,1465
B003233,C09308,2025-02-18 06:52:00,666
B003234,C09309,2025-11-27 11:03:00,392
B003235,C09310,2025-02-16 05:56:00,616
B003236,C09311,2025-06-07 22:14:00,686
B003237,C09316,2025-08-02 18:00:00,205
B003238,C09319,2025-08-31 20:25:00,417
B003239,C09321,2025-10-29 08:56:00,602
B003240,C09322,2025-07-17 02:27:00,805
B003241,C09324,2025-04-30 13:10:00,1327
B003242,C09326,2025-12-09 11:53:00,422
B003243,C09328,2025-12-24 06:02:00,852
B003244,C09333,2025-09-26 10:17:00,982
B003245,C09342,2025-08-21 03:44:00,1330
B003246,C09345,2025-01-31 13:04:00,428
B003247,C09346,2025-10-23 20:31:00,1262
B003248,C09347,2025-11-20 14:23:00,752
B003249,C09349,2025-08-27 05:41:00,1264
B003250,C09352,2025-12-09 23:14:00,1408
B003251,C09357,2025-10-11 10:42:00,1147
B003252,C09359,2025-04-18 07:11:00,783
B003253,C09362,2025-12-22 23:30:00,131
B003254,C09364,2025-09-14 05:55:00,539
B003255,C09365,2025-02-20 12:27:00,537
B003256,C09368,2025-02-05 21:30:00,1265
B003257,C09371,2025-12-12 18:16:00,156
B003258,C09373,2025-02-03 19:21:00,230
B003259,C09376,2025-12-22 05:23:00,1052
B003260,C09379,2025-10-25 15:48:00,1274
B003261,C09382,2025-02-23 04:09:00,592
B003262,C09385,2025-07-03 04:05:00,1090
B003263,C09386,2025-03-01 19:45:00,649
B003264,C09391,2025-10-12 02:14:00,1067
B003265,C09392,2025-03-24 12:42:00,837
B003266,C09394,2025-10-12 23:09:00,172
B003267,C09399,2025-05-14 14:41:00,933
B003268,C09401,2025-04-15 16:39:00,461
B003269,C09409,2025-10-01 20:53:00,933
B003270,C09416,2025-12-23 12:01:00,106
B003271,C09418,2025-08-08 01:17:00,1140
B003272,C09421,2025-10-29 14:21:00,220
B003273,C09422,2025-05-04 05:34:00,549
B003274,C09431,2025-07-06 01:46:00,314
B003275,C09433,2025-01-23 08:03:00,1047
B003276,C09445,2025-11-27 00:16:00,1157
B003277,C09447,2025-07-20 01:25:00,630
B003278,C09449,2025-06-02 20:11:00,1111
B003279,C09450,2025-09-02 16:32:00,482
B003280,C09451,2025-02-16 22:38:00,738
B003281,C09452,2025-02-28 09:21:00,1067
B003282,C09454,2025-06-23 19:13:00,1464
B003283,C09455,2025-10-25 21:53:00,463
B003284,C09462,2026-01-12 22:38:00,1406
B003285,C09464,2025-02-06 04:37:00,1375
B003286,C09465,2025-03-10 19:05:00,1365
B003287,C09466,2025-10-13 15:49:00,1423
B003288,C09467,2025-06-02 16:52:00,805
B003289,C09468,2025-10-13 05:38:00,389
B003290,C09470,2025-01-22 15:06:00,1313
B003291,C09472,2025-12-16 06:39:00,686
B003292,C09474,2025-09-05 11:18:00,1166
B003293,C09481,2025-07-23 23:10:00,782
B003294,C09484,2025-10-01 14:02:00,161
B003295,C09489,2025-09-28 13:20:00,896
B003296,C09491,2025-06-03 08:45:00,1151
B003297,C09492,2025-11-30 10:05:00,1144
B003298,C09494,2025-10-18 17:38:00,118
B003299,C09497,2025-01-29 11:05:00,980
B003300,C09499,2025-08-22 05:53:00,423
B003301,C09504,2025-03-30 02:59:00,974
B003302,C09505,2025-05-07 11:12:00,1172
B003303,C09507,2025-08-01 09:10:00,1492
B003304,C09511,2025-01-28 00:36:00,800
B003305,C09515,2026-01-08 06:16:00,823
B003306,C09517,2025-11-22 12:25:00,1250
B003307,C09518,2025-03-18 23:00:00,1030
B003308,C09519,2025-05-10 18:32:00,887
B003309,C09527,2026-01-01 01:00:00,710
B003310,C09528,2025-11-02 14:34:00,845
B003311,C09530,2025-05-31 05:47:00,1127
B003312,C09531,2025-04-04 23:33:00,755
B003313,C09532,2025-02-09 17:06:00,120
B003314,C09533,2025-11-05 12:06:00,448
B003315,C09536,2025-11-12 13:48:00,1442
B003316,C09539,2025-01-11 14:28:00,1435
B003317,C09541,2025-05-19 20:14:00,188
B003318,C09543,2025-06-01 13:01:00,890
B003319,C09546,2025-01-15 16:51:00,291
B003320,C09547,2025-01-18 08:51:00,392
B003321,C09553,2025-08-07 14:28:00,1286
B003322,C09555,2025-11-01 05:22:00,311
B003323,C09557,2025-10-22 05:01:00,945
B003324,C09561,2025-08-10 18:51:00,1237
B003325,C09562,2025-05-12 05:37:00,288
B003326,C09567,2025-09-04 01:02:00,240
B003327,C09568,2025-09-07 17:44:00,720
B003328,C09569,2025-05-07 03:52:00,1089
B003329,C09572,2025-10-25 17:53:00,1020
B003330,C09576,2025-12-30 10:10:00,321
B003331,C09577,2025-05-27 16:43:00,124
B003332,C09579,2026-01-02 15:57:00,129
B003333,C09582,2026-01-01 03:26:00,548
B003334,C09586,2025-10-03 04:55:00,337
B003335,C09589,2025-12-31 14:33:00,952
B003336,C09591,2025-11-09 04:21:00,228
B003337,C09596,2025-04-11 23:52:00,569
B003338,C09597,2025-02-21 05:34:00,218
B003339,C09599,2025-10-22 11:18:00,1004
B003340,C09601,2025-05-29 01:28:00,890
B003341,C09607,2025-10-13 04:27:00,578
B003342,C09610,2025-09-07 18:45:00,390
B003343,C09611,2025-05-20 09:08:00,850
B003344,C09620,2025-04-19 15:51:00,1283
B003345,C09621,2025-10-10 02:16:00,792
B003346,C09622,2025-08-28 19:17:00,1095
B003347,C09623,2025-07-24 11:37:00,961
B003348,C09624,2025-11-06 02:22:00,1269
B003349,C09625,2025-04-10 18:39:00,1246
B003350,C09628,2025-04-13 06:27:00,360
B003351,C09631,2025-08-26 11:42:00,860
B003352,C09632,2025-08-11 23:03:00,429
B003353,C09639,2025-12-07 16:08:00,947
B003354,C09640,2025-08-26 11:06:00,1345
B003355,C09642,2025-10-25 05:21:00,642
B003356,C09652,2025-09-10 12:48:00,860
B003357,C09663,2025-12-08 00:48:00,1341
B003358,C09668,2025-06-30 01:56:00,525
B003359,C09669,2025-05-11 15:11:00,741
B003360,C09671,2025-03-24 13:01:00,1036
B003361,C09674,2025-08-05 04:09:00,357
B003362,C09675,2025-08-21 04:07:00,1435
B003363,C09676,2026-01-02 14:55:00,1147
B003364,C09677,2025-02-08 05:12:00,1449
B003365,C09682,2025-06-20 15:41:00,277
B003366,C09683,2025-04-02 19:06:00,906
B003367,C09686,2025-05-23 20:16:00,875
B003368,C09691,2025-07-14 22:28:00,1435
B003369,C09692,2025-07-13 11:04:00,788
B003370,C09693,2025-05-27 19:14:00,396
B003371,C09694,2025-01-17 01:12:00,283
B003372,C09695,2025-11-01 02:45:00,755
B003373,C09697,2025-09-20 13:29:00,1486
B003374,C09698,2025-10-26 20:13:00,247
B003375,C09700,2025-08-01 02:12:00,923
B003376,C09701,2025-05-21 00:29:00,906
B003377,C09702,2025-12-01 16:14:00,1149
B003378,C09704,2025-04-12 02:34:00,818
B003379,C09706,2025-04-23 13:01:00,1274
B003380,C09707,2025-02-06 20:47:00,1361
B003381,C09711,2026-01-07 03:38:00,528
B003382,C09714,2025-11-05 02:11:00,424
B003383,C09719,2025-12-31 03:02:00,293
B003384,C09721,2025-05-18 00:08:00,811
B003385,C09723,2025-03-17 04:02:00,330
B003386,C09724,2025-05-14 21:40:00,719
B003387,C09725,2025-11-13 20:17:00,253
B003388,C09726,2025-05-06 20:10:00,1224
B003389,C09727,2025-08-24 21:16:00,1285
B003390,C09728,2025-04-07 00:10:00,125
B003391,C09731,2025-06-24 17:43:00,609
B003392,C09740,2025-05-17 22:35:00,882
B003393,C09741,2025-09-28 19:55:00,1018
B003394,C09744,2025-03-03 04:52:00,1236
B003395,C09746,2025-11-21 02:25:00,299
B003396,C09747,2025-07-04 09:31:00,1085
B003397,C09749,2025-05-02 09:57:00,554
B003398,C09751,2025-01-22 08:10:00,981
B003399,C09756,2025-06-16 21:12:00,1123
B003400,C09757,2025-05-11 18:04:00,337
B003401,C09758,2025-09-14 01:45:00,1005
B003402,C09759,2025-01-30 22:54:00,315
B003403,C09767,2025-09-13 12:52:00,1162
B003404,C09768,2025-12-30 03:35:00,390
B003405,C09769,2026-01-05 09:15:00,1192
B003406,C09775,2025-06-15 07:31:00,789
B003407,C09776,2025-07-15 15:20:00,716
B003408,C09778,2025-04-11 18:47:00,274
B003409,C09782,2025-06-24 18:03:00,423
B003410,C09784,2025-12-15 18:05:00,1326
B003411,C09786,2025-03-12 14:58:00,970
B003412,C09787,2025-10-13 15:38:00,1186
B003413,C09793,2025-07-17 01:57:00,1144
B003414,C09794,2025-12-07 18:08:00,885
B003415,C09799,2025-12-02 18:23:00,430
B003416,C09800,2025-09-11 00:25:00,1365
B003417,C09808,2025-12-17 10:28:00,305
B003418,C09809,2025-05-13 19:32:00,506
B003419,C09815,2025-10-13 11:23:00,963
B003420,C09816,2025-02-13 10:10:00,526
B003421,C09818,2025-02-01 05:07:00,1270
B003422,C09825,2025-10-08 14:11:00,201
B003423,C09829,2025-10-24 07:29:00,599
B003424,C09834,2025-06-15 20:27:00,446
B003425,C09841,2025-10-07 18:35:00,513
B003426,C09842,2025-04-09 12:04:00,226
B003427,C09843,2025-06-25 03:00:00,486
B003428,C09846,2025-06-06 09:54:00,1331
B003429,C09853,2025-08-19 13:26:00,453
B003430,C09856,2025-11-20 06:05:00,339
B003431,C09858,2025-03-11 03:03:00,1460
B003432,C09860,2025-05-07 00:05:00,723
B003433,C09861,2025-04-24 10:48:00,1073
B003434,C09864,2025-09-11 20:51:00,111
B003435,C09869,2025-06-24 13:40:00,336
B003436,C09870,2025-11-08 23:57:00,395
B003437,C09875,2025-09-10 08:40:00,125
B003438,C09877,2025-07-08 02:57:00,274
B003439,C09880,2025-12-20 06:21:00,1307
B003440,C09887,2025-08-20 17:23:00,321
B003441,C09888,2025-04-05 12:26:00,1022
B003442,C09889,2025-06-03 23:14:00,1098
B003443,C09893,2025-05-05 03:10:00,783
B003444,C09902,2025-10-31 19:32:00,1343
B003445,C09905,2025-08-23 20:25:00,1377
B003446,C09912,2025-05-31 09:55:00,1396
B003447,C09913,2025-09-09 10:33:00,1038
B003448,C09915,2025-07-09 09:39:00,1225
B003449,C09919,2025-02-03 01:27:00,931
B003450,C09921,2025-07-27 00:05:00,923
B003451,C09932,2025-04-02 03:45:00,1278
B003452,C09938,2025-06-25 08:24:00,340
B003453,C09941,2025-06-10 22:42:00,896
B003454,C09943,2025-11-30 07:49:00,1426
B003455,C09944,2025-08-11 22:10:00,467
B003456,C09951,2025-12-19 07:41:00,444
B003457,C09952,2025-07-18 14:29:00,965
B003458,C09954,2025-01-29 19:54:00,778
B003459,C09955,2025-07-18 06:33:00,1133
B003460,C09966,2025-04-14 00:26:00,105
B003461,C09977,2025-01-31 06:51:00,520
B003462,C09978,2025-02-27 04:09:00,616
B003463,C09982,2025-08-14 18:12:00,1378
B003464,C09988,2025-09-15 19:37:00,572
B003465,C09994,2025-12-03 00:47:00,1342
B003466,C09995,2025-04-22 22:09:00,1015
B003467,C09996,2025-10-12 19:58:00,571
B003468,C09997,2025-02-01 10:31:00,268
B003469,C10000,2025-05-07 15:24:00,944
