touchpoint_id,customer_id,timestamp,campaign_id,channel_id
T000001,C00001,2025-03-04 00:00:00,CMP005,CH03
T000002,C00001,2025-03-11 03:38:00,CMP004,CH02
T000003,C00002,2025-02-13 00:00:00,CMP001,CH01
T000004,C00005,2025-03-05 00:00:00,CMP004,CH02
T000005,C00005,2025-03-12 18:51:00,CMP004,CH02
T000006,C00006,2025-07-13 00:00:00,CMP005,CH03
T000007,C00006,2025-07-19 19:09:00,CMP004,CH02
T000008,C00006,2025-07-26 10:35:00,CMP003,CH02
T000009,C00006,2025-08-01 16:53:00,CMP001,CH01
T000010,C00007,2025-02-17 00:00:00,CMP001,CH01
T000011,C00008,2025-10-15 00:00:00,CMP003,CH02
T000012,C00009,2025-12-24 00:00:00,CMP004,CH02
T000013,C00009,2025-12-26 10:40:00,CMP001,CH01
T000014,C00009,2026-01-03 05:22:00,CMP001,CH01
T000015,C00009,2026-01-06 19:24:00,CMP003,CH02
T000016,C00011,2025-01-25 00:00:00,CMP004,CH02
T000017,C00011,2025-01-29 14:06:00,CMP002,CH01
T000018,C00011,2025-02-06 06:35:00,CMP003,CH02
T000019,C00012,2025-07-01 00:00:00,CMP004,CH02
T000020,C00014,2025-03-20 00:00:00,CMP002,CH01
T000021,C00014,2025-03-26 15:38:00,CMP002,CH01
T000022,C00015,2025-04-24 00:00:00,CMP001,CH01
T000023,C00015,2025-04-28 08:16:00,CMP003,CH02
T000024,C00016,2025-08-19 00:00:00,CMP001,CH01
T000025,C00016,2025-08-21 07:38:00,CMP001,CH01
T000026,C00016,2025-08-23 20:25:00,CMP005,CH03
T000027,C00016,2025-08-29 05:30:00,CMP001,CH01
T000028,C00016,2025-09-04 17:49:00,CMP001,CH01
T000029,C00017,2025-08-07 00:00:00,CMP004,CH02
T000030,C00018,2025-12-26 00:00:00,CMP003,CH02
T000031,C00018,2025-12-27 11:31:00,CMP005,CH03
T000032,C00018,2025-12-31 18:36:00,CMP003,CH02
T000033,C00019,2025-11-05 00:00:00,CMP002,CH01
T000034,C00019,2025-11-08 09:26:00,CMP004,CH02
T000035,C00019,2025-11-10 19:40:00,CMP002,CH01
T000036,C00019,2025-11-15 04:41:00,CMP001,CH01
T000037,C00019,2025-11-19 14:14:00,CMP002,CH01
T000038,C00020,2025-11-22 00:00:00,CMP003,CH02
T000039,C00020,2025-11-29 16:37:00,CMP002,CH01
T000040,C00020,2025-12-03 08:41:00,CMP002,CH01
T000041,C00022,2025-01-13 00:00:00,CMP005,CH03
T000042,C00022,2025-01-17 14:00:00,CMP004,CH02
T000043,C00022,2025-01-22 05:48:00,CMP004,CH02
T000044,C00023,2025-06-08 00:00:00,CMP003,CH02
T000045,C00023,2025-06-15 06:52:00,CMP005,CH03
T000046,C00024,2025-02-07 00:00:00,CMP002,CH01
T000047,C00025,2025-01-27 00:00:00,CMP005,CH03
T000048,C00025,2025-01-30 19:01:00,CMP001,CH01
T000049,C00026,2025-07-02 00:00:00,CMP002,CH01
T000050,C00026,2025-07-07 13:28:00,CMP002,CH01
T000051,C00027,2025-06-05 00:00:00,CMP003,CH02
T000052,C00027,2025-06-11 13:44:00,CMP005,CH03
T000053,C00028,2025-02-25 00:00:00,CMP002,CH01
T000054,C00028,2025-03-03 00:52:00,CMP001,CH01
T000055,C00029,2025-01-29 00:00:00,CMP002,CH01
T000056,C00029,2025-02-04 18:37:00,CMP001,CH01
T000057,C00029,2025-02-11 06:59:00,CMP001,CH01
T000058,C00029,2025-02-16 05:06:00,CMP005,CH03
T000059,C00030,2025-05-01 00:00:00,CMP001,CH01
T000060,C00030,2025-05-05 06:36:00,CMP004,CH02
T000061,C00030,2025-05-12 20:20:00,CMP005,CH03
T000062,C00030,2025-05-16 12:51:00,CMP004,CH02
T000063,C00031,2025-10-14 00:00:00,CMP004,CH02
T000064,C00031,2025-10-21 16:24:00,CMP004,CH02
T000065,C00032,2025-09-03 00:00:00,CMP003,CH02
T000066,C00032,2025-09-07 17:29:00,CMP003,CH02
T000067,C00032,2025-09-11 15:34:00,CMP005,CH03
T000068,C00033,2025-03-05 00:00:00,CMP004,CH02
T000069,C00034,2025-01-18 00:00:00,CMP002,CH01
T000070,C00034,2025-01-21 11:35:00,CMP003,CH02
T000071,C00035,2025-11-08 00:00:00,CMP001,CH01
T000072,C00037,2025-01-13 00:00:00,CMP002,CH01
T000073,C00040,2025-07-09 00:00:00,CMP004,CH02
T000074,C00040,2025-07-13 09:25:00,CMP001,CH01
T000075,C00040,2025-07-19 03:09:00,CMP003,CH02
T000076,C00041,2025-11-18 00:00:00,CMP003,CH02
T000077,C00041,2025-11-21 15:00:00,CMP004,CH02
T000078,C00042,2025-12-05 00:00:00,CMP001,CH01
T000079,C00043,2025-07-22 00:00:00,CMP002,CH01
T000080,C00043,2025-07-28 18:09:00,CMP002,CH01
T000081,C00044,2025-01-29 00:00:00,CMP002,CH01
T000082,C00044,2025-02-03 05:24:00,CMP005,CH03
T000083,C00044,2025-02-04 07:06:00,CMP001,CH01
T000084,C00045,2025-01-29 00:00:00,CMP001,CH01
T000085,C00045,2025-02-01 13:04:00,CMP002,CH01
T000086,C00045,2025-02-09 07:33:00,CMP001,CH01
T000087,C00046,2025-11-17 00:00:00,CMP003,CH02
T000088,C00046,2025-11-19 02:54:00,CMP001,CH01
T000089,C00046,2025-11-21 00:41:00,CMP003,CH02
T000090,C00047,2025-06-05 00:00:00,CMP003,CH02
T000091,C00047,2025-06-09 18:39:00,CMP001,CH01
T000092,C00049,2025-10-15 00:00:00,CMP004,CH02
T000093,C00049,2025-10-19 04:12:00,CMP003,CH02
T000094,C00049,2025-10-21 06:15:00,CMP002,CH01
T000095,C00050,2025-08-27 00:00:00,CMP005,CH03
T000096,C00050,2025-08-29 20:26:00,CMP004,CH02
T000097,C00050,2025-09-02 07:12:00,CMP002,CH01
T000098,C00051,2025-09-29 00:00:00,CMP003,CH02
T000099,C00051,2025-10-01 00:26:00,CMP001,CH01
T000100,C00051,2025-10-02 17:12:00,CMP005,CH03
T000101,C00051,2025-10-10 02:19:00,CMP002,CH01
T000102,C00053,2025-04-25 00:00:00,CMP004,CH02
T000103,C00053,2025-04-27 06:26:00,CMP002,CH01
T000104,C00053,2025-04-29 05:06:00,CMP002,CH01
T000105,C00054,2025-11-17 00:00:00,CMP003,CH02
T000106,C00055,2025-05-21 00:00:00,CMP001,CH01
T000107,C00055,2025-05-23 04:14:00,CMP004,CH02
T000108,C00056,2025-04-27 00:00:00,CMP003,CH02
T000109,C00056,2025-04-30 04:50:00,CMP004,CH02
T000110,C00057,2025-08-21 00:00:00,CMP005,CH03
T000111,C00057,2025-08-23 12:56:00,CMP003,CH02
T000112,C00058,2025-11-16 00:00:00,CMP003,CH02
T000113,C00058,2025-11-23 05:59:00,CMP001,CH01
T000114,C00058,2025-11-26 01:25:00,CMP004,CH02
T000115,C00059,2025-05-08 00:00:00,CMP004,CH02
T000116,C00059,2025-05-14 20:27:00,CMP004,CH02
T000117,C00059,2025-05-21 13:54:00,CMP003,CH02
T000118,C00060,2025-04-24 00:00:00,CMP001,CH01
T000119,C00060,2025-04-28 08:01:00,CMP003,CH02
T000120,C00061,2025-09-03 00:00:00,CMP001,CH01
T000121,C00061,2025-09-06 10:44:00,CMP002,CH01
T000122,C00062,2025-11-24 00:00:00,CMP005,CH03
T000123,C00062,2025-11-30 05:49:00,CMP002,CH01
T000124,C00063,2025-07-02 00:00:00,CMP003,CH02
T000125,C00064,2025-05-17 00:00:00,CMP005,CH03
T000126,C00064,2025-05-19 14:10:00,CMP001,CH01
T000127,C00064,2025-05-22 13:35:00,CMP002,CH01
T000128,C00065,2025-09-18 00:00:00,CMP002,CH01
T000129,C00066,2025-06-26 00:00:00,CMP003,CH02
T000130,C00066,2025-07-01 18:31:00,CMP002,CH01
T000131,C00068,2025-10-20 00:00:00,CMP001,CH01
T000132,C00068,2025-10-27 11:31:00,CMP004,CH02
T000133,C00068,2025-10-30 22:35:00,CMP003,CH02
T000134,C00068,2025-11-06 02:51:00,CMP004,CH02
T000135,C00069,2025-09-03 00:00:00,CMP003,CH02
T000136,C00070,2025-09-28 00:00:00,CMP002,CH01
T000137,C00070,2025-10-01 12:41:00,CMP002,CH01
T000138,C00072,2025-10-12 00:00:00,CMP002,CH01
T000139,C00073,2025-01-08 00:00:00,CMP003,CH02
T000140,C00074,2025-09-18 00:00:00,CMP003,CH02
T000141,C00075,2025-11-23 00:00:00,CMP003,CH02
T000142,C00075,2025-11-28 14:14:00,CMP005,CH03
T000143,C00077,2025-08-30 00:00:00,CMP003,CH02
T000144,C00078,2025-11-22 00:00:00,CMP002,CH01
T000145,C00079,2025-05-29 00:00:00,CMP003,CH02
T000146,C00079,2025-05-31 05:00:00,CMP002,CH01
T000147,C00079,2025-06-01 07:39:00,CMP002,CH01
T000148,C00080,2025-08-29 00:00:00,CMP002,CH01
T000149,C00083,2025-03-24 00:00:00,CMP002,CH01
T000150,C00083,2025-03-30 13:48:00,CMP004,CH02
T000151,C00087,2025-11-16 00:00:00,CMP004,CH02
T000152,C00088,2025-12-30 00:00:00,CMP001,CH01
T000153,C00090,2025-11-13 00:00:00,CMP002,CH01
T000154,C00090,2025-11-18 08:45:00,CMP001,CH01
T000155,C00090,2025-11-22 13:58:00,CMP003,CH02
T000156,C00091,2025-08-20 00:00:00,CMP001,CH01
T000157,C00092,2025-12-01 00:00:00,CMP003,CH02
T000158,C00092,2025-12-02 22:57:00,CMP001,CH01
T000159,C00094,2025-11-24 00:00:00,CMP002,CH01
T000160,C00094,2025-11-28 10:51:00,CMP001,CH01
T000161,C00094,2025-11-30 00:40:00,CMP003,CH02
T000162,C00094,2025-12-07 17:41:00,CMP004,CH02
T000163,C00097,2025-03-05 00:00:00,CMP002,CH01
T000164,C00097,2025-03-12 13:39:00,CMP002,CH01
T000165,C00098,2025-01-05 00:00:00,CMP001,CH01
T000166,C00098,2025-01-12 00:16:00,CMP002,CH01
T000167,C00099,2025-08-12 00:00:00,CMP002,CH01
T000168,C00099,2025-08-17 14:00:00,CMP001,CH01
T000169,C00100,2025-06-19 00:00:00,CMP003,CH02
T000170,C00100,2025-06-20 10:46:00,CMP003,CH02
T000171,C00100,2025-06-25 00:05:00,CMP001,CH01
T000172,C00102,2025-10-28 00:00:00,CMP001,CH01
T000173,C00102,2025-10-29 03:22:00,CMP001,CH01
T000174,C00102,2025-11-05 04:03:00,CMP003,CH02
T000175,C00103,2025-12-28 00:00:00,CMP002,CH01
T000176,C00103,2026-01-03 23:49:00,CMP001,CH01
T000177,C00104,2025-03-23 00:00:00,CMP003,CH02
T000178,C00104,2025-03-29 05:08:00,CMP003,CH02
T000179,C00105,2025-10-08 00:00:00,CMP001,CH01
T000180,C00105,2025-10-12 20:28:00,CMP003,CH02
T000181,C00106,2025-01-30 00:00:00,CMP005,CH03
T000182,C00108,2025-07-27 00:00:00,CMP001,CH01
T000183,C00108,2025-07-30 23:55:00,CMP003,CH02
T000184,C00108,2025-08-05 10:57:00,CMP004,CH02
T000185,C00110,2025-03-23 00:00:00,CMP004,CH02
T000186,C00111,2025-04-03 00:00:00,CMP002,CH01
T000187,C00111,2025-04-09 17:35:00,CMP003,CH02
T000188,C00113,2025-08-16 00:00:00,CMP002,CH01
T000189,C00114,2025-07-03 00:00:00,CMP004,CH02
T000190,C00115,2025-10-31 00:00:00,CMP002,CH01
T000191,C00115,2025-11-07 17:27:00,CMP001,CH01
T000192,C00115,2025-11-15 03:19:00,CMP005,CH03
T000193,C00116,2025-12-26 00:00:00,CMP002,CH01
T000194,C00116,2026-01-01 09:42:00,CMP004,CH02
T000195,C00117,2025-06-30 00:00:00,CMP003,CH02
T000196,C00117,2025-07-04 10:28:00,CMP002,CH01
T000197,C00118,2025-08-18 00:00:00,CMP005,CH03
T000198,C00118,2025-08-25 17:14:00,CMP001,CH01
T000199,C00119,2025-03-15 00:00:00,CMP002,CH01
T000200,C00119,2025-03-18 10:49:00,CMP004,CH02
T000201,C00120,2025-10-19 00:00:00,CMP005,CH03
T000202,C00121,2025-01-20 00:00:00,CMP004,CH02
T000203,C00121,2025-01-21 11:42:00,CMP005,CH03
T000204,C00122,2025-04-14 00:00:00,CMP002,CH01
T000205,C00122,2025-04-19 19:49:00,CMP002,CH01
T000206,C00122,2025-04-21 12:01:00,CMP002,CH01
T000207,C00123,2025-12-10 00:00:00,CMP003,CH02
T000208,C00124,2025-04-27 00:00:00,CMP001,CH01
T000209,C00124,2025-05-01 08:24:00,CMP005,CH03
T000210,C00124,2025-05-07 12:11:00,CMP001,CH01
T000211,C00125,2025-09-03 00:00:00,CMP003,CH02
T000212,C00125,2025-09-10 19:08:00,CMP002,CH01
T000213,C00125,2025-09-17 05:52:00,CMP002,CH01
T000214,C00127,2025-09-06 00:00:00,CMP004,CH02
T000215,C00127,2025-09-11 21:22:00,CMP004,CH02
T000216,C00128,2025-10-15 00:00:00,CMP004,CH02
T000217,C00128,2025-10-20 12:32:00,CMP003,CH02
T000218,C00129,2025-10-22 00:00:00,CMP002,CH01
T000219,C00132,2025-10-19 00:00:00,CMP001,CH01
T000220,C00132,2025-10-20 15:15:00,CMP002,CH01
T000221,C00132,2025-10-24 10:52:00,CMP005,CH03
T000222,C00133,2025-05-22 00:00:00,CMP002,CH01
T000223,C00133,2025-05-28 20:42:00,CMP002,CH01
T000224,C00133,2025-06-05 05:59:00,CMP001,CH01
T000225,C00134,2025-03-29 00:00:00,CMP004,CH02
T000226,C00134,2025-03-31 12:40:00,CMP004,CH02
T000227,C00134,2025-04-03 22:21:00,CMP001,CH01
T000228,C00135,2025-10-18 00:00:00,CMP001,CH01
T000229,C00135,2025-10-22 00:59:00,CMP004,CH02
T000230,C00136,2025-09-21 00:00:00,CMP001,CH01
T000231,C00136,2025-09-26 16:21:00,CMP005,CH03
T000232,C00136,2025-10-03 15:16:00,CMP003,CH02
T000233,C00137,2025-10-21 00:00:00,CMP005,CH03
T000234,C00137,2025-10-24 16:54:00,CMP002,CH01
T000235,C00137,2025-10-30 00:53:00,CMP003,CH02
T000236,C00139,2025-10-10 00:00:00,CMP001,CH01
T000237,C00139,2025-10-14 16:19:00,CMP005,CH03
T000238,C00139,2025-10-17 02:02:00,CMP001,CH01
T000239,C00139,2025-10-25 00:15:00,CMP001,CH01
T000240,C00140,2025-12-18 00:00:00,CMP004,CH02
T000241,C00142,2025-12-18 00:00:00,CMP003,CH02
T000242,C00142,2025-12-20 10:42:00,CMP001,CH01
T000243,C00142,2025-12-26 11:13:00,CMP003,CH02
T000244,C00143,2025-04-08 00:00:00,CMP001,CH01
T000245,C00145,2025-05-01 00:00:00,CMP005,CH03
T000246,C00147,2025-03-08 00:00:00,CMP005,CH03
T000247,C00147,2025-03-11 21:49:00,CMP001,CH01
T000248,C00149,2025-03-12 00:00:00,CMP005,CH03
T000249,C00149,2025-03-18 12:20:00,CMP001,CH01
T000250,C00149,2025-03-22 19:40:00,CMP003,CH02
T000251,C00151,2025-11-16 00:00:00,CMP002,CH01
T000252,C00152,2025-03-13 00:00:00,CMP005,CH03
T000253,C00154,2025-05-30 00:00:00,CMP002,CH01
T000254,C00154,2025-06-04 10:56:00,CMP001,CH01
T000255,C00155,2025-06-26 00:00:00,CMP003,CH02
T000256,C00155,2025-06-27 04:02:00,CMP001,CH01
T000257,C00157,2025-08-03 00:00:00,CMP005,CH03
T000258,C00158,2025-08-29 00:00:00,CMP004,CH02
T000259,C00158,2025-08-30 05:06:00,CMP003,CH02
T000260,C00160,2025-11-22 00:00:00,CMP001,CH01
T000261,C00161,2025-08-03 00:00:00,CMP002,CH01
T000262,C00161,2025-08-07 23:25:00,CMP001,CH01
T000263,C00161,2025-08-10 05:20:00,CMP001,CH01
T000264,C00162,2025-11-20 00:00:00,CMP001,CH01
T000265,C00162,2025-11-24 09:18:00,CMP002,CH01
T000266,C00162,2025-11-30 20:33:00,CMP003,CH02
T000267,C00163,2025-06-24 00:00:00,CMP003,CH02
T000268,C00164,2025-06-20 00:00:00,CMP002,CH01
T000269,C00164,2025-06-24 15:31:00,CMP004,CH02
T000270,C00165,2025-04-21 00:00:00,CMP001,CH01
T000271,C00165,2025-04-23 15:26:00,CMP004,CH02
T000272,C00165,2025-04-26 10:12:00,CMP003,CH02
T000273,C00165,2025-04-30 08:04:00,CMP002,CH01
T000274,C00166,2025-05-06 00:00:00,CMP002,CH01
T000275,C00166,2025-05-10 23:42:00,CMP005,CH03
T000276,C00166,2025-05-18 04:09:00,CMP004,CH02
T000277,C00167,2025-04-05 00:00:00,CMP001,CH01
T000278,C00167,2025-04-10 14:23:00,CMP005,CH03
T000279,C00167,2025-04-16 14:48:00,CMP001,CH01
T000280,C00168,2025-08-25 00:00:00,CMP001,CH01
T000281,C00168,2025-08-31 02:21:00,CMP003,CH02
T000282,C00169,2025-04-17 00:00:00,CMP002,CH01
T000283,C00169,2025-04-22 01:29:00,CMP002,CH01
T000284,C00170,2025-04-04 00:00:00,CMP004,CH02
T000285,C00171,2025-12-18 00:00:00,CMP004,CH02
T000286,C00171,2025-12-23 23:40:00,CMP004,CH02
T000287,C00172,2025-07-13 00:00:00,CMP004,CH02
T000288,C00173,2025-06-22 00:00:00,CMP001,CH01
T000289,C00175,2025-08-02 00:00:00,CMP001,CH01
T000290,C00176,2025-09-19 00:00:00,CMP001,CH01
T000291,C00176,2025-09-23 14:47:00,CMP002,CH01
T000292,C00176,2025-09-27 16:07:00,CMP002,CH01
T000293,C00177,2025-10-02 00:00:00,CMP004,CH02
T000294,C00177,2025-10-09 05:57:00,CMP003,CH02
T000295,C00177,2025-10-11 07:22:00,CMP001,CH01
T000296,C00178,2025-12-22 00:00:00,CMP004,CH02
T000297,C00178,2025-12-23 02:10:00,CMP002,CH01
T000298,C00178,2025-12-28 19:13:00,CMP005,CH03
T000299,C00179,2025-09-15 00:00:00,CMP003,CH02
T000300,C00179,2025-09-17 23:56:00,CMP002,CH01
T000301,C00180,2025-12-21 00:00:00,CMP004,CH02
T000302,C00180,2025-12-27 13:56:00,CMP004,CH02
T000303,C00180,2025-12-31 04:05:00,CMP003,CH02
T000304,C00182,2025-04-22 00:00:00,CMP002,CH01
T000305,C00185,2025-10-08 00:00:00,CMP005,CH03
T000306,C00185,2025-10-11 00:28:00,CMP001,CH01
T000307,C00185,2025-10-17 23:06:00,CMP002,CH01
T000308,C00186,2025-01-28 00:00:00,CMP005,CH03
T000309,C00186,2025-01-29 04:57:00,CMP003,CH02
T000310,C00187,2025-03-20 00:00:00,CMP003,CH02
T000311,C00187,2025-03-22 12:33:00,CMP001,CH01
T000312,C00187,2025-03-27 17:05:00,CMP004,CH02
T000313,C00187,2025-03-30 05:48:00,CMP004,CH02
T000314,C00188,2025-03-03 00:00:00,CMP002,CH01
T000315,C00189,2025-02-08 00:00:00,CMP003,CH02
T000316,C00189,2025-02-12 01:21:00,CMP002,CH01
T000317,C00189,2025-02-18 13:55:00,CMP003,CH02
T000318,C00189,2025-02-25 19:59:00,CMP003,CH02
T000319,C00190,2025-08-30 00:00:00,CMP005,CH03
T000320,C00191,2025-08-27 00:00:00,CMP003,CH02
T000321,C00192,2025-05-15 00:00:00,CMP001,CH01
T000322,C00193,2025-12-11 00:00:00,CMP003,CH02
T000323,C00193,2025-12-12 12:50:00,CMP001,CH01
T000324,C00193,2025-12-18 07:55:00,CMP005,CH03
T000325,C00193,2025-12-24 05:11:00,CMP003,CH02
T000326,C00194,2025-03-02 00:00:00,CMP002,CH01
T000327,C00194,2025-03-08 16:49:00,CMP004,CH02
T000328,C00194,2025-03-13 08:44:00,CMP004,CH02
T000329,C00194,2025-03-16 13:46:00,CMP002,CH01
T000330,C00195,2025-08-30 00:00:00,CMP004,CH02
T000331,C00195,2025-08-31 09:14:00,CMP001,CH01
T000332,C00195,2025-09-06 03:37:00,CMP004,CH02
T000333,C00196,2025-11-28 00:00:00,CMP005,CH03
T000334,C00196,2025-12-02 02:42:00,CMP001,CH01
T000335,C00197,2025-10-20 00:00:00,CMP005,CH03
T000336,C00197,2025-10-21 21:30:00,CMP001,CH01
T000337,C00197,2025-10-23 13:05:00,CMP004,CH02
T000338,C00197,2025-10-25 12:16:00,CMP001,CH01
T000339,C00198,2025-10-17 00:00:00,CMP002,CH01
T000340,C00198,2025-10-23 20:14:00,CMP004,CH02
T000341,C00198,2025-10-29 01:16:00,CMP001,CH01
T000342,C00199,2025-08-29 00:00:00,CMP002,CH01
T000343,C00199,2025-09-03 19:30:00,CMP002,CH01
T000344,C00199,2025-09-08 17:14:00,CMP003,CH02
T000345,C00200,2025-11-03 00:00:00,CMP002,CH01
T000346,C00200,2025-11-08 23:28:00,CMP004,CH02
T000347,C00201,2025-12-06 00:00:00,CMP003,CH02
T000348,C00204,2025-03-26 00:00:00,CMP001,CH01
T000349,C00204,2025-03-27 12:18:00,CMP001,CH01
T000350,C00206,2025-01-21 00:00:00,CMP005,CH03
T000351,C00206,2025-01-28 21:54:00,CMP002,CH01
T000352,C00209,2025-11-10 00:00:00,CMP004,CH02
T000353,C00209,2025-11-17 14:50:00,CMP002,CH01
T000354,C00209,2025-11-25 03:37:00,CMP003,CH02
T000355,C00210,2025-10-01 00:00:00,CMP001,CH01
T000356,C00210,2025-10-07 12:49:00,CMP005,CH03
T000357,C00211,2025-02-15 00:00:00,CMP004,CH02
T000358,C00212,2025-07-05 00:00:00,CMP003,CH02
T000359,C00212,2025-07-10 23:25:00,CMP003,CH02
T000360,C00213,2025-01-18 00:00:00,CMP003,CH02
T000361,C00213,2025-01-20 10:32:00,CMP002,CH01
T000362,C00213,2025-01-24 09:34:00,CMP003,CH02
T000363,C00214,2025-10-17 00:00:00,CMP003,CH02
T000364,C00215,2025-07-11 00:00:00,CMP004,CH02
T000365,C00215,2025-07-14 04:28:00,CMP004,CH02
T000366,C00217,2025-12-21 00:00:00,CMP005,CH03
T000367,C00218,2025-02-06 00:00:00,CMP005,CH03
T000368,C00218,2025-02-09 13:43:00,CMP002,CH01
T000369,C00218,2025-02-15 09:18:00,CMP003,CH02
T000370,C00219,2025-03-26 00:00:00,CMP001,CH01
T000371,C00220,2025-12-07 00:00:00,CMP001,CH01
T000372,C00221,2025-04-12 00:00:00,CMP003,CH02
T000373,C00221,2025-04-18 17:00:00,CMP004,CH02
T000374,C00223,2025-08-03 00:00:00,CMP002,CH01
T000375,C00223,2025-08-06 19:31:00,CMP003,CH02
T000376,C00223,2025-08-08 19:52:00,CMP004,CH02
T000377,C00224,2025-10-22 00:00:00,CMP003,CH02
T000378,C00226,2025-11-09 00:00:00,CMP001,CH01
T000379,C00227,2025-05-11 00:00:00,CMP003,CH02
T000380,C00227,2025-05-16 08:28:00,CMP002,CH01
T000381,C00227,2025-05-17 17:39:00,CMP003,CH02
T000382,C00227,2025-05-21 21:09:00,CMP004,CH02
T000383,C00227,2025-05-25 18:39:00,CMP005,CH03
T000384,C00228,2025-08-23 00:00:00,CMP001,CH01
T000385,C00228,2025-08-26 17:03:00,CMP004,CH02
T000386,C00229,2025-04-03 00:00:00,CMP002,CH01
T000387,C00229,2025-04-10 13:39:00,CMP005,CH03
T000388,C00229,2025-04-16 10:18:00,CMP002,CH01
T000389,C00233,2025-06-19 00:00:00,CMP002,CH01
T000390,C00233,2025-06-22 16:16:00,CMP004,CH02
T000391,C00233,2025-06-30 01:20:00,CMP001,CH01
T000392,C00236,2025-03-11 00:00:00,CMP004,CH02
T000393,C00236,2025-03-16 22:13:00,CMP002,CH01
T000394,C00238,2025-08-11 00:00:00,CMP001,CH01
T000395,C00238,2025-08-15 10:42:00,CMP005,CH03
T000396,C00238,2025-08-22 04:55:00,CMP002,CH01
T000397,C00238,2025-08-24 21:33:00,CMP001,CH01
T000398,C00238,2025-08-27 06:26:00,CMP005,CH03
T000399,C00239,2025-08-05 00:00:00,CMP004,CH02
T000400,C00239,2025-08-11 11:26:00,CMP001,CH01
T000401,C00239,2025-08-12 22:52:00,CMP003,CH02
T000402,C00240,2025-05-03 00:00:00,CMP004,CH02
T000403,C00242,2025-06-21 00:00:00,CMP003,CH02
T000404,C00242,2025-06-26 00:55:00,CMP002,CH01
T000405,C00242,2025-06-28 04:19:00,CMP001,CH01
T000406,C00243,2025-06-03 00:00:00,CMP001,CH01
T000407,C00243,2025-06-04 06:53:00,CMP002,CH01
T000408,C00244,2025-11-30 00:00:00,CMP004,CH02
T000409,C00244,2025-12-04 02:34:00,CMP002,CH01
T000410,C00244,2025-12-10 07:52:00,CMP002,CH01
T000411,C00244,2025-12-17 19:18:00,CMP001,CH01
T000412,C00246,2025-04-18 00:00:00,CMP003,CH02
T000413,C00246,2025-04-19 15:34:00,CMP004,CH02
T000414,C00246,2025-04-25 07:08:00,CMP004,CH02
T000415,C00247,2025-12-23 00:00:00,CMP004,CH02
T000416,C00248,2025-09-20 00:00:00,CMP002,CH01
T000417,C00248,2025-09-22 11:27:00,CMP002,CH01
T000418,C00248,2025-09-29 20:32:00,CMP003,CH02
T000419,C00250,2025-12-15 00:00:00,CMP003,CH02
T000420,C00250,2025-12-18 04:04:00,CMP005,CH03
T000421,C00250,2025-12-24 20:49:00,CMP003,CH02
T000422,C00250,2025-12-29 14:51:00,CMP005,CH03
T000423,C00253,2025-11-07 00:00:00,CMP003,CH02
T000424,C00255,2025-03-22 00:00:00,CMP005,CH03
T000425,C00255,2025-03-29 17:18:00,CMP002,CH01
T000426,C00257,2025-02-10 00:00:00,CMP003,CH02
T000427,C00258,2025-10-04 00:00:00,CMP003,CH02
T000428,C00258,2025-10-08 02:50:00,CMP004,CH02
T000429,C00258,2025-10-15 08:03:00,CMP004,CH02
T000430,C00258,2025-10-16 14:58:00,CMP002,CH01
T000431,C00259,2025-03-06 00:00:00,CMP004,CH02
T000432,C00259,2025-03-13 23:30:00,CMP003,CH02
T000433,C00259,2025-03-16 13:04:00,CMP004,CH02
T000434,C00259,2025-03-23 23:15:00,CMP002,CH01
T000435,C00260,2025-01-15 00:00:00,CMP004,CH02
T000436,C00260,2025-01-17 00:32:00,CMP005,CH03
T000437,C00261,2025-05-18 00:00:00,CMP002,CH01
T000438,C00262,2025-12-07 00:00:00,CMP003,CH02
T000439,C00262,2025-12-14 07:17:00,CMP003,CH02
T000440,C00263,2025-05-05 00:00:00,CMP002,CH01
T000441,C00264,2025-03-08 00:00:00,CMP004,CH02
T000442,C00264,2025-03-15 14:31:00,CMP003,CH02
T000443,C00264,2025-03-22 15:34:00,CMP002,CH01
T000444,C00264,2025-03-25 02:07:00,CMP002,CH01
T000445,C00265,2025-03-06 00:00:00,CMP004,CH02
T000446,C00267,2025-03-06 00:00:00,CMP001,CH01
T000447,C00267,2025-03-09 14:59:00,CMP005,CH03
T000448,C00272,2025-01-22 00:00:00,CMP004,CH02
T000449,C00272,2025-01-24 10:21:00,CMP002,CH01
T000450,C00272,2025-01-29 02:59:00,CMP004,CH02
T000451,C00273,2025-08-19 00:00:00,CMP004,CH02
T000452,C00273,2025-08-23 20:02:00,CMP002,CH01
T000453,C00273,2025-08-25 09:32:00,CMP005,CH03
T000454,C00273,2025-08-30 11:55:00,CMP004,CH02
T000455,C00274,2025-07-24 00:00:00,CMP004,CH02
T000456,C00274,2025-07-28 07:33:00,CMP002,CH01
T000457,C00274,2025-08-04 17:57:00,CMP003,CH02
T000458,C00274,2025-08-08 02:29:00,CMP003,CH02
T000459,C00275,2025-04-27 00:00:00,CMP001,CH01
T000460,C00275,2025-05-03 05:39:00,CMP004,CH02
T000461,C00276,2025-06-19 00:00:00,CMP002,CH01
T000462,C00276,2025-06-23 22:28:00,CMP001,CH01
T000463,C00276,2025-06-30 12:25:00,CMP001,CH01
T000464,C00277,2025-10-26 00:00:00,CMP004,CH02
T000465,C00277,2025-11-01 08:10:00,CMP002,CH01
T000466,C00277,2025-11-02 23:36:00,CMP001,CH01
T000467,C00278,2025-02-13 00:00:00,CMP001,CH01
T000468,C00279,2025-05-06 00:00:00,CMP003,CH02
T000469,C00279,2025-05-07 22:07:00,CMP001,CH01
T000470,C00279,2025-05-13 13:12:00,CMP004,CH02
T000471,C00280,2025-07-02 00:00:00,CMP002,CH01
T000472,C00280,2025-07-07 01:20:00,CMP004,CH02
T000473,C00282,2025-01-09 00:00:00,CMP005,CH03
T000474,C00282,2025-01-12 06:13:00,CMP002,CH01
T000475,C00282,2025-01-19 12:33:00,CMP002,CH01
T000476,C00283,2025-09-09 00:00:00,CMP001,CH01
T000477,C00283,2025-09-16 14:04:00,CMP005,CH03
T000478,C00285,2025-11-14 00:00:00,CMP002,CH01
T000479,C00285,2025-11-20 18:42:00,CMP004,CH02
T000480,C00286,2025-11-10 00:00:00,CMP003,CH02
T000481,C00286,2025-11-13 00:57:00,CMP002,CH01
T000482,C00287,2025-03-10 00:00:00,CMP003,CH02
T000483,C00287,2025-03-16 02:28:00,CMP001,CH01
T000484,C00287,2025-03-21 14:24:00,CMP004,CH02
T000485,C00288,2025-04-25 00:00:00,CMP003,CH02
T000486,C00289,2025-12-06 00:00:00,CMP004,CH02
T000487,C00291,2025-09-29 00:00:00,CMP003,CH02
T000488,C00291,2025-10-04 05:49:00,CMP004,CH02
T000489,C00291,2025-10-09 02:09:00,CMP001,CH01
T000490,C00293,2025-02-17 00:00:00,CMP002,CH01
T000491,C00293,2025-02-20 15:18:00,CMP004,CH02
T000492,C00294,2025-01-21 00:00:00,CMP004,CH02
T000493,C00294,2025-01-27 04:30:00,CMP003,CH02
T000494,C00294,2025-02-04 00:26:00,CMP002,CH01
T000495,C00294,2025-02-06 00:58:00,CMP004,CH02
T000496,C00295,2025-04-07 00:00:00,CMP004,CH02
T000497,C00295,2025-04-10 21:54:00,CMP001,CH01
T000498,C00295,2025-04-17 00:44:00,CMP001,CH01
T000499,C00295,2025-04-20 09:44:00,CMP004,CH02
T000500,C00297,2025-08-12 00:00:00,CMP001,CH01
T000501,C00297,2025-08-18 00:36:00,CMP002,CH01
T000502,C00297,2025-08-20 22:41:00,CMP004,CH02
T000503,C00297,2025-08-22 10:26:00,CMP004,CH02
T000504,C00298,2025-10-26 00:00:00,CMP003,CH02
T000505,C00298,2025-11-01 00:18:00,CMP005,CH03
T000506,C00299,2025-03-11 00:00:00,CMP004,CH02
T000507,C00300,2025-06-04 00:00:00,CMP002,CH01
T000508,C00301,2025-02-28 00:00:00,CMP001,CH01
T000509,C00301,2025-03-03 23:46:00,CMP005,CH03
T000510,C00302,2025-02-05 00:00:00,CMP001,CH01
T000511,C00302,2025-02-10 21:39:00,CMP002,CH01
T000512,C00303,2025-02-14 00:00:00,CMP001,CH01
T000513,C00303,2025-02-16 09:52:00,CMP001,CH01
T000514,C00303,2025-02-23 13:01:00,CMP001,CH01
T000515,C00304,2025-12-29 00:00:00,CMP001,CH01
T000516,C00304,2025-12-30 07:02:00,CMP001,CH01
T000517,C00304,2026-01-04 16:37:00,CMP001,CH01
T000518,C00304,2026-01-10 09:15:00,CMP001,CH01
T000519,C00305,2025-10-24 00:00:00,CMP002,CH01
T000520,C00305,2025-10-28 09:51:00,CMP002,CH01
T000521,C00306,2025-12-13 00:00:00,CMP003,CH02
T000522,C00306,2025-12-18 01:32:00,CMP001,CH01
T000523,C00306,2025-12-24 07:44:00,CMP002,CH01
T000524,C00307,2025-02-18 00:00:00,CMP002,CH01
T000525,C00307,2025-02-20 07:48:00,CMP002,CH01
T000526,C00307,2025-02-28 04:13:00,CMP002,CH01
T000527,C00308,2025-02-05 00:00:00,CMP005,CH03
T000528,C00308,2025-02-06 00:54:00,CMP003,CH02
T000529,C00309,2025-11-13 00:00:00,CMP001,CH01
T000530,C00309,2025-11-18 15:18:00,CMP001,CH01
T000531,C00309,2025-11-25 15:25:00,CMP001,CH01
T000532,C00310,2025-05-08 00:00:00,CMP002,CH01
T000533,C00310,2025-05-15 08:37:00,CMP002,CH01
T000534,C00310,2025-05-16 23:41:00,CMP002,CH01
T000535,C00312,2025-01-30 00:00:00,CMP004,CH02
T000536,C00313,2025-03-20 00:00:00,CMP002,CH01
T000537,C00313,2025-03-27 20:29:00,CMP001,CH01
T000538,C00313,2025-03-29 09:17:00,CMP004,CH02
T000539,C00314,2025-12-06 00:00:00,CMP002,CH01
T000540,C00314,2025-12-12 16:46:00,CMP001,CH01
T000541,C00314,2025-12-19 14:33:00,CMP005,CH03
T000542,C00315,2025-08-14 00:00:00,CMP005,CH03
T000543,C00315,2025-08-15 06:48:00,CMP004,CH02
T000544,C00315,2025-08-20 19:43:00,CMP004,CH02
T000545,C00316,2025-01-12 00:00:00,CMP001,CH01
T000546,C00316,2025-01-17 19:17:00,CMP002,CH01
T000547,C00316,2025-01-23 07:42:00,CMP003,CH02
T000548,C00317,2025-05-07 00:00:00,CMP001,CH01
T000549,C00317,2025-05-11 01:01:00,CMP002,CH01
T000550,C00317,2025-05-17 22:21:00,CMP003,CH02
T000551,C00317,2025-05-18 22:58:00,CMP002,CH01
T000552,C00317,2025-05-20 07:39:00,CMP001,CH01
T000553,C00318,2025-06-02 00:00:00,CMP001,CH01
T000554,C00319,2025-09-09 00:00:00,CMP002,CH01
T000555,C00319,2025-09-15 17:44:00,CMP003,CH02
T000556,C00319,2025-09-18 13:40:00,CMP003,CH02
T000557,C00319,2025-09-21 04:01:00,CMP003,CH02
T000558,C00320,2025-09-26 00:00:00,CMP004,CH02
T000559,C00321,2025-12-18 00:00:00,CMP002,CH01
T000560,C00321,2025-12-21 23:17:00,CMP002,CH01
T000561,C00322,2025-02-28 00:00:00,CMP004,CH02
T000562,C00322,2025-03-04 00:13:00,CMP005,CH03
T000563,C00322,2025-03-09 06:02:00,CMP004,CH02
T000564,C00323,2025-04-16 00:00:00,CMP003,CH02
T000565,C00323,2025-04-20 06:25:00,CMP004,CH02
T000566,C00323,2025-04-28 02:37:00,CMP001,CH01
T000567,C00324,2025-12-22 00:00:00,CMP001,CH01
T000568,C00326,2025-07-31 00:00:00,CMP002,CH01
T000569,C00326,2025-08-07 08:33:00,CMP002,CH01
T000570,C00327,2025-04-29 00:00:00,CMP002,CH01
T000571,C00329,2025-02-24 00:00:00,CMP002,CH01
T000572,C00329,2025-02-27 05:36:00,CMP002,CH01
T000573,C00330,2025-09-20 00:00:00,CMP002,CH01
T000574,C00331,2025-05-18 00:00:00,CMP002,CH01
T000575,C00331,2025-05-19 11:28:00,CMP001,CH01
T000576,C00335,2025-12-26 00:00:00,CMP002,CH01
T000577,C00335,2025-12-27 02:26:00,CMP003,CH02
T000578,C00335,2025-12-28 05:45:00,CMP002,CH01
T000579,C00337,2025-02-15 00:00:00,CMP003,CH02
T000580,C00339,2025-06-20 00:00:00,CMP002,CH01
T000581,C00339,2025-06-26 20:17:00,CMP002,CH01
T000582,C00340,2025-09-14 00:00:00,CMP005,CH03
T000583,C00340,2025-09-18 16:48:00,CMP002,CH01
T000584,C00342,2025-05-17 00:00:00,CMP004,CH02
T000585,C00342,2025-05-19 09:56:00,CMP004,CH02
T000586,C00342,2025-05-23 06:39:00,CMP002,CH01
T000587,C00343,2025-08-06 00:00:00,CMP001,CH01
T000588,C00343,2025-08-08 00:54:00,CMP001,CH01
T000589,C00344,2025-03-19 00:00:00,CMP002,CH01
T000590,C00344,2025-03-21 07:33:00,CMP002,CH01
T000591,C00344,2025-03-26 23:31:00,CMP002,CH01
T000592,C00344,2025-03-29 21:37:00,CMP003,CH02
T000593,C00344,2025-04-05 12:24:00,CMP004,CH02
T000594,C00345,2025-10-01 00:00:00,CMP002,CH01
T000595,C00345,2025-10-08 01:37:00,CMP002,CH01
T000596,C00345,2025-10-14 22:05:00,CMP001,CH01
T000597,C00346,2025-11-06 00:00:00,CMP003,CH02
T000598,C00348,2025-01-17 00:00:00,CMP003,CH02
T000599,C00348,2025-01-18 06:26:00,CMP004,CH02
T000600,C00348,2025-01-25 15:20:00,CMP004,CH02
T000601,C00348,2025-02-01 15:35:00,CMP002,CH01
T000602,C00349,2025-04-07 00:00:00,CMP004,CH02
T000603,C00349,2025-04-11 14:02:00,CMP001,CH01
T000604,C00349,2025-04-15 19:53:00,CMP002,CH01
T000605,C00350,2025-06-21 00:00:00,CMP004,CH02
T000606,C00350,2025-06-22 09:51:00,CMP001,CH01
T000607,C00351,2025-07-18 00:00:00,CMP002,CH01
T000608,C00351,2025-07-21 09:08:00,CMP004,CH02
T000609,C00351,2025-07-28 07:38:00,CMP004,CH02
T000610,C00352,2025-09-01 00:00:00,CMP002,CH01
T000611,C00352,2025-09-06 00:00:00,CMP001,CH01
T000612,C00353,2025-08-17 00:00:00,CMP001,CH01
T000613,C00354,2025-05-26 00:00:00,CMP003,CH02
T000614,C00354,2025-05-29 18:11:00,CMP001,CH01
T000615,C00354,2025-06-04 22:03:00,CMP002,CH01
T000616,C00355,2025-08-05 00:00:00,CMP002,CH01
T000617,C00355,2025-08-11 16:38:00,CMP002,CH01
T000618,C00355,2025-08-13 14:21:00,CMP004,CH02
T000619,C00355,2025-08-14 16:49:00,CMP001,CH01
T000620,C00356,2025-11-15 00:00:00,CMP002,CH01
T000621,C00356,2025-11-21 10:28:00,CMP002,CH01
T000622,C00357,2025-05-19 00:00:00,CMP004,CH02
T000623,C00357,2025-05-26 18:19:00,CMP003,CH02
T000624,C00358,2025-03-30 00:00:00,CMP003,CH02
T000625,C00358,2025-04-05 07:20:00,CMP004,CH02
T000626,C00358,2025-04-12 12:10:00,CMP005,CH03
T000627,C00358,2025-04-20 05:22:00,CMP003,CH02
T000628,C00360,2025-08-30 00:00:00,CMP004,CH02
T000629,C00360,2025-09-06 12:42:00,CMP002,CH01
T000630,C00361,2025-03-12 00:00:00,CMP002,CH01
T000631,C00362,2025-12-31 00:00:00,CMP002,CH01
T000632,C00362,2026-01-07 02:21:00,CMP003,CH02
T000633,C00362,2026-01-10 02:07:00,CMP005,CH03
T000634,C00364,2025-08-28 00:00:00,CMP005,CH03
T000635,C00364,2025-09-03 16:50:00,CMP003,CH02
T000636,C00364,2025-09-05 16:49:00,CMP001,CH01
T000637,C00364,2025-09-12 10:56:00,CMP001,CH01
T000638,C00365,2025-07-25 00:00:00,CMP002,CH01
T000639,C00365,2025-07-29 22:41:00,CMP001,CH01
T000640,C00366,2025-01-31 00:00:00,CMP004,CH02
T000641,C00366,2025-02-04 11:51:00,CMP002,CH01
T000642,C00367,2025-04-19 00:00:00,CMP005,CH03
T000643,C00367,2025-04-26 21:33:00,CMP005,CH03
T000644,C00367,2025-05-04 18:21:00,CMP002,CH01
T000645,C00368,2025-12-09 00:00:00,CMP002,CH01
T000646,C00368,2025-12-12 17:43:00,CMP004,CH02
T000647,C00369,2025-08-29 00:00:00,CMP003,CH02
T000648,C00371,2025-03-30 00:00:00,CMP002,CH01
T000649,C00371,2025-03-31 05:05:00,CMP004,CH02
T000650,C00372,2025-03-25 00:00:00,CMP004,CH02
T000651,C00373,2025-01-31 00:00:00,CMP003,CH02
T000652,C00373,2025-02-06 12:26:00,CMP004,CH02
T000653,C00373,2025-02-09 05:53:00,CMP002,CH01
T000654,C00373,2025-02-15 12:28:00,CMP005,CH03
T000655,C00373,2025-02-23 07:09:00,CMP005,CH03
T000656,C00374,2025-12-09 00:00:00,CMP003,CH02
T000657,C00374,2025-12-10 22:00:00,CMP004,CH02
T000658,C00376,2025-10-31 00:00:00,CMP004,CH02
T000659,C00376,2025-11-01 14:02:00,CMP004,CH02
T000660,C00378,2025-11-20 00:00:00,CMP003,CH02
T000661,C00379,2025-08-11 00:00:00,CMP004,CH02
T000662,C00379,2025-08-16 07:10:00,CMP001,CH01
T000663,C00380,2025-09-21 00:00:00,CMP001,CH01
T000664,C00380,2025-09-26 08:38:00,CMP001,CH01
T000665,C00381,2025-06-05 00:00:00,CMP003,CH02
T000666,C00381,2025-06-12 13:59:00,CMP003,CH02
T000667,C00382,2025-09-01 00:00:00,CMP004,CH02
T000668,C00383,2025-06-12 00:00:00,CMP002,CH01
T000669,C00383,2025-06-16 15:25:00,CMP002,CH01
T000670,C00384,2025-03-24 00:00:00,CMP003,CH02
T000671,C00384,2025-03-28 18:17:00,CMP002,CH01
T000672,C00386,2025-01-21 00:00:00,CMP001,CH01
T000673,C00386,2025-01-24 04:48:00,CMP001,CH01
T000674,C00386,2025-01-26 17:59:00,CMP002,CH01
T000675,C00386,2025-01-28 19:12:00,CMP001,CH01
T000676,C00387,2025-05-11 00:00:00,CMP002,CH01
T000677,C00387,2025-05-14 14:14:00,CMP001,CH01
T000678,C00387,2025-05-20 13:02:00,CMP001,CH01
T000679,C00387,2025-05-24 21:51:00,CMP004,CH02
T000680,C00387,2025-05-31 10:05:00,CMP002,CH01
T000681,C00388,2025-03-18 00:00:00,CMP002,CH01
T000682,C00389,2025-03-06 00:00:00,CMP002,CH01
T000683,C00390,2025-10-22 00:00:00,CMP003,CH02
T000684,C00390,2025-10-23 01:46:00,CMP004,CH02
T000685,C00390,2025-10-30 08:11:00,CMP004,CH02
T000686,C00391,2025-04-10 00:00:00,CMP001,CH01
T000687,C00391,2025-04-14 07:13:00,CMP005,CH03
T000688,C00391,2025-04-16 11:47:00,CMP005,CH03
T000689,C00391,2025-04-22 23:57:00,CMP004,CH02
T000690,C00392,2025-04-23 00:00:00,CMP002,CH01
T000691,C00392,2025-04-25 05:21:00,CMP004,CH02
T000692,C00393,2025-04-28 00:00:00,CMP004,CH02
T000693,C00394,2025-01-28 00:00:00,CMP001,CH01
T000694,C00394,2025-02-03 18:19:00,CMP001,CH01
T000695,C00394,2025-02-06 03:18:00,CMP004,CH02
T000696,C00395,2025-04-12 00:00:00,CMP001,CH01
T000697,C00396,2025-11-17 00:00:00,CMP003,CH02
T000698,C00397,2025-07-07 00:00:00,CMP002,CH01
T000699,C00397,2025-07-14 02:08:00,CMP002,CH01
T000700,C00398,2025-05-18 00:00:00,CMP002,CH01
T000701,C00398,2025-05-22 03:37:00,CMP003,CH02
T000702,C00398,2025-05-29 00:17:00,CMP002,CH01
T000703,C00399,2025-08-04 00:00:00,CMP003,CH02
T000704,C00399,2025-08-08 17:01:00,CMP004,CH02
T000705,C00400,2025-12-28 00:00:00,CMP002,CH01
T000706,C00401,2025-02-19 00:00:00,CMP002,CH01
T000707,C00401,2025-02-25 22:34:00,CMP004,CH02
T000708,C00401,2025-03-02 18:16:00,CMP001,CH01
T000709,C00402,2025-03-16 00:00:00,CMP003,CH02
T000710,C00402,2025-03-20 06:41:00,CMP005,CH03
T000711,C00403,2025-11-12 00:00:00,CMP001,CH01
T000712,C00403,2025-11-18 04:33:00,CMP005,CH03
T000713,C00404,2025-04-24 00:00:00,CMP003,CH02
T000714,C00404,2025-04-29 19:29:00,CMP005,CH03
T000715,C00404,2025-05-06 17:02:00,CMP004,CH02
T000716,C00405,2025-01-12 00:00:00,CMP001,CH01
T000717,C00405,2025-01-13 19:32:00,CMP002,CH01
T000718,C00405,2025-01-19 16:58:00,CMP005,CH03
T000719,C00406,2025-12-17 00:00:00,CMP004,CH02
T000720,C00407,2025-08-11 00:00:00,CMP004,CH02
T000721,C00407,2025-08-17 20:33:00,CMP002,CH01
T000722,C00408,2025-04-25 00:00:00,CMP005,CH03
T000723,C00408,2025-04-29 13:30:00,CMP001,CH01
T000724,C00409,2025-08-08 00:00:00,CMP001,CH01
T000725,C00409,2025-08-13 18:22:00,CMP004,CH02
T000726,C00410,2025-06-21 00:00:00,CMP001,CH01
T000727,C00411,2025-02-22 00:00:00,CMP002,CH01
T000728,C00412,2025-08-15 00:00:00,CMP002,CH01
T000729,C00412,2025-08-20 21:26:00,CMP001,CH01
T000730,C00412,2025-08-26 06:05:00,CMP002,CH01
T000731,C00412,2025-08-31 15:05:00,CMP001,CH01
T000732,C00413,2025-05-27 00:00:00,CMP002,CH01
T000733,C00413,2025-05-31 21:41:00,CMP002,CH01
T000734,C00413,2025-06-02 12:44:00,CMP003,CH02
T000735,C00414,2025-02-16 00:00:00,CMP001,CH01
T000736,C00415,2025-04-15 00:00:00,CMP002,CH01
T000737,C00415,2025-04-19 07:43:00,CMP004,CH02
T000738,C00415,2025-04-21 19:30:00,CMP002,CH01
T000739,C00416,2025-04-06 00:00:00,CMP001,CH01
T000740,C00416,2025-04-12 06:18:00,CMP005,CH03
T000741,C00417,2025-02-03 00:00:00,CMP002,CH01
T000742,C00417,2025-02-07 00:51:00,CMP001,CH01
T000743,C00419,2025-10-08 00:00:00,CMP003,CH02
T000744,C00420,2025-08-15 00:00:00,CMP001,CH01
T000745,C00422,2025-06-05 00:00:00,CMP005,CH03
T000746,C00422,2025-06-09 17:56:00,CMP003,CH02
T000747,C00423,2025-07-02 00:00:00,CMP003,CH02
T000748,C00423,2025-07-08 08:05:00,CMP002,CH01
T000749,C00424,2025-12-10 00:00:00,CMP001,CH01
T000750,C00424,2025-12-12 15:06:00,CMP005,CH03
T000751,C00424,2025-12-16 13:48:00,CMP003,CH02
T000752,C00425,2025-06-29 00:00:00,CMP004,CH02
T000753,C00426,2025-08-11 00:00:00,CMP005,CH03
T000754,C00427,2025-04-20 00:00:00,CMP003,CH02
T000755,C00427,2025-04-22 17:28:00,CMP004,CH02
T000756,C00427,2025-04-24 17:17:00,CMP004,CH02
T000757,C00427,2025-05-01 03:25:00,CMP003,CH02
T000758,C00428,2025-08-12 00:00:00,CMP002,CH01
T000759,C00428,2025-08-13 17:12:00,CMP002,CH01
T000760,C00429,2025-02-16 00:00:00,CMP003,CH02
T000761,C00429,2025-02-23 17:32:00,CMP001,CH01
T000762,C00430,2025-07-01 00:00:00,CMP001,CH01
T000763,C00430,2025-07-08 12:32:00,CMP002,CH01
T000764,C00430,2025-07-11 04:34:00,CMP002,CH01
T000765,C00432,2025-01-24 00:00:00,CMP003,CH02
T000766,C00433,2025-07-19 00:00:00,CMP002,CH01
T000767,C00433,2025-07-26 19:40:00,CMP001,CH01
T000768,C00433,2025-07-29 05:29:00,CMP004,CH02
T000769,C00433,2025-08-01 14:02:00,CMP002,CH01
T000770,C00434,2025-02-22 00:00:00,CMP003,CH02
T000771,C00435,2025-08-20 00:00:00,CMP001,CH01
T000772,C00436,2025-06-08 00:00:00,CMP002,CH01
T000773,C00436,2025-06-11 12:27:00,CMP001,CH01
T000774,C00437,2025-09-02 00:00:00,CMP002,CH01
T000775,C00438,2025-10-26 00:00:00,CMP001,CH01
T000776,C00438,2025-11-01 02:27:00,CMP001,CH01
T000777,C00439,2025-05-02 00:00:00,CMP004,CH02
T000778,C00439,2025-05-09 21:25:00,CMP003,CH02
T000779,C00441,2025-09-15 00:00:00,CMP004,CH02
T000780,C00441,2025-09-21 02:40:00,CMP003,CH02
T000781,C00442,2025-06-04 00:00:00,CMP001,CH01
T000782,C00442,2025-06-09 19:14:00,CMP001,CH01
T000783,C00442,2025-06-13 00:08:00,CMP003,CH02
T000784,C00443,2025-02-21 00:00:00,CMP004,CH02
T000785,C00443,2025-02-26 10:20:00,CMP004,CH02
T000786,C00444,2025-09-04 00:00:00,CMP001,CH01
T000787,C00444,2025-09-09 00:06:00,CMP005,CH03
T000788,C00444,2025-09-10 02:17:00,CMP004,CH02
T000789,C00446,2025-10-05 00:00:00,CMP001,CH01
T000790,C00446,2025-10-08 17:03:00,CMP002,CH01
T000791,C00447,2025-10-18 00:00:00,CMP004,CH02
T000792,C00447,2025-10-19 06:58:00,CMP002,CH01
T000793,C00448,2025-07-02 00:00:00,CMP002,CH01
T000794,C00449,2025-10-31 00:00:00,CMP001,CH01
T000795,C00449,2025-11-05 13:34:00,CMP002,CH01
T000796,C00449,2025-11-11 03:24:00,CMP003,CH02
T000797,C00450,2025-11-25 00:00:00,CMP002,CH01
T000798,C00450,2025-11-27 19:54:00,CMP001,CH01
T000799,C00451,2025-07-07 00:00:00,CMP001,CH01
T000800,C00451,2025-07-13 03:38:00,CMP002,CH01
T000801,C00451,2025-07-15 21:52:00,CMP001,CH01
T000802,C00452,2025-10-23 00:00:00,CMP002,CH01
T000803,C00453,2025-05-16 00:00:00,CMP001,CH01
T000804,C00453,2025-05-17 06:30:00,CMP004,CH02
T000805,C00453,2025-05-18 22:01:00,CMP002,CH01
T000806,C00453,2025-05-24 09:25:00,CMP001,CH01
T000807,C00454,2025-07-24 00:00:00,CMP001,CH01
T000808,C00455,2025-03-09 00:00:00,CMP004,CH02
T000809,C00455,2025-03-15 07:58:00,CMP001,CH01
T000810,C00456,2025-02-07 00:00:00,CMP002,CH01
T000811,C00457,2025-03-02 00:00:00,CMP003,CH02
T000812,C00458,2025-03-04 00:00:00,CMP003,CH02
T000813,C00458,2025-03-06 21:45:00,CMP003,CH02
T000814,C00458,2025-03-09 19:24:00,CMP004,CH02
T000815,C00459,2025-07-02 00:00:00,CMP003,CH02
T000816,C00459,2025-07-08 16:49:00,CMP002,CH01
T000817,C00460,2025-03-19 00:00:00,CMP001,CH01
T000818,C00460,2025-03-26 09:52:00,CMP003,CH02
T000819,C00461,2025-09-16 00:00:00,CMP004,CH02
T000820,C00461,2025-09-23 03:54:00,CMP001,CH01
T000821,C00462,2025-10-20 00:00:00,CMP004,CH02
T000822,C00462,2025-10-27 17:03:00,CMP005,CH03
T000823,C00463,2025-02-03 00:00:00,CMP001,CH01
T000824,C00464,2025-09-23 00:00:00,CMP001,CH01
T000825,C00464,2025-09-30 08:49:00,CMP001,CH01
T000826,C00466,2025-05-11 00:00:00,CMP004,CH02
T000827,C00467,2025-10-05 00:00:00,CMP004,CH02
T000828,C00468,2025-05-12 00:00:00,CMP001,CH01
T000829,C00468,2025-05-19 17:53:00,CMP001,CH01
T000830,C00468,2025-05-24 12:13:00,CMP002,CH01
T000831,C00468,2025-05-29 23:14:00,CMP004,CH02
T000832,C00469,2025-06-20 00:00:00,CMP004,CH02
T000833,C00469,2025-06-25 01:26:00,CMP004,CH02
T000834,C00469,2025-07-01 15:42:00,CMP002,CH01
T000835,C00470,2025-11-13 00:00:00,CMP003,CH02
T000836,C00470,2025-11-20 11:36:00,CMP003,CH02
T000837,C00471,2025-05-21 00:00:00,CMP001,CH01
T000838,C00471,2025-05-23 21:39:00,CMP003,CH02
T000839,C00471,2025-05-27 17:01:00,CMP002,CH01
T000840,C00473,2025-04-02 00:00:00,CMP002,CH01
T000841,C00473,2025-04-04 21:48:00,CMP003,CH02
T000842,C00473,2025-04-08 12:13:00,CMP004,CH02
T000843,C00474,2025-06-26 00:00:00,CMP001,CH01
T000844,C00474,2025-06-27 12:54:00,CMP005,CH03
T000845,C00474,2025-07-01 17:27:00,CMP005,CH03
T000846,C00476,2025-12-11 00:00:00,CMP004,CH02
T000847,C00476,2025-12-16 10:37:00,CMP005,CH03
T000848,C00476,2025-12-19 08:01:00,CMP001,CH01
T000849,C00476,2025-12-26 22:25:00,CMP001,CH01
T000850,C00476,2026-01-03 10:49:00,CMP001,CH01
T000851,C00477,2025-04-08 00:00:00,CMP002,CH01
T000852,C00477,2025-04-13 04:17:00,CMP004,CH02
T000853,C00478,2025-12-12 00:00:00,CMP002,CH01
T000854,C00478,2025-12-18 01:07:00,CMP002,CH01
T000855,C00478,2025-12-22 07:00:00,CMP002,CH01
T000856,C00478,2025-12-27 04:18:00,CMP001,CH01
T000857,C00481,2025-03-09 00:00:00,CMP001,CH01
T000858,C00481,2025-03-15 04:20:00,CMP001,CH01
T000859,C00481,2025-03-17 10:41:00,CMP001,CH01
T000860,C00482,2025-01-01 00:00:00,CMP003,CH02
T000861,C00482,2025-01-07 16:53:00,CMP003,CH02
T000862,C00482,2025-01-13 05:49:00,CMP001,CH01
T000863,C00484,2025-01-29 00:00:00,CMP002,CH01
T000864,C00484,2025-01-31 00:40:00,CMP002,CH01
T000865,C00484,2025-02-06 08:01:00,CMP001,CH01
T000866,C00484,2025-02-07 14:47:00,CMP001,CH01
T000867,C00484,2025-02-11 02:45:00,CMP002,CH01
T000868,C00485,2025-05-28 00:00:00,CMP003,CH02
T000869,C00485,2025-05-30 04:08:00,CMP004,CH02
T000870,C00487,2025-03-17 00:00:00,CMP005,CH03
T000871,C00487,2025-03-22 08:58:00,CMP002,CH01
T000872,C00488,2025-05-22 00:00:00,CMP005,CH03
T000873,C00489,2025-10-03 00:00:00,CMP005,CH03
T000874,C00489,2025-10-07 16:14:00,CMP002,CH01
T000875,C00489,2025-10-14 22:57:00,CMP004,CH02
T000876,C00490,2025-03-19 00:00:00,CMP003,CH02
T000877,C00490,2025-03-22 01:48:00,CMP001,CH01
T000878,C00490,2025-03-23 15:47:00,CMP003,CH02
T000879,C00491,2025-10-17 00:00:00,CMP004,CH02
T000880,C00491,2025-10-23 16:05:00,CMP003,CH02
T000881,C00492,2025-10-18 00:00:00,CMP002,CH01
T000882,C00492,2025-10-25 09:10:00,CMP005,CH03
T000883,C00492,2025-10-28 23:43:00,CMP004,CH02
T000884,C00492,2025-11-05 13:34:00,CMP001,CH01
T000885,C00493,2025-05-25 00:00:00,CMP004,CH02
T000886,C00493,2025-06-01 11:55:00,CMP001,CH01
T000887,C00493,2025-06-04 10:14:00,CMP003,CH02
T000888,C00494,2025-09-10 00:00:00,CMP004,CH02
T000889,C00494,2025-09-12 10:19:00,CMP002,CH01
T000890,C00495,2025-06-17 00:00:00,CMP001,CH01
T000891,C00495,2025-06-21 16:43:00,CMP003,CH02
T000892,C00496,2025-05-08 00:00:00,CMP002,CH01
T000893,C00496,2025-05-11 07:35:00,CMP004,CH02
T000894,C00497,2025-05-15 00:00:00,CMP002,CH01
T000895,C00497,2025-05-19 13:24:00,CMP005,CH03
T000896,C00499,2025-10-07 00:00:00,CMP005,CH03
T000897,C00500,2025-09-14 00:00:00,CMP002,CH01
T000898,C00500,2025-09-20 21:08:00,CMP001,CH01
T000899,C00502,2025-04-21 00:00:00,CMP004,CH02
T000900,C00503,2025-02-22 00:00:00,CMP002,CH01
T000901,C00503,2025-03-01 22:08:00,CMP002,CH01
T000902,C00503,2025-03-03 19:49:00,CMP001,CH01
T000903,C00505,2025-02-12 00:00:00,CMP002,CH01
T000904,C00505,2025-02-15 07:00:00,CMP003,CH02
T000905,C00505,2025-02-16 07:51:00,CMP002,CH01
T000906,C00506,2025-11-02 00:00:00,CMP002,CH01
T000907,C00507,2025-05-19 00:00:00,CMP005,CH03
T000908,C00507,2025-05-21 02:38:00,CMP004,CH02
T000909,C00507,2025-05-28 17:44:00,CMP004,CH02
T000910,C00508,2025-05-05 00:00:00,CMP004,CH02
T000911,C00508,2025-05-12 18:59:00,CMP002,CH01
T000912,C00509,2025-01-15 00:00:00,CMP001,CH01
T000913,C00509,2025-01-22 01:47:00,CMP001,CH01
T000914,C00510,2025-11-04 00:00:00,CMP003,CH02
T000915,C00511,2025-07-02 00:00:00,CMP004,CH02
T000916,C00511,2025-07-08 13:40:00,CMP001,CH01
T000917,C00512,2025-09-01 00:00:00,CMP003,CH02
T000918,C00513,2025-03-08 00:00:00,CMP001,CH01
T000919,C00513,2025-03-13 18:09:00,CMP002,CH01
T000920,C00513,2025-03-17 00:38:00,CMP002,CH01
T000921,C00514,2025-05-28 00:00:00,CMP003,CH02
T000922,C00514,2025-05-29 06:13:00,CMP001,CH01
T000923,C00516,2025-06-14 00:00:00,CMP002,CH01
T000924,C00516,2025-06-15 14:00:00,CMP002,CH01
T000925,C00516,2025-06-18 11:07:00,CMP005,CH03
T000926,C00518,2025-04-22 00:00:00,CMP004,CH02
T000927,C00518,2025-04-27 14:19:00,CMP002,CH01
T000928,C00518,2025-05-04 05:35:00,CMP001,CH01
T000929,C00518,2025-05-05 13:00:00,CMP002,CH01
T000930,C00519,2025-12-11 00:00:00,CMP005,CH03
T000931,C00521,2025-10-09 00:00:00,CMP004,CH02
T000932,C00521,2025-10-10 05:50:00,CMP003,CH02
T000933,C00522,2025-04-19 00:00:00,CMP004,CH02
T000934,C00522,2025-04-24 13:55:00,CMP005,CH03
T000935,C00522,2025-04-27 05:30:00,CMP004,CH02
T000936,C00523,2025-12-29 00:00:00,CMP004,CH02
T000937,C00523,2026-01-03 06:12:00,CMP004,CH02
T000938,C00524,2025-10-28 00:00:00,CMP005,CH03
T000939,C00524,2025-11-01 18:10:00,CMP003,CH02
T000940,C00525,2025-07-23 00:00:00,CMP001,CH01
T000941,C00525,2025-07-26 17:22:00,CMP005,CH03
T000942,C00525,2025-07-27 22:34:00,CMP002,CH01
T000943,C00527,2025-05-22 00:00:00,CMP003,CH02
T000944,C00527,2025-05-27 02:07:00,CMP005,CH03
T000945,C00527,2025-06-02 12:02:00,CMP004,CH02
T000946,C00528,2025-04-03 00:00:00,CMP001,CH01
T000947,C00528,2025-04-10 12:47:00,CMP001,CH01
T000948,C00528,2025-04-16 09:52:00,CMP002,CH01
T000949,C00528,2025-04-22 10:11:00,CMP003,CH02
T000950,C00529,2025-11-17 00:00:00,CMP005,CH03
T000951,C00530,2025-06-23 00:00:00,CMP003,CH02
T000952,C00530,2025-06-26 23:52:00,CMP003,CH02
T000953,C00534,2025-05-13 00:00:00,CMP001,CH01
T000954,C00534,2025-05-18 07:31:00,CMP003,CH02
T000955,C00534,2025-05-20 10:44:00,CMP004,CH02
T000956,C00537,2025-06-22 00:00:00,CMP003,CH02
T000957,C00537,2025-06-24 15:25:00,CMP002,CH01
T000958,C00538,2025-10-18 00:00:00,CMP001,CH01
T000959,C00538,2025-10-25 17:27:00,CMP001,CH01
T000960,C00539,2025-11-01 00:00:00,CMP001,CH01
T000961,C00539,2025-11-04 07:49:00,CMP004,CH02
T000962,C00539,2025-11-09 08:24:00,CMP003,CH02
T000963,C00540,2025-09-09 00:00:00,CMP004,CH02
T000964,C00540,2025-09-11 06:38:00,CMP003,CH02
T000965,C00543,2025-07-06 00:00:00,CMP004,CH02
T000966,C00543,2025-07-07 03:04:00,CMP001,CH01
T000967,C00544,2025-01-01 00:00:00,CMP002,CH01
T000968,C00544,2025-01-03 23:12:00,CMP002,CH01
T000969,C00545,2025-02-08 00:00:00,CMP002,CH01
T000970,C00545,2025-02-13 19:00:00,CMP001,CH01
T000971,C00547,2025-02-19 00:00:00,CMP004,CH02
T000972,C00547,2025-02-23 08:52:00,CMP002,CH01
T000973,C00547,2025-02-28 09:11:00,CMP004,CH02
T000974,C00547,2025-03-08 06:49:00,CMP003,CH02
T000975,C00547,2025-03-09 17:46:00,CMP002,CH01
T000976,C00548,2025-08-21 00:00:00,CMP003,CH02
T000977,C00549,2025-07-18 00:00:00,CMP002,CH01
T000978,C00549,2025-07-19 18:43:00,CMP002,CH01
T000979,C00550,2025-04-03 00:00:00,CMP002,CH01
T000980,C00552,2025-09-18 00:00:00,CMP004,CH02
T000981,C00553,2025-05-17 00:00:00,CMP005,CH03
T000982,C00553,2025-05-22 15:06:00,CMP003,CH02
T000983,C00553,2025-05-30 11:29:00,CMP002,CH01
T000984,C00553,2025-06-06 02:08:00,CMP001,CH01
T000985,C00553,2025-06-13 17:37:00,CMP001,CH01
T000986,C00556,2025-11-13 00:00:00,CMP001,CH01
T000987,C00557,2025-04-04 00:00:00,CMP004,CH02
T000988,C00559,2025-10-28 00:00:00,CMP002,CH01
T000989,C00559,2025-10-31 13:32:00,CMP003,CH02
T000990,C00559,2025-11-06 10:15:00,CMP003,CH02
T000991,C00559,2025-11-13 12:17:00,CMP005,CH03
T000992,C00561,2025-04-13 00:00:00,CMP005,CH03
T000993,C00561,2025-04-18 12:30:00,CMP004,CH02
T000994,C00561,2025-04-26 06:48:00,CMP004,CH02
T000995,C00562,2025-05-20 00:00:00,CMP004,CH02
T000996,C00562,2025-05-21 05:24:00,CMP001,CH01
T000997,C00564,2025-08-06 00:00:00,CMP004,CH02
T000998,C00564,2025-08-13 11:38:00,CMP002,CH01
T000999,C00564,2025-08-20 20:25:00,CMP002,CH01
T001000,C00565,2025-11-13 00:00:00,CMP002,CH01
T001001,C00565,2025-11-18 20:16:00,CMP005,CH03
T001002,C00566,2025-11-18 00:00:00,CMP004,CH02
T001003,C00566,2025-11-20 08:54:00,CMP002,CH01
T001004,C00567,2025-11-23 00:00:00,CMP001,CH01
T001005,C00568,2025-03-28 00:00:00,CMP003,CH02
T001006,C00568,2025-03-29 17:46:00,CMP002,CH01
T001007,C00569,2025-06-11 00:00:00,CMP004,CH02
T001008,C00569,2025-06-17 19:16:00,CMP002,CH01
T001009,C00569,2025-06-19 02:44:00,CMP004,CH02
T001010,C00570,2025-01-17 00:00:00,CMP004,CH02
T001011,C00570,2025-01-21 16:00:00,CMP002,CH01
T001012,C00570,2025-01-26 22:12:00,CMP004,CH02
T001013,C00571,2025-11-07 00:00:00,CMP001,CH01
T001014,C00571,2025-11-11 19:24:00,CMP002,CH01
T001015,C00572,2025-05-22 00:00:00,CMP004,CH02
T001016,C00572,2025-05-23 15:14:00,CMP002,CH01
T001017,C00572,2025-05-24 23:19:00,CMP002,CH01
T001018,C00573,2025-12-28 00:00:00,CMP002,CH01
T001019,C00574,2025-03-14 00:00:00,CMP002,CH01
T001020,C00576,2025-11-20 00:00:00,CMP003,CH02
T001021,C00576,2025-11-22 06:57:00,CMP002,CH01
T001022,C00577,2025-05-17 00:00:00,CMP003,CH02
T001023,C00577,2025-05-24 12:55:00,CMP002,CH01
T001024,C00577,2025-05-25 20:08:00,CMP004,CH02
T001025,C00578,2025-10-20 00:00:00,CMP003,CH02
T001026,C00578,2025-10-23 03:21:00,CMP003,CH02
T001027,C00578,2025-10-30 05:06:00,CMP005,CH03
T001028,C00579,2025-01-28 00:00:00,CMP004,CH02
T001029,C00579,2025-01-29 05:40:00,CMP002,CH01
T001030,C00579,2025-01-30 21:31:00,CMP003,CH02
T001031,C00579,2025-02-06 16:51:00,CMP001,CH01
T001032,C00581,2025-08-25 00:00:00,CMP002,CH01
T001033,C00581,2025-08-31 15:12:00,CMP003,CH02
T001034,C00582,2025-05-09 00:00:00,CMP001,CH01
T001035,C00584,2025-05-19 00:00:00,CMP004,CH02
T001036,C00584,2025-05-23 16:37:00,CMP001,CH01
T001037,C00585,2025-12-09 00:00:00,CMP004,CH02
T001038,C00585,2025-12-15 21:11:00,CMP002,CH01
T001039,C00585,2025-12-18 11:12:00,CMP004,CH02
T001040,C00586,2025-08-29 00:00:00,CMP001,CH01
T001041,C00586,2025-08-30 20:54:00,CMP005,CH03
T001042,C00587,2025-11-04 00:00:00,CMP001,CH01
T001043,C00587,2025-11-10 12:59:00,CMP001,CH01
T001044,C00587,2025-11-13 07:06:00,CMP001,CH01
T001045,C00587,2025-11-17 21:22:00,CMP002,CH01
T001046,C00588,2025-12-11 00:00:00,CMP001,CH01
T001047,C00588,2025-12-17 06:58:00,CMP005,CH03
T001048,C00588,2025-12-21 20:57:00,CMP003,CH02
T001049,C00588,2025-12-23 07:55:00,CMP003,CH02
T001050,C00588,2025-12-30 08:26:00,CMP003,CH02
T001051,C00589,2025-07-27 00:00:00,CMP004,CH02
T001052,C00589,2025-07-30 03:56:00,CMP001,CH01
T001053,C00589,2025-08-03 11:58:00,CMP002,CH01
T001054,C00589,2025-08-08 04:11:00,CMP004,CH02
T001055,C00590,2025-05-18 00:00:00,CMP003,CH02
T001056,C00590,2025-05-20 00:14:00,CMP002,CH01
T001057,C00591,2025-06-18 00:00:00,CMP003,CH02
T001058,C00592,2025-05-15 00:00:00,CMP003,CH02
T001059,C00592,2025-05-19 05:32:00,CMP001,CH01
T001060,C00592,2025-05-20 11:39:00,CMP004,CH02
T001061,C00593,2025-07-19 00:00:00,CMP004,CH02
T001062,C00593,2025-07-22 07:47:00,CMP005,CH03
T001063,C00593,2025-07-26 23:34:00,CMP003,CH02
T001064,C00594,2025-05-14 00:00:00,CMP005,CH03
T001065,C00594,2025-05-15 17:35:00,CMP003,CH02
T001066,C00594,2025-05-19 17:12:00,CMP001,CH01
T001067,C00594,2025-05-21 22:52:00,CMP001,CH01
T001068,C00595,2025-06-25 00:00:00,CMP001,CH01
T001069,C00598,2025-07-05 00:00:00,CMP001,CH01
T001070,C00601,2025-11-07 00:00:00,CMP005,CH03
T001071,C00601,2025-11-13 19:25:00,CMP002,CH01
T001072,C00601,2025-11-15 20:03:00,CMP004,CH02
T001073,C00602,2025-07-24 00:00:00,CMP002,CH01
T001074,C00602,2025-07-25 07:01:00,CMP002,CH01
T001075,C00602,2025-08-01 01:08:00,CMP004,CH02
T001076,C00602,2025-08-04 02:59:00,CMP001,CH01
T001077,C00604,2025-03-02 00:00:00,CMP001,CH01
T001078,C00606,2025-10-13 00:00:00,CMP005,CH03
T001079,C00606,2025-10-16 00:01:00,CMP002,CH01
T001080,C00607,2025-03-13 00:00:00,CMP003,CH02
T001081,C00607,2025-03-20 22:54:00,CMP002,CH01
T001082,C00607,2025-03-26 03:45:00,CMP005,CH03
T001083,C00609,2025-12-21 00:00:00,CMP001,CH01
T001084,C00612,2025-06-02 00:00:00,CMP003,CH02
T001085,C00612,2025-06-08 14:13:00,CMP005,CH03
T001086,C00612,2025-06-12 05:01:00,CMP004,CH02
T001087,C00612,2025-06-17 19:57:00,CMP001,CH01
T001088,C00613,2025-06-18 00:00:00,CMP003,CH02
T001089,C00613,2025-06-21 07:33:00,CMP004,CH02
T001090,C00614,2025-03-16 00:00:00,CMP004,CH02
T001091,C00614,2025-03-18 16:55:00,CMP001,CH01
T001092,C00615,2025-02-20 00:00:00,CMP003,CH02
T001093,C00616,2025-12-18 00:00:00,CMP002,CH01
T001094,C00616,2025-12-23 16:42:00,CMP004,CH02
T001095,C00616,2025-12-27 03:19:00,CMP001,CH01
T001096,C00617,2025-11-14 00:00:00,CMP002,CH01
T001097,C00617,2025-11-17 08:47:00,CMP003,CH02
T001098,C00617,2025-11-21 12:30:00,CMP004,CH02
T001099,C00618,2025-10-11 00:00:00,CMP002,CH01
T001100,C00621,2025-06-16 00:00:00,CMP004,CH02
T001101,C00621,2025-06-21 18:08:00,CMP003,CH02
T001102,C00621,2025-06-25 07:53:00,CMP002,CH01
T001103,C00622,2025-07-31 00:00:00,CMP003,CH02
T001104,C00622,2025-08-03 11:50:00,CMP002,CH01
T001105,C00623,2025-09-18 00:00:00,CMP003,CH02
T001106,C00623,2025-09-25 01:32:00,CMP004,CH02
T001107,C00623,2025-09-27 22:41:00,CMP002,CH01
T001108,C00623,2025-10-05 09:00:00,CMP002,CH01
T001109,C00624,2025-09-10 00:00:00,CMP002,CH01
T001110,C00624,2025-09-15 05:23:00,CMP002,CH01
T001111,C00625,2025-08-18 00:00:00,CMP001,CH01
T001112,C00625,2025-08-21 23:37:00,CMP004,CH02
T001113,C00626,2025-01-20 00:00:00,CMP001,CH01
T001114,C00626,2025-01-21 22:18:00,CMP004,CH02
T001115,C00627,2025-06-08 00:00:00,CMP003,CH02
T001116,C00627,2025-06-14 13:29:00,CMP004,CH02
T001117,C00627,2025-06-20 16:56:00,CMP002,CH01
T001118,C00628,2025-08-04 00:00:00,CMP003,CH02
T001119,C00628,2025-08-08 03:09:00,CMP002,CH01
T001120,C00629,2025-03-28 00:00:00,CMP004,CH02
T001121,C00629,2025-04-01 14:16:00,CMP003,CH02
T001122,C00629,2025-04-08 14:40:00,CMP002,CH01
T001123,C00630,2025-03-20 00:00:00,CMP002,CH01
T001124,C00630,2025-03-26 15:25:00,CMP002,CH01
T001125,C00630,2025-04-02 17:43:00,CMP004,CH02
T001126,C00631,2025-02-22 00:00:00,CMP002,CH01
T001127,C00631,2025-02-28 01:03:00,CMP002,CH01
T001128,C00633,2025-05-29 00:00:00,CMP002,CH01
T001129,C00634,2025-08-11 00:00:00,CMP004,CH02
T001130,C00634,2025-08-12 13:35:00,CMP005,CH03
T001131,C00634,2025-08-18 19:48:00,CMP002,CH01
T001132,C00634,2025-08-25 11:32:00,CMP005,CH03
T001133,C00635,2025-10-14 00:00:00,CMP004,CH02
T001134,C00635,2025-10-19 11:48:00,CMP001,CH01
T001135,C00636,2025-09-15 00:00:00,CMP002,CH01
T001136,C00638,2025-08-31 00:00:00,CMP001,CH01
T001137,C00638,2025-09-03 21:30:00,CMP003,CH02
T001138,C00639,2025-10-24 00:00:00,CMP002,CH01
T001139,C00639,2025-10-26 07:25:00,CMP003,CH02
T001140,C00639,2025-10-28 03:08:00,CMP005,CH03
T001141,C00640,2025-01-19 00:00:00,CMP003,CH02
T001142,C00640,2025-01-24 16:34:00,CMP002,CH01
T001143,C00641,2025-07-10 00:00:00,CMP004,CH02
T001144,C00642,2025-02-25 00:00:00,CMP002,CH01
T001145,C00643,2025-05-26 00:00:00,CMP001,CH01
T001146,C00644,2025-05-02 00:00:00,CMP004,CH02
T001147,C00644,2025-05-07 13:15:00,CMP002,CH01
T001148,C00644,2025-05-08 19:13:00,CMP001,CH01
T001149,C00645,2025-08-18 00:00:00,CMP003,CH02
T001150,C00645,2025-08-24 02:35:00,CMP003,CH02
T001151,C00646,2025-08-19 00:00:00,CMP003,CH02
T001152,C00646,2025-08-26 13:49:00,CMP002,CH01
T001153,C00647,2025-03-11 00:00:00,CMP004,CH02
T001154,C00647,2025-03-16 07:19:00,CMP003,CH02
T001155,C00647,2025-03-17 12:37:00,CMP001,CH01
T001156,C00647,2025-03-25 01:04:00,CMP002,CH01
T001157,C00648,2025-06-07 00:00:00,CMP002,CH01
T001158,C00648,2025-06-08 08:29:00,CMP003,CH02
T001159,C00648,2025-06-11 06:17:00,CMP001,CH01
T001160,C00649,2025-05-03 00:00:00,CMP002,CH01
T001161,C00649,2025-05-10 20:20:00,CMP003,CH02
T001162,C00650,2025-06-04 00:00:00,CMP002,CH01
T001163,C00650,2025-06-09 05:19:00,CMP002,CH01
T001164,C00650,2025-06-14 02:24:00,CMP002,CH01
T001165,C00651,2025-10-19 00:00:00,CMP003,CH02
T001166,C00651,2025-10-22 07:05:00,CMP004,CH02
T001167,C00651,2025-10-25 20:30:00,CMP002,CH01
T001168,C00652,2025-03-20 00:00:00,CMP003,CH02
T001169,C00652,2025-03-27 18:48:00,CMP001,CH01
T001170,C00654,2025-10-29 00:00:00,CMP002,CH01
T001171,C00654,2025-11-02 21:51:00,CMP003,CH02
T001172,C00655,2025-03-13 00:00:00,CMP003,CH02
T001173,C00656,2025-11-29 00:00:00,CMP003,CH02
T001174,C00656,2025-12-05 04:17:00,CMP002,CH01
T001175,C00657,2025-04-26 00:00:00,CMP002,CH01
T001176,C00657,2025-04-28 15:45:00,CMP003,CH02
T001177,C00657,2025-05-01 17:09:00,CMP003,CH02
T001178,C00657,2025-05-02 23:41:00,CMP002,CH01
T001179,C00658,2025-06-17 00:00:00,CMP002,CH01
T001180,C00658,2025-06-19 01:59:00,CMP002,CH01
T001181,C00658,2025-06-22 12:36:00,CMP002,CH01
T001182,C00658,2025-06-29 23:19:00,CMP004,CH02
T001183,C00659,2025-07-10 00:00:00,CMP004,CH02
T001184,C00659,2025-07-14 16:24:00,CMP003,CH02
T001185,C00659,2025-07-15 18:20:00,CMP002,CH01
T001186,C00659,2025-07-17 17:28:00,CMP005,CH03
T001187,C00660,2025-05-14 00:00:00,CMP003,CH02
T001188,C00660,2025-05-19 08:13:00,CMP005,CH03
T001189,C00661,2025-07-30 00:00:00,CMP001,CH01
T001190,C00662,2025-05-10 00:00:00,CMP001,CH01
T001191,C00662,2025-05-11 09:09:00,CMP001,CH01
T001192,C00662,2025-05-18 01:36:00,CMP002,CH01
T001193,C00662,2025-05-22 23:42:00,CMP004,CH02
T001194,C00663,2025-11-20 00:00:00,CMP003,CH02
T001195,C00664,2025-12-03 00:00:00,CMP001,CH01
T001196,C00664,2025-12-06 13:23:00,CMP003,CH02
T001197,C00664,2025-12-08 20:43:00,CMP004,CH02
T001198,C00665,2025-11-17 00:00:00,CMP002,CH01
T001199,C00665,2025-11-19 05:53:00,CMP001,CH01
T001200,C00665,2025-11-24 22:48:00,CMP005,CH03
T001201,C00666,2025-04-06 00:00:00,CMP004,CH02
T001202,C00666,2025-04-12 18:44:00,CMP004,CH02
T001203,C00666,2025-04-20 02:52:00,CMP001,CH01
T001204,C00666,2025-04-25 05:52:00,CMP002,CH01
T001205,C00667,2025-09-09 00:00:00,CMP001,CH01
T001206,C00667,2025-09-12 04:08:00,CMP003,CH02
T001207,C00667,2025-09-17 12:30:00,CMP002,CH01
T001208,C00667,2025-09-25 09:19:00,CMP004,CH02
T001209,C00667,2025-09-29 04:12:00,CMP004,CH02
T001210,C00669,2025-03-09 00:00:00,CMP002,CH01
T001211,C00670,2025-08-08 00:00:00,CMP001,CH01
T001212,C00670,2025-08-09 09:13:00,CMP002,CH01
T001213,C00671,2025-01-04 00:00:00,CMP003,CH02
T001214,C00672,2025-07-07 00:00:00,CMP001,CH01
T001215,C00672,2025-07-08 13:04:00,CMP001,CH01
T001216,C00672,2025-07-15 18:01:00,CMP004,CH02
T001217,C00673,2025-08-22 00:00:00,CMP002,CH01
T001218,C00673,2025-08-29 06:52:00,CMP002,CH01
T001219,C00675,2025-03-21 00:00:00,CMP001,CH01
T001220,C00675,2025-03-23 02:39:00,CMP001,CH01
T001221,C00675,2025-03-26 10:30:00,CMP001,CH01
T001222,C00675,2025-03-30 23:56:00,CMP002,CH01
T001223,C00676,2025-07-25 00:00:00,CMP001,CH01
T001224,C00677,2025-08-03 00:00:00,CMP004,CH02
T001225,C00677,2025-08-06 14:20:00,CMP002,CH01
T001226,C00678,2025-01-28 00:00:00,CMP003,CH02
T001227,C00678,2025-02-01 20:57:00,CMP002,CH01
T001228,C00678,2025-02-03 01:26:00,CMP004,CH02
T001229,C00678,2025-02-04 01:26:00,CMP004,CH02
T001230,C00679,2025-12-17 00:00:00,CMP005,CH03
T001231,C00679,2025-12-22 15:02:00,CMP002,CH01
T001232,C00679,2025-12-24 01:31:00,CMP005,CH03
T001233,C00679,2025-12-31 03:42:00,CMP001,CH01
T001234,C00680,2025-12-19 00:00:00,CMP003,CH02
T001235,C00680,2025-12-26 05:15:00,CMP002,CH01
T001236,C00681,2025-12-23 00:00:00,CMP005,CH03
T001237,C00681,2025-12-24 20:55:00,CMP002,CH01
T001238,C00681,2025-12-30 06:41:00,CMP003,CH02
T001239,C00681,2026-01-02 09:36:00,CMP004,CH02
T001240,C00682,2025-08-15 00:00:00,CMP003,CH02
T001241,C00684,2025-09-28 00:00:00,CMP001,CH01
T001242,C00685,2025-05-16 00:00:00,CMP002,CH01
T001243,C00686,2025-06-19 00:00:00,CMP004,CH02
T001244,C00686,2025-06-24 00:09:00,CMP004,CH02
T001245,C00686,2025-06-27 03:03:00,CMP004,CH02
T001246,C00687,2025-09-16 00:00:00,CMP001,CH01
T001247,C00689,2025-04-08 00:00:00,CMP002,CH01
T001248,C00689,2025-04-15 11:46:00,CMP001,CH01
T001249,C00689,2025-04-19 18:34:00,CMP001,CH01
T001250,C00690,2025-12-25 00:00:00,CMP002,CH01
T001251,C00690,2025-12-29 22:55:00,CMP001,CH01
T001252,C00690,2026-01-04 16:52:00,CMP002,CH01
T001253,C00691,2025-08-18 00:00:00,CMP001,CH01
T001254,C00691,2025-08-24 04:06:00,CMP004,CH02
T001255,C00692,2025-02-26 00:00:00,CMP004,CH02
T001256,C00692,2025-03-01 22:44:00,CMP004,CH02
T001257,C00693,2025-04-25 00:00:00,CMP004,CH02
T001258,C00693,2025-05-01 18:47:00,CMP002,CH01
T001259,C00694,2025-07-11 00:00:00,CMP002,CH01
T001260,C00694,2025-07-12 14:24:00,CMP003,CH02
T001261,C00694,2025-07-15 15:46:00,CMP003,CH02
T001262,C00696,2025-10-16 00:00:00,CMP001,CH01
T001263,C00696,2025-10-23 22:04:00,CMP005,CH03
T001264,C00696,2025-10-30 09:50:00,CMP002,CH01
T001265,C00696,2025-11-07 03:55:00,CMP004,CH02
T001266,C00696,2025-11-12 21:07:00,CMP001,CH01
T001267,C00697,2025-07-12 00:00:00,CMP002,CH01
T001268,C00697,2025-07-16 00:33:00,CMP003,CH02
T001269,C00697,2025-07-23 09:19:00,CMP002,CH01
T001270,C00699,2025-11-19 00:00:00,CMP002,CH01
T001271,C00699,2025-11-26 11:52:00,CMP001,CH01
T001272,C00700,2025-07-08 00:00:00,CMP002,CH01
T001273,C00701,2025-07-15 00:00:00,CMP004,CH02
T001274,C00701,2025-07-16 18:16:00,CMP002,CH01
T001275,C00701,2025-07-23 18:46:00,CMP003,CH02
T001276,C00701,2025-07-30 05:13:00,CMP001,CH01
T001277,C00702,2025-12-05 00:00:00,CMP004,CH02
T001278,C00703,2025-11-20 00:00:00,CMP003,CH02
T001279,C00704,2025-03-04 00:00:00,CMP003,CH02
T001280,C00704,2025-03-09 00:47:00,CMP001,CH01
T001281,C00704,2025-03-14 08:14:00,CMP004,CH02
T001282,C00704,2025-03-20 04:18:00,CMP003,CH02
T001283,C00705,2025-02-04 00:00:00,CMP003,CH02
T001284,C00705,2025-02-05 01:55:00,CMP001,CH01
T001285,C00705,2025-02-07 17:39:00,CMP002,CH01
T001286,C00706,2025-12-09 00:00:00,CMP003,CH02
T001287,C00706,2025-12-14 14:29:00,CMP004,CH02
T001288,C00708,2025-05-23 00:00:00,CMP003,CH02
T001289,C00709,2025-03-08 00:00:00,CMP004,CH02
T001290,C00709,2025-03-09 03:36:00,CMP002,CH01
T001291,C00710,2025-07-25 00:00:00,CMP002,CH01
T001292,C00710,2025-07-26 15:28:00,CMP001,CH01
T001293,C00711,2025-10-16 00:00:00,CMP003,CH02
T001294,C00713,2025-03-03 00:00:00,CMP005,CH03
T001295,C00715,2025-10-19 00:00:00,CMP005,CH03
T001296,C00715,2025-10-25 14:51:00,CMP002,CH01
T001297,C00715,2025-10-31 12:30:00,CMP001,CH01
T001298,C00715,2025-11-01 14:01:00,CMP002,CH01
T001299,C00716,2025-09-26 00:00:00,CMP002,CH01
T001300,C00717,2025-10-10 00:00:00,CMP001,CH01
T001301,C00717,2025-10-11 15:46:00,CMP002,CH01
T001302,C00718,2025-11-07 00:00:00,CMP001,CH01
T001303,C00718,2025-11-14 19:59:00,CMP003,CH02
T001304,C00719,2025-04-21 00:00:00,CMP003,CH02
T001305,C00719,2025-04-24 12:38:00,CMP003,CH02
T001306,C00720,2025-01-19 00:00:00,CMP004,CH02
T001307,C00722,2025-05-11 00:00:00,CMP002,CH01
T001308,C00722,2025-05-16 03:09:00,CMP002,CH01
T001309,C00725,2025-08-04 00:00:00,CMP005,CH03
T001310,C00726,2025-12-14 00:00:00,CMP001,CH01
T001311,C00729,2025-09-02 00:00:00,CMP003,CH02
T001312,C00729,2025-09-03 10:41:00,CMP002,CH01
T001313,C00729,2025-09-06 03:32:00,CMP004,CH02
T001314,C00730,2025-06-18 00:00:00,CMP004,CH02
T001315,C00730,2025-06-20 13:44:00,CMP001,CH01
T001316,C00732,2025-10-09 00:00:00,CMP005,CH03
T001317,C00732,2025-10-12 15:32:00,CMP001,CH01
T001318,C00734,2025-12-07 00:00:00,CMP003,CH02
T001319,C00734,2025-12-10 23:23:00,CMP001,CH01
T001320,C00735,2025-03-12 00:00:00,CMP003,CH02
T001321,C00735,2025-03-13 14:41:00,CMP002,CH01
T001322,C00735,2025-03-18 01:38:00,CMP005,CH03
T001323,C00735,2025-03-25 09:14:00,CMP003,CH02
T001324,C00736,2025-07-11 00:00:00,CMP004,CH02
T001325,C00736,2025-07-17 20:03:00,CMP002,CH01
T001326,C00736,2025-07-22 18:45:00,CMP002,CH01
T001327,C00737,2025-04-15 00:00:00,CMP001,CH01
T001328,C00737,2025-04-17 21:19:00,CMP001,CH01
T001329,C00737,2025-04-24 07:32:00,CMP002,CH01
T001330,C00738,2025-06-19 00:00:00,CMP002,CH01
T001331,C00739,2025-08-24 00:00:00,CMP001,CH01
T001332,C00739,2025-08-29 08:32:00,CMP001,CH01
T001333,C00739,2025-09-05 14:56:00,CMP003,CH02
T001334,C00739,2025-09-13 02:24:00,CMP003,CH02
T001335,C00740,2025-04-11 00:00:00,CMP001,CH01
T001336,C00740,2025-04-12 13:34:00,CMP002,CH01
T001337,C00741,2025-10-02 00:00:00,CMP002,CH01
T001338,C00741,2025-10-03 12:36:00,CMP004,CH02
T001339,C00741,2025-10-06 07:17:00,CMP005,CH03
T001340,C00742,2025-02-04 00:00:00,CMP001,CH01
T001341,C00742,2025-02-06 15:49:00,CMP004,CH02
T001342,C00742,2025-02-11 00:28:00,CMP001,CH01
T001343,C00743,2025-01-01 00:00:00,CMP001,CH01
T001344,C00744,2025-11-24 00:00:00,CMP003,CH02
T001345,C00744,2025-11-29 19:41:00,CMP001,CH01
T001346,C00745,2025-08-18 00:00:00,CMP005,CH03
T001347,C00746,2025-09-15 00:00:00,CMP004,CH02
T001348,C00748,2025-09-13 00:00:00,CMP001,CH01
T001349,C00749,2025-01-28 00:00:00,CMP003,CH02
T001350,C00751,2025-12-18 00:00:00,CMP001,CH01
T001351,C00751,2025-12-20 09:53:00,CMP005,CH03
T001352,C00751,2025-12-23 19:19:00,CMP005,CH03
T001353,C00752,2025-06-24 00:00:00,CMP004,CH02
T001354,C00752,2025-07-01 12:39:00,CMP004,CH02
T001355,C00752,2025-07-03 17:21:00,CMP001,CH01
T001356,C00752,2025-07-06 17:52:00,CMP004,CH02
T001357,C00754,2025-04-28 00:00:00,CMP002,CH01
T001358,C00754,2025-05-02 01:58:00,CMP005,CH03
T001359,C00754,2025-05-07 12:51:00,CMP005,CH03
T001360,C00755,2025-01-26 00:00:00,CMP002,CH01
T001361,C00755,2025-02-02 07:59:00,CMP003,CH02
T001362,C00755,2025-02-09 10:02:00,CMP002,CH01
T001363,C00757,2025-06-22 00:00:00,CMP001,CH01
T001364,C00757,2025-06-25 20:48:00,CMP004,CH02
T001365,C00758,2025-03-26 00:00:00,CMP002,CH01
T001366,C00758,2025-03-27 15:21:00,CMP002,CH01
T001367,C00758,2025-04-01 07:23:00,CMP005,CH03
T001368,C00758,2025-04-04 20:39:00,CMP003,CH02
T001369,C00759,2025-06-21 00:00:00,CMP002,CH01
T001370,C00759,2025-06-23 06:43:00,CMP001,CH01
T001371,C00759,2025-06-27 18:29:00,CMP004,CH02
T001372,C00759,2025-06-30 10:50:00,CMP005,CH03
T001373,C00759,2025-07-05 13:11:00,CMP005,CH03
T001374,C00760,2025-11-28 00:00:00,CMP003,CH02
T001375,C00761,2025-03-29 00:00:00,CMP003,CH02
T001376,C00761,2025-04-04 10:11:00,CMP004,CH02
T001377,C00762,2025-10-27 00:00:00,CMP004,CH02
T001378,C00763,2025-03-23 00:00:00,CMP003,CH02
T001379,C00763,2025-03-28 08:32:00,CMP001,CH01
T001380,C00764,2025-04-21 00:00:00,CMP004,CH02
T001381,C00764,2025-04-24 22:45:00,CMP002,CH01
T001382,C00764,2025-04-30 16:57:00,CMP003,CH02
T001383,C00765,2025-01-03 00:00:00,CMP005,CH03
T001384,C00765,2025-01-10 05:52:00,CMP004,CH02
T001385,C00766,2025-03-19 00:00:00,CMP001,CH01
T001386,C00766,2025-03-24 20:19:00,CMP004,CH02
T001387,C00766,2025-03-29 15:51:00,CMP003,CH02
T001388,C00766,2025-04-04 04:16:00,CMP002,CH01
T001389,C00767,2025-03-17 00:00:00,CMP002,CH01
T001390,C00767,2025-03-24 19:07:00,CMP001,CH01
T001391,C00767,2025-03-29 10:03:00,CMP003,CH02
T001392,C00768,2025-05-20 00:00:00,CMP003,CH02
T001393,C00768,2025-05-25 03:58:00,CMP005,CH03
T001394,C00769,2025-12-02 00:00:00,CMP001,CH01
T001395,C00770,2025-06-11 00:00:00,CMP004,CH02
T001396,C00773,2025-10-01 00:00:00,CMP004,CH02
T001397,C00773,2025-10-03 09:11:00,CMP003,CH02
T001398,C00774,2025-05-09 00:00:00,CMP002,CH01
T001399,C00776,2025-05-05 00:00:00,CMP005,CH03
T001400,C00777,2025-05-10 00:00:00,CMP001,CH01
T001401,C00777,2025-05-15 13:28:00,CMP004,CH02
T001402,C00778,2025-06-09 00:00:00,CMP004,CH02
T001403,C00778,2025-06-14 23:12:00,CMP003,CH02
T001404,C00779,2025-10-02 00:00:00,CMP002,CH01
T001405,C00779,2025-10-08 13:45:00,CMP002,CH01
T001406,C00785,2025-12-25 00:00:00,CMP004,CH02
T001407,C00785,2026-01-01 15:31:00,CMP004,CH02
T001408,C00785,2026-01-02 16:59:00,CMP003,CH02
T001409,C00785,2026-01-05 02:52:00,CMP003,CH02
T001410,C00785,2026-01-06 10:45:00,CMP001,CH01
T001411,C00786,2025-12-19 00:00:00,CMP003,CH02
T001412,C00787,2025-03-16 00:00:00,CMP002,CH01
T001413,C00787,2025-03-20 04:22:00,CMP002,CH01
T001414,C00787,2025-03-24 15:40:00,CMP004,CH02
T001415,C00788,2025-09-30 00:00:00,CMP003,CH02
T001416,C00788,2025-10-02 18:11:00,CMP002,CH01
T001417,C00789,2025-12-30 00:00:00,CMP004,CH02
T001418,C00789,2026-01-04 17:20:00,CMP003,CH02
T001419,C00789,2026-01-07 11:02:00,CMP001,CH01
T001420,C00790,2025-10-23 00:00:00,CMP001,CH01
T001421,C00790,2025-10-27 20:12:00,CMP005,CH03
T001422,C00790,2025-11-03 02:01:00,CMP004,CH02
T001423,C00791,2025-09-02 00:00:00,CMP004,CH02
T001424,C00791,2025-09-08 01:17:00,CMP001,CH01
T001425,C00792,2025-11-30 00:00:00,CMP001,CH01
T001426,C00792,2025-12-05 19:38:00,CMP002,CH01
T001427,C00792,2025-12-07 22:30:00,CMP001,CH01
T001428,C00792,2025-12-12 20:07:00,CMP003,CH02
T001429,C00793,2025-05-08 00:00:00,CMP002,CH01
T001430,C00794,2025-08-29 00:00:00,CMP005,CH03
T001431,C00794,2025-09-04 00:31:00,CMP002,CH01
T001432,C00796,2025-06-02 00:00:00,CMP003,CH02
T001433,C00796,2025-06-08 18:39:00,CMP003,CH02
T001434,C00797,2025-07-13 00:00:00,CMP003,CH02
T001435,C00798,2025-05-02 00:00:00,CMP003,CH02
T001436,C00798,2025-05-03 10:58:00,CMP003,CH02
T001437,C00798,2025-05-05 06:47:00,CMP004,CH02
T001438,C00799,2025-03-29 00:00:00,CMP001,CH01
T001439,C00800,2025-04-11 00:00:00,CMP004,CH02
T001440,C00800,2025-04-18 06:45:00,CMP001,CH01
T001441,C00801,2025-02-19 00:00:00,CMP003,CH02
T001442,C00802,2025-12-27 00:00:00,CMP005,CH03
T001443,C00803,2025-06-08 00:00:00,CMP002,CH01
T001444,C00803,2025-06-14 07:55:00,CMP004,CH02
T001445,C00804,2025-11-06 00:00:00,CMP001,CH01
T001446,C00804,2025-11-13 10:46:00,CMP001,CH01
T001447,C00804,2025-11-15 02:01:00,CMP002,CH01
T001448,C00805,2025-08-03 00:00:00,CMP004,CH02
T001449,C00805,2025-08-07 16:50:00,CMP004,CH02
T001450,C00806,2025-12-14 00:00:00,CMP001,CH01
T001451,C00806,2025-12-20 17:07:00,CMP001,CH01
T001452,C00808,2025-09-27 00:00:00,CMP004,CH02
T001453,C00808,2025-10-03 23:36:00,CMP004,CH02
T001454,C00808,2025-10-07 09:19:00,CMP002,CH01
T001455,C00808,2025-10-14 08:39:00,CMP004,CH02
T001456,C00809,2025-08-14 00:00:00,CMP004,CH02
T001457,C00809,2025-08-19 13:15:00,CMP004,CH02
T001458,C00809,2025-08-23 19:19:00,CMP001,CH01
T001459,C00810,2025-02-23 00:00:00,CMP004,CH02
T001460,C00810,2025-02-28 16:25:00,CMP001,CH01
T001461,C00810,2025-03-02 18:17:00,CMP002,CH01
T001462,C00810,2025-03-10 05:07:00,CMP005,CH03
T001463,C00811,2025-05-01 00:00:00,CMP004,CH02
T001464,C00813,2025-05-05 00:00:00,CMP004,CH02
T001465,C00813,2025-05-08 17:23:00,CMP004,CH02
T001466,C00813,2025-05-14 19:21:00,CMP001,CH01
T001467,C00813,2025-05-16 11:30:00,CMP002,CH01
T001468,C00815,2025-08-18 00:00:00,CMP001,CH01
T001469,C00815,2025-08-23 08:27:00,CMP001,CH01
T001470,C00816,2025-11-25 00:00:00,CMP004,CH02
T001471,C00816,2025-11-27 05:48:00,CMP001,CH01
T001472,C00817,2025-01-06 00:00:00,CMP001,CH01
T001473,C00817,2025-01-08 00:17:00,CMP001,CH01
T001474,C00817,2025-01-11 21:48:00,CMP002,CH01
T001475,C00818,2025-02-23 00:00:00,CMP001,CH01
T001476,C00820,2025-01-11 00:00:00,CMP002,CH01
T001477,C00821,2025-05-30 00:00:00,CMP001,CH01
T001478,C00822,2025-08-22 00:00:00,CMP003,CH02
T001479,C00823,2025-03-17 00:00:00,CMP003,CH02
T001480,C00823,2025-03-19 21:14:00,CMP003,CH02
T001481,C00824,2025-12-21 00:00:00,CMP002,CH01
T001482,C00824,2025-12-27 02:31:00,CMP002,CH01
T001483,C00824,2026-01-03 05:16:00,CMP003,CH02
T001484,C00824,2026-01-11 01:13:00,CMP004,CH02
T001485,C00825,2025-08-21 00:00:00,CMP002,CH01
T001486,C00825,2025-08-25 23:28:00,CMP005,CH03
T001487,C00827,2025-08-26 00:00:00,CMP003,CH02
T001488,C00827,2025-08-28 06:38:00,CMP003,CH02
T001489,C00828,2025-11-26 00:00:00,CMP003,CH02
T001490,C00828,2025-11-28 01:17:00,CMP003,CH02
T001491,C00828,2025-11-30 02:34:00,CMP002,CH01
T001492,C00830,2025-09-14 00:00:00,CMP002,CH01
T001493,C00830,2025-09-19 02:41:00,CMP004,CH02
T001494,C00831,2025-10-03 00:00:00,CMP003,CH02
T001495,C00832,2025-10-24 00:00:00,CMP003,CH02
T001496,C00832,2025-10-31 09:46:00,CMP003,CH02
T001497,C00832,2025-11-03 06:26:00,CMP004,CH02
T001498,C00832,2025-11-06 22:17:00,CMP002,CH01
T001499,C00833,2025-02-24 00:00:00,CMP004,CH02
T001500,C00833,2025-03-01 20:20:00,CMP001,CH01
T001501,C00833,2025-03-06 19:28:00,CMP001,CH01
T001502,C00833,2025-03-10 05:06:00,CMP001,CH01
T001503,C00834,2025-12-12 00:00:00,CMP003,CH02
T001504,C00834,2025-12-15 00:26:00,CMP001,CH01
T001505,C00835,2025-03-13 00:00:00,CMP005,CH03
T001506,C00835,2025-03-19 14:40:00,CMP001,CH01
T001507,C00835,2025-03-22 21:09:00,CMP003,CH02
T001508,C00837,2025-06-27 00:00:00,CMP002,CH01
T001509,C00837,2025-07-03 11:46:00,CMP002,CH01
T001510,C00840,2025-01-19 00:00:00,CMP002,CH01
T001511,C00841,2025-08-22 00:00:00,CMP002,CH01
T001512,C00841,2025-08-27 16:34:00,CMP005,CH03
T001513,C00842,2025-03-11 00:00:00,CMP005,CH03
T001514,C00842,2025-03-18 03:48:00,CMP005,CH03
T001515,C00843,2025-12-14 00:00:00,CMP003,CH02
T001516,C00843,2025-12-17 00:49:00,CMP004,CH02
T001517,C00843,2025-12-20 16:37:00,CMP005,CH03
T001518,C00844,2025-12-19 00:00:00,CMP002,CH01
T001519,C00844,2025-12-25 15:34:00,CMP003,CH02
T001520,C00845,2025-12-22 00:00:00,CMP005,CH03
T001521,C00846,2025-09-25 00:00:00,CMP002,CH01
T001522,C00846,2025-09-28 04:27:00,CMP001,CH01
T001523,C00846,2025-10-01 14:19:00,CMP005,CH03
T001524,C00847,2025-10-08 00:00:00,CMP002,CH01
T001525,C00848,2025-03-02 00:00:00,CMP003,CH02
T001526,C00849,2025-06-17 00:00:00,CMP002,CH01
T001527,C00850,2025-04-25 00:00:00,CMP004,CH02
T001528,C00850,2025-04-26 14:15:00,CMP001,CH01
T001529,C00851,2025-09-29 00:00:00,CMP003,CH02
T001530,C00851,2025-10-04 15:42:00,CMP004,CH02
T001531,C00852,2025-11-24 00:00:00,CMP004,CH02
T001532,C00852,2025-11-27 07:32:00,CMP005,CH03
T001533,C00852,2025-12-04 22:00:00,CMP003,CH02
T001534,C00853,2025-03-15 00:00:00,CMP002,CH01
T001535,C00853,2025-03-22 18:10:00,CMP002,CH01
T001536,C00854,2025-02-23 00:00:00,CMP005,CH03
T001537,C00854,2025-03-01 06:03:00,CMP001,CH01
T001538,C00855,2025-02-12 00:00:00,CMP004,CH02
T001539,C00856,2025-02-19 00:00:00,CMP003,CH02
T001540,C00856,2025-02-20 05:29:00,CMP002,CH01
T001541,C00856,2025-02-21 20:32:00,CMP001,CH01
T001542,C00857,2025-05-19 00:00:00,CMP001,CH01
T001543,C00857,2025-05-26 04:22:00,CMP004,CH02
T001544,C00857,2025-06-03 01:52:00,CMP002,CH01
T001545,C00858,2025-03-12 00:00:00,CMP002,CH01
T001546,C00858,2025-03-18 21:09:00,CMP001,CH01
T001547,C00859,2025-02-04 00:00:00,CMP001,CH01
T001548,C00860,2025-07-14 00:00:00,CMP001,CH01
T001549,C00861,2025-10-26 00:00:00,CMP001,CH01
T001550,C00861,2025-11-02 01:23:00,CMP004,CH02
T001551,C00862,2025-03-25 00:00:00,CMP003,CH02
T001552,C00864,2025-05-06 00:00:00,CMP004,CH02
T001553,C00864,2025-05-09 06:35:00,CMP002,CH01
T001554,C00864,2025-05-11 17:24:00,CMP002,CH01
T001555,C00864,2025-05-13 06:30:00,CMP005,CH03
T001556,C00864,2025-05-17 04:18:00,CMP003,CH02
T001557,C00865,2025-03-14 00:00:00,CMP002,CH01
T001558,C00866,2025-06-18 00:00:00,CMP002,CH01
T001559,C00867,2025-07-25 00:00:00,CMP003,CH02
T001560,C00867,2025-07-31 20:39:00,CMP002,CH01
T001561,C00867,2025-08-05 23:56:00,CMP004,CH02
T001562,C00867,2025-08-11 21:15:00,CMP005,CH03
T001563,C00867,2025-08-14 03:23:00,CMP001,CH01
T001564,C00868,2025-06-28 00:00:00,CMP003,CH02
T001565,C00869,2025-11-18 00:00:00,CMP002,CH01
T001566,C00869,2025-11-24 05:32:00,CMP003,CH02
T001567,C00869,2025-11-27 06:31:00,CMP004,CH02
T001568,C00870,2025-12-07 00:00:00,CMP003,CH02
T001569,C00870,2025-12-12 21:56:00,CMP004,CH02
T001570,C00871,2025-05-13 00:00:00,CMP004,CH02
T001571,C00871,2025-05-20 09:58:00,CMP001,CH01
T001572,C00872,2025-09-10 00:00:00,CMP002,CH01
T001573,C00872,2025-09-13 09:49:00,CMP005,CH03
T001574,C00872,2025-09-18 22:05:00,CMP004,CH02
T001575,C00873,2025-01-28 00:00:00,CMP001,CH01
T001576,C00873,2025-01-29 12:36:00,CMP003,CH02
T001577,C00874,2025-08-11 00:00:00,CMP001,CH01
T001578,C00875,2025-07-06 00:00:00,CMP004,CH02
T001579,C00876,2025-10-15 00:00:00,CMP002,CH01
T001580,C00876,2025-10-21 09:41:00,CMP004,CH02
T001581,C00877,2025-01-12 00:00:00,CMP004,CH02
T001582,C00878,2025-07-04 00:00:00,CMP002,CH01
T001583,C00879,2025-01-23 00:00:00,CMP001,CH01
T001584,C00879,2025-01-27 01:36:00,CMP004,CH02
T001585,C00880,2025-05-10 00:00:00,CMP002,CH01
T001586,C00880,2025-05-14 18:09:00,CMP002,CH01
T001587,C00880,2025-05-17 05:51:00,CMP005,CH03
T001588,C00880,2025-05-24 09:36:00,CMP002,CH01
T001589,C00881,2025-01-30 00:00:00,CMP001,CH01
T001590,C00881,2025-02-02 01:41:00,CMP004,CH02
T001591,C00882,2025-06-02 00:00:00,CMP001,CH01
T001592,C00882,2025-06-08 19:32:00,CMP005,CH03
T001593,C00882,2025-06-12 03:41:00,CMP002,CH01
T001594,C00885,2025-05-05 00:00:00,CMP002,CH01
T001595,C00885,2025-05-12 15:37:00,CMP005,CH03
T001596,C00886,2025-06-06 00:00:00,CMP003,CH02
T001597,C00887,2025-08-22 00:00:00,CMP004,CH02
T001598,C00887,2025-08-23 05:28:00,CMP004,CH02
T001599,C00888,2025-05-28 00:00:00,CMP003,CH02
T001600,C00888,2025-06-04 21:51:00,CMP001,CH01
T001601,C00889,2025-03-16 00:00:00,CMP005,CH03
T001602,C00889,2025-03-19 00:10:00,CMP001,CH01
T001603,C00890,2025-03-08 00:00:00,CMP002,CH01
T001604,C00890,2025-03-09 14:26:00,CMP005,CH03
T001605,C00890,2025-03-13 12:27:00,CMP004,CH02
T001606,C00891,2025-07-19 00:00:00,CMP002,CH01
T001607,C00891,2025-07-22 03:05:00,CMP001,CH01
T001608,C00891,2025-07-26 10:37:00,CMP001,CH01
T001609,C00892,2025-03-11 00:00:00,CMP004,CH02
T001610,C00893,2025-03-24 00:00:00,CMP001,CH01
T001611,C00893,2025-03-31 20:18:00,CMP003,CH02
T001612,C00893,2025-04-04 14:40:00,CMP001,CH01
T001613,C00894,2025-08-04 00:00:00,CMP002,CH01
T001614,C00894,2025-08-11 08:11:00,CMP001,CH01
T001615,C00895,2025-04-28 00:00:00,CMP004,CH02
T001616,C00895,2025-05-02 06:46:00,CMP004,CH02
T001617,C00896,2025-11-08 00:00:00,CMP002,CH01
T001618,C00896,2025-11-14 18:11:00,CMP001,CH01
T001619,C00896,2025-11-17 21:13:00,CMP001,CH01
T001620,C00896,2025-11-21 21:44:00,CMP002,CH01
T001621,C00897,2025-11-18 00:00:00,CMP003,CH02
T001622,C00900,2025-10-19 00:00:00,CMP003,CH02
T001623,C00900,2025-10-23 10:13:00,CMP004,CH02
T001624,C00900,2025-10-24 22:10:00,CMP002,CH01
T001625,C00900,2025-10-27 01:11:00,CMP002,CH01
T001626,C00900,2025-10-28 18:47:00,CMP003,CH02
T001627,C00901,2025-12-07 00:00:00,CMP004,CH02
T001628,C00903,2025-04-30 00:00:00,CMP002,CH01
T001629,C00903,2025-05-07 07:06:00,CMP005,CH03
T001630,C00903,2025-05-12 22:18:00,CMP004,CH02
T001631,C00905,2025-06-24 00:00:00,CMP001,CH01
T001632,C00907,2025-12-09 00:00:00,CMP005,CH03
T001633,C00907,2025-12-12 19:40:00,CMP004,CH02
T001634,C00908,2025-10-06 00:00:00,CMP004,CH02
T001635,C00909,2025-03-30 00:00:00,CMP001,CH01
T001636,C00909,2025-04-05 20:30:00,CMP001,CH01
T001637,C00911,2025-05-23 00:00:00,CMP002,CH01
T001638,C00911,2025-05-25 19:41:00,CMP003,CH02
T001639,C00912,2025-05-01 00:00:00,CMP001,CH01
T001640,C00913,2025-11-16 00:00:00,CMP003,CH02
T001641,C00913,2025-11-20 11:07:00,CMP002,CH01
T001642,C00914,2025-04-11 00:00:00,CMP001,CH01
T001643,C00915,2025-08-11 00:00:00,CMP004,CH02
T001644,C00916,2025-01-07 00:00:00,CMP001,CH01
T001645,C00916,2025-01-14 23:17:00,CMP001,CH01
T001646,C00916,2025-01-16 23:20:00,CMP002,CH01
T001647,C00918,2025-06-28 00:00:00,CMP003,CH02
T001648,C00918,2025-07-05 15:20:00,CMP002,CH01
T001649,C00920,2025-10-22 00:00:00,CMP004,CH02
T001650,C00920,2025-10-25 10:02:00,CMP002,CH01
T001651,C00921,2025-07-20 00:00:00,CMP002,CH01
T001652,C00921,2025-07-23 21:25:00,CMP001,CH01
T001653,C00921,2025-07-26 13:52:00,CMP005,CH03
T001654,C00922,2025-12-20 00:00:00,CMP001,CH01
T001655,C00923,2025-12-06 00:00:00,CMP002,CH01
T001656,C00923,2025-12-07 21:44:00,CMP002,CH01
T001657,C00923,2025-12-12 01:50:00,CMP002,CH01
T001658,C00925,2025-06-01 00:00:00,CMP003,CH02
T001659,C00926,2025-08-06 00:00:00,CMP004,CH02
T001660,C00927,2025-01-18 00:00:00,CMP002,CH01
T001661,C00927,2025-01-24 17:43:00,CMP004,CH02
T001662,C00929,2025-12-23 00:00:00,CMP004,CH02
T001663,C00929,2025-12-26 17:20:00,CMP002,CH01
T001664,C00929,2025-12-31 20:08:00,CMP001,CH01
T001665,C00930,2025-08-23 00:00:00,CMP003,CH02
T001666,C00930,2025-08-27 09:05:00,CMP003,CH02
T001667,C00930,2025-09-01 16:46:00,CMP003,CH02
T001668,C00933,2025-08-21 00:00:00,CMP002,CH01
T001669,C00933,2025-08-22 05:17:00,CMP003,CH02
T001670,C00934,2025-07-02 00:00:00,CMP003,CH02
T001671,C00934,2025-07-07 16:09:00,CMP005,CH03
T001672,C00935,2025-01-08 00:00:00,CMP002,CH01
T001673,C00935,2025-01-09 09:02:00,CMP002,CH01
T001674,C00936,2025-09-18 00:00:00,CMP004,CH02
T001675,C00936,2025-09-21 12:50:00,CMP003,CH02
T001676,C00937,2025-01-26 00:00:00,CMP004,CH02
T001677,C00937,2025-02-02 07:42:00,CMP005,CH03
T001678,C00938,2025-06-25 00:00:00,CMP004,CH02
T001679,C00938,2025-06-26 04:23:00,CMP002,CH01
T001680,C00938,2025-06-30 09:27:00,CMP001,CH01
T001681,C00938,2025-07-02 09:28:00,CMP003,CH02
T001682,C00940,2025-10-22 00:00:00,CMP002,CH01
T001683,C00940,2025-10-27 03:23:00,CMP001,CH01
T001684,C00941,2025-07-18 00:00:00,CMP002,CH01
T001685,C00942,2025-01-01 00:00:00,CMP004,CH02
T001686,C00942,2025-01-04 15:51:00,CMP003,CH02
T001687,C00942,2025-01-09 12:29:00,CMP001,CH01
T001688,C00943,2025-05-18 00:00:00,CMP001,CH01
T001689,C00943,2025-05-20 20:25:00,CMP002,CH01
T001690,C00943,2025-05-23 01:02:00,CMP003,CH02
T001691,C00943,2025-05-28 01:01:00,CMP003,CH02
T001692,C00944,2025-08-16 00:00:00,CMP004,CH02
T001693,C00944,2025-08-23 14:52:00,CMP005,CH03
T001694,C00944,2025-08-30 06:43:00,CMP001,CH01
T001695,C00944,2025-08-31 07:14:00,CMP002,CH01
T001696,C00945,2025-05-03 00:00:00,CMP001,CH01
T001697,C00946,2025-10-30 00:00:00,CMP001,CH01
T001698,C00946,2025-11-06 21:31:00,CMP005,CH03
T001699,C00946,2025-11-10 03:55:00,CMP003,CH02
T001700,C00947,2025-07-15 00:00:00,CMP001,CH01
T001701,C00947,2025-07-21 14:27:00,CMP001,CH01
T001702,C00947,2025-07-23 02:24:00,CMP002,CH01
T001703,C00948,2025-06-16 00:00:00,CMP002,CH01
T001704,C00949,2025-09-26 00:00:00,CMP001,CH01
T001705,C00949,2025-10-03 17:46:00,CMP002,CH01
T001706,C00950,2025-07-05 00:00:00,CMP004,CH02
T001707,C00950,2025-07-11 02:16:00,CMP001,CH01
T001708,C00951,2025-03-30 00:00:00,CMP002,CH01
T001709,C00951,2025-04-05 08:43:00,CMP003,CH02
T001710,C00952,2025-04-23 00:00:00,CMP003,CH02
T001711,C00953,2025-03-23 00:00:00,CMP001,CH01
T001712,C00953,2025-03-28 00:00:00,CMP002,CH01
T001713,C00953,2025-04-04 03:13:00,CMP004,CH02
T001714,C00954,2025-05-20 00:00:00,CMP005,CH03
T001715,C00955,2025-09-05 00:00:00,CMP001,CH01
T001716,C00955,2025-09-12 21:17:00,CMP001,CH01
T001717,C00957,2025-01-04 00:00:00,CMP002,CH01
T001718,C00958,2025-10-23 00:00:00,CMP001,CH01
T001719,C00958,2025-10-24 12:43:00,CMP004,CH02
T001720,C00958,2025-10-28 00:11:00,CMP003,CH02
T001721,C00959,2025-07-24 00:00:00,CMP005,CH03
T001722,C00959,2025-07-31 15:46:00,CMP002,CH01
T001723,C00959,2025-08-05 00:16:00,CMP005,CH03
T001724,C00960,2025-09-14 00:00:00,CMP003,CH02
T001725,C00961,2025-06-09 00:00:00,CMP002,CH01
T001726,C00961,2025-06-12 05:04:00,CMP002,CH01
T001727,C00963,2025-09-23 00:00:00,CMP002,CH01
T001728,C00963,2025-09-25 18:35:00,CMP003,CH02
T001729,C00963,2025-09-28 08:58:00,CMP002,CH01
T001730,C00965,2025-02-09 00:00:00,CMP003,CH02
T001731,C00967,2025-11-07 00:00:00,CMP001,CH01
T001732,C00969,2025-04-29 00:00:00,CMP003,CH02
T001733,C00969,2025-05-03 21:17:00,CMP001,CH01
T001734,C00969,2025-05-08 12:25:00,CMP002,CH01
T001735,C00971,2025-05-06 00:00:00,CMP001,CH01
T001736,C00971,2025-05-13 02:16:00,CMP001,CH01
T001737,C00972,2025-10-18 00:00:00,CMP004,CH02
T001738,C00972,2025-10-20 07:52:00,CMP001,CH01
T001739,C00972,2025-10-21 11:50:00,CMP001,CH01
T001740,C00974,2025-07-25 00:00:00,CMP002,CH01
T001741,C00974,2025-07-30 17:20:00,CMP002,CH01
T001742,C00975,2025-05-29 00:00:00,CMP002,CH01
T001743,C00976,2025-05-22 00:00:00,CMP001,CH01
T001744,C00977,2025-08-21 00:00:00,CMP004,CH02
T001745,C00978,2025-08-20 00:00:00,CMP005,CH03
T001746,C00979,2025-12-31 00:00:00,CMP005,CH03
T001747,C00979,2026-01-06 07:21:00,CMP002,CH01
T001748,C00979,2026-01-10 21:19:00,CMP003,CH02
T001749,C00980,2025-10-05 00:00:00,CMP004,CH02
T001750,C00980,2025-10-10 11:45:00,CMP004,CH02
T001751,C00980,2025-10-16 01:27:00,CMP002,CH01
T001752,C00981,2025-06-17 00:00:00,CMP005,CH03
T001753,C00981,2025-06-21 01:44:00,CMP001,CH01
T001754,C00981,2025-06-27 01:21:00,CMP005,CH03
T001755,C00981,2025-07-05 00:48:00,CMP001,CH01
T001756,C00982,2025-11-21 00:00:00,CMP002,CH01
T001757,C00982,2025-11-27 05:37:00,CMP001,CH01
T001758,C00982,2025-12-05 03:36:00,CMP003,CH02
T001759,C00984,2025-03-01 00:00:00,CMP002,CH01
T001760,C00984,2025-03-06 14:12:00,CMP002,CH01
T001761,C00984,2025-03-12 14:05:00,CMP003,CH02
T001762,C00984,2025-03-13 16:57:00,CMP004,CH02
T001763,C00985,2025-09-11 00:00:00,CMP004,CH02
T001764,C00985,2025-09-16 01:43:00,CMP004,CH02
T001765,C00985,2025-09-21 12:37:00,CMP004,CH02
T001766,C00985,2025-09-27 17:30:00,CMP001,CH01
T001767,C00986,2025-03-07 00:00:00,CMP001,CH01
T001768,C00986,2025-03-14 11:40:00,CMP001,CH01
T001769,C00987,2025-07-15 00:00:00,CMP001,CH01
T001770,C00987,2025-07-18 23:17:00,CMP002,CH01
T001771,C00987,2025-07-21 03:19:00,CMP001,CH01
T001772,C00987,2025-07-24 16:45:00,CMP001,CH01
T001773,C00988,2025-12-14 00:00:00,CMP002,CH01
T001774,C00988,2025-12-19 04:18:00,CMP001,CH01
T001775,C00989,2025-12-11 00:00:00,CMP003,CH02
T001776,C00990,2025-09-11 00:00:00,CMP002,CH01
T001777,C00991,2025-05-26 00:00:00,CMP001,CH01
T001778,C00991,2025-05-29 05:03:00,CMP001,CH01
T001779,C00991,2025-06-01 21:22:00,CMP001,CH01
T001780,C00992,2025-01-08 00:00:00,CMP004,CH02
T001781,C00992,2025-01-14 19:13:00,CMP004,CH02
T001782,C00994,2025-10-27 00:00:00,CMP003,CH02
T001783,C00996,2025-03-13 00:00:00,CMP002,CH01
T001784,C00996,2025-03-14 09:59:00,CMP004,CH02
T001785,C00996,2025-03-15 10:57:00,CMP003,CH02
T001786,C00997,2025-03-31 00:00:00,CMP001,CH01
T001787,C00997,2025-04-03 22:44:00,CMP001,CH01
T001788,C00998,2025-04-23 00:00:00,CMP002,CH01
T001789,C00998,2025-04-26 10:16:00,CMP002,CH01
T001790,C00998,2025-04-28 00:24:00,CMP002,CH01
T001791,C01000,2025-10-13 00:00:00,CMP005,CH03
T001792,C01001,2025-07-19 00:00:00,CMP002,CH01
T001793,C01001,2025-07-20 10:57:00,CMP003,CH02
T001794,C01002,2025-03-07 00:00:00,CMP003,CH02
T001795,C01002,2025-03-09 14:45:00,CMP001,CH01
T001796,C01002,2025-03-11 17:07:00,CMP001,CH01
T001797,C01003,2025-04-24 00:00:00,CMP003,CH02
T001798,C01003,2025-04-29 01:27:00,CMP001,CH01
T001799,C01003,2025-05-05 01:01:00,CMP005,CH03
T001800,C01003,2025-05-11 11:33:00,CMP001,CH01
T001801,C01005,2025-12-27 00:00:00,CMP004,CH02
T001802,C01006,2025-11-06 00:00:00,CMP004,CH02
T001803,C01007,2025-11-04 00:00:00,CMP001,CH01
T001804,C01008,2025-12-23 00:00:00,CMP004,CH02
T001805,C01008,2025-12-26 14:42:00,CMP005,CH03
T001806,C01010,2025-02-15 00:00:00,CMP002,CH01
T001807,C01010,2025-02-21 05:11:00,CMP001,CH01
T001808,C01010,2025-02-27 18:05:00,CMP003,CH02
T001809,C01011,2025-01-02 00:00:00,CMP004,CH02
T001810,C01012,2025-04-21 00:00:00,CMP002,CH01
T001811,C01013,2025-10-16 00:00:00,CMP004,CH02
T001812,C01013,2025-10-20 18:05:00,CMP002,CH01
T001813,C01013,2025-10-23 16:53:00,CMP005,CH03
T001814,C01015,2025-11-19 00:00:00,CMP001,CH01
T001815,C01016,2025-06-13 00:00:00,CMP001,CH01
T001816,C01016,2025-06-18 01:54:00,CMP003,CH02
T001817,C01016,2025-06-22 19:14:00,CMP003,CH02
T001818,C01017,2025-04-07 00:00:00,CMP003,CH02
T001819,C01017,2025-04-10 06:02:00,CMP001,CH01
T001820,C01017,2025-04-15 07:59:00,CMP001,CH01
T001821,C01017,2025-04-19 14:39:00,CMP005,CH03
T001822,C01018,2025-11-27 00:00:00,CMP005,CH03
T001823,C01018,2025-12-01 10:18:00,CMP002,CH01
T001824,C01018,2025-12-06 23:25:00,CMP002,CH01
T001825,C01018,2025-12-12 20:44:00,CMP005,CH03
T001826,C01021,2025-08-04 00:00:00,CMP003,CH02
T001827,C01021,2025-08-06 05:45:00,CMP002,CH01
T001828,C01022,2025-12-10 00:00:00,CMP002,CH01
T001829,C01022,2025-12-17 16:18:00,CMP005,CH03
T001830,C01022,2025-12-24 18:39:00,CMP002,CH01
T001831,C01023,2025-08-27 00:00:00,CMP002,CH01
T001832,C01026,2025-09-21 00:00:00,CMP002,CH01
T001833,C01027,2025-07-22 00:00:00,CMP003,CH02
T001834,C01027,2025-07-26 11:45:00,CMP004,CH02
T001835,C01027,2025-07-30 06:11:00,CMP002,CH01
T001836,C01027,2025-08-03 06:13:00,CMP004,CH02
T001837,C01027,2025-08-09 13:58:00,CMP001,CH01
T001838,C01028,2025-07-22 00:00:00,CMP004,CH02
T001839,C01029,2025-01-05 00:00:00,CMP003,CH02
T001840,C01030,2025-05-16 00:00:00,CMP002,CH01
T001841,C01031,2025-04-12 00:00:00,CMP002,CH01
T001842,C01032,2025-01-24 00:00:00,CMP002,CH01
T001843,C01033,2025-04-20 00:00:00,CMP001,CH01
T001844,C01033,2025-04-25 15:02:00,CMP003,CH02
T001845,C01035,2025-10-14 00:00:00,CMP001,CH01
T001846,C01035,2025-10-15 19:49:00,CMP001,CH01
T001847,C01036,2025-12-10 00:00:00,CMP001,CH01
T001848,C01036,2025-12-12 05:38:00,CMP003,CH02
T001849,C01036,2025-12-13 08:23:00,CMP005,CH03
T001850,C01036,2025-12-19 17:59:00,CMP002,CH01
T001851,C01037,2025-08-10 00:00:00,CMP003,CH02
T001852,C01038,2025-11-05 00:00:00,CMP001,CH01
T001853,C01039,2025-12-04 00:00:00,CMP005,CH03
T001854,C01039,2025-12-07 15:25:00,CMP002,CH01
T001855,C01039,2025-12-12 15:28:00,CMP005,CH03
T001856,C01039,2025-12-17 07:37:00,CMP002,CH01
T001857,C01041,2025-06-08 00:00:00,CMP003,CH02
T001858,C01041,2025-06-10 13:59:00,CMP003,CH02
T001859,C01043,2025-04-18 00:00:00,CMP003,CH02
T001860,C01043,2025-04-23 05:56:00,CMP003,CH02
T001861,C01044,2025-06-21 00:00:00,CMP003,CH02
T001862,C01044,2025-06-24 20:27:00,CMP001,CH01
T001863,C01045,2025-03-16 00:00:00,CMP001,CH01
T001864,C01045,2025-03-23 04:20:00,CMP002,CH01
T001865,C01046,2025-06-05 00:00:00,CMP004,CH02
T001866,C01047,2025-12-31 00:00:00,CMP001,CH01
T001867,C01047,2026-01-01 23:43:00,CMP002,CH01
T001868,C01047,2026-01-04 06:32:00,CMP003,CH02
T001869,C01049,2025-08-09 00:00:00,CMP002,CH01
T001870,C01050,2025-06-02 00:00:00,CMP003,CH02
T001871,C01052,2025-07-13 00:00:00,CMP004,CH02
T001872,C01052,2025-07-17 05:32:00,CMP004,CH02
T001873,C01052,2025-07-22 05:19:00,CMP003,CH02
T001874,C01054,2025-05-20 00:00:00,CMP005,CH03
T001875,C01054,2025-05-25 08:56:00,CMP001,CH01
T001876,C01054,2025-05-28 06:55:00,CMP004,CH02
T001877,C01054,2025-06-04 04:53:00,CMP003,CH02
T001878,C01055,2025-06-15 00:00:00,CMP002,CH01
T001879,C01055,2025-06-16 07:42:00,CMP002,CH01
T001880,C01056,2025-12-02 00:00:00,CMP001,CH01
T001881,C01056,2025-12-03 17:15:00,CMP003,CH02
T001882,C01057,2025-05-18 00:00:00,CMP002,CH01
T001883,C01057,2025-05-23 02:51:00,CMP001,CH01
T001884,C01057,2025-05-30 09:22:00,CMP005,CH03
T001885,C01060,2025-10-10 00:00:00,CMP004,CH02
T001886,C01060,2025-10-11 21:56:00,CMP001,CH01
T001887,C01060,2025-10-18 22:00:00,CMP002,CH01
T001888,C01060,2025-10-20 14:48:00,CMP002,CH01
T001889,C01061,2025-10-24 00:00:00,CMP001,CH01
T001890,C01061,2025-10-26 06:04:00,CMP005,CH03
T001891,C01062,2025-04-22 00:00:00,CMP003,CH02
T001892,C01062,2025-04-25 00:37:00,CMP003,CH02
T001893,C01062,2025-04-26 06:08:00,CMP001,CH01
T001894,C01064,2025-08-07 00:00:00,CMP002,CH01
T001895,C01064,2025-08-08 03:11:00,CMP003,CH02
T001896,C01065,2025-05-06 00:00:00,CMP001,CH01
T001897,C01065,2025-05-13 14:31:00,CMP003,CH02
T001898,C01065,2025-05-18 09:15:00,CMP003,CH02
T001899,C01066,2025-12-02 00:00:00,CMP003,CH02
T001900,C01066,2025-12-09 23:05:00,CMP005,CH03
T001901,C01066,2025-12-14 09:58:00,CMP005,CH03
T001902,C01067,2025-09-29 00:00:00,CMP001,CH01
T001903,C01067,2025-10-01 16:58:00,CMP004,CH02
T001904,C01067,2025-10-03 04:56:00,CMP001,CH01
T001905,C01067,2025-10-07 04:27:00,CMP002,CH01
T001906,C01068,2025-11-17 00:00:00,CMP001,CH01
T001907,C01068,2025-11-23 22:35:00,CMP002,CH01
T001908,C01068,2025-11-26 13:44:00,CMP003,CH02
T001909,C01069,2025-01-24 00:00:00,CMP003,CH02
T001910,C01069,2025-01-30 23:46:00,CMP003,CH02
T001911,C01070,2025-05-25 00:00:00,CMP003,CH02
T001912,C01070,2025-05-30 20:07:00,CMP001,CH01
T001913,C01070,2025-06-02 01:14:00,CMP002,CH01
T001914,C01072,2025-11-04 00:00:00,CMP004,CH02
T001915,C01075,2025-10-07 00:00:00,CMP001,CH01
T001916,C01075,2025-10-13 23:48:00,CMP002,CH01
T001917,C01075,2025-10-20 14:12:00,CMP001,CH01
T001918,C01076,2025-03-25 00:00:00,CMP001,CH01
T001919,C01077,2025-06-27 00:00:00,CMP004,CH02
T001920,C01077,2025-06-29 16:57:00,CMP004,CH02
T001921,C01077,2025-07-02 05:28:00,CMP003,CH02
T001922,C01079,2025-08-17 00:00:00,CMP003,CH02
T001923,C01080,2025-10-02 00:00:00,CMP002,CH01
T001924,C01080,2025-10-04 19:00:00,CMP001,CH01
T001925,C01080,2025-10-06 05:12:00,CMP003,CH02
T001926,C01081,2025-08-15 00:00:00,CMP001,CH01
T001927,C01081,2025-08-16 05:10:00,CMP001,CH01
T001928,C01082,2025-06-23 00:00:00,CMP001,CH01
T001929,C01082,2025-06-30 00:18:00,CMP005,CH03
T001930,C01083,2025-11-08 00:00:00,CMP003,CH02
T001931,C01083,2025-11-15 02:03:00,CMP003,CH02
T001932,C01084,2025-01-02 00:00:00,CMP003,CH02
T001933,C01084,2025-01-07 10:10:00,CMP003,CH02
T001934,C01084,2025-01-12 01:38:00,CMP001,CH01
T001935,C01085,2025-08-20 00:00:00,CMP003,CH02
T001936,C01085,2025-08-21 23:00:00,CMP003,CH02
T001937,C01087,2025-07-21 00:00:00,CMP002,CH01
T001938,C01087,2025-07-24 01:21:00,CMP005,CH03
T001939,C01087,2025-07-26 11:41:00,CMP004,CH02
T001940,C01088,2025-08-15 00:00:00,CMP001,CH01
T001941,C01088,2025-08-21 19:28:00,CMP001,CH01
T001942,C01088,2025-08-28 00:03:00,CMP001,CH01
T001943,C01089,2025-05-01 00:00:00,CMP001,CH01
T001944,C01089,2025-05-04 03:05:00,CMP004,CH02
T001945,C01089,2025-05-05 09:21:00,CMP001,CH01
T001946,C01090,2025-11-13 00:00:00,CMP003,CH02
T001947,C01091,2025-07-25 00:00:00,CMP002,CH01
T001948,C01093,2025-05-20 00:00:00,CMP004,CH02
T001949,C01093,2025-05-24 02:46:00,CMP001,CH01
T001950,C01093,2025-05-26 00:11:00,CMP002,CH01
T001951,C01094,2025-09-19 00:00:00,CMP003,CH02
T001952,C01094,2025-09-21 20:42:00,CMP001,CH01
T001953,C01095,2025-12-05 00:00:00,CMP003,CH02
T001954,C01096,2025-02-11 00:00:00,CMP005,CH03
T001955,C01096,2025-02-16 21:33:00,CMP001,CH01
T001956,C01096,2025-02-18 00:39:00,CMP005,CH03
T001957,C01098,2025-12-24 00:00:00,CMP002,CH01
T001958,C01098,2025-12-31 22:25:00,CMP002,CH01
T001959,C01098,2026-01-05 01:02:00,CMP004,CH02
T001960,C01099,2025-01-15 00:00:00,CMP001,CH01
T001961,C01100,2025-08-19 00:00:00,CMP002,CH01
T001962,C01100,2025-08-22 02:59:00,CMP004,CH02
T001963,C01100,2025-08-29 17:47:00,CMP004,CH02
T001964,C01101,2025-01-03 00:00:00,CMP002,CH01
T001965,C01101,2025-01-06 07:19:00,CMP002,CH01
T001966,C01103,2025-03-11 00:00:00,CMP002,CH01
T001967,C01103,2025-03-13 23:09:00,CMP001,CH01
T001968,C01103,2025-03-17 19:46:00,CMP003,CH02
T001969,C01104,2025-10-12 00:00:00,CMP002,CH01
T001970,C01104,2025-10-14 11:45:00,CMP003,CH02
T001971,C01105,2025-04-08 00:00:00,CMP001,CH01
T001972,C01105,2025-04-14 10:44:00,CMP002,CH01
T001973,C01106,2025-05-11 00:00:00,CMP001,CH01
T001974,C01106,2025-05-18 19:15:00,CMP003,CH02
T001975,C01109,2025-11-07 00:00:00,CMP004,CH02
T001976,C01110,2025-05-17 00:00:00,CMP001,CH01
T001977,C01110,2025-05-21 07:37:00,CMP003,CH02
T001978,C01110,2025-05-25 07:25:00,CMP002,CH01
T001979,C01111,2025-11-05 00:00:00,CMP001,CH01
T001980,C01111,2025-11-11 17:26:00,CMP003,CH02
T001981,C01112,2025-08-31 00:00:00,CMP001,CH01
T001982,C01112,2025-09-07 07:53:00,CMP001,CH01
T001983,C01112,2025-09-10 08:17:00,CMP003,CH02
T001984,C01112,2025-09-11 11:43:00,CMP002,CH01
T001985,C01112,2025-09-13 20:32:00,CMP001,CH01
T001986,C01113,2025-07-11 00:00:00,CMP002,CH01
T001987,C01114,2025-06-25 00:00:00,CMP001,CH01
T001988,C01114,2025-07-02 13:13:00,CMP002,CH01
T001989,C01114,2025-07-10 05:48:00,CMP002,CH01
T001990,C01115,2025-05-26 00:00:00,CMP002,CH01
T001991,C01115,2025-05-29 11:51:00,CMP004,CH02
T001992,C01116,2025-05-29 00:00:00,CMP005,CH03
T001993,C01117,2025-05-16 00:00:00,CMP004,CH02
T001994,C01117,2025-05-19 09:36:00,CMP002,CH01
T001995,C01118,2025-02-11 00:00:00,CMP003,CH02
T001996,C01118,2025-02-16 22:19:00,CMP001,CH01
T001997,C01118,2025-02-23 07:43:00,CMP001,CH01
T001998,C01119,2025-02-26 00:00:00,CMP001,CH01
T001999,C01119,2025-03-02 08:48:00,CMP002,CH01
T002000,C01120,2025-07-18 00:00:00,CMP002,CH01
T002001,C01121,2025-08-15 00:00:00,CMP001,CH01
T002002,C01121,2025-08-19 23:13:00,CMP002,CH01
T002003,C01122,2025-09-11 00:00:00,CMP002,CH01
T002004,C01122,2025-09-17 18:51:00,CMP001,CH01
T002005,C01123,2025-03-03 00:00:00,CMP002,CH01
T002006,C01123,2025-03-09 02:51:00,CMP003,CH02
T002007,C01123,2025-03-16 11:21:00,CMP004,CH02
T002008,C01129,2025-06-23 00:00:00,CMP005,CH03
T002009,C01130,2025-04-11 00:00:00,CMP005,CH03
T002010,C01130,2025-04-12 23:32:00,CMP001,CH01
T002011,C01132,2025-05-03 00:00:00,CMP004,CH02
T002012,C01132,2025-05-08 20:43:00,CMP004,CH02
T002013,C01132,2025-05-13 02:02:00,CMP001,CH01
T002014,C01132,2025-05-14 22:06:00,CMP005,CH03
T002015,C01133,2025-10-30 00:00:00,CMP002,CH01
T002016,C01133,2025-11-05 00:24:00,CMP004,CH02
T002017,C01134,2025-08-17 00:00:00,CMP005,CH03
T002018,C01135,2025-02-02 00:00:00,CMP003,CH02
T002019,C01135,2025-02-06 19:44:00,CMP003,CH02
T002020,C01135,2025-02-11 05:44:00,CMP002,CH01
T002021,C01135,2025-02-18 14:12:00,CMP001,CH01
T002022,C01136,2025-03-26 00:00:00,CMP002,CH01
T002023,C01138,2025-01-23 00:00:00,CMP001,CH01
T002024,C01139,2025-09-04 00:00:00,CMP001,CH01
T002025,C01139,2025-09-11 19:34:00,CMP002,CH01
T002026,C01139,2025-09-19 11:48:00,CMP003,CH02
T002027,C01139,2025-09-20 16:51:00,CMP003,CH02
T002028,C01141,2025-10-08 00:00:00,CMP002,CH01
T002029,C01141,2025-10-11 01:54:00,CMP002,CH01
T002030,C01141,2025-10-15 14:33:00,CMP003,CH02
T002031,C01142,2025-03-25 00:00:00,CMP001,CH01
T002032,C01142,2025-03-26 20:04:00,CMP002,CH01
T002033,C01142,2025-03-30 04:12:00,CMP002,CH01
T002034,C01142,2025-04-01 00:42:00,CMP001,CH01
T002035,C01143,2025-10-01 00:00:00,CMP005,CH03
T002036,C01143,2025-10-02 22:22:00,CMP003,CH02
T002037,C01144,2025-06-14 00:00:00,CMP004,CH02
T002038,C01144,2025-06-20 19:17:00,CMP002,CH01
T002039,C01144,2025-06-24 16:47:00,CMP003,CH02
T002040,C01144,2025-06-27 08:31:00,CMP004,CH02
T002041,C01145,2025-06-24 00:00:00,CMP002,CH01
T002042,C01145,2025-06-28 18:30:00,CMP003,CH02
T002043,C01146,2025-04-17 00:00:00,CMP002,CH01
T002044,C01146,2025-04-21 00:30:00,CMP002,CH01
T002045,C01146,2025-04-27 03:32:00,CMP002,CH01
T002046,C01146,2025-04-29 22:49:00,CMP004,CH02
T002047,C01147,2025-05-24 00:00:00,CMP004,CH02
T002048,C01148,2025-06-24 00:00:00,CMP005,CH03
T002049,C01148,2025-06-28 23:01:00,CMP004,CH02
T002050,C01148,2025-07-04 10:50:00,CMP003,CH02
T002051,C01148,2025-07-09 06:30:00,CMP005,CH03
T002052,C01149,2025-08-03 00:00:00,CMP001,CH01
T002053,C01149,2025-08-06 21:29:00,CMP005,CH03
T002054,C01149,2025-08-10 22:27:00,CMP002,CH01
T002055,C01150,2025-01-30 00:00:00,CMP001,CH01
T002056,C01151,2025-03-12 00:00:00,CMP002,CH01
T002057,C01152,2025-09-27 00:00:00,CMP001,CH01
T002058,C01152,2025-10-04 04:54:00,CMP002,CH01
T002059,C01152,2025-10-09 13:57:00,CMP003,CH02
T002060,C01153,2025-07-27 00:00:00,CMP002,CH01
T002061,C01154,2025-05-06 00:00:00,CMP002,CH01
T002062,C01154,2025-05-10 23:37:00,CMP002,CH01
T002063,C01155,2025-12-16 00:00:00,CMP005,CH03
T002064,C01155,2025-12-23 10:29:00,CMP004,CH02
T002065,C01155,2025-12-27 19:04:00,CMP004,CH02
T002066,C01155,2026-01-04 18:26:00,CMP004,CH02
T002067,C01159,2025-03-29 00:00:00,CMP005,CH03
T002068,C01160,2025-08-03 00:00:00,CMP002,CH01
T002069,C01160,2025-08-08 20:03:00,CMP001,CH01
T002070,C01160,2025-08-13 06:52:00,CMP001,CH01
T002071,C01160,2025-08-15 22:29:00,CMP004,CH02
T002072,C01161,2025-08-08 00:00:00,CMP002,CH01
T002073,C01161,2025-08-10 06:50:00,CMP003,CH02
T002074,C01161,2025-08-14 15:33:00,CMP004,CH02
T002075,C01162,2025-04-25 00:00:00,CMP003,CH02
T002076,C01163,2025-01-31 00:00:00,CMP003,CH02
T002077,C01163,2025-02-07 02:21:00,CMP003,CH02
T002078,C01166,2025-10-16 00:00:00,CMP004,CH02
T002079,C01170,2025-10-06 00:00:00,CMP002,CH01
T002080,C01170,2025-10-12 06:43:00,CMP005,CH03
T002081,C01170,2025-10-19 22:07:00,CMP004,CH02
T002082,C01170,2025-10-23 03:46:00,CMP002,CH01
T002083,C01171,2025-03-27 00:00:00,CMP001,CH01
T002084,C01171,2025-03-28 16:22:00,CMP001,CH01
T002085,C01171,2025-04-01 23:35:00,CMP002,CH01
T002086,C01172,2025-09-13 00:00:00,CMP003,CH02
T002087,C01172,2025-09-15 14:09:00,CMP003,CH02
T002088,C01173,2025-11-05 00:00:00,CMP004,CH02
T002089,C01173,2025-11-07 21:13:00,CMP003,CH02
T002090,C01174,2025-11-10 00:00:00,CMP001,CH01
T002091,C01174,2025-11-11 12:03:00,CMP005,CH03
T002092,C01175,2025-02-01 00:00:00,CMP003,CH02
T002093,C01175,2025-02-04 09:18:00,CMP001,CH01
T002094,C01175,2025-02-10 18:33:00,CMP002,CH01
T002095,C01176,2025-12-13 00:00:00,CMP001,CH01
T002096,C01176,2025-12-18 06:05:00,CMP001,CH01
T002097,C01176,2025-12-23 23:08:00,CMP004,CH02
T002098,C01177,2025-08-01 00:00:00,CMP002,CH01
T002099,C01177,2025-08-07 13:31:00,CMP005,CH03
T002100,C01177,2025-08-15 04:00:00,CMP001,CH01
T002101,C01179,2025-07-13 00:00:00,CMP002,CH01
T002102,C01179,2025-07-16 09:21:00,CMP003,CH02
T002103,C01179,2025-07-17 15:37:00,CMP004,CH02
T002104,C01179,2025-07-22 19:16:00,CMP002,CH01
T002105,C01181,2025-02-26 00:00:00,CMP001,CH01
T002106,C01181,2025-02-27 04:24:00,CMP003,CH02
T002107,C01182,2025-01-26 00:00:00,CMP003,CH02
T002108,C01183,2025-04-07 00:00:00,CMP003,CH02
T002109,C01183,2025-04-08 06:23:00,CMP003,CH02
T002110,C01184,2025-06-22 00:00:00,CMP004,CH02
T002111,C01184,2025-06-23 14:01:00,CMP001,CH01
T002112,C01184,2025-06-26 14:28:00,CMP001,CH01
T002113,C01186,2025-05-25 00:00:00,CMP004,CH02
T002114,C01187,2025-06-02 00:00:00,CMP002,CH01
T002115,C01187,2025-06-07 15:27:00,CMP001,CH01
T002116,C01188,2025-05-11 00:00:00,CMP003,CH02
T002117,C01188,2025-05-15 22:56:00,CMP004,CH02
T002118,C01188,2025-05-21 13:11:00,CMP001,CH01
T002119,C01188,2025-05-26 22:14:00,CMP002,CH01
T002120,C01189,2025-03-27 00:00:00,CMP003,CH02
T002121,C01190,2025-07-04 00:00:00,CMP003,CH02
T002122,C01190,2025-07-06 14:29:00,CMP004,CH02
T002123,C01190,2025-07-09 02:03:00,CMP001,CH01
T002124,C01191,2025-02-13 00:00:00,CMP003,CH02
T002125,C01191,2025-02-20 22:37:00,CMP005,CH03
T002126,C01194,2025-07-16 00:00:00,CMP003,CH02
T002127,C01194,2025-07-19 19:37:00,CMP001,CH01
T002128,C01194,2025-07-26 18:14:00,CMP002,CH01
T002129,C01194,2025-08-03 06:56:00,CMP005,CH03
T002130,C01194,2025-08-06 20:12:00,CMP004,CH02
T002131,C01195,2025-01-16 00:00:00,CMP002,CH01
T002132,C01195,2025-01-19 05:19:00,CMP004,CH02
T002133,C01196,2025-10-03 00:00:00,CMP002,CH01
T002134,C01197,2025-02-05 00:00:00,CMP003,CH02
T002135,C01198,2025-01-24 00:00:00,CMP001,CH01
T002136,C01198,2025-01-30 09:24:00,CMP002,CH01
T002137,C01199,2025-04-27 00:00:00,CMP002,CH01
T002138,C01199,2025-04-29 20:21:00,CMP005,CH03
T002139,C01200,2025-01-15 00:00:00,CMP001,CH01
T002140,C01200,2025-01-21 09:42:00,CMP001,CH01
T002141,C01200,2025-01-26 07:44:00,CMP004,CH02
T002142,C01202,2025-08-05 00:00:00,CMP001,CH01
T002143,C01202,2025-08-07 03:26:00,CMP001,CH01
T002144,C01202,2025-08-13 12:26:00,CMP004,CH02
T002145,C01203,2025-02-14 00:00:00,CMP002,CH01
T002146,C01203,2025-02-17 11:30:00,CMP002,CH01
T002147,C01203,2025-02-20 02:52:00,CMP002,CH01
T002148,C01204,2025-12-08 00:00:00,CMP004,CH02
T002149,C01204,2025-12-15 04:48:00,CMP003,CH02
T002150,C01205,2025-06-23 00:00:00,CMP005,CH03
T002151,C01205,2025-06-26 21:03:00,CMP002,CH01
T002152,C01205,2025-07-01 14:02:00,CMP003,CH02
T002153,C01205,2025-07-05 01:49:00,CMP002,CH01
T002154,C01206,2025-12-13 00:00:00,CMP002,CH01
T002155,C01206,2025-12-20 13:26:00,CMP003,CH02
T002156,C01206,2025-12-25 22:28:00,CMP003,CH02
T002157,C01207,2025-07-28 00:00:00,CMP003,CH02
T002158,C01208,2025-03-03 00:00:00,CMP003,CH02
T002159,C01209,2025-06-21 00:00:00,CMP002,CH01
T002160,C01209,2025-06-23 05:08:00,CMP002,CH01
T002161,C01210,2025-07-22 00:00:00,CMP003,CH02
T002162,C01211,2025-03-16 00:00:00,CMP003,CH02
T002163,C01212,2025-06-09 00:00:00,CMP003,CH02
T002164,C01212,2025-06-16 22:56:00,CMP002,CH01
T002165,C01212,2025-06-21 16:15:00,CMP003,CH02
T002166,C01214,2025-07-29 00:00:00,CMP004,CH02
T002167,C01214,2025-07-30 18:27:00,CMP005,CH03
T002168,C01214,2025-08-01 05:37:00,CMP002,CH01
T002169,C01215,2025-10-20 00:00:00,CMP004,CH02
T002170,C01216,2025-10-16 00:00:00,CMP004,CH02
T002171,C01216,2025-10-20 08:08:00,CMP001,CH01
T002172,C01218,2025-10-28 00:00:00,CMP005,CH03
T002173,C01220,2025-04-15 00:00:00,CMP005,CH03
T002174,C01220,2025-04-22 19:05:00,CMP003,CH02
T002175,C01221,2025-12-16 00:00:00,CMP003,CH02
T002176,C01221,2025-12-23 16:23:00,CMP003,CH02
T002177,C01221,2025-12-26 04:23:00,CMP002,CH01
T002178,C01222,2025-04-07 00:00:00,CMP002,CH01
T002179,C01224,2025-09-09 00:00:00,CMP002,CH01
T002180,C01224,2025-09-13 19:46:00,CMP002,CH01
T002181,C01224,2025-09-21 15:19:00,CMP002,CH01
T002182,C01226,2025-01-05 00:00:00,CMP004,CH02
T002183,C01226,2025-01-11 01:13:00,CMP004,CH02
T002184,C01227,2025-03-07 00:00:00,CMP002,CH01
T002185,C01228,2025-12-22 00:00:00,CMP005,CH03
T002186,C01228,2025-12-24 23:50:00,CMP002,CH01
T002187,C01230,2025-07-31 00:00:00,CMP001,CH01
T002188,C01230,2025-08-05 16:44:00,CMP004,CH02
T002189,C01230,2025-08-07 00:37:00,CMP005,CH03
T002190,C01232,2025-12-11 00:00:00,CMP004,CH02
T002191,C01232,2025-12-16 10:32:00,CMP003,CH02
T002192,C01233,2025-06-21 00:00:00,CMP001,CH01
T002193,C01234,2025-02-22 00:00:00,CMP001,CH01
T002194,C01235,2025-09-06 00:00:00,CMP004,CH02
T002195,C01237,2025-07-17 00:00:00,CMP002,CH01
T002196,C01238,2025-06-05 00:00:00,CMP002,CH01
T002197,C01238,2025-06-10 02:41:00,CMP001,CH01
T002198,C01238,2025-06-14 13:18:00,CMP003,CH02
T002199,C01238,2025-06-17 13:30:00,CMP001,CH01
T002200,C01239,2025-03-30 00:00:00,CMP003,CH02
T002201,C01240,2025-09-09 00:00:00,CMP002,CH01
T002202,C01240,2025-09-12 20:44:00,CMP001,CH01
T002203,C01240,2025-09-19 00:26:00,CMP001,CH01
T002204,C01241,2025-12-19 00:00:00,CMP002,CH01
T002205,C01242,2025-02-20 00:00:00,CMP003,CH02
T002206,C01242,2025-02-23 01:52:00,CMP004,CH02
T002207,C01243,2025-07-26 00:00:00,CMP003,CH02
T002208,C01245,2025-03-06 00:00:00,CMP004,CH02
T002209,C01245,2025-03-13 12:21:00,CMP001,CH01
T002210,C01245,2025-03-21 07:39:00,CMP004,CH02
T002211,C01246,2025-11-03 00:00:00,CMP005,CH03
T002212,C01246,2025-11-05 16:32:00,CMP004,CH02
T002213,C01247,2025-05-22 00:00:00,CMP003,CH02
T002214,C01247,2025-05-26 15:26:00,CMP002,CH01
T002215,C01248,2025-07-29 00:00:00,CMP004,CH02
T002216,C01248,2025-08-02 13:53:00,CMP002,CH01
T002217,C01248,2025-08-07 19:01:00,CMP004,CH02
T002218,C01249,2025-12-02 00:00:00,CMP002,CH01
T002219,C01249,2025-12-05 22:59:00,CMP003,CH02
T002220,C01249,2025-12-12 23:55:00,CMP004,CH02
T002221,C01249,2025-12-15 18:14:00,CMP003,CH02
T002222,C01251,2025-12-10 00:00:00,CMP004,CH02
T002223,C01252,2025-08-23 00:00:00,CMP002,CH01
T002224,C01252,2025-08-30 13:55:00,CMP002,CH01
T002225,C01252,2025-09-05 21:53:00,CMP003,CH02
T002226,C01253,2025-01-09 00:00:00,CMP004,CH02
T002227,C01253,2025-01-10 22:57:00,CMP003,CH02
T002228,C01254,2025-07-24 00:00:00,CMP004,CH02
T002229,C01254,2025-07-29 06:09:00,CMP005,CH03
T002230,C01255,2025-07-06 00:00:00,CMP005,CH03
T002231,C01255,2025-07-13 18:48:00,CMP001,CH01
T002232,C01255,2025-07-20 19:47:00,CMP001,CH01
T002233,C01255,2025-07-28 04:52:00,CMP001,CH01
T002234,C01256,2025-10-15 00:00:00,CMP004,CH02
T002235,C01258,2025-09-29 00:00:00,CMP002,CH01
T002236,C01260,2025-03-13 00:00:00,CMP001,CH01
T002237,C01261,2025-04-20 00:00:00,CMP003,CH02
T002238,C01261,2025-04-25 03:04:00,CMP001,CH01
T002239,C01261,2025-05-02 21:43:00,CMP002,CH01
T002240,C01263,2025-08-15 00:00:00,CMP001,CH01
T002241,C01263,2025-08-16 06:41:00,CMP002,CH01
T002242,C01263,2025-08-19 15:13:00,CMP001,CH01
T002243,C01263,2025-08-24 02:39:00,CMP002,CH01
T002244,C01264,2025-12-23 00:00:00,CMP001,CH01
T002245,C01264,2025-12-27 21:54:00,CMP002,CH01
T002246,C01265,2025-04-10 00:00:00,CMP003,CH02
T002247,C01265,2025-04-14 15:02:00,CMP002,CH01
T002248,C01265,2025-04-19 05:14:00,CMP003,CH02
T002249,C01265,2025-04-20 17:30:00,CMP004,CH02
T002250,C01266,2025-05-19 00:00:00,CMP005,CH03
T002251,C01266,2025-05-24 20:34:00,CMP002,CH01
T002252,C01266,2025-05-27 19:16:00,CMP001,CH01
T002253,C01266,2025-05-31 11:48:00,CMP002,CH01
T002254,C01266,2025-06-01 13:42:00,CMP001,CH01
T002255,C01268,2025-04-01 00:00:00,CMP002,CH01
T002256,C01268,2025-04-05 04:20:00,CMP002,CH01
T002257,C01268,2025-04-09 21:17:00,CMP001,CH01
T002258,C01268,2025-04-11 15:37:00,CMP003,CH02
T002259,C01268,2025-04-14 16:31:00,CMP001,CH01
T002260,C01270,2025-11-08 00:00:00,CMP004,CH02
T002261,C01270,2025-11-15 23:00:00,CMP001,CH01
T002262,C01270,2025-11-17 17:42:00,CMP001,CH01
T002263,C01270,2025-11-19 07:55:00,CMP003,CH02
T002264,C01272,2025-12-30 00:00:00,CMP001,CH01
T002265,C01272,2026-01-02 23:31:00,CMP002,CH01
T002266,C01273,2025-10-21 00:00:00,CMP003,CH02
T002267,C01273,2025-10-22 17:38:00,CMP002,CH01
T002268,C01273,2025-10-24 21:14:00,CMP003,CH02
T002269,C01274,2025-04-23 00:00:00,CMP001,CH01
T002270,C01275,2025-12-05 00:00:00,CMP003,CH02
T002271,C01276,2025-07-03 00:00:00,CMP003,CH02
T002272,C01276,2025-07-04 02:57:00,CMP003,CH02
T002273,C01276,2025-07-05 09:45:00,CMP002,CH01
T002274,C01277,2025-03-27 00:00:00,CMP003,CH02
T002275,C01277,2025-03-30 02:52:00,CMP001,CH01
T002276,C01277,2025-04-04 17:31:00,CMP003,CH02
T002277,C01278,2025-04-27 00:00:00,CMP004,CH02
T002278,C01278,2025-04-29 07:35:00,CMP003,CH02
T002279,C01278,2025-05-04 05:01:00,CMP005,CH03
T002280,C01279,2025-07-18 00:00:00,CMP004,CH02
T002281,C01279,2025-07-25 23:33:00,CMP003,CH02
T002282,C01279,2025-07-29 02:30:00,CMP001,CH01
T002283,C01279,2025-08-05 11:31:00,CMP003,CH02
T002284,C01280,2025-10-09 00:00:00,CMP001,CH01
T002285,C01280,2025-10-13 09:18:00,CMP003,CH02
T002286,C01280,2025-10-19 15:19:00,CMP003,CH02
T002287,C01280,2025-10-24 21:45:00,CMP001,CH01
T002288,C01280,2025-10-31 16:27:00,CMP001,CH01
T002289,C01281,2025-01-05 00:00:00,CMP001,CH01
T002290,C01281,2025-01-12 12:15:00,CMP003,CH02
T002291,C01282,2025-06-08 00:00:00,CMP003,CH02
T002292,C01283,2025-02-23 00:00:00,CMP001,CH01
T002293,C01283,2025-02-27 16:26:00,CMP001,CH01
T002294,C01284,2025-09-10 00:00:00,CMP001,CH01
T002295,C01284,2025-09-12 22:50:00,CMP004,CH02
T002296,C01284,2025-09-19 16:25:00,CMP003,CH02
T002297,C01286,2025-03-21 00:00:00,CMP003,CH02
T002298,C01286,2025-03-25 10:51:00,CMP002,CH01
T002299,C01288,2025-04-06 00:00:00,CMP001,CH01
T002300,C01288,2025-04-13 00:13:00,CMP002,CH01
T002301,C01289,2025-02-26 00:00:00,CMP003,CH02
T002302,C01289,2025-03-04 05:17:00,CMP004,CH02
T002303,C01291,2025-06-15 00:00:00,CMP002,CH01
T002304,C01292,2025-05-25 00:00:00,CMP003,CH02
T002305,C01292,2025-05-29 15:16:00,CMP003,CH02
T002306,C01292,2025-05-31 14:03:00,CMP002,CH01
T002307,C01294,2025-07-01 00:00:00,CMP002,CH01
T002308,C01294,2025-07-04 09:43:00,CMP004,CH02
T002309,C01294,2025-07-12 02:17:00,CMP001,CH01
T002310,C01296,2025-12-02 00:00:00,CMP004,CH02
T002311,C01296,2025-12-07 18:03:00,CMP004,CH02
T002312,C01296,2025-12-15 10:26:00,CMP005,CH03
T002313,C01298,2025-08-10 00:00:00,CMP002,CH01
T002314,C01299,2025-02-08 00:00:00,CMP002,CH01
T002315,C01299,2025-02-12 09:47:00,CMP002,CH01
T002316,C01299,2025-02-14 06:10:00,CMP001,CH01
T002317,C01299,2025-02-18 23:10:00,CMP005,CH03
T002318,C01300,2025-02-04 00:00:00,CMP004,CH02
T002319,C01300,2025-02-06 08:27:00,CMP002,CH01
T002320,C01301,2025-09-18 00:00:00,CMP005,CH03
T002321,C01301,2025-09-19 07:58:00,CMP003,CH02
T002322,C01302,2025-04-14 00:00:00,CMP003,CH02
T002323,C01303,2025-03-19 00:00:00,CMP001,CH01
T002324,C01303,2025-03-24 11:08:00,CMP002,CH01
T002325,C01303,2025-03-28 01:11:00,CMP002,CH01
T002326,C01304,2025-09-29 00:00:00,CMP005,CH03
T002327,C01304,2025-10-05 04:25:00,CMP001,CH01
T002328,C01305,2025-03-27 00:00:00,CMP005,CH03
T002329,C01305,2025-04-02 23:55:00,CMP005,CH03
T002330,C01305,2025-04-07 02:19:00,CMP001,CH01
T002331,C01306,2025-03-24 00:00:00,CMP004,CH02
T002332,C01306,2025-03-30 16:58:00,CMP003,CH02
T002333,C01307,2025-08-02 00:00:00,CMP004,CH02
T002334,C01308,2025-04-18 00:00:00,CMP003,CH02
T002335,C01308,2025-04-21 20:17:00,CMP002,CH01
T002336,C01309,2025-04-05 00:00:00,CMP002,CH01
T002337,C01309,2025-04-06 18:55:00,CMP001,CH01
T002338,C01309,2025-04-08 14:04:00,CMP001,CH01
T002339,C01309,2025-04-13 22:09:00,CMP004,CH02
T002340,C01310,2025-04-25 00:00:00,CMP001,CH01
T002341,C01310,2025-05-02 22:00:00,CMP004,CH02
T002342,C01310,2025-05-10 10:11:00,CMP002,CH01
T002343,C01310,2025-05-17 04:27:00,CMP004,CH02
T002344,C01310,2025-05-18 20:50:00,CMP002,CH01
T002345,C01311,2025-11-10 00:00:00,CMP001,CH01
T002346,C01311,2025-11-15 16:56:00,CMP005,CH03
T002347,C01311,2025-11-17 19:12:00,CMP004,CH02
T002348,C01311,2025-11-19 02:34:00,CMP002,CH01
T002349,C01313,2025-09-16 00:00:00,CMP001,CH01
T002350,C01313,2025-09-20 06:20:00,CMP003,CH02
T002351,C01313,2025-09-28 01:20:00,CMP002,CH01
T002352,C01315,2025-07-14 00:00:00,CMP002,CH01
T002353,C01315,2025-07-15 13:53:00,CMP004,CH02
T002354,C01315,2025-07-21 12:20:00,CMP003,CH02
T002355,C01317,2025-07-07 00:00:00,CMP001,CH01
T002356,C01317,2025-07-11 05:54:00,CMP003,CH02
T002357,C01317,2025-07-16 16:18:00,CMP002,CH01
T002358,C01318,2025-01-26 00:00:00,CMP003,CH02
T002359,C01318,2025-01-31 17:11:00,CMP001,CH01
T002360,C01319,2025-08-13 00:00:00,CMP001,CH01
T002361,C01323,2025-08-28 00:00:00,CMP005,CH03
T002362,C01325,2025-07-23 00:00:00,CMP001,CH01
T002363,C01326,2025-02-22 00:00:00,CMP002,CH01
T002364,C01327,2025-01-08 00:00:00,CMP001,CH01
T002365,C01328,2025-11-08 00:00:00,CMP001,CH01
T002366,C01328,2025-11-15 09:50:00,CMP004,CH02
T002367,C01330,2025-02-16 00:00:00,CMP002,CH01
T002368,C01331,2025-04-24 00:00:00,CMP004,CH02
T002369,C01331,2025-04-30 01:14:00,CMP005,CH03
T002370,C01331,2025-05-01 23:58:00,CMP001,CH01
T002371,C01332,2025-04-02 00:00:00,CMP005,CH03
T002372,C01332,2025-04-04 16:17:00,CMP002,CH01
T002373,C01333,2025-01-02 00:00:00,CMP003,CH02
T002374,C01334,2025-07-13 00:00:00,CMP001,CH01
T002375,C01334,2025-07-18 11:04:00,CMP004,CH02
T002376,C01334,2025-07-20 07:04:00,CMP003,CH02
T002377,C01334,2025-07-25 20:09:00,CMP001,CH01
T002378,C01335,2025-12-04 00:00:00,CMP004,CH02
T002379,C01337,2025-08-03 00:00:00,CMP003,CH02
T002380,C01338,2025-12-04 00:00:00,CMP002,CH01
T002381,C01339,2025-07-14 00:00:00,CMP004,CH02
T002382,C01340,2025-01-13 00:00:00,CMP002,CH01
T002383,C01341,2025-06-13 00:00:00,CMP005,CH03
T002384,C01341,2025-06-20 07:54:00,CMP004,CH02
T002385,C01342,2025-04-01 00:00:00,CMP005,CH03
T002386,C01343,2025-09-26 00:00:00,CMP003,CH02
T002387,C01344,2025-01-08 00:00:00,CMP002,CH01
T002388,C01344,2025-01-15 02:41:00,CMP005,CH03
T002389,C01347,2025-09-22 00:00:00,CMP002,CH01
T002390,C01347,2025-09-24 07:42:00,CMP003,CH02
T002391,C01349,2025-08-06 00:00:00,CMP002,CH01
T002392,C01349,2025-08-07 08:34:00,CMP002,CH01
T002393,C01351,2025-09-13 00:00:00,CMP004,CH02
T002394,C01351,2025-09-16 14:36:00,CMP004,CH02
T002395,C01351,2025-09-19 23:23:00,CMP004,CH02
T002396,C01352,2025-10-10 00:00:00,CMP003,CH02
T002397,C01352,2025-10-13 18:11:00,CMP001,CH01
T002398,C01352,2025-10-20 23:43:00,CMP005,CH03
T002399,C01354,2025-04-03 00:00:00,CMP001,CH01
T002400,C01354,2025-04-08 21:22:00,CMP001,CH01
T002401,C01354,2025-04-16 12:17:00,CMP002,CH01
T002402,C01358,2025-11-07 00:00:00,CMP002,CH01
T002403,C01358,2025-11-10 01:54:00,CMP002,CH01
T002404,C01359,2025-12-31 00:00:00,CMP001,CH01
T002405,C01359,2026-01-06 19:04:00,CMP001,CH01
T002406,C01360,2025-12-19 00:00:00,CMP004,CH02
T002407,C01362,2025-09-07 00:00:00,CMP002,CH01
T002408,C01362,2025-09-11 04:50:00,CMP005,CH03
T002409,C01362,2025-09-16 12:22:00,CMP005,CH03
T002410,C01363,2025-12-14 00:00:00,CMP004,CH02
T002411,C01363,2025-12-18 20:25:00,CMP002,CH01
T002412,C01363,2025-12-21 16:02:00,CMP003,CH02
T002413,C01363,2025-12-24 15:37:00,CMP004,CH02
T002414,C01365,2025-01-14 00:00:00,CMP003,CH02
T002415,C01366,2025-10-12 00:00:00,CMP002,CH01
T002416,C01368,2025-09-21 00:00:00,CMP002,CH01
T002417,C01368,2025-09-22 10:03:00,CMP004,CH02
T002418,C01369,2025-12-05 00:00:00,CMP001,CH01
T002419,C01369,2025-12-10 00:53:00,CMP002,CH01
T002420,C01369,2025-12-15 05:51:00,CMP001,CH01
T002421,C01370,2025-01-27 00:00:00,CMP002,CH01
T002422,C01371,2025-04-29 00:00:00,CMP003,CH02
T002423,C01371,2025-05-05 02:30:00,CMP001,CH01
T002424,C01371,2025-05-09 00:30:00,CMP001,CH01
T002425,C01372,2025-12-14 00:00:00,CMP004,CH02
T002426,C01372,2025-12-20 08:58:00,CMP005,CH03
T002427,C01373,2025-04-17 00:00:00,CMP002,CH01
T002428,C01373,2025-04-24 08:38:00,CMP002,CH01
T002429,C01373,2025-04-28 09:06:00,CMP001,CH01
T002430,C01375,2025-05-30 00:00:00,CMP004,CH02
T002431,C01376,2025-01-04 00:00:00,CMP003,CH02
T002432,C01378,2025-11-01 00:00:00,CMP001,CH01
T002433,C01378,2025-11-07 04:22:00,CMP004,CH02
T002434,C01379,2025-11-17 00:00:00,CMP002,CH01
T002435,C01379,2025-11-20 06:37:00,CMP001,CH01
T002436,C01379,2025-11-23 10:02:00,CMP001,CH01
T002437,C01379,2025-11-28 05:51:00,CMP004,CH02
T002438,C01381,2025-08-09 00:00:00,CMP002,CH01
T002439,C01382,2025-12-08 00:00:00,CMP004,CH02
T002440,C01383,2025-02-05 00:00:00,CMP002,CH01
T002441,C01383,2025-02-07 08:53:00,CMP003,CH02
T002442,C01384,2025-07-17 00:00:00,CMP004,CH02
T002443,C01384,2025-07-19 19:53:00,CMP004,CH02
T002444,C01385,2025-01-06 00:00:00,CMP001,CH01
T002445,C01385,2025-01-11 11:15:00,CMP003,CH02
T002446,C01385,2025-01-14 10:59:00,CMP004,CH02
T002447,C01386,2025-06-27 00:00:00,CMP001,CH01
T002448,C01386,2025-07-02 17:53:00,CMP002,CH01
T002449,C01386,2025-07-05 03:38:00,CMP004,CH02
T002450,C01387,2025-11-05 00:00:00,CMP002,CH01
T002451,C01387,2025-11-11 09:29:00,CMP005,CH03
T002452,C01387,2025-11-15 09:00:00,CMP001,CH01
T002453,C01389,2025-01-19 00:00:00,CMP002,CH01
T002454,C01389,2025-01-24 19:02:00,CMP003,CH02
T002455,C01389,2025-01-29 09:36:00,CMP001,CH01
T002456,C01390,2025-06-22 00:00:00,CMP003,CH02
T002457,C01390,2025-06-26 07:39:00,CMP002,CH01
T002458,C01390,2025-07-03 09:21:00,CMP001,CH01
T002459,C01391,2025-04-16 00:00:00,CMP005,CH03
T002460,C01391,2025-04-20 17:57:00,CMP004,CH02
T002461,C01392,2025-01-11 00:00:00,CMP002,CH01
T002462,C01393,2025-06-10 00:00:00,CMP002,CH01
T002463,C01393,2025-06-16 08:56:00,CMP001,CH01
T002464,C01393,2025-06-21 07:54:00,CMP001,CH01
T002465,C01394,2025-09-17 00:00:00,CMP002,CH01
T002466,C01394,2025-09-21 02:43:00,CMP004,CH02
T002467,C01394,2025-09-26 20:49:00,CMP002,CH01
T002468,C01395,2025-05-07 00:00:00,CMP002,CH01
T002469,C01395,2025-05-08 03:02:00,CMP002,CH01
T002470,C01396,2025-08-03 00:00:00,CMP002,CH01
T002471,C01396,2025-08-04 04:24:00,CMP002,CH01
T002472,C01396,2025-08-09 02:34:00,CMP003,CH02
T002473,C01396,2025-08-10 19:43:00,CMP004,CH02
T002474,C01397,2025-10-15 00:00:00,CMP003,CH02
T002475,C01397,2025-10-22 17:32:00,CMP002,CH01
T002476,C01397,2025-10-28 22:48:00,CMP003,CH02
T002477,C01397,2025-11-04 16:52:00,CMP003,CH02
T002478,C01398,2025-02-21 00:00:00,CMP004,CH02
T002479,C01398,2025-02-24 21:35:00,CMP004,CH02
T002480,C01399,2025-02-01 00:00:00,CMP004,CH02
T002481,C01399,2025-02-04 06:29:00,CMP004,CH02
T002482,C01399,2025-02-06 10:02:00,CMP002,CH01
T002483,C01400,2025-03-05 00:00:00,CMP002,CH01
T002484,C01401,2025-02-18 00:00:00,CMP002,CH01
T002485,C01401,2025-02-21 00:00:00,CMP001,CH01
T002486,C01402,2025-07-09 00:00:00,CMP002,CH01
T002487,C01402,2025-07-11 07:49:00,CMP004,CH02
T002488,C01402,2025-07-12 09:35:00,CMP002,CH01
T002489,C01403,2025-11-07 00:00:00,CMP002,CH01
T002490,C01403,2025-11-12 13:33:00,CMP004,CH02
T002491,C01403,2025-11-15 13:08:00,CMP003,CH02
T002492,C01404,2025-08-21 00:00:00,CMP005,CH03
T002493,C01404,2025-08-27 08:16:00,CMP005,CH03
T002494,C01405,2025-11-03 00:00:00,CMP001,CH01
T002495,C01405,2025-11-10 11:07:00,CMP004,CH02
T002496,C01405,2025-11-17 06:37:00,CMP003,CH02
T002497,C01405,2025-11-24 20:03:00,CMP003,CH02
T002498,C01406,2025-07-07 00:00:00,CMP003,CH02
T002499,C01406,2025-07-14 14:53:00,CMP003,CH02
T002500,C01406,2025-07-21 14:08:00,CMP005,CH03
T002501,C01408,2025-12-25 00:00:00,CMP002,CH01
T002502,C01409,2025-11-28 00:00:00,CMP004,CH02
T002503,C01410,2025-08-24 00:00:00,CMP001,CH01
T002504,C01410,2025-08-27 06:45:00,CMP002,CH01
T002505,C01410,2025-09-04 02:51:00,CMP002,CH01
T002506,C01411,2025-03-22 00:00:00,CMP002,CH01
T002507,C01411,2025-03-29 01:02:00,CMP002,CH01
T002508,C01413,2025-09-11 00:00:00,CMP002,CH01
T002509,C01413,2025-09-13 15:49:00,CMP005,CH03
T002510,C01413,2025-09-17 18:58:00,CMP004,CH02
T002511,C01415,2025-02-22 00:00:00,CMP002,CH01
T002512,C01415,2025-02-24 23:20:00,CMP001,CH01
T002513,C01415,2025-03-04 08:31:00,CMP005,CH03
T002514,C01416,2025-01-13 00:00:00,CMP003,CH02
T002515,C01416,2025-01-15 16:35:00,CMP003,CH02
T002516,C01416,2025-01-20 16:01:00,CMP002,CH01
T002517,C01417,2025-01-18 00:00:00,CMP001,CH01
T002518,C01417,2025-01-21 09:15:00,CMP005,CH03
T002519,C01417,2025-01-26 05:29:00,CMP003,CH02
T002520,C01418,2025-05-20 00:00:00,CMP004,CH02
T002521,C01418,2025-05-22 10:26:00,CMP001,CH01
T002522,C01418,2025-05-25 23:17:00,CMP002,CH01
T002523,C01418,2025-05-31 04:58:00,CMP001,CH01
T002524,C01419,2025-12-22 00:00:00,CMP005,CH03
T002525,C01421,2025-01-17 00:00:00,CMP003,CH02
T002526,C01421,2025-01-19 12:58:00,CMP001,CH01
T002527,C01422,2025-08-30 00:00:00,CMP001,CH01
T002528,C01422,2025-09-06 04:09:00,CMP004,CH02
T002529,C01423,2025-08-10 00:00:00,CMP002,CH01
T002530,C01423,2025-08-14 12:20:00,CMP002,CH01
T002531,C01423,2025-08-15 22:34:00,CMP004,CH02
T002532,C01423,2025-08-18 06:44:00,CMP003,CH02
T002533,C01424,2025-10-17 00:00:00,CMP002,CH01
T002534,C01424,2025-10-20 07:44:00,CMP001,CH01
T002535,C01424,2025-10-26 07:11:00,CMP005,CH03
T002536,C01426,2025-10-11 00:00:00,CMP004,CH02
T002537,C01427,2025-08-20 00:00:00,CMP001,CH01
T002538,C01427,2025-08-21 07:24:00,CMP004,CH02
T002539,C01427,2025-08-26 01:12:00,CMP005,CH03
T002540,C01427,2025-09-01 18:36:00,CMP002,CH01
T002541,C01427,2025-09-05 05:44:00,CMP002,CH01
T002542,C01429,2025-06-28 00:00:00,CMP003,CH02
T002543,C01429,2025-07-02 00:23:00,CMP005,CH03
T002544,C01430,2025-07-24 00:00:00,CMP003,CH02
T002545,C01431,2025-04-08 00:00:00,CMP002,CH01
T002546,C01432,2025-12-24 00:00:00,CMP003,CH02
T002547,C01432,2025-12-28 20:11:00,CMP005,CH03
T002548,C01432,2026-01-01 13:36:00,CMP003,CH02
T002549,C01432,2026-01-09 01:51:00,CMP002,CH01
T002550,C01434,2025-06-21 00:00:00,CMP003,CH02
T002551,C01434,2025-06-22 11:05:00,CMP002,CH01
T002552,C01434,2025-06-30 06:00:00,CMP004,CH02
T002553,C01435,2025-04-13 00:00:00,CMP002,CH01
T002554,C01435,2025-04-18 08:37:00,CMP002,CH01
T002555,C01435,2025-04-19 14:06:00,CMP004,CH02
T002556,C01436,2025-09-29 00:00:00,CMP003,CH02
T002557,C01436,2025-10-05 02:39:00,CMP005,CH03
T002558,C01436,2025-10-10 00:49:00,CMP001,CH01
T002559,C01437,2025-05-22 00:00:00,CMP003,CH02
T002560,C01438,2025-08-09 00:00:00,CMP004,CH02
T002561,C01438,2025-08-11 04:51:00,CMP001,CH01
T002562,C01438,2025-08-19 02:41:00,CMP002,CH01
T002563,C01439,2025-09-19 00:00:00,CMP001,CH01
T002564,C01439,2025-09-20 03:17:00,CMP003,CH02
T002565,C01440,2025-02-07 00:00:00,CMP003,CH02
T002566,C01440,2025-02-12 08:02:00,CMP004,CH02
T002567,C01441,2025-05-09 00:00:00,CMP001,CH01
T002568,C01441,2025-05-16 09:35:00,CMP003,CH02
T002569,C01441,2025-05-24 06:21:00,CMP004,CH02
T002570,C01441,2025-05-25 11:18:00,CMP002,CH01
T002571,C01443,2025-05-08 00:00:00,CMP001,CH01
T002572,C01443,2025-05-09 16:54:00,CMP001,CH01
T002573,C01443,2025-05-15 10:45:00,CMP003,CH02
T002574,C01443,2025-05-22 11:06:00,CMP004,CH02
T002575,C01444,2025-01-09 00:00:00,CMP001,CH01
T002576,C01446,2025-01-18 00:00:00,CMP003,CH02
T002577,C01447,2025-01-25 00:00:00,CMP002,CH01
T002578,C01447,2025-01-31 07:21:00,CMP005,CH03
T002579,C01448,2025-10-30 00:00:00,CMP003,CH02
T002580,C01448,2025-11-05 05:06:00,CMP004,CH02
T002581,C01448,2025-11-06 08:32:00,CMP004,CH02
T002582,C01449,2025-03-12 00:00:00,CMP005,CH03
T002583,C01450,2025-05-29 00:00:00,CMP005,CH03
T002584,C01450,2025-06-02 13:49:00,CMP002,CH01
T002585,C01450,2025-06-07 16:58:00,CMP004,CH02
T002586,C01450,2025-06-14 16:20:00,CMP003,CH02
T002587,C01451,2025-01-27 00:00:00,CMP002,CH01
T002588,C01451,2025-02-03 08:39:00,CMP003,CH02
T002589,C01451,2025-02-08 17:16:00,CMP005,CH03
T002590,C01452,2025-03-30 00:00:00,CMP002,CH01
T002591,C01453,2025-04-25 00:00:00,CMP001,CH01
T002592,C01454,2025-08-02 00:00:00,CMP005,CH03
T002593,C01454,2025-08-05 15:45:00,CMP005,CH03
T002594,C01456,2025-09-20 00:00:00,CMP003,CH02
T002595,C01456,2025-09-22 00:18:00,CMP005,CH03
T002596,C01457,2025-05-01 00:00:00,CMP005,CH03
T002597,C01458,2025-11-29 00:00:00,CMP001,CH01
T002598,C01458,2025-12-02 11:02:00,CMP003,CH02
T002599,C01459,2025-06-15 00:00:00,CMP001,CH01
T002600,C01459,2025-06-17 04:54:00,CMP001,CH01
T002601,C01459,2025-06-21 09:11:00,CMP004,CH02
T002602,C01460,2025-04-06 00:00:00,CMP002,CH01
T002603,C01461,2025-07-05 00:00:00,CMP002,CH01
T002604,C01461,2025-07-08 17:25:00,CMP001,CH01
T002605,C01462,2025-09-16 00:00:00,CMP001,CH01
T002606,C01462,2025-09-18 09:56:00,CMP005,CH03
T002607,C01464,2025-05-23 00:00:00,CMP004,CH02
T002608,C01464,2025-05-29 20:30:00,CMP003,CH02
T002609,C01465,2025-03-05 00:00:00,CMP003,CH02
T002610,C01465,2025-03-06 13:39:00,CMP002,CH01
T002611,C01465,2025-03-11 08:51:00,CMP001,CH01
T002612,C01465,2025-03-18 04:17:00,CMP004,CH02
T002613,C01466,2025-05-03 00:00:00,CMP002,CH01
T002614,C01466,2025-05-05 02:51:00,CMP001,CH01
T002615,C01468,2025-09-30 00:00:00,CMP001,CH01
T002616,C01469,2025-06-26 00:00:00,CMP005,CH03
T002617,C01469,2025-07-02 15:53:00,CMP003,CH02
T002618,C01469,2025-07-08 17:03:00,CMP005,CH03
T002619,C01470,2025-02-15 00:00:00,CMP004,CH02
T002620,C01470,2025-02-19 02:43:00,CMP005,CH03
T002621,C01470,2025-02-23 07:19:00,CMP002,CH01
T002622,C01471,2025-12-05 00:00:00,CMP004,CH02
T002623,C01471,2025-12-08 08:29:00,CMP001,CH01
T002624,C01472,2025-11-25 00:00:00,CMP002,CH01
T002625,C01474,2025-04-22 00:00:00,CMP001,CH01
T002626,C01475,2025-09-28 00:00:00,CMP002,CH01
T002627,C01477,2025-10-21 00:00:00,CMP003,CH02
T002628,C01477,2025-10-25 13:40:00,CMP002,CH01
T002629,C01477,2025-10-31 22:10:00,CMP002,CH01
T002630,C01477,2025-11-07 02:58:00,CMP001,CH01
T002631,C01478,2025-06-01 00:00:00,CMP001,CH01
T002632,C01478,2025-06-03 16:16:00,CMP001,CH01
T002633,C01478,2025-06-08 09:27:00,CMP002,CH01
T002634,C01479,2025-08-29 00:00:00,CMP004,CH02
T002635,C01479,2025-09-05 19:48:00,CMP002,CH01
T002636,C01480,2025-05-25 00:00:00,CMP001,CH01
T002637,C01480,2025-05-28 06:37:00,CMP001,CH01
T002638,C01480,2025-06-02 10:45:00,CMP002,CH01
T002639,C01481,2025-04-03 00:00:00,CMP002,CH01
T002640,C01481,2025-04-06 11:28:00,CMP003,CH02
T002641,C01481,2025-04-07 16:34:00,CMP003,CH02
T002642,C01483,2025-02-17 00:00:00,CMP001,CH01
T002643,C01484,2025-01-18 00:00:00,CMP001,CH01
T002644,C01484,2025-01-22 06:33:00,CMP001,CH01
T002645,C01485,2025-09-08 00:00:00,CMP003,CH02
T002646,C01485,2025-09-13 09:11:00,CMP004,CH02
T002647,C01485,2025-09-15 09:01:00,CMP003,CH02
T002648,C01486,2025-12-21 00:00:00,CMP004,CH02
T002649,C01486,2025-12-28 17:15:00,CMP002,CH01
T002650,C01488,2025-09-01 00:00:00,CMP001,CH01
T002651,C01488,2025-09-05 18:44:00,CMP005,CH03
T002652,C01489,2025-09-27 00:00:00,CMP002,CH01
T002653,C01489,2025-09-29 20:40:00,CMP001,CH01
T002654,C01491,2025-08-03 00:00:00,CMP004,CH02
T002655,C01493,2025-05-29 00:00:00,CMP002,CH01
T002656,C01493,2025-06-02 20:28:00,CMP003,CH02
T002657,C01494,2025-10-19 00:00:00,CMP003,CH02
T002658,C01494,2025-10-23 06:45:00,CMP002,CH01
T002659,C01494,2025-10-24 14:40:00,CMP003,CH02
T002660,C01494,2025-10-30 12:58:00,CMP004,CH02
T002661,C01495,2025-02-03 00:00:00,CMP001,CH01
T002662,C01495,2025-02-08 10:47:00,CMP002,CH01
T002663,C01495,2025-02-11 07:08:00,CMP005,CH03
T002664,C01496,2025-04-20 00:00:00,CMP002,CH01
T002665,C01497,2025-04-11 00:00:00,CMP003,CH02
T002666,C01497,2025-04-18 18:24:00,CMP004,CH02
T002667,C01498,2025-11-15 00:00:00,CMP004,CH02
T002668,C01498,2025-11-21 14:36:00,CMP001,CH01
T002669,C01498,2025-11-26 08:16:00,CMP003,CH02
T002670,C01498,2025-12-03 12:17:00,CMP001,CH01
T002671,C01498,2025-12-10 08:24:00,CMP001,CH01
T002672,C01500,2025-09-16 00:00:00,CMP004,CH02
T002673,C01501,2025-04-04 00:00:00,CMP002,CH01
T002674,C01502,2025-02-25 00:00:00,CMP002,CH01
T002675,C01502,2025-03-02 01:36:00,CMP003,CH02
T002676,C01503,2025-12-10 00:00:00,CMP005,CH03
T002677,C01503,2025-12-11 21:32:00,CMP001,CH01
T002678,C01504,2025-09-21 00:00:00,CMP003,CH02
T002679,C01504,2025-09-23 08:10:00,CMP003,CH02
T002680,C01504,2025-09-28 06:07:00,CMP003,CH02
T002681,C01505,2025-08-05 00:00:00,CMP002,CH01
T002682,C01505,2025-08-11 04:39:00,CMP002,CH01
T002683,C01505,2025-08-16 11:33:00,CMP001,CH01
T002684,C01505,2025-08-19 15:02:00,CMP001,CH01
T002685,C01506,2025-04-03 00:00:00,CMP003,CH02
T002686,C01507,2025-05-01 00:00:00,CMP002,CH01
T002687,C01507,2025-05-05 14:23:00,CMP003,CH02
T002688,C01507,2025-05-12 05:54:00,CMP002,CH01
T002689,C01508,2025-07-18 00:00:00,CMP004,CH02
T002690,C01508,2025-07-25 10:34:00,CMP004,CH02
T002691,C01508,2025-07-28 11:47:00,CMP003,CH02
T002692,C01509,2025-08-13 00:00:00,CMP003,CH02
T002693,C01509,2025-08-16 00:30:00,CMP005,CH03
T002694,C01510,2025-04-04 00:00:00,CMP004,CH02
T002695,C01510,2025-04-05 13:05:00,CMP005,CH03
T002696,C01511,2025-05-16 00:00:00,CMP005,CH03
T002697,C01511,2025-05-20 22:26:00,CMP003,CH02
T002698,C01512,2025-02-16 00:00:00,CMP002,CH01
T002699,C01512,2025-02-23 05:18:00,CMP004,CH02
T002700,C01514,2025-05-06 00:00:00,CMP004,CH02
T002701,C01514,2025-05-12 01:13:00,CMP001,CH01
T002702,C01515,2025-10-21 00:00:00,CMP002,CH01
T002703,C01515,2025-10-23 11:20:00,CMP003,CH02
T002704,C01515,2025-10-30 11:16:00,CMP002,CH01
T002705,C01515,2025-11-01 22:02:00,CMP001,CH01
T002706,C01516,2025-09-13 00:00:00,CMP001,CH01
T002707,C01517,2025-08-25 00:00:00,CMP004,CH02
T002708,C01517,2025-08-28 23:26:00,CMP004,CH02
T002709,C01517,2025-08-30 05:09:00,CMP002,CH01
T002710,C01519,2025-11-08 00:00:00,CMP001,CH01
T002711,C01519,2025-11-12 21:59:00,CMP001,CH01
T002712,C01520,2025-08-14 00:00:00,CMP002,CH01
T002713,C01521,2025-01-20 00:00:00,CMP003,CH02
T002714,C01522,2025-07-21 00:00:00,CMP004,CH02
T002715,C01522,2025-07-25 06:01:00,CMP001,CH01
T002716,C01522,2025-07-29 12:25:00,CMP001,CH01
T002717,C01522,2025-07-30 13:47:00,CMP003,CH02
T002718,C01523,2025-08-25 00:00:00,CMP004,CH02
T002719,C01523,2025-09-01 22:54:00,CMP003,CH02
T002720,C01524,2025-02-25 00:00:00,CMP001,CH01
T002721,C01524,2025-03-03 20:23:00,CMP004,CH02
T002722,C01524,2025-03-11 03:18:00,CMP005,CH03
T002723,C01525,2025-12-10 00:00:00,CMP003,CH02
T002724,C01525,2025-12-15 13:23:00,CMP005,CH03
T002725,C01526,2025-11-01 00:00:00,CMP002,CH01
T002726,C01526,2025-11-07 17:25:00,CMP002,CH01
T002727,C01528,2025-06-02 00:00:00,CMP003,CH02
T002728,C01529,2025-02-15 00:00:00,CMP005,CH03
T002729,C01530,2025-11-08 00:00:00,CMP004,CH02
T002730,C01530,2025-11-09 10:18:00,CMP004,CH02
T002731,C01531,2025-03-07 00:00:00,CMP003,CH02
T002732,C01532,2025-03-07 00:00:00,CMP002,CH01
T002733,C01533,2025-08-04 00:00:00,CMP001,CH01
T002734,C01533,2025-08-05 07:27:00,CMP004,CH02
T002735,C01533,2025-08-13 00:45:00,CMP001,CH01
T002736,C01533,2025-08-17 15:50:00,CMP003,CH02
T002737,C01535,2025-03-30 00:00:00,CMP004,CH02
T002738,C01535,2025-04-05 11:04:00,CMP004,CH02
T002739,C01536,2025-08-12 00:00:00,CMP003,CH02
T002740,C01537,2025-03-21 00:00:00,CMP001,CH01
T002741,C01537,2025-03-24 11:56:00,CMP001,CH01
T002742,C01537,2025-03-29 22:31:00,CMP002,CH01
T002743,C01538,2025-12-08 00:00:00,CMP001,CH01
T002744,C01540,2025-04-01 00:00:00,CMP003,CH02
T002745,C01540,2025-04-03 07:22:00,CMP005,CH03
T002746,C01540,2025-04-08 21:55:00,CMP003,CH02
T002747,C01540,2025-04-10 09:41:00,CMP004,CH02
T002748,C01541,2025-09-06 00:00:00,CMP005,CH03
T002749,C01541,2025-09-10 16:42:00,CMP002,CH01
T002750,C01544,2025-12-13 00:00:00,CMP002,CH01
T002751,C01544,2025-12-14 14:43:00,CMP001,CH01
T002752,C01545,2025-03-04 00:00:00,CMP005,CH03
T002753,C01545,2025-03-07 23:43:00,CMP001,CH01
T002754,C01545,2025-03-13 01:42:00,CMP003,CH02
T002755,C01546,2025-06-29 00:00:00,CMP004,CH02
T002756,C01547,2025-11-30 00:00:00,CMP001,CH01
T002757,C01547,2025-12-05 00:06:00,CMP001,CH01
T002758,C01549,2025-08-04 00:00:00,CMP002,CH01
T002759,C01549,2025-08-08 08:16:00,CMP002,CH01
T002760,C01549,2025-08-10 02:29:00,CMP002,CH01
T002761,C01551,2025-07-12 00:00:00,CMP001,CH01
T002762,C01551,2025-07-16 20:18:00,CMP002,CH01
T002763,C01551,2025-07-20 04:17:00,CMP001,CH01
T002764,C01551,2025-07-23 18:45:00,CMP002,CH01
T002765,C01552,2025-09-03 00:00:00,CMP003,CH02
T002766,C01553,2025-12-21 00:00:00,CMP002,CH01
T002767,C01553,2025-12-23 16:07:00,CMP003,CH02
T002768,C01553,2025-12-25 03:07:00,CMP001,CH01
T002769,C01554,2025-11-24 00:00:00,CMP002,CH01
T002770,C01554,2025-11-27 10:03:00,CMP002,CH01
T002771,C01554,2025-11-29 13:41:00,CMP002,CH01
T002772,C01556,2025-03-08 00:00:00,CMP004,CH02
T002773,C01556,2025-03-09 19:30:00,CMP004,CH02
T002774,C01557,2025-02-08 00:00:00,CMP002,CH01
T002775,C01559,2025-07-29 00:00:00,CMP002,CH01
T002776,C01559,2025-08-03 17:48:00,CMP004,CH02
T002777,C01561,2025-02-17 00:00:00,CMP002,CH01
T002778,C01561,2025-02-20 15:46:00,CMP001,CH01
T002779,C01562,2025-11-27 00:00:00,CMP003,CH02
T002780,C01562,2025-11-30 16:28:00,CMP004,CH02
T002781,C01562,2025-12-06 16:06:00,CMP003,CH02
T002782,C01563,2025-03-01 00:00:00,CMP001,CH01
T002783,C01564,2025-05-15 00:00:00,CMP002,CH01
T002784,C01564,2025-05-22 23:38:00,CMP005,CH03
T002785,C01565,2025-06-13 00:00:00,CMP001,CH01
T002786,C01565,2025-06-17 08:30:00,CMP002,CH01
T002787,C01565,2025-06-20 15:58:00,CMP003,CH02
T002788,C01566,2025-09-21 00:00:00,CMP002,CH01
T002789,C01566,2025-09-24 12:57:00,CMP004,CH02
T002790,C01567,2025-10-16 00:00:00,CMP004,CH02
T002791,C01567,2025-10-20 10:23:00,CMP002,CH01
T002792,C01567,2025-10-28 07:57:00,CMP004,CH02
T002793,C01567,2025-10-30 12:43:00,CMP001,CH01
T002794,C01568,2025-01-31 00:00:00,CMP002,CH01
T002795,C01568,2025-02-01 10:18:00,CMP002,CH01
T002796,C01568,2025-02-03 00:32:00,CMP002,CH01
T002797,C01570,2025-10-18 00:00:00,CMP001,CH01
T002798,C01571,2025-05-29 00:00:00,CMP002,CH01
T002799,C01571,2025-06-05 21:47:00,CMP004,CH02
T002800,C01571,2025-06-07 01:59:00,CMP003,CH02
T002801,C01571,2025-06-09 03:48:00,CMP005,CH03
T002802,C01572,2025-04-10 00:00:00,CMP004,CH02
T002803,C01574,2025-10-27 00:00:00,CMP003,CH02
T002804,C01574,2025-10-28 18:25:00,CMP005,CH03
T002805,C01575,2025-03-03 00:00:00,CMP003,CH02
T002806,C01575,2025-03-04 16:31:00,CMP003,CH02
T002807,C01575,2025-03-12 12:51:00,CMP003,CH02
T002808,C01576,2025-12-26 00:00:00,CMP004,CH02
T002809,C01576,2025-12-28 14:54:00,CMP005,CH03
T002810,C01576,2025-12-30 16:31:00,CMP005,CH03
T002811,C01578,2025-09-21 00:00:00,CMP004,CH02
T002812,C01578,2025-09-28 13:54:00,CMP002,CH01
T002813,C01579,2025-09-13 00:00:00,CMP003,CH02
T002814,C01579,2025-09-16 10:00:00,CMP004,CH02
T002815,C01579,2025-09-23 11:43:00,CMP003,CH02
T002816,C01580,2025-12-27 00:00:00,CMP001,CH01
T002817,C01581,2025-01-14 00:00:00,CMP003,CH02
T002818,C01581,2025-01-15 14:39:00,CMP001,CH01
T002819,C01581,2025-01-18 12:48:00,CMP002,CH01
T002820,C01581,2025-01-21 03:21:00,CMP001,CH01
T002821,C01582,2025-11-15 00:00:00,CMP002,CH01
T002822,C01583,2025-03-03 00:00:00,CMP001,CH01
T002823,C01583,2025-03-07 10:13:00,CMP003,CH02
T002824,C01584,2025-05-23 00:00:00,CMP004,CH02
T002825,C01584,2025-05-26 17:05:00,CMP004,CH02
T002826,C01585,2025-09-17 00:00:00,CMP003,CH02
T002827,C01585,2025-09-20 00:31:00,CMP002,CH01
T002828,C01586,2025-01-02 00:00:00,CMP002,CH01
T002829,C01586,2025-01-08 12:21:00,CMP003,CH02
T002830,C01588,2025-11-14 00:00:00,CMP005,CH03
T002831,C01588,2025-11-15 14:47:00,CMP003,CH02
T002832,C01588,2025-11-17 01:52:00,CMP004,CH02
T002833,C01589,2025-08-18 00:00:00,CMP001,CH01
T002834,C01589,2025-08-25 04:34:00,CMP001,CH01
T002835,C01590,2025-01-15 00:00:00,CMP004,CH02
T002836,C01590,2025-01-17 15:55:00,CMP005,CH03
T002837,C01591,2025-10-13 00:00:00,CMP004,CH02
T002838,C01591,2025-10-14 09:46:00,CMP003,CH02
T002839,C01592,2025-09-03 00:00:00,CMP001,CH01
T002840,C01592,2025-09-10 13:44:00,CMP001,CH01
T002841,C01592,2025-09-12 06:07:00,CMP003,CH02
T002842,C01594,2025-09-14 00:00:00,CMP001,CH01
T002843,C01595,2025-09-22 00:00:00,CMP005,CH03
T002844,C01595,2025-09-26 14:10:00,CMP001,CH01
T002845,C01595,2025-10-01 03:31:00,CMP003,CH02
T002846,C01596,2025-06-29 00:00:00,CMP003,CH02
T002847,C01596,2025-07-03 07:47:00,CMP005,CH03
T002848,C01596,2025-07-10 18:05:00,CMP001,CH01
T002849,C01597,2025-12-09 00:00:00,CMP004,CH02
T002850,C01597,2025-12-13 21:08:00,CMP002,CH01
T002851,C01597,2025-12-15 06:10:00,CMP001,CH01
T002852,C01598,2025-09-15 00:00:00,CMP003,CH02
T002853,C01598,2025-09-16 20:34:00,CMP005,CH03
T002854,C01599,2025-04-19 00:00:00,CMP002,CH01
T002855,C01599,2025-04-24 09:48:00,CMP002,CH01
T002856,C01600,2025-01-11 00:00:00,CMP001,CH01
T002857,C01601,2025-07-09 00:00:00,CMP001,CH01
T002858,C01602,2025-10-24 00:00:00,CMP001,CH01
T002859,C01602,2025-10-28 12:00:00,CMP003,CH02
T002860,C01602,2025-10-30 01:49:00,CMP003,CH02
T002861,C01605,2025-11-19 00:00:00,CMP002,CH01
T002862,C01605,2025-11-23 02:14:00,CMP003,CH02
T002863,C01606,2025-12-02 00:00:00,CMP002,CH01
T002864,C01606,2025-12-03 01:55:00,CMP004,CH02
T002865,C01607,2025-11-25 00:00:00,CMP003,CH02
T002866,C01610,2025-07-27 00:00:00,CMP004,CH02
T002867,C01610,2025-08-01 19:43:00,CMP001,CH01
T002868,C01610,2025-08-08 08:02:00,CMP003,CH02
T002869,C01611,2025-11-29 00:00:00,CMP002,CH01
T002870,C01612,2025-01-21 00:00:00,CMP005,CH03
T002871,C01612,2025-01-23 20:25:00,CMP001,CH01
T002872,C01612,2025-01-26 08:43:00,CMP002,CH01
T002873,C01614,2025-09-19 00:00:00,CMP005,CH03
T002874,C01615,2025-04-24 00:00:00,CMP001,CH01
T002875,C01615,2025-04-25 09:55:00,CMP003,CH02
T002876,C01615,2025-04-27 18:12:00,CMP003,CH02
T002877,C01616,2025-07-28 00:00:00,CMP002,CH01
T002878,C01616,2025-07-30 21:38:00,CMP001,CH01
T002879,C01616,2025-08-01 20:40:00,CMP002,CH01
T002880,C01617,2025-10-08 00:00:00,CMP001,CH01
T002881,C01617,2025-10-14 23:35:00,CMP004,CH02
T002882,C01617,2025-10-20 23:01:00,CMP002,CH01
T002883,C01617,2025-10-23 09:07:00,CMP002,CH01
T002884,C01619,2025-08-13 00:00:00,CMP001,CH01
T002885,C01621,2025-09-12 00:00:00,CMP004,CH02
T002886,C01622,2025-07-28 00:00:00,CMP005,CH03
T002887,C01622,2025-08-02 03:14:00,CMP004,CH02
T002888,C01622,2025-08-04 23:48:00,CMP002,CH01
T002889,C01622,2025-08-10 03:31:00,CMP001,CH01
T002890,C01623,2025-05-10 00:00:00,CMP002,CH01
T002891,C01624,2025-04-29 00:00:00,CMP001,CH01
T002892,C01625,2025-03-07 00:00:00,CMP002,CH01
T002893,C01625,2025-03-12 16:28:00,CMP002,CH01
T002894,C01626,2025-10-27 00:00:00,CMP002,CH01
T002895,C01626,2025-10-31 23:40:00,CMP003,CH02
T002896,C01626,2025-11-04 14:57:00,CMP002,CH01
T002897,C01627,2025-09-16 00:00:00,CMP003,CH02
T002898,C01627,2025-09-20 03:29:00,CMP005,CH03
T002899,C01628,2025-09-11 00:00:00,CMP001,CH01
T002900,C01628,2025-09-15 01:57:00,CMP002,CH01
T002901,C01628,2025-09-19 04:13:00,CMP004,CH02
T002902,C01631,2025-08-02 00:00:00,CMP002,CH01
T002903,C01633,2025-07-09 00:00:00,CMP001,CH01
T002904,C01633,2025-07-12 09:22:00,CMP003,CH02
T002905,C01633,2025-07-18 09:02:00,CMP001,CH01
T002906,C01634,2025-07-08 00:00:00,CMP002,CH01
T002907,C01634,2025-07-14 21:53:00,CMP003,CH02
T002908,C01635,2025-08-26 00:00:00,CMP003,CH02
T002909,C01635,2025-08-29 19:32:00,CMP002,CH01
T002910,C01636,2025-10-08 00:00:00,CMP004,CH02
T002911,C01636,2025-10-12 07:38:00,CMP002,CH01
T002912,C01637,2025-03-30 00:00:00,CMP004,CH02
T002913,C01638,2025-09-06 00:00:00,CMP002,CH01
T002914,C01638,2025-09-12 03:19:00,CMP002,CH01
T002915,C01640,2025-08-11 00:00:00,CMP003,CH02
T002916,C01640,2025-08-13 11:12:00,CMP002,CH01
T002917,C01640,2025-08-16 22:33:00,CMP002,CH01
T002918,C01642,2025-08-09 00:00:00,CMP004,CH02
T002919,C01642,2025-08-16 02:13:00,CMP003,CH02
T002920,C01642,2025-08-18 00:36:00,CMP002,CH01
T002921,C01643,2025-05-20 00:00:00,CMP005,CH03
T002922,C01643,2025-05-27 20:23:00,CMP004,CH02
T002923,C01644,2025-07-25 00:00:00,CMP005,CH03
T002924,C01645,2025-05-21 00:00:00,CMP003,CH02
T002925,C01645,2025-05-26 05:44:00,CMP001,CH01
T002926,C01646,2025-04-07 00:00:00,CMP001,CH01
T002927,C01646,2025-04-08 22:42:00,CMP001,CH01
T002928,C01647,2025-02-23 00:00:00,CMP004,CH02
T002929,C01647,2025-02-25 04:26:00,CMP002,CH01
T002930,C01649,2025-07-29 00:00:00,CMP001,CH01
T002931,C01650,2025-08-11 00:00:00,CMP004,CH02
T002932,C01650,2025-08-14 16:50:00,CMP003,CH02
T002933,C01651,2025-07-17 00:00:00,CMP003,CH02
T002934,C01651,2025-07-21 20:45:00,CMP002,CH01
T002935,C01651,2025-07-25 15:28:00,CMP001,CH01
T002936,C01652,2025-04-10 00:00:00,CMP004,CH02
T002937,C01652,2025-04-12 13:31:00,CMP002,CH01
T002938,C01653,2025-07-26 00:00:00,CMP002,CH01
T002939,C01653,2025-07-29 22:52:00,CMP003,CH02
T002940,C01653,2025-07-31 20:13:00,CMP001,CH01
T002941,C01653,2025-08-07 10:10:00,CMP002,CH01
T002942,C01654,2025-04-08 00:00:00,CMP001,CH01
T002943,C01655,2025-02-24 00:00:00,CMP002,CH01
T002944,C01655,2025-03-01 00:21:00,CMP001,CH01
T002945,C01655,2025-03-02 06:56:00,CMP003,CH02
T002946,C01656,2025-06-13 00:00:00,CMP004,CH02
T002947,C01657,2025-02-23 00:00:00,CMP002,CH01
T002948,C01657,2025-02-26 17:52:00,CMP001,CH01
T002949,C01659,2025-03-03 00:00:00,CMP004,CH02
T002950,C01659,2025-03-05 16:33:00,CMP004,CH02
T002951,C01659,2025-03-12 12:14:00,CMP004,CH02
T002952,C01660,2025-12-09 00:00:00,CMP004,CH02
T002953,C01661,2025-07-04 00:00:00,CMP002,CH01
T002954,C01661,2025-07-07 02:55:00,CMP002,CH01
T002955,C01661,2025-07-14 04:56:00,CMP003,CH02
T002956,C01663,2025-04-04 00:00:00,CMP001,CH01
T002957,C01663,2025-04-08 11:03:00,CMP002,CH01
T002958,C01663,2025-04-09 15:29:00,CMP005,CH03
T002959,C01664,2025-09-11 00:00:00,CMP003,CH02
T002960,C01665,2025-06-22 00:00:00,CMP001,CH01
T002961,C01665,2025-06-29 17:44:00,CMP001,CH01
T002962,C01665,2025-07-04 13:50:00,CMP005,CH03
T002963,C01666,2025-08-01 00:00:00,CMP001,CH01
T002964,C01667,2025-06-15 00:00:00,CMP004,CH02
T002965,C01669,2025-11-30 00:00:00,CMP001,CH01
T002966,C01669,2025-12-02 22:39:00,CMP004,CH02
T002967,C01669,2025-12-04 00:15:00,CMP005,CH03
T002968,C01670,2025-08-05 00:00:00,CMP003,CH02
T002969,C01670,2025-08-09 11:03:00,CMP005,CH03
T002970,C01672,2025-07-20 00:00:00,CMP003,CH02
T002971,C01673,2025-05-29 00:00:00,CMP001,CH01
T002972,C01674,2025-12-18 00:00:00,CMP005,CH03
T002973,C01675,2025-01-10 00:00:00,CMP001,CH01
T002974,C01675,2025-01-11 19:57:00,CMP005,CH03
T002975,C01676,2025-12-07 00:00:00,CMP002,CH01
T002976,C01676,2025-12-11 01:30:00,CMP001,CH01
T002977,C01676,2025-12-13 22:29:00,CMP002,CH01
T002978,C01676,2025-12-17 15:21:00,CMP002,CH01
T002979,C01678,2025-10-01 00:00:00,CMP004,CH02
T002980,C01678,2025-10-06 05:04:00,CMP001,CH01
T002981,C01678,2025-10-10 12:38:00,CMP001,CH01
T002982,C01679,2025-04-17 00:00:00,CMP001,CH01
T002983,C01679,2025-04-22 14:42:00,CMP003,CH02
T002984,C01680,2025-06-01 00:00:00,CMP003,CH02
T002985,C01681,2025-06-01 00:00:00,CMP002,CH01
T002986,C01681,2025-06-04 09:15:00,CMP003,CH02
T002987,C01682,2025-07-04 00:00:00,CMP003,CH02
T002988,C01682,2025-07-08 17:03:00,CMP001,CH01
T002989,C01682,2025-07-16 13:56:00,CMP004,CH02
T002990,C01683,2025-04-21 00:00:00,CMP002,CH01
T002991,C01683,2025-04-26 16:15:00,CMP002,CH01
T002992,C01683,2025-04-30 03:55:00,CMP003,CH02
T002993,C01685,2025-06-22 00:00:00,CMP003,CH02
T002994,C01685,2025-06-27 15:23:00,CMP001,CH01
T002995,C01685,2025-07-05 14:54:00,CMP004,CH02
T002996,C01685,2025-07-07 10:31:00,CMP001,CH01
T002997,C01686,2025-02-18 00:00:00,CMP003,CH02
T002998,C01686,2025-02-19 07:49:00,CMP002,CH01
T002999,C01686,2025-02-25 06:21:00,CMP001,CH01
T003000,C01687,2025-07-11 00:00:00,CMP003,CH02
T003001,C01688,2025-01-25 00:00:00,CMP001,CH01
T003002,C01689,2025-12-13 00:00:00,CMP001,CH01
T003003,C01689,2025-12-15 10:11:00,CMP001,CH01
T003004,C01689,2025-12-19 15:22:00,CMP004,CH02
T003005,C01690,2025-02-09 00:00:00,CMP005,CH03
T003006,C01690,2025-02-15 08:08:00,CMP004,CH02
T003007,C01691,2025-02-18 00:00:00,CMP002,CH01
T003008,C01692,2025-02-02 00:00:00,CMP002,CH01
T003009,C01694,2025-10-26 00:00:00,CMP002,CH01
T003010,C01694,2025-10-30 23:16:00,CMP001,CH01
T003011,C01695,2025-10-21 00:00:00,CMP002,CH01
T003012,C01695,2025-10-26 02:38:00,CMP004,CH02
T003013,C01696,2025-06-20 00:00:00,CMP002,CH01
T003014,C01696,2025-06-24 07:40:00,CMP002,CH01
T003015,C01696,2025-07-01 20:54:00,CMP002,CH01
T003016,C01696,2025-07-04 23:24:00,CMP004,CH02
T003017,C01697,2025-05-03 00:00:00,CMP003,CH02
T003018,C01698,2025-09-27 00:00:00,CMP004,CH02
T003019,C01698,2025-10-01 15:06:00,CMP001,CH01
T003020,C01699,2025-03-28 00:00:00,CMP002,CH01
T003021,C01699,2025-03-30 06:23:00,CMP004,CH02
T003022,C01700,2025-06-04 00:00:00,CMP003,CH02
T003023,C01701,2025-04-09 00:00:00,CMP001,CH01
T003024,C01701,2025-04-15 15:55:00,CMP003,CH02
T003025,C01701,2025-04-21 07:39:00,CMP004,CH02
T003026,C01702,2025-03-04 00:00:00,CMP002,CH01
T003027,C01703,2025-09-26 00:00:00,CMP003,CH02
T003028,C01703,2025-10-02 03:25:00,CMP004,CH02
T003029,C01706,2025-02-24 00:00:00,CMP002,CH01
T003030,C01706,2025-02-25 02:04:00,CMP002,CH01
T003031,C01708,2025-12-26 00:00:00,CMP004,CH02
T003032,C01708,2025-12-29 11:56:00,CMP002,CH01
T003033,C01710,2025-12-11 00:00:00,CMP005,CH03
T003034,C01712,2025-05-16 00:00:00,CMP001,CH01
T003035,C01712,2025-05-17 21:26:00,CMP002,CH01
T003036,C01713,2025-12-02 00:00:00,CMP001,CH01
T003037,C01713,2025-12-05 15:47:00,CMP004,CH02
T003038,C01713,2025-12-07 23:47:00,CMP004,CH02
T003039,C01714,2025-02-15 00:00:00,CMP002,CH01
T003040,C01714,2025-02-19 03:13:00,CMP003,CH02
T003041,C01715,2025-08-20 00:00:00,CMP001,CH01
T003042,C01715,2025-08-22 02:42:00,CMP005,CH03
T003043,C01715,2025-08-28 22:47:00,CMP002,CH01
T003044,C01716,2025-07-14 00:00:00,CMP002,CH01
T003045,C01716,2025-07-21 13:16:00,CMP001,CH01
T003046,C01717,2025-11-29 00:00:00,CMP005,CH03
T003047,C01717,2025-12-02 09:54:00,CMP001,CH01
T003048,C01719,2025-08-13 00:00:00,CMP003,CH02
T003049,C01719,2025-08-15 09:04:00,CMP001,CH01
T003050,C01720,2025-12-19 00:00:00,CMP001,CH01
T003051,C01721,2025-03-04 00:00:00,CMP002,CH01
T003052,C01722,2025-07-22 00:00:00,CMP005,CH03
T003053,C01722,2025-07-24 08:58:00,CMP004,CH02
T003054,C01724,2025-02-01 00:00:00,CMP003,CH02
T003055,C01724,2025-02-04 04:47:00,CMP001,CH01
T003056,C01724,2025-02-05 18:45:00,CMP003,CH02
T003057,C01724,2025-02-09 19:59:00,CMP003,CH02
T003058,C01724,2025-02-15 07:05:00,CMP003,CH02
T003059,C01725,2025-12-19 00:00:00,CMP002,CH01
T003060,C01726,2025-09-11 00:00:00,CMP002,CH01
T003061,C01726,2025-09-14 10:12:00,CMP004,CH02
T003062,C01726,2025-09-16 13:39:00,CMP004,CH02
T003063,C01727,2025-08-09 00:00:00,CMP001,CH01
T003064,C01728,2025-02-19 00:00:00,CMP003,CH02
T003065,C01728,2025-02-21 15:59:00,CMP003,CH02
T003066,C01729,2025-08-06 00:00:00,CMP004,CH02
T003067,C01731,2025-12-17 00:00:00,CMP001,CH01
T003068,C01732,2025-01-24 00:00:00,CMP003,CH02
T003069,C01732,2025-01-29 13:36:00,CMP004,CH02
T003070,C01732,2025-02-05 00:04:00,CMP004,CH02
T003071,C01732,2025-02-06 03:39:00,CMP004,CH02
T003072,C01733,2025-12-23 00:00:00,CMP003,CH02
T003073,C01734,2025-06-06 00:00:00,CMP004,CH02
T003074,C01735,2025-07-10 00:00:00,CMP005,CH03
T003075,C01735,2025-07-17 20:54:00,CMP003,CH02
T003076,C01736,2025-01-18 00:00:00,CMP001,CH01
T003077,C01736,2025-01-22 16:49:00,CMP002,CH01
T003078,C01737,2025-12-07 00:00:00,CMP004,CH02
T003079,C01739,2025-01-25 00:00:00,CMP002,CH01
T003080,C01739,2025-01-26 18:13:00,CMP002,CH01
T003081,C01739,2025-01-28 17:20:00,CMP003,CH02
T003082,C01741,2025-08-18 00:00:00,CMP002,CH01
T003083,C01741,2025-08-19 23:39:00,CMP002,CH01
T003084,C01741,2025-08-24 23:59:00,CMP004,CH02
T003085,C01742,2025-09-05 00:00:00,CMP005,CH03
T003086,C01742,2025-09-07 16:04:00,CMP003,CH02
T003087,C01742,2025-09-12 15:13:00,CMP002,CH01
T003088,C01743,2025-11-07 00:00:00,CMP003,CH02
T003089,C01743,2025-11-09 09:04:00,CMP002,CH01
T003090,C01743,2025-11-15 12:09:00,CMP003,CH02
T003091,C01744,2025-11-22 00:00:00,CMP004,CH02
T003092,C01744,2025-11-29 12:11:00,CMP004,CH02
T003093,C01744,2025-12-05 09:08:00,CMP004,CH02
T003094,C01745,2025-12-02 00:00:00,CMP001,CH01
T003095,C01745,2025-12-07 06:05:00,CMP004,CH02
T003096,C01745,2025-12-10 03:57:00,CMP001,CH01
T003097,C01745,2025-12-15 14:35:00,CMP001,CH01
T003098,C01745,2025-12-20 19:24:00,CMP004,CH02
T003099,C01746,2025-04-05 00:00:00,CMP002,CH01
T003100,C01746,2025-04-09 15:08:00,CMP002,CH01
T003101,C01746,2025-04-17 13:53:00,CMP004,CH02
T003102,C01746,2025-04-23 01:41:00,CMP004,CH02
T003103,C01746,2025-04-24 14:52:00,CMP003,CH02
T003104,C01747,2025-05-23 00:00:00,CMP004,CH02
T003105,C01749,2025-03-15 00:00:00,CMP001,CH01
T003106,C01749,2025-03-21 15:14:00,CMP003,CH02
T003107,C01750,2025-02-21 00:00:00,CMP003,CH02
T003108,C01750,2025-02-24 23:09:00,CMP001,CH01
T003109,C01750,2025-02-28 04:11:00,CMP002,CH01
T003110,C01752,2025-11-29 00:00:00,CMP003,CH02
T003111,C01754,2025-03-15 00:00:00,CMP002,CH01
T003112,C01754,2025-03-22 21:21:00,CMP005,CH03
T003113,C01754,2025-03-25 19:15:00,CMP004,CH02
T003114,C01755,2025-10-22 00:00:00,CMP002,CH01
T003115,C01755,2025-10-28 23:43:00,CMP003,CH02
T003116,C01755,2025-11-02 19:34:00,CMP005,CH03
T003117,C01756,2025-04-04 00:00:00,CMP002,CH01
T003118,C01758,2025-04-24 00:00:00,CMP003,CH02
T003119,C01758,2025-04-30 03:27:00,CMP005,CH03
T003120,C01758,2025-05-07 05:35:00,CMP003,CH02
T003121,C01759,2025-12-04 00:00:00,CMP004,CH02
T003122,C01760,2025-02-24 00:00:00,CMP001,CH01
T003123,C01763,2025-12-13 00:00:00,CMP001,CH01
T003124,C01763,2025-12-20 08:25:00,CMP005,CH03
T003125,C01763,2025-12-24 01:18:00,CMP004,CH02
T003126,C01764,2025-03-29 00:00:00,CMP001,CH01
T003127,C01764,2025-04-05 23:08:00,CMP001,CH01
T003128,C01764,2025-04-13 05:06:00,CMP001,CH01
T003129,C01765,2025-12-27 00:00:00,CMP004,CH02
T003130,C01765,2025-12-31 01:49:00,CMP004,CH02
T003131,C01765,2026-01-06 20:08:00,CMP001,CH01
T003132,C01766,2025-09-27 00:00:00,CMP005,CH03
T003133,C01766,2025-10-02 14:33:00,CMP001,CH01
T003134,C01766,2025-10-07 19:40:00,CMP001,CH01
T003135,C01767,2025-10-11 00:00:00,CMP001,CH01
T003136,C01767,2025-10-15 20:03:00,CMP003,CH02
T003137,C01767,2025-10-21 15:16:00,CMP002,CH01
T003138,C01767,2025-10-24 18:55:00,CMP001,CH01
T003139,C01768,2025-11-03 00:00:00,CMP003,CH02
T003140,C01768,2025-11-10 07:34:00,CMP001,CH01
T003141,C01769,2025-08-13 00:00:00,CMP004,CH02
T003142,C01769,2025-08-20 07:34:00,CMP001,CH01
T003143,C01769,2025-08-22 14:02:00,CMP001,CH01
T003144,C01769,2025-08-26 08:19:00,CMP002,CH01
T003145,C01770,2025-08-14 00:00:00,CMP004,CH02
T003146,C01770,2025-08-15 00:20:00,CMP005,CH03
T003147,C01771,2025-09-23 00:00:00,CMP001,CH01
T003148,C01771,2025-09-25 08:35:00,CMP004,CH02
T003149,C01771,2025-10-01 12:24:00,CMP003,CH02
T003150,C01773,2025-11-30 00:00:00,CMP004,CH02
T003151,C01775,2025-03-11 00:00:00,CMP004,CH02
T003152,C01775,2025-03-16 08:31:00,CMP002,CH01
T003153,C01775,2025-03-21 13:52:00,CMP003,CH02
T003154,C01776,2025-07-10 00:00:00,CMP002,CH01
T003155,C01776,2025-07-13 03:20:00,CMP004,CH02
T003156,C01777,2025-08-17 00:00:00,CMP004,CH02
T003157,C01777,2025-08-21 13:26:00,CMP003,CH02
T003158,C01778,2025-12-24 00:00:00,CMP002,CH01
T003159,C01778,2025-12-31 07:05:00,CMP001,CH01
T003160,C01778,2026-01-07 09:50:00,CMP002,CH01
T003161,C01778,2026-01-08 13:27:00,CMP002,CH01
T003162,C01779,2025-09-08 00:00:00,CMP001,CH01
T003163,C01779,2025-09-09 06:16:00,CMP003,CH02
T003164,C01780,2025-08-27 00:00:00,CMP001,CH01
T003165,C01780,2025-08-29 15:36:00,CMP003,CH02
T003166,C01780,2025-08-31 16:02:00,CMP001,CH01
T003167,C01781,2025-01-08 00:00:00,CMP002,CH01
T003168,C01781,2025-01-11 16:08:00,CMP001,CH01
T003169,C01781,2025-01-13 19:33:00,CMP001,CH01
T003170,C01782,2025-06-02 00:00:00,CMP002,CH01
T003171,C01784,2025-06-14 00:00:00,CMP001,CH01
T003172,C01785,2025-12-05 00:00:00,CMP003,CH02
T003173,C01787,2025-08-14 00:00:00,CMP003,CH02
T003174,C01788,2025-03-23 00:00:00,CMP005,CH03
T003175,C01788,2025-03-29 23:02:00,CMP003,CH02
T003176,C01788,2025-04-03 16:54:00,CMP003,CH02
T003177,C01789,2025-12-23 00:00:00,CMP005,CH03
T003178,C01790,2025-02-20 00:00:00,CMP003,CH02
T003179,C01790,2025-02-27 13:34:00,CMP004,CH02
T003180,C01790,2025-03-05 21:51:00,CMP002,CH01
T003181,C01790,2025-03-09 20:19:00,CMP005,CH03
T003182,C01791,2025-02-10 00:00:00,CMP004,CH02
T003183,C01791,2025-02-14 08:18:00,CMP005,CH03
T003184,C01792,2025-11-22 00:00:00,CMP002,CH01
T003185,C01793,2025-06-16 00:00:00,CMP002,CH01
T003186,C01793,2025-06-23 08:00:00,CMP003,CH02
T003187,C01794,2025-11-27 00:00:00,CMP002,CH01
T003188,C01794,2025-11-30 19:47:00,CMP003,CH02
T003189,C01795,2025-02-06 00:00:00,CMP001,CH01
T003190,C01795,2025-02-09 20:05:00,CMP002,CH01
T003191,C01795,2025-02-11 07:52:00,CMP003,CH02
T003192,C01795,2025-02-12 20:32:00,CMP002,CH01
T003193,C01795,2025-02-17 23:25:00,CMP002,CH01
T003194,C01796,2025-09-23 00:00:00,CMP002,CH01
T003195,C01797,2025-01-20 00:00:00,CMP001,CH01
T003196,C01797,2025-01-26 13:16:00,CMP004,CH02
T003197,C01797,2025-01-30 08:45:00,CMP002,CH01
T003198,C01798,2025-10-02 00:00:00,CMP004,CH02
T003199,C01798,2025-10-05 05:23:00,CMP002,CH01
T003200,C01799,2025-05-25 00:00:00,CMP002,CH01
T003201,C01799,2025-05-27 10:28:00,CMP002,CH01
T003202,C01799,2025-05-28 17:01:00,CMP001,CH01
T003203,C01800,2025-02-15 00:00:00,CMP005,CH03
T003204,C01800,2025-02-16 05:42:00,CMP004,CH02
T003205,C01800,2025-02-23 18:04:00,CMP001,CH01
T003206,C01802,2025-03-02 00:00:00,CMP002,CH01
T003207,C01802,2025-03-05 19:01:00,CMP002,CH01
T003208,C01803,2025-02-06 00:00:00,CMP004,CH02
T003209,C01803,2025-02-09 02:40:00,CMP002,CH01
T003210,C01804,2025-12-05 00:00:00,CMP002,CH01
T003211,C01804,2025-12-07 03:40:00,CMP001,CH01
T003212,C01805,2025-10-26 00:00:00,CMP002,CH01
T003213,C01806,2025-07-12 00:00:00,CMP001,CH01
T003214,C01807,2025-07-14 00:00:00,CMP003,CH02
T003215,C01808,2025-09-16 00:00:00,CMP003,CH02
T003216,C01808,2025-09-23 05:16:00,CMP003,CH02
T003217,C01808,2025-09-25 02:50:00,CMP001,CH01
T003218,C01808,2025-09-30 05:45:00,CMP001,CH01
T003219,C01809,2025-03-07 00:00:00,CMP002,CH01
T003220,C01809,2025-03-13 21:43:00,CMP002,CH01
T003221,C01811,2025-03-22 00:00:00,CMP004,CH02
T003222,C01811,2025-03-26 23:45:00,CMP002,CH01
T003223,C01811,2025-04-01 02:30:00,CMP004,CH02
T003224,C01811,2025-04-08 12:03:00,CMP005,CH03
T003225,C01812,2025-10-22 00:00:00,CMP003,CH02
T003226,C01812,2025-10-26 10:54:00,CMP004,CH02
T003227,C01812,2025-10-31 19:51:00,CMP002,CH01
T003228,C01813,2025-05-29 00:00:00,CMP003,CH02
T003229,C01813,2025-06-05 16:31:00,CMP003,CH02
T003230,C01814,2025-07-23 00:00:00,CMP003,CH02
T003231,C01815,2025-10-20 00:00:00,CMP002,CH01
T003232,C01815,2025-10-22 14:33:00,CMP001,CH01
T003233,C01815,2025-10-24 23:27:00,CMP001,CH01
T003234,C01815,2025-10-26 17:33:00,CMP004,CH02
T003235,C01817,2025-10-03 00:00:00,CMP003,CH02
T003236,C01818,2025-08-10 00:00:00,CMP002,CH01
T003237,C01818,2025-08-14 01:44:00,CMP003,CH02
T003238,C01818,2025-08-19 05:22:00,CMP001,CH01
T003239,C01819,2025-03-06 00:00:00,CMP002,CH01
T003240,C01819,2025-03-12 20:39:00,CMP001,CH01
T003241,C01819,2025-03-17 10:34:00,CMP003,CH02
T003242,C01819,2025-03-24 11:07:00,CMP004,CH02
T003243,C01820,2025-01-14 00:00:00,CMP003,CH02
T003244,C01820,2025-01-21 20:27:00,CMP004,CH02
T003245,C01820,2025-01-24 20:04:00,CMP003,CH02
T003246,C01821,2025-06-05 00:00:00,CMP004,CH02
T003247,C01822,2025-02-26 00:00:00,CMP002,CH01
T003248,C01822,2025-03-01 14:54:00,CMP004,CH02
T003249,C01822,2025-03-02 19:17:00,CMP005,CH03
T003250,C01822,2025-03-08 20:01:00,CMP001,CH01
T003251,C01822,2025-03-12 05:17:00,CMP003,CH02
T003252,C01823,2025-12-21 00:00:00,CMP003,CH02
T003253,C01823,2025-12-26 10:29:00,CMP004,CH02
T003254,C01823,2025-12-28 21:53:00,CMP005,CH03
T003255,C01824,2025-05-17 00:00:00,CMP005,CH03
T003256,C01824,2025-05-22 08:22:00,CMP002,CH01
T003257,C01824,2025-05-26 07:04:00,CMP003,CH02
T003258,C01824,2025-05-31 04:30:00,CMP001,CH01
T003259,C01825,2025-04-05 00:00:00,CMP001,CH01
T003260,C01825,2025-04-08 00:36:00,CMP004,CH02
T003261,C01826,2025-08-29 00:00:00,CMP005,CH03
T003262,C01826,2025-09-02 04:33:00,CMP003,CH02
T003263,C01827,2025-06-17 00:00:00,CMP003,CH02
T003264,C01828,2025-10-12 00:00:00,CMP003,CH02
T003265,C01828,2025-10-15 05:47:00,CMP004,CH02
T003266,C01828,2025-10-19 17:48:00,CMP001,CH01
T003267,C01829,2025-11-22 00:00:00,CMP001,CH01
T003268,C01830,2025-05-16 00:00:00,CMP003,CH02
T003269,C01830,2025-05-22 19:52:00,CMP004,CH02
T003270,C01830,2025-05-26 02:36:00,CMP002,CH01
T003271,C01830,2025-05-27 18:14:00,CMP004,CH02
T003272,C01831,2025-09-02 00:00:00,CMP002,CH01
T003273,C01831,2025-09-09 14:43:00,CMP003,CH02
T003274,C01832,2025-05-28 00:00:00,CMP003,CH02
T003275,C01833,2025-12-15 00:00:00,CMP002,CH01
T003276,C01833,2025-12-18 00:54:00,CMP004,CH02
T003277,C01834,2025-06-26 00:00:00,CMP001,CH01
T003278,C01834,2025-06-30 19:04:00,CMP002,CH01
T003279,C01835,2025-11-16 00:00:00,CMP003,CH02
T003280,C01836,2025-01-11 00:00:00,CMP003,CH02
T003281,C01836,2025-01-13 06:48:00,CMP004,CH02
T003282,C01836,2025-01-17 06:25:00,CMP001,CH01
T003283,C01837,2025-08-10 00:00:00,CMP003,CH02
T003284,C01837,2025-08-16 05:48:00,CMP004,CH02
T003285,C01838,2025-02-16 00:00:00,CMP003,CH02
T003286,C01838,2025-02-22 18:40:00,CMP002,CH01
T003287,C01838,2025-02-28 13:47:00,CMP001,CH01
T003288,C01841,2025-08-04 00:00:00,CMP005,CH03
T003289,C01841,2025-08-05 07:04:00,CMP005,CH03
T003290,C01841,2025-08-10 11:39:00,CMP002,CH01
T003291,C01842,2025-07-02 00:00:00,CMP003,CH02
T003292,C01842,2025-07-03 02:41:00,CMP001,CH01
T003293,C01843,2025-01-31 00:00:00,CMP005,CH03
T003294,C01843,2025-02-05 12:27:00,CMP003,CH02
T003295,C01844,2025-10-21 00:00:00,CMP005,CH03
T003296,C01845,2025-09-04 00:00:00,CMP002,CH01
T003297,C01845,2025-09-11 21:47:00,CMP004,CH02
T003298,C01845,2025-09-15 03:20:00,CMP003,CH02
T003299,C01846,2025-05-04 00:00:00,CMP002,CH01
T003300,C01846,2025-05-09 20:49:00,CMP002,CH01
T003301,C01846,2025-05-16 03:49:00,CMP004,CH02
T003302,C01847,2025-03-11 00:00:00,CMP003,CH02
T003303,C01847,2025-03-12 14:36:00,CMP001,CH01
T003304,C01848,2025-06-18 00:00:00,CMP002,CH01
T003305,C01848,2025-06-20 13:28:00,CMP003,CH02
T003306,C01849,2025-11-21 00:00:00,CMP002,CH01
T003307,C01849,2025-11-28 22:32:00,CMP001,CH01
T003308,C01849,2025-12-03 02:57:00,CMP005,CH03
T003309,C01850,2025-10-29 00:00:00,CMP004,CH02
T003310,C01850,2025-11-04 16:56:00,CMP003,CH02
T003311,C01851,2025-03-29 00:00:00,CMP004,CH02
T003312,C01851,2025-04-02 14:10:00,CMP003,CH02
T003313,C01852,2025-07-16 00:00:00,CMP005,CH03
T003314,C01852,2025-07-17 01:18:00,CMP001,CH01
T003315,C01852,2025-07-22 00:13:00,CMP004,CH02
T003316,C01853,2025-07-15 00:00:00,CMP002,CH01
T003317,C01853,2025-07-22 23:18:00,CMP001,CH01
T003318,C01853,2025-07-26 14:32:00,CMP001,CH01
T003319,C01856,2025-01-11 00:00:00,CMP002,CH01
T003320,C01857,2025-10-18 00:00:00,CMP001,CH01
T003321,C01857,2025-10-23 08:15:00,CMP004,CH02
T003322,C01857,2025-10-25 22:18:00,CMP005,CH03
T003323,C01858,2025-02-21 00:00:00,CMP002,CH01
T003324,C01858,2025-02-25 07:51:00,CMP002,CH01
T003325,C01859,2025-04-18 00:00:00,CMP005,CH03
T003326,C01859,2025-04-24 02:01:00,CMP004,CH02
T003327,C01860,2025-07-22 00:00:00,CMP002,CH01
T003328,C01860,2025-07-24 02:52:00,CMP001,CH01
T003329,C01861,2025-02-03 00:00:00,CMP005,CH03
T003330,C01861,2025-02-09 14:17:00,CMP003,CH02
T003331,C01861,2025-02-11 04:40:00,CMP002,CH01
T003332,C01862,2025-02-23 00:00:00,CMP004,CH02
T003333,C01863,2025-05-01 00:00:00,CMP004,CH02
T003334,C01863,2025-05-05 20:42:00,CMP001,CH01
T003335,C01863,2025-05-12 20:48:00,CMP003,CH02
T003336,C01864,2025-02-09 00:00:00,CMP004,CH02
T003337,C01864,2025-02-14 19:54:00,CMP001,CH01
T003338,C01865,2025-05-14 00:00:00,CMP001,CH01
T003339,C01865,2025-05-15 13:04:00,CMP001,CH01
T003340,C01866,2025-10-31 00:00:00,CMP002,CH01
T003341,C01866,2025-11-04 01:10:00,CMP005,CH03
T003342,C01866,2025-11-07 03:27:00,CMP001,CH01
T003343,C01866,2025-11-13 02:29:00,CMP004,CH02
T003344,C01867,2025-10-13 00:00:00,CMP004,CH02
T003345,C01868,2025-02-12 00:00:00,CMP004,CH02
T003346,C01869,2025-02-27 00:00:00,CMP003,CH02
T003347,C01871,2025-11-18 00:00:00,CMP002,CH01
T003348,C01871,2025-11-25 04:30:00,CMP002,CH01
T003349,C01871,2025-12-02 11:21:00,CMP004,CH02
T003350,C01871,2025-12-09 20:11:00,CMP005,CH03
T003351,C01872,2025-08-02 00:00:00,CMP001,CH01
T003352,C01872,2025-08-05 08:58:00,CMP003,CH02
T003353,C01873,2025-06-29 00:00:00,CMP001,CH01
T003354,C01874,2025-05-14 00:00:00,CMP004,CH02
T003355,C01875,2025-12-21 00:00:00,CMP003,CH02
T003356,C01875,2025-12-28 03:49:00,CMP004,CH02
T003357,C01876,2025-02-24 00:00:00,CMP004,CH02
T003358,C01876,2025-02-26 15:49:00,CMP002,CH01
T003359,C01879,2025-02-19 00:00:00,CMP002,CH01
T003360,C01879,2025-02-22 17:01:00,CMP005,CH03
T003361,C01880,2025-06-19 00:00:00,CMP002,CH01
T003362,C01880,2025-06-23 01:35:00,CMP001,CH01
T003363,C01880,2025-06-28 01:10:00,CMP002,CH01
T003364,C01881,2025-05-29 00:00:00,CMP001,CH01
T003365,C01882,2025-05-14 00:00:00,CMP004,CH02
T003366,C01883,2025-01-10 00:00:00,CMP003,CH02
T003367,C01883,2025-01-11 22:22:00,CMP004,CH02
T003368,C01883,2025-01-13 09:14:00,CMP001,CH01
T003369,C01884,2025-04-01 00:00:00,CMP002,CH01
T003370,C01884,2025-04-04 19:28:00,CMP001,CH01
T003371,C01884,2025-04-07 03:32:00,CMP002,CH01
T003372,C01885,2025-03-18 00:00:00,CMP004,CH02
T003373,C01886,2025-02-10 00:00:00,CMP002,CH01
T003374,C01886,2025-02-11 01:27:00,CMP003,CH02
T003375,C01886,2025-02-14 08:54:00,CMP002,CH01
T003376,C01888,2025-11-02 00:00:00,CMP004,CH02
T003377,C01888,2025-11-09 14:25:00,CMP002,CH01
T003378,C01888,2025-11-11 11:28:00,CMP002,CH01
T003379,C01888,2025-11-13 02:18:00,CMP001,CH01
T003380,C01889,2025-01-08 00:00:00,CMP001,CH01
T003381,C01889,2025-01-15 14:22:00,CMP004,CH02
T003382,C01889,2025-01-17 13:09:00,CMP003,CH02
T003383,C01890,2025-08-31 00:00:00,CMP003,CH02
T003384,C01890,2025-09-02 16:18:00,CMP005,CH03
T003385,C01891,2025-11-17 00:00:00,CMP002,CH01
T003386,C01892,2025-08-08 00:00:00,CMP002,CH01
T003387,C01893,2025-04-01 00:00:00,CMP003,CH02
T003388,C01893,2025-04-03 09:37:00,CMP004,CH02
T003389,C01893,2025-04-06 15:37:00,CMP005,CH03
T003390,C01894,2025-08-20 00:00:00,CMP005,CH03
T003391,C01894,2025-08-26 11:39:00,CMP002,CH01
T003392,C01895,2025-08-26 00:00:00,CMP005,CH03
T003393,C01895,2025-08-29 22:03:00,CMP004,CH02
T003394,C01895,2025-09-05 16:09:00,CMP001,CH01
T003395,C01895,2025-09-12 17:31:00,CMP003,CH02
T003396,C01896,2025-08-27 00:00:00,CMP003,CH02
T003397,C01897,2025-10-01 00:00:00,CMP005,CH03
T003398,C01897,2025-10-06 00:05:00,CMP001,CH01
T003399,C01899,2025-03-08 00:00:00,CMP001,CH01
T003400,C01899,2025-03-10 13:06:00,CMP004,CH02
T003401,C01899,2025-03-18 06:40:00,CMP001,CH01
T003402,C01900,2025-02-05 00:00:00,CMP004,CH02
T003403,C01900,2025-02-12 20:10:00,CMP004,CH02
T003404,C01900,2025-02-19 16:35:00,CMP004,CH02
T003405,C01901,2025-06-22 00:00:00,CMP003,CH02
T003406,C01901,2025-06-27 03:20:00,CMP001,CH01
T003407,C01901,2025-07-01 16:08:00,CMP001,CH01
T003408,C01902,2025-07-27 00:00:00,CMP004,CH02
T003409,C01902,2025-07-30 17:55:00,CMP002,CH01
T003410,C01902,2025-08-07 17:07:00,CMP002,CH01
T003411,C01902,2025-08-08 21:56:00,CMP002,CH01
T003412,C01903,2025-03-15 00:00:00,CMP004,CH02
T003413,C01903,2025-03-20 04:11:00,CMP002,CH01
T003414,C01903,2025-03-23 15:13:00,CMP004,CH02
T003415,C01905,2025-11-10 00:00:00,CMP002,CH01
T003416,C01905,2025-11-17 14:52:00,CMP001,CH01
T003417,C01906,2025-10-02 00:00:00,CMP005,CH03
T003418,C01906,2025-10-08 09:57:00,CMP001,CH01
T003419,C01906,2025-10-09 11:37:00,CMP001,CH01
T003420,C01907,2025-05-28 00:00:00,CMP005,CH03
T003421,C01908,2025-10-16 00:00:00,CMP001,CH01
T003422,C01908,2025-10-17 00:17:00,CMP002,CH01
T003423,C01908,2025-10-19 23:08:00,CMP002,CH01
T003424,C01908,2025-10-26 21:34:00,CMP001,CH01
T003425,C01909,2025-11-18 00:00:00,CMP002,CH01
T003426,C01909,2025-11-19 12:17:00,CMP003,CH02
T003427,C01909,2025-11-27 09:32:00,CMP002,CH01
T003428,C01909,2025-12-02 09:50:00,CMP002,CH01
T003429,C01910,2025-06-11 00:00:00,CMP004,CH02
T003430,C01910,2025-06-18 07:03:00,CMP002,CH01
T003431,C01910,2025-06-19 11:34:00,CMP003,CH02
T003432,C01911,2025-08-06 00:00:00,CMP002,CH01
T003433,C01911,2025-08-07 06:00:00,CMP003,CH02
T003434,C01911,2025-08-14 07:20:00,CMP005,CH03
T003435,C01911,2025-08-21 09:17:00,CMP004,CH02
T003436,C01912,2025-09-09 00:00:00,CMP002,CH01
T003437,C01912,2025-09-13 06:57:00,CMP003,CH02
T003438,C01912,2025-09-20 07:31:00,CMP002,CH01
T003439,C01912,2025-09-24 16:32:00,CMP002,CH01
T003440,C01912,2025-09-29 22:04:00,CMP002,CH01
T003441,C01913,2025-04-25 00:00:00,CMP001,CH01
T003442,C01913,2025-04-28 22:08:00,CMP005,CH03
T003443,C01915,2025-01-29 00:00:00,CMP001,CH01
T003444,C01915,2025-02-01 05:16:00,CMP002,CH01
T003445,C01915,2025-02-02 19:51:00,CMP003,CH02
T003446,C01915,2025-02-09 06:51:00,CMP004,CH02
T003447,C01917,2025-12-21 00:00:00,CMP001,CH01
T003448,C01917,2025-12-26 20:17:00,CMP001,CH01
T003449,C01917,2025-12-28 08:04:00,CMP001,CH01
T003450,C01919,2025-01-02 00:00:00,CMP002,CH01
T003451,C01920,2025-07-11 00:00:00,CMP001,CH01
T003452,C01920,2025-07-15 18:38:00,CMP005,CH03
T003453,C01922,2025-08-31 00:00:00,CMP002,CH01
T003454,C01922,2025-09-05 04:50:00,CMP004,CH02
T003455,C01922,2025-09-10 23:47:00,CMP005,CH03
T003456,C01923,2025-11-10 00:00:00,CMP001,CH01
T003457,C01923,2025-11-15 04:43:00,CMP002,CH01
T003458,C01924,2025-01-27 00:00:00,CMP002,CH01
T003459,C01925,2025-02-11 00:00:00,CMP001,CH01
T003460,C01926,2025-11-09 00:00:00,CMP004,CH02
T003461,C01926,2025-11-14 02:08:00,CMP003,CH02
T003462,C01927,2025-08-09 00:00:00,CMP002,CH01
T003463,C01928,2025-08-07 00:00:00,CMP002,CH01
T003464,C01930,2025-06-11 00:00:00,CMP003,CH02
T003465,C01930,2025-06-16 08:23:00,CMP005,CH03
T003466,C01930,2025-06-21 11:46:00,CMP001,CH01
T003467,C01933,2025-05-31 00:00:00,CMP002,CH01
T003468,C01933,2025-06-02 20:59:00,CMP005,CH03
T003469,C01933,2025-06-08 11:38:00,CMP003,CH02
T003470,C01933,2025-06-13 01:27:00,CMP001,CH01
T003471,C01934,2025-05-24 00:00:00,CMP001,CH01
T003472,C01934,2025-05-31 06:15:00,CMP004,CH02
T003473,C01935,2025-05-03 00:00:00,CMP001,CH01
T003474,C01935,2025-05-08 12:00:00,CMP004,CH02
T003475,C01935,2025-05-11 12:39:00,CMP004,CH02
T003476,C01936,2025-01-03 00:00:00,CMP001,CH01
T003477,C01937,2025-08-11 00:00:00,CMP005,CH03
T003478,C01937,2025-08-15 16:19:00,CMP002,CH01
T003479,C01937,2025-08-23 08:00:00,CMP001,CH01
T003480,C01937,2025-08-25 07:10:00,CMP002,CH01
T003481,C01939,2025-08-07 00:00:00,CMP001,CH01
T003482,C01939,2025-08-12 00:22:00,CMP001,CH01
T003483,C01940,2025-10-12 00:00:00,CMP004,CH02
T003484,C01941,2025-01-23 00:00:00,CMP003,CH02
T003485,C01941,2025-01-24 02:38:00,CMP004,CH02
T003486,C01941,2025-01-29 19:48:00,CMP002,CH01
T003487,C01942,2025-07-05 00:00:00,CMP001,CH01
T003488,C01942,2025-07-11 12:08:00,CMP001,CH01
T003489,C01942,2025-07-17 04:50:00,CMP003,CH02
T003490,C01943,2025-04-07 00:00:00,CMP002,CH01
T003491,C01943,2025-04-12 21:11:00,CMP003,CH02
T003492,C01943,2025-04-19 00:07:00,CMP002,CH01
T003493,C01945,2025-07-24 00:00:00,CMP004,CH02
T003494,C01946,2025-03-23 00:00:00,CMP002,CH01
T003495,C01946,2025-03-24 09:46:00,CMP004,CH02
T003496,C01946,2025-03-27 15:20:00,CMP003,CH02
T003497,C01947,2025-08-05 00:00:00,CMP003,CH02
T003498,C01947,2025-08-06 21:28:00,CMP003,CH02
T003499,C01947,2025-08-09 17:46:00,CMP001,CH01
T003500,C01947,2025-08-15 13:36:00,CMP002,CH01
T003501,C01948,2025-01-22 00:00:00,CMP003,CH02
T003502,C01949,2025-01-03 00:00:00,CMP003,CH02
T003503,C01949,2025-01-10 11:56:00,CMP004,CH02
T003504,C01950,2025-01-23 00:00:00,CMP005,CH03
T003505,C01950,2025-01-30 08:57:00,CMP005,CH03
T003506,C01951,2025-06-12 00:00:00,CMP003,CH02
T003507,C01951,2025-06-18 14:58:00,CMP004,CH02
T003508,C01953,2025-04-21 00:00:00,CMP001,CH01
T003509,C01953,2025-04-26 22:01:00,CMP002,CH01
T003510,C01954,2025-01-29 00:00:00,CMP002,CH01
T003511,C01954,2025-02-04 19:56:00,CMP003,CH02
T003512,C01955,2025-01-13 00:00:00,CMP003,CH02
T003513,C01956,2025-04-19 00:00:00,CMP002,CH01
T003514,C01956,2025-04-21 20:49:00,CMP002,CH01
T003515,C01956,2025-04-29 04:17:00,CMP001,CH01
T003516,C01957,2025-09-28 00:00:00,CMP002,CH01
T003517,C01957,2025-10-01 02:21:00,CMP004,CH02
T003518,C01957,2025-10-04 17:55:00,CMP005,CH03
T003519,C01958,2025-04-13 00:00:00,CMP004,CH02
T003520,C01958,2025-04-16 05:07:00,CMP004,CH02
T003521,C01959,2025-05-19 00:00:00,CMP002,CH01
T003522,C01959,2025-05-24 08:46:00,CMP002,CH01
T003523,C01959,2025-05-26 12:17:00,CMP005,CH03
T003524,C01959,2025-05-29 02:31:00,CMP004,CH02
T003525,C01960,2025-09-02 00:00:00,CMP002,CH01
T003526,C01960,2025-09-04 01:33:00,CMP002,CH01
T003527,C01960,2025-09-05 16:06:00,CMP002,CH01
T003528,C01960,2025-09-10 01:03:00,CMP001,CH01
T003529,C01961,2025-07-28 00:00:00,CMP005,CH03
T003530,C01961,2025-07-30 03:38:00,CMP003,CH02
T003531,C01962,2025-08-07 00:00:00,CMP002,CH01
T003532,C01963,2025-06-03 00:00:00,CMP001,CH01
T003533,C01963,2025-06-06 17:50:00,CMP002,CH01
T003534,C01964,2025-11-07 00:00:00,CMP001,CH01
T003535,C01964,2025-11-11 05:08:00,CMP005,CH03
T003536,C01965,2025-08-10 00:00:00,CMP003,CH02
T003537,C01965,2025-08-11 10:49:00,CMP002,CH01
T003538,C01966,2025-04-30 00:00:00,CMP003,CH02
T003539,C01966,2025-05-06 17:33:00,CMP001,CH01
T003540,C01967,2025-10-02 00:00:00,CMP003,CH02
T003541,C01967,2025-10-07 16:24:00,CMP001,CH01
T003542,C01967,2025-10-11 13:20:00,CMP002,CH01
T003543,C01968,2025-10-16 00:00:00,CMP002,CH01
T003544,C01968,2025-10-20 02:03:00,CMP001,CH01
T003545,C01969,2025-10-11 00:00:00,CMP001,CH01
T003546,C01970,2025-02-10 00:00:00,CMP004,CH02
T003547,C01970,2025-02-17 18:10:00,CMP002,CH01
T003548,C01971,2025-11-28 00:00:00,CMP002,CH01
T003549,C01971,2025-11-29 23:04:00,CMP001,CH01
T003550,C01972,2025-07-19 00:00:00,CMP003,CH02
T003551,C01972,2025-07-20 18:51:00,CMP002,CH01
T003552,C01973,2025-02-12 00:00:00,CMP001,CH01
T003553,C01974,2025-12-07 00:00:00,CMP003,CH02
T003554,C01975,2025-05-08 00:00:00,CMP001,CH01
T003555,C01975,2025-05-09 15:56:00,CMP003,CH02
T003556,C01975,2025-05-13 04:04:00,CMP003,CH02
T003557,C01977,2025-11-30 00:00:00,CMP003,CH02
T003558,C01978,2025-04-03 00:00:00,CMP004,CH02
T003559,C01978,2025-04-05 10:42:00,CMP003,CH02
T003560,C01978,2025-04-11 03:41:00,CMP004,CH02
T003561,C01980,2025-04-12 00:00:00,CMP001,CH01
T003562,C01980,2025-04-16 12:23:00,CMP004,CH02
T003563,C01981,2025-08-18 00:00:00,CMP001,CH01
T003564,C01982,2025-02-03 00:00:00,CMP004,CH02
T003565,C01982,2025-02-10 15:05:00,CMP001,CH01
T003566,C01985,2025-01-18 00:00:00,CMP005,CH03
T003567,C01986,2025-08-23 00:00:00,CMP005,CH03
T003568,C01987,2025-10-22 00:00:00,CMP003,CH02
T003569,C01988,2025-08-09 00:00:00,CMP003,CH02
T003570,C01989,2025-04-09 00:00:00,CMP002,CH01
T003571,C01989,2025-04-13 21:54:00,CMP002,CH01
T003572,C01990,2025-07-11 00:00:00,CMP004,CH02
T003573,C01991,2025-10-09 00:00:00,CMP003,CH02
T003574,C01991,2025-10-13 10:22:00,CMP003,CH02
T003575,C01991,2025-10-19 02:21:00,CMP002,CH01
T003576,C01992,2025-02-05 00:00:00,CMP003,CH02
T003577,C01992,2025-02-08 05:50:00,CMP005,CH03
T003578,C01993,2025-02-20 00:00:00,CMP002,CH01
T003579,C01995,2025-12-04 00:00:00,CMP001,CH01
T003580,C01996,2025-05-23 00:00:00,CMP002,CH01
T003581,C01996,2025-05-30 09:14:00,CMP001,CH01
T003582,C01997,2025-06-26 00:00:00,CMP003,CH02
T003583,C01997,2025-07-01 13:58:00,CMP005,CH03
T003584,C01998,2025-12-29 00:00:00,CMP001,CH01
T003585,C01999,2025-11-22 00:00:00,CMP003,CH02
T003586,C02001,2025-09-04 00:00:00,CMP001,CH01
T003587,C02001,2025-09-11 23:51:00,CMP003,CH02
T003588,C02001,2025-09-18 08:57:00,CMP003,CH02
T003589,C02001,2025-09-19 22:25:00,CMP003,CH02
T003590,C02002,2025-01-17 00:00:00,CMP003,CH02
T003591,C02005,2025-03-30 00:00:00,CMP003,CH02
T003592,C02005,2025-04-01 18:36:00,CMP001,CH01
T003593,C02006,2025-03-07 00:00:00,CMP003,CH02
T003594,C02007,2025-11-06 00:00:00,CMP002,CH01
T003595,C02007,2025-11-13 01:58:00,CMP004,CH02
T003596,C02008,2025-01-01 00:00:00,CMP002,CH01
T003597,C02008,2025-01-04 15:36:00,CMP003,CH02
T003598,C02009,2025-09-28 00:00:00,CMP004,CH02
T003599,C02009,2025-09-30 08:43:00,CMP005,CH03
T003600,C02009,2025-10-04 19:50:00,CMP003,CH02
T003601,C02010,2025-05-16 00:00:00,CMP002,CH01
T003602,C02011,2025-01-11 00:00:00,CMP002,CH01
T003603,C02012,2025-05-03 00:00:00,CMP003,CH02
T003604,C02012,2025-05-08 20:18:00,CMP001,CH01
T003605,C02012,2025-05-13 14:05:00,CMP004,CH02
T003606,C02012,2025-05-17 00:44:00,CMP001,CH01
T003607,C02013,2025-03-05 00:00:00,CMP001,CH01
T003608,C02013,2025-03-07 02:40:00,CMP001,CH01
T003609,C02014,2025-03-19 00:00:00,CMP001,CH01
T003610,C02015,2025-05-15 00:00:00,CMP004,CH02
T003611,C02015,2025-05-20 16:37:00,CMP001,CH01
T003612,C02016,2025-01-30 00:00:00,CMP002,CH01
T003613,C02018,2025-11-27 00:00:00,CMP004,CH02
T003614,C02018,2025-12-03 12:59:00,CMP001,CH01
T003615,C02018,2025-12-09 19:10:00,CMP002,CH01
T003616,C02019,2025-04-14 00:00:00,CMP001,CH01
T003617,C02019,2025-04-17 14:09:00,CMP001,CH01
T003618,C02021,2025-05-11 00:00:00,CMP004,CH02
T003619,C02021,2025-05-12 15:32:00,CMP003,CH02
T003620,C02021,2025-05-20 15:26:00,CMP003,CH02
T003621,C02024,2025-09-11 00:00:00,CMP003,CH02
T003622,C02024,2025-09-13 22:41:00,CMP001,CH01
T003623,C02025,2025-04-10 00:00:00,CMP002,CH01
T003624,C02025,2025-04-17 03:51:00,CMP003,CH02
T003625,C02025,2025-04-20 12:08:00,CMP001,CH01
T003626,C02026,2025-09-17 00:00:00,CMP005,CH03
T003627,C02026,2025-09-21 22:56:00,CMP003,CH02
T003628,C02026,2025-09-27 04:21:00,CMP004,CH02
T003629,C02027,2025-06-30 00:00:00,CMP001,CH01
T003630,C02029,2025-09-04 00:00:00,CMP005,CH03
T003631,C02030,2025-09-10 00:00:00,CMP005,CH03
T003632,C02030,2025-09-13 20:21:00,CMP004,CH02
T003633,C02030,2025-09-16 02:25:00,CMP005,CH03
T003634,C02031,2025-12-07 00:00:00,CMP001,CH01
T003635,C02032,2025-02-02 00:00:00,CMP003,CH02
T003636,C02032,2025-02-06 23:06:00,CMP004,CH02
T003637,C02032,2025-02-11 10:46:00,CMP001,CH01
T003638,C02033,2025-01-23 00:00:00,CMP001,CH01
T003639,C02034,2025-10-16 00:00:00,CMP002,CH01
T003640,C02034,2025-10-23 16:42:00,CMP005,CH03
T003641,C02035,2025-06-29 00:00:00,CMP001,CH01
T003642,C02035,2025-07-01 10:14:00,CMP003,CH02
T003643,C02035,2025-07-07 12:09:00,CMP003,CH02
T003644,C02036,2025-01-02 00:00:00,CMP002,CH01
T003645,C02036,2025-01-04 15:53:00,CMP004,CH02
T003646,C02036,2025-01-09 22:03:00,CMP004,CH02
T003647,C02037,2025-12-17 00:00:00,CMP001,CH01
T003648,C02037,2025-12-24 15:18:00,CMP003,CH02
T003649,C02037,2026-01-01 04:07:00,CMP001,CH01
T003650,C02038,2025-06-12 00:00:00,CMP001,CH01
T003651,C02038,2025-06-13 23:56:00,CMP002,CH01
T003652,C02040,2025-10-03 00:00:00,CMP002,CH01
T003653,C02040,2025-10-10 21:01:00,CMP002,CH01
T003654,C02040,2025-10-15 16:13:00,CMP004,CH02
T003655,C02041,2025-11-08 00:00:00,CMP002,CH01
T003656,C02042,2025-07-12 00:00:00,CMP003,CH02
T003657,C02042,2025-07-15 21:36:00,CMP005,CH03
T003658,C02042,2025-07-23 18:00:00,CMP001,CH01
T003659,C02043,2025-01-04 00:00:00,CMP005,CH03
T003660,C02043,2025-01-10 04:49:00,CMP002,CH01
T003661,C02043,2025-01-16 07:43:00,CMP002,CH01
T003662,C02044,2025-09-28 00:00:00,CMP002,CH01
T003663,C02044,2025-10-04 14:03:00,CMP002,CH01
T003664,C02044,2025-10-06 07:12:00,CMP002,CH01
T003665,C02045,2025-04-09 00:00:00,CMP001,CH01
T003666,C02046,2025-01-10 00:00:00,CMP002,CH01
T003667,C02049,2025-07-11 00:00:00,CMP002,CH01
T003668,C02050,2025-08-24 00:00:00,CMP003,CH02
T003669,C02050,2025-08-31 00:05:00,CMP004,CH02
T003670,C02050,2025-09-01 22:22:00,CMP001,CH01
T003671,C02050,2025-09-03 00:22:00,CMP005,CH03
T003672,C02051,2025-07-13 00:00:00,CMP003,CH02
T003673,C02052,2025-07-22 00:00:00,CMP002,CH01
T003674,C02052,2025-07-26 06:46:00,CMP001,CH01
T003675,C02052,2025-08-01 22:16:00,CMP005,CH03
T003676,C02053,2025-09-24 00:00:00,CMP002,CH01
T003677,C02054,2025-01-28 00:00:00,CMP003,CH02
T003678,C02055,2025-03-02 00:00:00,CMP002,CH01
T003679,C02055,2025-03-06 20:01:00,CMP004,CH02
T003680,C02056,2025-06-21 00:00:00,CMP001,CH01
T003681,C02056,2025-06-28 14:14:00,CMP004,CH02
T003682,C02058,2025-06-01 00:00:00,CMP001,CH01
T003683,C02058,2025-06-06 00:31:00,CMP004,CH02
T003684,C02059,2025-03-18 00:00:00,CMP003,CH02
T003685,C02059,2025-03-19 18:51:00,CMP003,CH02
T003686,C02059,2025-03-21 06:46:00,CMP001,CH01
T003687,C02059,2025-03-22 08:13:00,CMP002,CH01
T003688,C02060,2025-08-24 00:00:00,CMP001,CH01
T003689,C02060,2025-08-29 01:17:00,CMP001,CH01
T003690,C02061,2025-12-15 00:00:00,CMP002,CH01
T003691,C02061,2025-12-20 13:43:00,CMP001,CH01
T003692,C02062,2025-01-17 00:00:00,CMP003,CH02
T003693,C02062,2025-01-22 12:43:00,CMP001,CH01
T003694,C02064,2025-02-05 00:00:00,CMP004,CH02
T003695,C02064,2025-02-07 19:55:00,CMP005,CH03
T003696,C02065,2025-09-08 00:00:00,CMP003,CH02
T003697,C02065,2025-09-11 22:30:00,CMP002,CH01
T003698,C02066,2025-03-20 00:00:00,CMP002,CH01
T003699,C02066,2025-03-22 14:22:00,CMP003,CH02
T003700,C02066,2025-03-28 13:47:00,CMP003,CH02
T003701,C02066,2025-04-01 19:15:00,CMP005,CH03
T003702,C02068,2025-01-19 00:00:00,CMP003,CH02
T003703,C02068,2025-01-23 02:57:00,CMP002,CH01
T003704,C02069,2025-01-09 00:00:00,CMP001,CH01
T003705,C02069,2025-01-11 06:24:00,CMP002,CH01
T003706,C02069,2025-01-14 06:06:00,CMP001,CH01
T003707,C02069,2025-01-21 16:30:00,CMP002,CH01
T003708,C02069,2025-01-28 08:34:00,CMP002,CH01
T003709,C02070,2025-05-31 00:00:00,CMP004,CH02
T003710,C02070,2025-06-04 09:38:00,CMP003,CH02
T003711,C02070,2025-06-11 13:19:00,CMP001,CH01
T003712,C02071,2025-10-18 00:00:00,CMP002,CH01
T003713,C02071,2025-10-24 05:42:00,CMP004,CH02
T003714,C02072,2025-10-19 00:00:00,CMP002,CH01
T003715,C02072,2025-10-21 15:34:00,CMP001,CH01
T003716,C02073,2025-11-09 00:00:00,CMP001,CH01
T003717,C02073,2025-11-10 16:46:00,CMP001,CH01
T003718,C02073,2025-11-13 05:37:00,CMP003,CH02
T003719,C02074,2025-11-01 00:00:00,CMP001,CH01
T003720,C02074,2025-11-05 23:19:00,CMP002,CH01
T003721,C02074,2025-11-09 01:08:00,CMP002,CH01
T003722,C02074,2025-11-16 18:12:00,CMP002,CH01
T003723,C02075,2025-03-21 00:00:00,CMP002,CH01
T003724,C02075,2025-03-26 02:55:00,CMP004,CH02
T003725,C02076,2025-10-01 00:00:00,CMP003,CH02
T003726,C02076,2025-10-02 19:32:00,CMP004,CH02
T003727,C02077,2025-09-25 00:00:00,CMP001,CH01
T003728,C02077,2025-10-02 09:19:00,CMP004,CH02
T003729,C02077,2025-10-07 05:46:00,CMP004,CH02
T003730,C02079,2025-08-27 00:00:00,CMP003,CH02
T003731,C02079,2025-09-03 19:17:00,CMP001,CH01
T003732,C02080,2025-01-26 00:00:00,CMP003,CH02
T003733,C02080,2025-01-27 10:47:00,CMP003,CH02
T003734,C02080,2025-01-31 03:56:00,CMP002,CH01
T003735,C02081,2025-09-03 00:00:00,CMP002,CH01
T003736,C02081,2025-09-09 18:44:00,CMP002,CH01
T003737,C02082,2025-01-18 00:00:00,CMP001,CH01
T003738,C02082,2025-01-20 02:23:00,CMP001,CH01
T003739,C02082,2025-01-27 19:18:00,CMP002,CH01
T003740,C02082,2025-02-01 06:55:00,CMP003,CH02
T003741,C02084,2025-06-08 00:00:00,CMP003,CH02
T003742,C02085,2025-02-21 00:00:00,CMP003,CH02
T003743,C02086,2025-04-19 00:00:00,CMP001,CH01
T003744,C02086,2025-04-22 02:38:00,CMP003,CH02
T003745,C02087,2025-07-26 00:00:00,CMP001,CH01
T003746,C02087,2025-07-29 19:53:00,CMP001,CH01
T003747,C02087,2025-08-01 10:51:00,CMP004,CH02
T003748,C02087,2025-08-08 01:54:00,CMP003,CH02
T003749,C02088,2025-08-05 00:00:00,CMP003,CH02
T003750,C02088,2025-08-07 19:42:00,CMP004,CH02
T003751,C02088,2025-08-14 06:58:00,CMP001,CH01
T003752,C02089,2025-02-16 00:00:00,CMP001,CH01
T003753,C02089,2025-02-22 00:07:00,CMP001,CH01
T003754,C02089,2025-02-28 10:37:00,CMP002,CH01
T003755,C02090,2025-02-22 00:00:00,CMP001,CH01
T003756,C02090,2025-02-27 11:23:00,CMP004,CH02
T003757,C02090,2025-03-01 17:20:00,CMP005,CH03
T003758,C02090,2025-03-06 04:20:00,CMP003,CH02
T003759,C02091,2025-08-25 00:00:00,CMP002,CH01
T003760,C02092,2025-04-23 00:00:00,CMP001,CH01
T003761,C02092,2025-04-25 08:44:00,CMP001,CH01
T003762,C02092,2025-05-01 15:20:00,CMP002,CH01
T003763,C02093,2025-08-10 00:00:00,CMP002,CH01
T003764,C02093,2025-08-14 05:35:00,CMP001,CH01
T003765,C02094,2025-08-04 00:00:00,CMP004,CH02
T003766,C02096,2025-09-25 00:00:00,CMP001,CH01
T003767,C02096,2025-09-28 16:10:00,CMP003,CH02
T003768,C02096,2025-10-01 17:40:00,CMP004,CH02
T003769,C02097,2025-07-07 00:00:00,CMP004,CH02
T003770,C02098,2025-04-07 00:00:00,CMP004,CH02
T003771,C02100,2025-03-22 00:00:00,CMP003,CH02
T003772,C02100,2025-03-25 16:29:00,CMP004,CH02
T003773,C02100,2025-03-29 17:02:00,CMP001,CH01
T003774,C02102,2025-03-11 00:00:00,CMP002,CH01
T003775,C02102,2025-03-18 06:59:00,CMP004,CH02
T003776,C02102,2025-03-19 20:28:00,CMP002,CH01
T003777,C02102,2025-03-20 22:33:00,CMP002,CH01
T003778,C02103,2025-01-13 00:00:00,CMP005,CH03
T003779,C02103,2025-01-15 09:49:00,CMP001,CH01
T003780,C02103,2025-01-22 19:48:00,CMP005,CH03
T003781,C02103,2025-01-27 06:36:00,CMP002,CH01
T003782,C02104,2025-08-04 00:00:00,CMP001,CH01
T003783,C02104,2025-08-08 02:15:00,CMP005,CH03
T003784,C02104,2025-08-13 20:49:00,CMP002,CH01
T003785,C02108,2025-06-20 00:00:00,CMP001,CH01
T003786,C02108,2025-06-22 17:59:00,CMP003,CH02
T003787,C02108,2025-06-28 20:50:00,CMP001,CH01
T003788,C02111,2025-12-04 00:00:00,CMP004,CH02
T003789,C02111,2025-12-08 10:28:00,CMP003,CH02
T003790,C02111,2025-12-11 17:16:00,CMP003,CH02
T003791,C02112,2025-06-20 00:00:00,CMP001,CH01
T003792,C02112,2025-06-26 10:59:00,CMP002,CH01
T003793,C02112,2025-06-28 14:59:00,CMP003,CH02
T003794,C02112,2025-07-04 21:49:00,CMP002,CH01
T003795,C02114,2025-03-09 00:00:00,CMP003,CH02
T003796,C02114,2025-03-15 23:24:00,CMP001,CH01
T003797,C02115,2025-12-14 00:00:00,CMP004,CH02
T003798,C02116,2025-10-19 00:00:00,CMP003,CH02
T003799,C02116,2025-10-25 06:38:00,CMP003,CH02
T003800,C02117,2025-12-03 00:00:00,CMP004,CH02
T003801,C02117,2025-12-05 16:46:00,CMP001,CH01
T003802,C02117,2025-12-07 19:10:00,CMP001,CH01
T003803,C02117,2025-12-13 11:56:00,CMP002,CH01
T003804,C02117,2025-12-17 10:07:00,CMP002,CH01
T003805,C02118,2025-02-24 00:00:00,CMP004,CH02
T003806,C02118,2025-02-26 13:41:00,CMP001,CH01
T003807,C02118,2025-02-28 01:05:00,CMP003,CH02
T003808,C02119,2025-04-01 00:00:00,CMP002,CH01
T003809,C02119,2025-04-02 21:37:00,CMP002,CH01
T003810,C02121,2025-03-28 00:00:00,CMP003,CH02
T003811,C02121,2025-04-02 19:37:00,CMP003,CH02
T003812,C02124,2025-10-08 00:00:00,CMP004,CH02
T003813,C02124,2025-10-15 16:59:00,CMP002,CH01
T003814,C02124,2025-10-17 09:03:00,CMP001,CH01
T003815,C02124,2025-10-18 23:09:00,CMP002,CH01
T003816,C02124,2025-10-25 05:07:00,CMP005,CH03
T003817,C02125,2025-07-31 00:00:00,CMP003,CH02
T003818,C02125,2025-08-05 20:21:00,CMP005,CH03
T003819,C02126,2025-05-20 00:00:00,CMP001,CH01
T003820,C02126,2025-05-27 15:08:00,CMP004,CH02
T003821,C02127,2025-12-30 00:00:00,CMP002,CH01
T003822,C02127,2026-01-03 13:13:00,CMP004,CH02
T003823,C02128,2025-10-28 00:00:00,CMP001,CH01
T003824,C02128,2025-11-02 01:51:00,CMP002,CH01
T003825,C02128,2025-11-07 11:35:00,CMP001,CH01
T003826,C02130,2025-09-07 00:00:00,CMP002,CH01
T003827,C02130,2025-09-14 12:32:00,CMP004,CH02
T003828,C02131,2025-10-12 00:00:00,CMP004,CH02
T003829,C02131,2025-10-13 02:51:00,CMP003,CH02
T003830,C02131,2025-10-19 18:08:00,CMP002,CH01
T003831,C02132,2025-04-27 00:00:00,CMP001,CH01
T003832,C02132,2025-04-29 12:22:00,CMP003,CH02
T003833,C02132,2025-05-03 21:46:00,CMP001,CH01
T003834,C02132,2025-05-05 02:29:00,CMP001,CH01
T003835,C02132,2025-05-07 05:00:00,CMP003,CH02
T003836,C02133,2025-05-06 00:00:00,CMP004,CH02
T003837,C02135,2025-02-17 00:00:00,CMP004,CH02
T003838,C02135,2025-02-22 10:39:00,CMP004,CH02
T003839,C02136,2025-05-14 00:00:00,CMP001,CH01
T003840,C02138,2025-07-22 00:00:00,CMP001,CH01
T003841,C02138,2025-07-27 03:00:00,CMP003,CH02
T003842,C02140,2025-02-05 00:00:00,CMP002,CH01
T003843,C02141,2025-04-26 00:00:00,CMP002,CH01
T003844,C02142,2025-11-30 00:00:00,CMP001,CH01
T003845,C02143,2025-04-01 00:00:00,CMP001,CH01
T003846,C02143,2025-04-06 20:56:00,CMP003,CH02
T003847,C02143,2025-04-13 23:49:00,CMP003,CH02
T003848,C02143,2025-04-15 02:44:00,CMP005,CH03
T003849,C02144,2025-12-27 00:00:00,CMP001,CH01
T003850,C02144,2025-12-31 01:59:00,CMP002,CH01
T003851,C02145,2025-05-25 00:00:00,CMP002,CH01
T003852,C02146,2025-01-04 00:00:00,CMP002,CH01
T003853,C02146,2025-01-11 06:44:00,CMP003,CH02
T003854,C02146,2025-01-14 13:59:00,CMP005,CH03
T003855,C02146,2025-01-17 14:06:00,CMP005,CH03
T003856,C02146,2025-01-23 19:32:00,CMP001,CH01
T003857,C02147,2025-10-23 00:00:00,CMP002,CH01
T003858,C02147,2025-10-24 15:15:00,CMP001,CH01
T003859,C02147,2025-10-28 12:19:00,CMP004,CH02
T003860,C02147,2025-10-31 15:32:00,CMP001,CH01
T003861,C02148,2025-04-14 00:00:00,CMP001,CH01
T003862,C02148,2025-04-21 18:53:00,CMP005,CH03
T003863,C02149,2025-09-02 00:00:00,CMP002,CH01
T003864,C02149,2025-09-08 06:21:00,CMP003,CH02
T003865,C02149,2025-09-14 19:47:00,CMP002,CH01
T003866,C02149,2025-09-17 13:50:00,CMP001,CH01
T003867,C02150,2025-07-05 00:00:00,CMP002,CH01
T003868,C02150,2025-07-07 07:38:00,CMP001,CH01
T003869,C02150,2025-07-10 23:39:00,CMP004,CH02
T003870,C02150,2025-07-12 16:58:00,CMP001,CH01
T003871,C02153,2025-01-23 00:00:00,CMP001,CH01
T003872,C02153,2025-01-26 13:33:00,CMP001,CH01
T003873,C02154,2025-01-10 00:00:00,CMP001,CH01
T003874,C02156,2025-07-04 00:00:00,CMP003,CH02
T003875,C02156,2025-07-10 23:45:00,CMP005,CH03
T003876,C02156,2025-07-15 23:03:00,CMP003,CH02
T003877,C02156,2025-07-17 02:35:00,CMP001,CH01
T003878,C02157,2025-03-28 00:00:00,CMP001,CH01
T003879,C02158,2025-10-08 00:00:00,CMP005,CH03
T003880,C02158,2025-10-09 12:47:00,CMP001,CH01
T003881,C02158,2025-10-14 16:41:00,CMP002,CH01
T003882,C02159,2025-03-03 00:00:00,CMP005,CH03
T003883,C02159,2025-03-09 18:59:00,CMP001,CH01
T003884,C02159,2025-03-17 09:29:00,CMP003,CH02
T003885,C02159,2025-03-24 09:46:00,CMP002,CH01
T003886,C02160,2025-12-11 00:00:00,CMP003,CH02
T003887,C02160,2025-12-16 20:18:00,CMP005,CH03
T003888,C02161,2025-08-06 00:00:00,CMP003,CH02
T003889,C02161,2025-08-12 20:35:00,CMP004,CH02
T003890,C02163,2025-01-06 00:00:00,CMP001,CH01
T003891,C02163,2025-01-07 08:54:00,CMP005,CH03
T003892,C02163,2025-01-12 23:59:00,CMP004,CH02
T003893,C02163,2025-01-20 07:23:00,CMP004,CH02
T003894,C02163,2025-01-23 14:41:00,CMP002,CH01
T003895,C02166,2025-03-15 00:00:00,CMP004,CH02
T003896,C02167,2025-10-26 00:00:00,CMP005,CH03
T003897,C02168,2025-06-01 00:00:00,CMP002,CH01
T003898,C02169,2025-01-27 00:00:00,CMP001,CH01
T003899,C02169,2025-02-02 19:57:00,CMP001,CH01
T003900,C02169,2025-02-07 19:34:00,CMP002,CH01
T003901,C02169,2025-02-12 01:54:00,CMP002,CH01
T003902,C02170,2025-03-13 00:00:00,CMP003,CH02
T003903,C02170,2025-03-15 13:40:00,CMP001,CH01
T003904,C02172,2025-03-23 00:00:00,CMP002,CH01
T003905,C02172,2025-03-24 20:33:00,CMP001,CH01
T003906,C02173,2025-01-22 00:00:00,CMP001,CH01
T003907,C02173,2025-01-24 13:00:00,CMP002,CH01
T003908,C02175,2025-01-07 00:00:00,CMP001,CH01
T003909,C02175,2025-01-10 05:21:00,CMP002,CH01
T003910,C02175,2025-01-13 03:03:00,CMP001,CH01
T003911,C02178,2025-04-06 00:00:00,CMP005,CH03
T003912,C02178,2025-04-11 00:58:00,CMP003,CH02
T003913,C02179,2025-12-14 00:00:00,CMP001,CH01
T003914,C02179,2025-12-18 07:28:00,CMP003,CH02
T003915,C02180,2025-10-11 00:00:00,CMP001,CH01
T003916,C02180,2025-10-13 19:13:00,CMP001,CH01
T003917,C02181,2025-11-19 00:00:00,CMP005,CH03
T003918,C02181,2025-11-20 17:10:00,CMP004,CH02
T003919,C02182,2025-08-11 00:00:00,CMP005,CH03
T003920,C02182,2025-08-13 01:50:00,CMP004,CH02
T003921,C02182,2025-08-17 11:14:00,CMP002,CH01
T003922,C02182,2025-08-22 02:38:00,CMP002,CH01
T003923,C02184,2025-01-25 00:00:00,CMP003,CH02
T003924,C02186,2025-11-29 00:00:00,CMP004,CH02
T003925,C02186,2025-12-02 07:50:00,CMP005,CH03
T003926,C02186,2025-12-08 02:26:00,CMP001,CH01
T003927,C02187,2025-03-29 00:00:00,CMP003,CH02
T003928,C02187,2025-03-30 00:09:00,CMP003,CH02
T003929,C02189,2025-05-09 00:00:00,CMP001,CH01
T003930,C02189,2025-05-15 04:20:00,CMP003,CH02
T003931,C02189,2025-05-17 04:35:00,CMP001,CH01
T003932,C02190,2025-06-22 00:00:00,CMP004,CH02
T003933,C02190,2025-06-23 17:48:00,CMP005,CH03
T003934,C02190,2025-07-01 12:38:00,CMP004,CH02
T003935,C02193,2025-04-16 00:00:00,CMP004,CH02
T003936,C02193,2025-04-23 01:54:00,CMP004,CH02
T003937,C02194,2025-01-08 00:00:00,CMP004,CH02
T003938,C02194,2025-01-13 07:51:00,CMP001,CH01
T003939,C02195,2025-08-09 00:00:00,CMP003,CH02
T003940,C02196,2025-12-19 00:00:00,CMP004,CH02
T003941,C02198,2025-06-18 00:00:00,CMP001,CH01
T003942,C02198,2025-06-22 03:37:00,CMP002,CH01
T003943,C02199,2025-06-06 00:00:00,CMP002,CH01
T003944,C02201,2025-10-30 00:00:00,CMP005,CH03
T003945,C02201,2025-10-31 09:15:00,CMP003,CH02
T003946,C02201,2025-11-07 22:45:00,CMP001,CH01
T003947,C02201,2025-11-14 08:00:00,CMP001,CH01
T003948,C02203,2025-07-10 00:00:00,CMP002,CH01
T003949,C02203,2025-07-14 19:20:00,CMP003,CH02
T003950,C02206,2025-04-03 00:00:00,CMP004,CH02
T003951,C02206,2025-04-05 05:45:00,CMP002,CH01
T003952,C02207,2025-01-22 00:00:00,CMP001,CH01
T003953,C02207,2025-01-29 20:39:00,CMP001,CH01
T003954,C02209,2025-06-14 00:00:00,CMP003,CH02
T003955,C02209,2025-06-15 08:04:00,CMP003,CH02
T003956,C02210,2025-07-23 00:00:00,CMP003,CH02
T003957,C02210,2025-07-30 07:09:00,CMP005,CH03
T003958,C02210,2025-08-06 23:37:00,CMP002,CH01
T003959,C02210,2025-08-13 16:42:00,CMP003,CH02
T003960,C02211,2025-11-18 00:00:00,CMP001,CH01
T003961,C02211,2025-11-19 15:50:00,CMP001,CH01
T003962,C02211,2025-11-26 00:01:00,CMP004,CH02
T003963,C02211,2025-11-30 23:16:00,CMP002,CH01
T003964,C02212,2025-10-01 00:00:00,CMP001,CH01
T003965,C02212,2025-10-03 02:33:00,CMP005,CH03
T003966,C02215,2025-12-12 00:00:00,CMP002,CH01
T003967,C02215,2025-12-13 13:47:00,CMP003,CH02
T003968,C02216,2025-05-27 00:00:00,CMP002,CH01
T003969,C02217,2025-08-25 00:00:00,CMP003,CH02
T003970,C02217,2025-09-01 07:46:00,CMP002,CH01
T003971,C02218,2025-06-28 00:00:00,CMP004,CH02
T003972,C02218,2025-07-02 09:28:00,CMP005,CH03
T003973,C02218,2025-07-04 12:09:00,CMP001,CH01
T003974,C02218,2025-07-09 04:43:00,CMP002,CH01
T003975,C02218,2025-07-11 17:08:00,CMP001,CH01
T003976,C02219,2025-11-28 00:00:00,CMP003,CH02
T003977,C02220,2025-01-24 00:00:00,CMP001,CH01
T003978,C02220,2025-01-29 21:23:00,CMP002,CH01
T003979,C02220,2025-02-05 00:48:00,CMP002,CH01
T003980,C02221,2025-01-25 00:00:00,CMP004,CH02
T003981,C02221,2025-02-01 08:57:00,CMP001,CH01
T003982,C02221,2025-02-08 03:59:00,CMP004,CH02
T003983,C02224,2025-07-25 00:00:00,CMP004,CH02
T003984,C02224,2025-07-27 17:33:00,CMP004,CH02
T003985,C02225,2025-12-21 00:00:00,CMP002,CH01
T003986,C02225,2025-12-28 17:29:00,CMP001,CH01
T003987,C02226,2025-05-15 00:00:00,CMP003,CH02
T003988,C02228,2025-08-20 00:00:00,CMP005,CH03
T003989,C02229,2025-09-24 00:00:00,CMP004,CH02
T003990,C02229,2025-09-25 09:21:00,CMP001,CH01
T003991,C02231,2025-09-26 00:00:00,CMP004,CH02
T003992,C02231,2025-09-28 08:36:00,CMP001,CH01
T003993,C02231,2025-09-29 20:54:00,CMP002,CH01
T003994,C02231,2025-10-03 15:05:00,CMP004,CH02
T003995,C02232,2025-10-12 00:00:00,CMP004,CH02
T003996,C02232,2025-10-14 07:59:00,CMP004,CH02
T003997,C02232,2025-10-20 12:55:00,CMP003,CH02
T003998,C02232,2025-10-27 04:46:00,CMP003,CH02
T003999,C02232,2025-11-01 08:21:00,CMP001,CH01
T004000,C02233,2025-07-06 00:00:00,CMP003,CH02
T004001,C02233,2025-07-11 07:02:00,CMP005,CH03
T004002,C02233,2025-07-12 13:27:00,CMP002,CH01
T004003,C02234,2025-09-15 00:00:00,CMP002,CH01
T004004,C02235,2025-07-26 00:00:00,CMP001,CH01
T004005,C02235,2025-07-31 15:19:00,CMP003,CH02
T004006,C02235,2025-08-02 06:29:00,CMP002,CH01
T004007,C02236,2025-02-06 00:00:00,CMP001,CH01
T004008,C02236,2025-02-12 00:15:00,CMP003,CH02
T004009,C02236,2025-02-16 15:49:00,CMP001,CH01
T004010,C02239,2025-11-09 00:00:00,CMP003,CH02
T004011,C02241,2025-11-21 00:00:00,CMP003,CH02
T004012,C02242,2025-03-21 00:00:00,CMP005,CH03
T004013,C02242,2025-03-28 05:50:00,CMP002,CH01
T004014,C02243,2025-06-28 00:00:00,CMP001,CH01
T004015,C02243,2025-07-01 07:52:00,CMP004,CH02
T004016,C02244,2025-03-31 00:00:00,CMP001,CH01
T004017,C02246,2025-08-01 00:00:00,CMP001,CH01
T004018,C02246,2025-08-07 02:21:00,CMP002,CH01
T004019,C02246,2025-08-13 07:35:00,CMP005,CH03
T004020,C02246,2025-08-21 05:59:00,CMP002,CH01
T004021,C02247,2025-07-17 00:00:00,CMP002,CH01
T004022,C02247,2025-07-18 08:45:00,CMP005,CH03
T004023,C02247,2025-07-25 13:20:00,CMP004,CH02
T004024,C02248,2025-03-23 00:00:00,CMP001,CH01
T004025,C02248,2025-03-28 06:48:00,CMP002,CH01
T004026,C02249,2025-06-18 00:00:00,CMP002,CH01
T004027,C02250,2025-10-12 00:00:00,CMP002,CH01
T004028,C02250,2025-10-13 15:59:00,CMP001,CH01
T004029,C02251,2025-07-28 00:00:00,CMP001,CH01
T004030,C02251,2025-08-01 06:39:00,CMP004,CH02
T004031,C02251,2025-08-07 17:19:00,CMP001,CH01
T004032,C02252,2025-10-26 00:00:00,CMP001,CH01
T004033,C02252,2025-10-29 15:18:00,CMP001,CH01
T004034,C02252,2025-11-03 09:53:00,CMP002,CH01
T004035,C02253,2025-05-05 00:00:00,CMP003,CH02
T004036,C02253,2025-05-09 23:53:00,CMP004,CH02
T004037,C02253,2025-05-14 02:50:00,CMP004,CH02
T004038,C02255,2025-08-20 00:00:00,CMP002,CH01
T004039,C02256,2025-12-19 00:00:00,CMP003,CH02
T004040,C02256,2025-12-22 16:14:00,CMP002,CH01
T004041,C02258,2025-12-24 00:00:00,CMP001,CH01
T004042,C02258,2025-12-27 09:34:00,CMP004,CH02
T004043,C02258,2025-12-29 16:22:00,CMP003,CH02
T004044,C02259,2025-05-17 00:00:00,CMP002,CH01
T004045,C02261,2025-09-12 00:00:00,CMP003,CH02
T004046,C02261,2025-09-14 03:30:00,CMP004,CH02
T004047,C02261,2025-09-16 22:51:00,CMP004,CH02
T004048,C02261,2025-09-22 16:25:00,CMP005,CH03
T004049,C02262,2025-04-30 00:00:00,CMP002,CH01
T004050,C02264,2025-05-30 00:00:00,CMP001,CH01
T004051,C02265,2025-01-16 00:00:00,CMP002,CH01
T004052,C02265,2025-01-20 08:05:00,CMP003,CH02
T004053,C02265,2025-01-25 04:02:00,CMP004,CH02
T004054,C02266,2025-06-13 00:00:00,CMP004,CH02
T004055,C02266,2025-06-14 16:26:00,CMP004,CH02
T004056,C02268,2025-01-02 00:00:00,CMP004,CH02
T004057,C02268,2025-01-09 23:47:00,CMP003,CH02
T004058,C02268,2025-01-15 06:30:00,CMP001,CH01
T004059,C02270,2025-12-13 00:00:00,CMP002,CH01
T004060,C02271,2025-01-22 00:00:00,CMP001,CH01
T004061,C02271,2025-01-26 11:28:00,CMP002,CH01
T004062,C02272,2025-04-19 00:00:00,CMP003,CH02
T004063,C02272,2025-04-24 02:00:00,CMP003,CH02
T004064,C02273,2025-01-02 00:00:00,CMP004,CH02
T004065,C02273,2025-01-06 01:55:00,CMP004,CH02
T004066,C02277,2025-11-17 00:00:00,CMP004,CH02
T004067,C02277,2025-11-24 09:07:00,CMP001,CH01
T004068,C02279,2025-08-09 00:00:00,CMP005,CH03
T004069,C02280,2025-12-12 00:00:00,CMP004,CH02
T004070,C02280,2025-12-18 10:12:00,CMP005,CH03
T004071,C02280,2025-12-22 22:37:00,CMP001,CH01
T004072,C02281,2025-07-11 00:00:00,CMP002,CH01
T004073,C02281,2025-07-15 22:37:00,CMP001,CH01
T004074,C02283,2025-12-20 00:00:00,CMP004,CH02
T004075,C02283,2025-12-27 12:55:00,CMP003,CH02
T004076,C02284,2025-07-05 00:00:00,CMP002,CH01
T004077,C02285,2025-05-18 00:00:00,CMP004,CH02
T004078,C02285,2025-05-20 13:01:00,CMP002,CH01
T004079,C02286,2025-11-19 00:00:00,CMP002,CH01
T004080,C02286,2025-11-25 18:27:00,CMP003,CH02
T004081,C02287,2025-12-17 00:00:00,CMP001,CH01
T004082,C02287,2025-12-21 10:33:00,CMP003,CH02
T004083,C02288,2025-04-09 00:00:00,CMP002,CH01
T004084,C02288,2025-04-11 09:33:00,CMP002,CH01
T004085,C02289,2025-07-19 00:00:00,CMP001,CH01
T004086,C02289,2025-07-24 07:55:00,CMP002,CH01
T004087,C02289,2025-07-25 13:05:00,CMP003,CH02
T004088,C02290,2025-11-28 00:00:00,CMP003,CH02
T004089,C02291,2025-02-13 00:00:00,CMP004,CH02
T004090,C02291,2025-02-16 22:20:00,CMP002,CH01
T004091,C02292,2025-01-21 00:00:00,CMP002,CH01
T004092,C02292,2025-01-24 12:24:00,CMP004,CH02
T004093,C02293,2025-05-08 00:00:00,CMP001,CH01
T004094,C02294,2025-09-27 00:00:00,CMP005,CH03
T004095,C02294,2025-10-01 22:04:00,CMP003,CH02
T004096,C02295,2025-02-20 00:00:00,CMP001,CH01
T004097,C02297,2025-09-07 00:00:00,CMP003,CH02
T004098,C02297,2025-09-14 18:42:00,CMP003,CH02
T004099,C02297,2025-09-17 17:50:00,CMP004,CH02
T004100,C02297,2025-09-20 02:45:00,CMP003,CH02
T004101,C02298,2025-08-04 00:00:00,CMP002,CH01
T004102,C02299,2025-03-09 00:00:00,CMP001,CH01
T004103,C02299,2025-03-14 09:21:00,CMP002,CH01
T004104,C02299,2025-03-15 14:55:00,CMP004,CH02
T004105,C02299,2025-03-21 23:52:00,CMP002,CH01
T004106,C02299,2025-03-27 23:25:00,CMP001,CH01
T004107,C02300,2025-05-23 00:00:00,CMP005,CH03
T004108,C02300,2025-05-25 21:24:00,CMP002,CH01
T004109,C02301,2025-09-17 00:00:00,CMP003,CH02
T004110,C02301,2025-09-22 12:38:00,CMP004,CH02
T004111,C02302,2025-10-17 00:00:00,CMP005,CH03
T004112,C02302,2025-10-20 03:34:00,CMP003,CH02
T004113,C02304,2025-11-16 00:00:00,CMP002,CH01
T004114,C02304,2025-11-17 21:18:00,CMP004,CH02
T004115,C02304,2025-11-21 11:35:00,CMP001,CH01
T004116,C02305,2025-05-20 00:00:00,CMP002,CH01
T004117,C02306,2025-02-01 00:00:00,CMP003,CH02
T004118,C02306,2025-02-04 14:52:00,CMP003,CH02
T004119,C02307,2025-08-22 00:00:00,CMP002,CH01
T004120,C02307,2025-08-23 19:15:00,CMP003,CH02
T004121,C02307,2025-08-27 08:06:00,CMP001,CH01
T004122,C02307,2025-09-01 01:16:00,CMP005,CH03
T004123,C02308,2025-11-03 00:00:00,CMP003,CH02
T004124,C02308,2025-11-04 21:57:00,CMP001,CH01
T004125,C02311,2025-09-03 00:00:00,CMP002,CH01
T004126,C02311,2025-09-09 15:22:00,CMP001,CH01
T004127,C02312,2025-04-21 00:00:00,CMP004,CH02
T004128,C02312,2025-04-26 20:11:00,CMP005,CH03
T004129,C02312,2025-05-01 11:04:00,CMP003,CH02
T004130,C02314,2025-12-13 00:00:00,CMP004,CH02
T004131,C02316,2025-09-03 00:00:00,CMP004,CH02
T004132,C02316,2025-09-04 16:25:00,CMP001,CH01
T004133,C02316,2025-09-09 15:53:00,CMP004,CH02
T004134,C02317,2025-04-30 00:00:00,CMP004,CH02
T004135,C02318,2025-10-01 00:00:00,CMP001,CH01
T004136,C02318,2025-10-02 06:09:00,CMP004,CH02
T004137,C02319,2025-11-11 00:00:00,CMP003,CH02
T004138,C02319,2025-11-14 00:39:00,CMP002,CH01
T004139,C02319,2025-11-18 12:30:00,CMP004,CH02
T004140,C02320,2025-06-10 00:00:00,CMP001,CH01
T004141,C02321,2025-05-12 00:00:00,CMP005,CH03
T004142,C02321,2025-05-18 10:18:00,CMP001,CH01
T004143,C02322,2025-01-25 00:00:00,CMP005,CH03
T004144,C02323,2025-04-01 00:00:00,CMP004,CH02
T004145,C02324,2025-09-17 00:00:00,CMP001,CH01
T004146,C02324,2025-09-18 00:50:00,CMP003,CH02
T004147,C02327,2025-07-17 00:00:00,CMP002,CH01
T004148,C02328,2025-08-07 00:00:00,CMP003,CH02
T004149,C02329,2025-11-04 00:00:00,CMP001,CH01
T004150,C02329,2025-11-06 06:05:00,CMP004,CH02
T004151,C02329,2025-11-09 10:56:00,CMP002,CH01
T004152,C02330,2025-08-22 00:00:00,CMP002,CH01
T004153,C02331,2025-08-25 00:00:00,CMP002,CH01
T004154,C02331,2025-08-29 02:41:00,CMP004,CH02
T004155,C02331,2025-09-02 17:33:00,CMP005,CH03
T004156,C02332,2025-05-04 00:00:00,CMP001,CH01
T004157,C02332,2025-05-11 10:27:00,CMP005,CH03
T004158,C02332,2025-05-16 20:24:00,CMP001,CH01
T004159,C02332,2025-05-18 13:41:00,CMP002,CH01
T004160,C02335,2025-02-12 00:00:00,CMP002,CH01
T004161,C02335,2025-02-19 22:42:00,CMP005,CH03
T004162,C02335,2025-02-25 21:31:00,CMP002,CH01
T004163,C02335,2025-03-04 10:49:00,CMP001,CH01
T004164,C02336,2025-11-22 00:00:00,CMP003,CH02
T004165,C02336,2025-11-26 07:42:00,CMP001,CH01
T004166,C02337,2025-05-11 00:00:00,CMP003,CH02
T004167,C02338,2025-07-05 00:00:00,CMP002,CH01
T004168,C02338,2025-07-11 02:08:00,CMP004,CH02
T004169,C02338,2025-07-18 03:22:00,CMP004,CH02
T004170,C02340,2025-08-21 00:00:00,CMP003,CH02
T004171,C02340,2025-08-25 08:19:00,CMP003,CH02
T004172,C02340,2025-08-27 04:11:00,CMP004,CH02
T004173,C02340,2025-09-01 09:56:00,CMP005,CH03
T004174,C02340,2025-09-06 13:53:00,CMP002,CH01
T004175,C02344,2025-11-24 00:00:00,CMP002,CH01
T004176,C02344,2025-11-26 10:40:00,CMP004,CH02
T004177,C02345,2025-09-30 00:00:00,CMP003,CH02
T004178,C02345,2025-10-04 23:41:00,CMP001,CH01
T004179,C02345,2025-10-11 15:46:00,CMP004,CH02
T004180,C02346,2025-08-21 00:00:00,CMP004,CH02
T004181,C02346,2025-08-28 02:15:00,CMP004,CH02
T004182,C02346,2025-08-31 03:44:00,CMP003,CH02
T004183,C02346,2025-09-05 06:16:00,CMP004,CH02
T004184,C02346,2025-09-08 06:39:00,CMP003,CH02
T004185,C02349,2025-06-27 00:00:00,CMP003,CH02
T004186,C02349,2025-06-30 08:26:00,CMP004,CH02
T004187,C02351,2025-01-12 00:00:00,CMP003,CH02
T004188,C02351,2025-01-18 13:06:00,CMP001,CH01
T004189,C02352,2025-08-21 00:00:00,CMP001,CH01
T004190,C02352,2025-08-25 04:21:00,CMP001,CH01
T004191,C02352,2025-08-26 11:28:00,CMP002,CH01
T004192,C02355,2025-11-02 00:00:00,CMP004,CH02
T004193,C02356,2025-06-14 00:00:00,CMP002,CH01
T004194,C02357,2025-04-18 00:00:00,CMP001,CH01
T004195,C02357,2025-04-21 01:30:00,CMP003,CH02
T004196,C02357,2025-04-23 02:26:00,CMP004,CH02
T004197,C02357,2025-04-29 09:03:00,CMP001,CH01
T004198,C02358,2025-11-20 00:00:00,CMP001,CH01
T004199,C02358,2025-11-22 23:39:00,CMP001,CH01
T004200,C02359,2025-12-15 00:00:00,CMP002,CH01
T004201,C02359,2025-12-21 11:45:00,CMP002,CH01
T004202,C02359,2025-12-28 00:37:00,CMP001,CH01
T004203,C02360,2025-07-16 00:00:00,CMP004,CH02
T004204,C02360,2025-07-22 14:34:00,CMP003,CH02
T004205,C02363,2025-10-25 00:00:00,CMP004,CH02
T004206,C02364,2025-06-29 00:00:00,CMP001,CH01
T004207,C02364,2025-07-04 16:32:00,CMP002,CH01
T004208,C02365,2025-04-06 00:00:00,CMP004,CH02
T004209,C02365,2025-04-11 00:43:00,CMP004,CH02
T004210,C02365,2025-04-14 15:54:00,CMP004,CH02
T004211,C02366,2025-09-23 00:00:00,CMP001,CH01
T004212,C02366,2025-09-29 02:35:00,CMP003,CH02
T004213,C02366,2025-10-03 14:15:00,CMP003,CH02
T004214,C02369,2025-11-22 00:00:00,CMP003,CH02
T004215,C02369,2025-11-23 14:48:00,CMP002,CH01
T004216,C02371,2025-12-14 00:00:00,CMP004,CH02
T004217,C02371,2025-12-20 14:00:00,CMP004,CH02
T004218,C02371,2025-12-23 04:06:00,CMP005,CH03
T004219,C02372,2025-09-24 00:00:00,CMP002,CH01
T004220,C02372,2025-09-27 01:50:00,CMP003,CH02
T004221,C02373,2025-09-06 00:00:00,CMP002,CH01
T004222,C02374,2025-10-27 00:00:00,CMP005,CH03
T004223,C02374,2025-10-31 09:13:00,CMP003,CH02
T004224,C02375,2025-09-30 00:00:00,CMP002,CH01
T004225,C02376,2025-03-18 00:00:00,CMP002,CH01
T004226,C02376,2025-03-25 08:52:00,CMP004,CH02
T004227,C02378,2025-11-22 00:00:00,CMP001,CH01
T004228,C02378,2025-11-26 02:58:00,CMP003,CH02
T004229,C02379,2025-02-04 00:00:00,CMP001,CH01
T004230,C02380,2025-04-03 00:00:00,CMP003,CH02
T004231,C02380,2025-04-09 02:47:00,CMP002,CH01
T004232,C02381,2025-08-10 00:00:00,CMP001,CH01
T004233,C02381,2025-08-16 12:26:00,CMP003,CH02
T004234,C02381,2025-08-20 03:30:00,CMP005,CH03
T004235,C02382,2025-04-04 00:00:00,CMP002,CH01
T004236,C02383,2025-12-29 00:00:00,CMP001,CH01
T004237,C02383,2025-12-31 03:43:00,CMP005,CH03
T004238,C02383,2026-01-07 09:43:00,CMP003,CH02
T004239,C02383,2026-01-09 09:07:00,CMP001,CH01
T004240,C02383,2026-01-17 01:21:00,CMP001,CH01
T004241,C02384,2025-01-31 00:00:00,CMP004,CH02
T004242,C02384,2025-02-04 09:04:00,CMP004,CH02
T004243,C02384,2025-02-08 21:49:00,CMP003,CH02
T004244,C02384,2025-02-10 23:24:00,CMP002,CH01
T004245,C02385,2025-12-06 00:00:00,CMP001,CH01
T004246,C02385,2025-12-10 15:08:00,CMP001,CH01
T004247,C02385,2025-12-18 00:32:00,CMP004,CH02
T004248,C02386,2025-07-14 00:00:00,CMP001,CH01
T004249,C02387,2025-11-26 00:00:00,CMP001,CH01
T004250,C02387,2025-11-30 16:34:00,CMP004,CH02
T004251,C02388,2025-03-02 00:00:00,CMP001,CH01
T004252,C02389,2025-09-15 00:00:00,CMP003,CH02
T004253,C02389,2025-09-19 19:51:00,CMP005,CH03
T004254,C02389,2025-09-25 18:53:00,CMP004,CH02
T004255,C02390,2025-06-26 00:00:00,CMP004,CH02
T004256,C02391,2025-08-08 00:00:00,CMP004,CH02
T004257,C02391,2025-08-13 20:23:00,CMP002,CH01
T004258,C02391,2025-08-17 11:00:00,CMP001,CH01
T004259,C02391,2025-08-20 10:14:00,CMP002,CH01
T004260,C02392,2025-05-24 00:00:00,CMP004,CH02
T004261,C02392,2025-05-29 02:53:00,CMP005,CH03
T004262,C02392,2025-06-05 21:41:00,CMP003,CH02
T004263,C02393,2025-09-05 00:00:00,CMP003,CH02
T004264,C02393,2025-09-10 22:54:00,CMP002,CH01
T004265,C02393,2025-09-13 05:43:00,CMP001,CH01
T004266,C02394,2025-04-10 00:00:00,CMP002,CH01
T004267,C02394,2025-04-12 00:16:00,CMP003,CH02
T004268,C02394,2025-04-17 05:17:00,CMP004,CH02
T004269,C02394,2025-04-24 06:17:00,CMP001,CH01
T004270,C02395,2025-08-17 00:00:00,CMP002,CH01
T004271,C02396,2025-05-29 00:00:00,CMP004,CH02
T004272,C02396,2025-05-30 13:13:00,CMP003,CH02
T004273,C02397,2025-03-14 00:00:00,CMP004,CH02
T004274,C02397,2025-03-20 06:03:00,CMP001,CH01
T004275,C02398,2025-09-01 00:00:00,CMP004,CH02
T004276,C02400,2025-01-15 00:00:00,CMP003,CH02
T004277,C02400,2025-01-16 23:58:00,CMP002,CH01
T004278,C02400,2025-01-24 20:38:00,CMP001,CH01
T004279,C02401,2025-12-22 00:00:00,CMP001,CH01
T004280,C02401,2025-12-24 11:32:00,CMP001,CH01
T004281,C02402,2025-07-23 00:00:00,CMP005,CH03
T004282,C02402,2025-07-29 14:59:00,CMP002,CH01
T004283,C02403,2025-12-26 00:00:00,CMP002,CH01
T004284,C02403,2025-12-27 00:36:00,CMP003,CH02
T004285,C02404,2025-08-01 00:00:00,CMP005,CH03
T004286,C02404,2025-08-03 11:08:00,CMP001,CH01
T004287,C02404,2025-08-06 00:38:00,CMP001,CH01
T004288,C02405,2025-08-20 00:00:00,CMP004,CH02
T004289,C02408,2025-08-10 00:00:00,CMP002,CH01
T004290,C02408,2025-08-16 09:06:00,CMP002,CH01
T004291,C02408,2025-08-18 21:01:00,CMP003,CH02
T004292,C02409,2025-04-09 00:00:00,CMP003,CH02
T004293,C02409,2025-04-12 05:21:00,CMP001,CH01
T004294,C02409,2025-04-16 20:20:00,CMP002,CH01
T004295,C02412,2025-09-04 00:00:00,CMP004,CH02
T004296,C02412,2025-09-06 21:53:00,CMP003,CH02
T004297,C02412,2025-09-08 10:33:00,CMP005,CH03
T004298,C02413,2025-12-09 00:00:00,CMP003,CH02
T004299,C02414,2025-02-21 00:00:00,CMP002,CH01
T004300,C02414,2025-02-27 00:56:00,CMP003,CH02
T004301,C02414,2025-03-05 20:59:00,CMP003,CH02
T004302,C02414,2025-03-13 17:50:00,CMP001,CH01
T004303,C02415,2025-07-14 00:00:00,CMP004,CH02
T004304,C02415,2025-07-20 23:14:00,CMP001,CH01
T004305,C02416,2025-09-09 00:00:00,CMP001,CH01
T004306,C02416,2025-09-15 18:26:00,CMP001,CH01
T004307,C02417,2025-11-08 00:00:00,CMP005,CH03
T004308,C02417,2025-11-11 21:43:00,CMP003,CH02
T004309,C02417,2025-11-14 05:34:00,CMP004,CH02
T004310,C02417,2025-11-21 14:39:00,CMP002,CH01
T004311,C02418,2025-01-09 00:00:00,CMP002,CH01
T004312,C02418,2025-01-14 23:48:00,CMP003,CH02
T004313,C02419,2025-07-23 00:00:00,CMP001,CH01
T004314,C02419,2025-07-30 06:01:00,CMP005,CH03
T004315,C02419,2025-08-04 23:04:00,CMP002,CH01
T004316,C02420,2025-04-13 00:00:00,CMP002,CH01
T004317,C02420,2025-04-18 06:26:00,CMP001,CH01
T004318,C02421,2025-09-25 00:00:00,CMP002,CH01
T004319,C02421,2025-09-30 20:58:00,CMP004,CH02
T004320,C02422,2025-12-26 00:00:00,CMP002,CH01
T004321,C02424,2025-02-18 00:00:00,CMP004,CH02
T004322,C02425,2025-11-13 00:00:00,CMP002,CH01
T004323,C02425,2025-11-17 09:08:00,CMP003,CH02
T004324,C02427,2025-06-04 00:00:00,CMP003,CH02
T004325,C02427,2025-06-05 19:46:00,CMP005,CH03
T004326,C02428,2025-08-04 00:00:00,CMP003,CH02
T004327,C02429,2025-06-09 00:00:00,CMP002,CH01
T004328,C02430,2025-09-02 00:00:00,CMP005,CH03
T004329,C02432,2025-06-22 00:00:00,CMP003,CH02
T004330,C02432,2025-06-24 21:49:00,CMP005,CH03
T004331,C02432,2025-06-30 12:14:00,CMP005,CH03
T004332,C02433,2025-02-23 00:00:00,CMP003,CH02
T004333,C02433,2025-03-02 23:16:00,CMP002,CH01
T004334,C02434,2025-03-08 00:00:00,CMP002,CH01
T004335,C02434,2025-03-15 19:25:00,CMP003,CH02
T004336,C02435,2025-02-04 00:00:00,CMP002,CH01
T004337,C02435,2025-02-05 14:06:00,CMP001,CH01
T004338,C02436,2025-06-02 00:00:00,CMP002,CH01
T004339,C02436,2025-06-08 14:01:00,CMP004,CH02
T004340,C02437,2025-07-01 00:00:00,CMP004,CH02
T004341,C02437,2025-07-05 08:43:00,CMP002,CH01
T004342,C02437,2025-07-10 10:14:00,CMP002,CH01
T004343,C02438,2025-02-28 00:00:00,CMP001,CH01
T004344,C02438,2025-03-06 07:07:00,CMP001,CH01
T004345,C02438,2025-03-10 08:38:00,CMP003,CH02
T004346,C02439,2025-10-04 00:00:00,CMP001,CH01
T004347,C02439,2025-10-11 04:58:00,CMP002,CH01
T004348,C02444,2025-10-05 00:00:00,CMP003,CH02
T004349,C02444,2025-10-09 00:42:00,CMP001,CH01
T004350,C02444,2025-10-12 08:01:00,CMP001,CH01
T004351,C02444,2025-10-17 06:54:00,CMP002,CH01
T004352,C02444,2025-10-21 10:45:00,CMP002,CH01
T004353,C02445,2025-02-25 00:00:00,CMP001,CH01
T004354,C02445,2025-02-26 09:43:00,CMP004,CH02
T004355,C02445,2025-03-05 17:19:00,CMP003,CH02
T004356,C02446,2025-10-23 00:00:00,CMP003,CH02
T004357,C02446,2025-10-29 07:51:00,CMP002,CH01
T004358,C02447,2025-12-30 00:00:00,CMP001,CH01
T004359,C02447,2025-12-31 04:29:00,CMP002,CH01
T004360,C02447,2026-01-02 19:00:00,CMP003,CH02
T004361,C02447,2026-01-06 07:41:00,CMP003,CH02
T004362,C02447,2026-01-09 14:33:00,CMP004,CH02
T004363,C02448,2025-05-25 00:00:00,CMP002,CH01
T004364,C02448,2025-05-30 08:00:00,CMP005,CH03
T004365,C02450,2025-10-03 00:00:00,CMP003,CH02
T004366,C02451,2025-07-26 00:00:00,CMP002,CH01
T004367,C02451,2025-07-27 19:39:00,CMP004,CH02
T004368,C02451,2025-07-31 13:26:00,CMP002,CH01
T004369,C02452,2025-08-04 00:00:00,CMP002,CH01
T004370,C02452,2025-08-06 13:40:00,CMP002,CH01
T004371,C02453,2025-03-28 00:00:00,CMP001,CH01
T004372,C02454,2025-07-31 00:00:00,CMP001,CH01
T004373,C02455,2025-10-06 00:00:00,CMP001,CH01
T004374,C02455,2025-10-13 03:55:00,CMP003,CH02
T004375,C02456,2025-05-07 00:00:00,CMP001,CH01
T004376,C02458,2025-10-07 00:00:00,CMP005,CH03
T004377,C02458,2025-10-14 16:47:00,CMP002,CH01
T004378,C02458,2025-10-17 16:28:00,CMP004,CH02
T004379,C02460,2025-04-08 00:00:00,CMP001,CH01
T004380,C02460,2025-04-09 01:54:00,CMP003,CH02
T004381,C02460,2025-04-16 15:30:00,CMP004,CH02
T004382,C02461,2025-08-28 00:00:00,CMP002,CH01
T004383,C02461,2025-09-03 12:10:00,CMP001,CH01
T004384,C02463,2025-12-23 00:00:00,CMP001,CH01
T004385,C02463,2025-12-28 17:03:00,CMP002,CH01
T004386,C02463,2026-01-05 15:00:00,CMP001,CH01
T004387,C02464,2025-12-22 00:00:00,CMP003,CH02
T004388,C02464,2025-12-29 04:42:00,CMP003,CH02
T004389,C02466,2025-05-02 00:00:00,CMP002,CH01
T004390,C02466,2025-05-04 22:56:00,CMP002,CH01
T004391,C02466,2025-05-10 17:45:00,CMP004,CH02
T004392,C02467,2025-05-18 00:00:00,CMP003,CH02
T004393,C02467,2025-05-21 19:05:00,CMP001,CH01
T004394,C02467,2025-05-24 18:19:00,CMP005,CH03
T004395,C02468,2025-06-28 00:00:00,CMP002,CH01
T004396,C02468,2025-06-30 16:41:00,CMP001,CH01
T004397,C02470,2025-11-08 00:00:00,CMP001,CH01
T004398,C02470,2025-11-12 02:42:00,CMP003,CH02
T004399,C02471,2025-07-07 00:00:00,CMP001,CH01
T004400,C02471,2025-07-13 20:09:00,CMP003,CH02
T004401,C02471,2025-07-15 04:55:00,CMP003,CH02
T004402,C02472,2025-11-09 00:00:00,CMP002,CH01
T004403,C02472,2025-11-13 14:36:00,CMP002,CH01
T004404,C02472,2025-11-19 20:17:00,CMP001,CH01
T004405,C02473,2025-11-11 00:00:00,CMP003,CH02
T004406,C02473,2025-11-17 03:17:00,CMP002,CH01
T004407,C02473,2025-11-20 20:22:00,CMP004,CH02
T004408,C02473,2025-11-26 15:29:00,CMP002,CH01
T004409,C02475,2025-09-22 00:00:00,CMP002,CH01
T004410,C02478,2025-01-22 00:00:00,CMP004,CH02
T004411,C02478,2025-01-27 05:26:00,CMP001,CH01
T004412,C02478,2025-02-03 21:51:00,CMP002,CH01
T004413,C02479,2025-04-05 00:00:00,CMP005,CH03
T004414,C02479,2025-04-12 01:35:00,CMP003,CH02
T004415,C02479,2025-04-13 13:04:00,CMP004,CH02
T004416,C02480,2025-04-18 00:00:00,CMP005,CH03
T004417,C02480,2025-04-24 21:20:00,CMP002,CH01
T004418,C02481,2025-03-07 00:00:00,CMP002,CH01
T004419,C02481,2025-03-14 22:48:00,CMP002,CH01
T004420,C02481,2025-03-21 12:20:00,CMP001,CH01
T004421,C02482,2025-11-04 00:00:00,CMP004,CH02
T004422,C02482,2025-11-05 03:21:00,CMP003,CH02
T004423,C02483,2025-07-14 00:00:00,CMP004,CH02
T004424,C02483,2025-07-17 22:11:00,CMP002,CH01
T004425,C02483,2025-07-24 19:29:00,CMP004,CH02
T004426,C02484,2025-06-26 00:00:00,CMP001,CH01
T004427,C02485,2025-08-18 00:00:00,CMP005,CH03
T004428,C02485,2025-08-21 22:17:00,CMP004,CH02
T004429,C02485,2025-08-23 17:40:00,CMP004,CH02
T004430,C02486,2025-05-28 00:00:00,CMP003,CH02
T004431,C02486,2025-06-01 09:29:00,CMP002,CH01
T004432,C02486,2025-06-03 07:03:00,CMP001,CH01
T004433,C02486,2025-06-07 11:45:00,CMP003,CH02
T004434,C02487,2025-12-12 00:00:00,CMP001,CH01
T004435,C02487,2025-12-18 22:53:00,CMP002,CH01
T004436,C02487,2025-12-22 19:22:00,CMP002,CH01
T004437,C02487,2025-12-30 16:27:00,CMP003,CH02
T004438,C02488,2025-01-24 00:00:00,CMP003,CH02
T004439,C02488,2025-01-26 06:00:00,CMP002,CH01
T004440,C02488,2025-02-03 00:30:00,CMP004,CH02
T004441,C02490,2025-08-10 00:00:00,CMP005,CH03
T004442,C02490,2025-08-17 20:48:00,CMP001,CH01
T004443,C02490,2025-08-23 12:12:00,CMP002,CH01
T004444,C02490,2025-08-27 23:58:00,CMP002,CH01
T004445,C02490,2025-08-30 10:30:00,CMP002,CH01
T004446,C02491,2025-01-13 00:00:00,CMP004,CH02
T004447,C02491,2025-01-17 12:17:00,CMP005,CH03
T004448,C02491,2025-01-23 03:50:00,CMP001,CH01
T004449,C02494,2025-08-31 00:00:00,CMP001,CH01
T004450,C02494,2025-09-01 01:03:00,CMP001,CH01
T004451,C02494,2025-09-04 09:28:00,CMP003,CH02
T004452,C02494,2025-09-07 16:43:00,CMP002,CH01
T004453,C02497,2025-05-16 00:00:00,CMP003,CH02
T004454,C02500,2025-05-27 00:00:00,CMP004,CH02
T004455,C02500,2025-06-02 22:19:00,CMP002,CH01
T004456,C02501,2025-04-11 00:00:00,CMP002,CH01
T004457,C02502,2025-02-24 00:00:00,CMP004,CH02
T004458,C02504,2025-03-03 00:00:00,CMP001,CH01
T004459,C02504,2025-03-09 14:54:00,CMP004,CH02
T004460,C02505,2025-05-24 00:00:00,CMP001,CH01
T004461,C02505,2025-05-29 16:06:00,CMP003,CH02
T004462,C02507,2025-11-12 00:00:00,CMP003,CH02
T004463,C02507,2025-11-16 14:46:00,CMP001,CH01
T004464,C02509,2025-12-22 00:00:00,CMP002,CH01
T004465,C02510,2025-04-10 00:00:00,CMP002,CH01
T004466,C02510,2025-04-17 08:34:00,CMP003,CH02
T004467,C02510,2025-04-19 03:07:00,CMP002,CH01
T004468,C02510,2025-04-21 17:13:00,CMP005,CH03
T004469,C02511,2025-05-19 00:00:00,CMP002,CH01
T004470,C02511,2025-05-24 06:40:00,CMP002,CH01
T004471,C02512,2025-10-01 00:00:00,CMP003,CH02
T004472,C02512,2025-10-07 16:26:00,CMP001,CH01
T004473,C02512,2025-10-14 15:31:00,CMP004,CH02
T004474,C02514,2025-07-16 00:00:00,CMP002,CH01
T004475,C02514,2025-07-22 10:33:00,CMP003,CH02
T004476,C02514,2025-07-27 19:45:00,CMP001,CH01
T004477,C02514,2025-08-02 09:25:00,CMP002,CH01
T004478,C02515,2025-10-16 00:00:00,CMP004,CH02
T004479,C02515,2025-10-22 00:55:00,CMP002,CH01
T004480,C02516,2025-01-11 00:00:00,CMP002,CH01
T004481,C02516,2025-01-17 15:19:00,CMP001,CH01
T004482,C02516,2025-01-24 09:07:00,CMP005,CH03
T004483,C02516,2025-01-28 04:30:00,CMP003,CH02
T004484,C02517,2025-10-17 00:00:00,CMP004,CH02
T004485,C02518,2025-02-16 00:00:00,CMP001,CH01
T004486,C02518,2025-02-20 16:15:00,CMP002,CH01
T004487,C02519,2025-12-20 00:00:00,CMP001,CH01
T004488,C02519,2025-12-25 09:06:00,CMP001,CH01
T004489,C02520,2025-03-30 00:00:00,CMP001,CH01
T004490,C02520,2025-04-06 11:44:00,CMP003,CH02
T004491,C02521,2025-09-13 00:00:00,CMP001,CH01
T004492,C02522,2025-08-27 00:00:00,CMP002,CH01
T004493,C02522,2025-08-29 10:06:00,CMP005,CH03
T004494,C02522,2025-09-02 05:14:00,CMP003,CH02
T004495,C02522,2025-09-06 11:22:00,CMP002,CH01
T004496,C02523,2025-05-12 00:00:00,CMP003,CH02
T004497,C02524,2025-01-23 00:00:00,CMP005,CH03
T004498,C02524,2025-01-24 20:54:00,CMP002,CH01
T004499,C02524,2025-01-27 06:11:00,CMP001,CH01
T004500,C02525,2025-11-29 00:00:00,CMP005,CH03
T004501,C02526,2025-07-07 00:00:00,CMP002,CH01
T004502,C02527,2025-10-31 00:00:00,CMP004,CH02
T004503,C02527,2025-11-06 15:02:00,CMP004,CH02
T004504,C02527,2025-11-09 19:08:00,CMP002,CH01
T004505,C02528,2025-04-27 00:00:00,CMP005,CH03
T004506,C02528,2025-05-04 03:30:00,CMP001,CH01
T004507,C02528,2025-05-07 00:54:00,CMP005,CH03
T004508,C02529,2025-12-04 00:00:00,CMP002,CH01
T004509,C02529,2025-12-07 05:24:00,CMP001,CH01
T004510,C02532,2025-05-06 00:00:00,CMP002,CH01
T004511,C02532,2025-05-12 15:09:00,CMP004,CH02
T004512,C02533,2025-07-04 00:00:00,CMP004,CH02
T004513,C02533,2025-07-06 01:48:00,CMP002,CH01
T004514,C02534,2025-01-03 00:00:00,CMP002,CH01
T004515,C02534,2025-01-09 16:58:00,CMP003,CH02
T004516,C02534,2025-01-14 04:52:00,CMP003,CH02
T004517,C02535,2025-01-19 00:00:00,CMP004,CH02
T004518,C02535,2025-01-23 17:50:00,CMP005,CH03
T004519,C02536,2025-07-03 00:00:00,CMP002,CH01
T004520,C02536,2025-07-08 11:37:00,CMP003,CH02
T004521,C02538,2025-04-18 00:00:00,CMP003,CH02
T004522,C02539,2025-07-19 00:00:00,CMP003,CH02
T004523,C02539,2025-07-20 01:55:00,CMP002,CH01
T004524,C02541,2025-04-14 00:00:00,CMP005,CH03
T004525,C02541,2025-04-15 14:39:00,CMP005,CH03
T004526,C02541,2025-04-18 03:19:00,CMP002,CH01
T004527,C02541,2025-04-24 00:37:00,CMP001,CH01
T004528,C02542,2025-01-14 00:00:00,CMP001,CH01
T004529,C02542,2025-01-21 10:00:00,CMP002,CH01
T004530,C02542,2025-01-27 22:22:00,CMP004,CH02
T004531,C02542,2025-02-02 18:10:00,CMP003,CH02
T004532,C02543,2025-10-01 00:00:00,CMP005,CH03
T004533,C02544,2025-12-31 00:00:00,CMP004,CH02
T004534,C02544,2026-01-02 06:10:00,CMP002,CH01
T004535,C02544,2026-01-03 14:25:00,CMP001,CH01
T004536,C02545,2025-02-23 00:00:00,CMP004,CH02
T004537,C02546,2025-02-21 00:00:00,CMP004,CH02
T004538,C02546,2025-02-23 12:48:00,CMP001,CH01
T004539,C02548,2025-02-16 00:00:00,CMP004,CH02
T004540,C02548,2025-02-22 04:53:00,CMP001,CH01
T004541,C02549,2025-03-10 00:00:00,CMP004,CH02
T004542,C02550,2025-03-03 00:00:00,CMP002,CH01
T004543,C02550,2025-03-09 04:40:00,CMP002,CH01
T004544,C02551,2025-11-01 00:00:00,CMP001,CH01
T004545,C02552,2025-12-20 00:00:00,CMP001,CH01
T004546,C02554,2025-04-08 00:00:00,CMP001,CH01
T004547,C02555,2025-12-11 00:00:00,CMP001,CH01
T004548,C02555,2025-12-17 07:21:00,CMP001,CH01
T004549,C02555,2025-12-22 22:57:00,CMP001,CH01
T004550,C02556,2025-11-06 00:00:00,CMP002,CH01
T004551,C02556,2025-11-10 03:40:00,CMP005,CH03
T004552,C02556,2025-11-14 09:17:00,CMP002,CH01
T004553,C02558,2025-09-07 00:00:00,CMP004,CH02
T004554,C02559,2025-11-02 00:00:00,CMP004,CH02
T004555,C02559,2025-11-06 18:59:00,CMP002,CH01
T004556,C02559,2025-11-10 21:56:00,CMP002,CH01
T004557,C02560,2025-01-21 00:00:00,CMP003,CH02
T004558,C02560,2025-01-25 07:57:00,CMP005,CH03
T004559,C02561,2025-04-07 00:00:00,CMP005,CH03
T004560,C02561,2025-04-13 10:27:00,CMP002,CH01
T004561,C02561,2025-04-19 15:53:00,CMP001,CH01
T004562,C02562,2025-03-16 00:00:00,CMP002,CH01
T004563,C02563,2025-08-29 00:00:00,CMP004,CH02
T004564,C02563,2025-09-05 14:12:00,CMP003,CH02
T004565,C02563,2025-09-11 19:56:00,CMP002,CH01
T004566,C02564,2025-03-27 00:00:00,CMP003,CH02
T004567,C02564,2025-03-29 05:10:00,CMP005,CH03
T004568,C02565,2025-02-12 00:00:00,CMP001,CH01
T004569,C02565,2025-02-15 05:46:00,CMP001,CH01
T004570,C02566,2025-09-06 00:00:00,CMP003,CH02
T004571,C02567,2025-01-22 00:00:00,CMP004,CH02
T004572,C02567,2025-01-28 03:17:00,CMP002,CH01
T004573,C02567,2025-01-30 12:38:00,CMP005,CH03
T004574,C02568,2025-07-09 00:00:00,CMP002,CH01
T004575,C02571,2025-11-27 00:00:00,CMP003,CH02
T004576,C02571,2025-12-02 22:14:00,CMP005,CH03
T004577,C02571,2025-12-09 18:36:00,CMP001,CH01
T004578,C02572,2025-12-21 00:00:00,CMP001,CH01
T004579,C02572,2025-12-27 14:17:00,CMP001,CH01
T004580,C02572,2025-12-30 00:52:00,CMP004,CH02
T004581,C02572,2026-01-05 08:05:00,CMP004,CH02
T004582,C02572,2026-01-10 00:46:00,CMP005,CH03
T004583,C02573,2025-11-09 00:00:00,CMP001,CH01
T004584,C02573,2025-11-11 01:37:00,CMP003,CH02
T004585,C02574,2025-10-20 00:00:00,CMP002,CH01
T004586,C02574,2025-10-25 22:11:00,CMP002,CH01
T004587,C02575,2025-12-24 00:00:00,CMP003,CH02
T004588,C02575,2025-12-25 00:30:00,CMP001,CH01
T004589,C02576,2025-06-05 00:00:00,CMP003,CH02
T004590,C02576,2025-06-08 12:43:00,CMP002,CH01
T004591,C02577,2025-03-28 00:00:00,CMP004,CH02
T004592,C02577,2025-03-29 08:35:00,CMP001,CH01
T004593,C02577,2025-04-02 04:59:00,CMP004,CH02
T004594,C02578,2025-10-20 00:00:00,CMP001,CH01
T004595,C02578,2025-10-27 04:29:00,CMP004,CH02
T004596,C02578,2025-11-04 01:29:00,CMP004,CH02
T004597,C02579,2025-11-22 00:00:00,CMP003,CH02
T004598,C02579,2025-11-25 20:06:00,CMP004,CH02
T004599,C02580,2025-07-08 00:00:00,CMP002,CH01
T004600,C02580,2025-07-12 05:41:00,CMP002,CH01
T004601,C02580,2025-07-13 10:08:00,CMP003,CH02
T004602,C02581,2025-01-14 00:00:00,CMP004,CH02
T004603,C02581,2025-01-19 08:03:00,CMP004,CH02
T004604,C02582,2025-05-08 00:00:00,CMP001,CH01
T004605,C02582,2025-05-15 08:10:00,CMP004,CH02
T004606,C02582,2025-05-22 18:58:00,CMP001,CH01
T004607,C02583,2025-05-19 00:00:00,CMP004,CH02
T004608,C02583,2025-05-25 07:08:00,CMP005,CH03
T004609,C02584,2025-06-02 00:00:00,CMP004,CH02
T004610,C02584,2025-06-08 21:57:00,CMP004,CH02
T004611,C02584,2025-06-16 04:27:00,CMP001,CH01
T004612,C02584,2025-06-19 02:44:00,CMP001,CH01
T004613,C02585,2025-12-13 00:00:00,CMP004,CH02
T004614,C02586,2025-01-16 00:00:00,CMP003,CH02
T004615,C02586,2025-01-22 11:15:00,CMP004,CH02
T004616,C02588,2025-07-06 00:00:00,CMP001,CH01
T004617,C02588,2025-07-13 12:17:00,CMP003,CH02
T004618,C02590,2025-08-11 00:00:00,CMP002,CH01
T004619,C02590,2025-08-17 21:24:00,CMP002,CH01
T004620,C02591,2025-04-30 00:00:00,CMP001,CH01
T004621,C02591,2025-05-06 23:01:00,CMP002,CH01
T004622,C02592,2025-01-19 00:00:00,CMP001,CH01
T004623,C02592,2025-01-22 09:33:00,CMP004,CH02
T004624,C02593,2025-03-07 00:00:00,CMP001,CH01
T004625,C02593,2025-03-13 16:30:00,CMP002,CH01
T004626,C02595,2025-05-12 00:00:00,CMP003,CH02
T004627,C02596,2025-02-01 00:00:00,CMP002,CH01
T004628,C02596,2025-02-07 06:44:00,CMP001,CH01
T004629,C02596,2025-02-14 16:42:00,CMP003,CH02
T004630,C02596,2025-02-16 02:18:00,CMP003,CH02
T004631,C02596,2025-02-18 00:44:00,CMP002,CH01
T004632,C02597,2025-08-23 00:00:00,CMP001,CH01
T004633,C02598,2025-02-08 00:00:00,CMP001,CH01
T004634,C02598,2025-02-11 11:50:00,CMP001,CH01
T004635,C02598,2025-02-12 23:36:00,CMP003,CH02
T004636,C02598,2025-02-17 16:56:00,CMP001,CH01
T004637,C02599,2025-07-03 00:00:00,CMP003,CH02
T004638,C02599,2025-07-06 03:16:00,CMP003,CH02
T004639,C02600,2025-10-18 00:00:00,CMP002,CH01
T004640,C02600,2025-10-21 23:08:00,CMP005,CH03
T004641,C02601,2025-06-25 00:00:00,CMP004,CH02
T004642,C02601,2025-06-30 12:07:00,CMP001,CH01
T004643,C02602,2025-12-30 00:00:00,CMP002,CH01
T004644,C02606,2025-05-12 00:00:00,CMP001,CH01
T004645,C02606,2025-05-15 19:12:00,CMP002,CH01
T004646,C02606,2025-05-17 07:18:00,CMP003,CH02
T004647,C02606,2025-05-21 17:18:00,CMP003,CH02
T004648,C02607,2025-06-28 00:00:00,CMP001,CH01
T004649,C02607,2025-07-05 22:02:00,CMP002,CH01
T004650,C02607,2025-07-10 00:13:00,CMP001,CH01
T004651,C02608,2025-10-07 00:00:00,CMP003,CH02
T004652,C02608,2025-10-10 10:52:00,CMP004,CH02
T004653,C02609,2025-09-22 00:00:00,CMP002,CH01
T004654,C02610,2025-12-12 00:00:00,CMP003,CH02
T004655,C02610,2025-12-15 07:52:00,CMP001,CH01
T004656,C02611,2025-10-26 00:00:00,CMP004,CH02
T004657,C02612,2025-10-30 00:00:00,CMP005,CH03
T004658,C02612,2025-11-06 22:53:00,CMP002,CH01
T004659,C02612,2025-11-07 23:44:00,CMP003,CH02
T004660,C02614,2025-11-16 00:00:00,CMP002,CH01
T004661,C02614,2025-11-22 03:50:00,CMP003,CH02
T004662,C02615,2025-04-05 00:00:00,CMP003,CH02
T004663,C02615,2025-04-09 09:46:00,CMP001,CH01
T004664,C02615,2025-04-16 04:41:00,CMP005,CH03
T004665,C02616,2025-11-22 00:00:00,CMP001,CH01
T004666,C02617,2025-07-27 00:00:00,CMP002,CH01
T004667,C02618,2025-12-30 00:00:00,CMP002,CH01
T004668,C02618,2026-01-04 12:53:00,CMP002,CH01
T004669,C02619,2025-01-20 00:00:00,CMP002,CH01
T004670,C02619,2025-01-27 05:36:00,CMP003,CH02
T004671,C02619,2025-01-30 04:32:00,CMP002,CH01
T004672,C02619,2025-02-06 12:44:00,CMP001,CH01
T004673,C02621,2025-09-22 00:00:00,CMP001,CH01
T004674,C02621,2025-09-26 14:29:00,CMP003,CH02
T004675,C02621,2025-09-28 05:29:00,CMP003,CH02
T004676,C02622,2025-04-25 00:00:00,CMP003,CH02
T004677,C02622,2025-04-26 22:44:00,CMP004,CH02
T004678,C02624,2025-07-01 00:00:00,CMP002,CH01
T004679,C02624,2025-07-03 01:35:00,CMP001,CH01
T004680,C02624,2025-07-05 14:59:00,CMP001,CH01
T004681,C02625,2025-02-12 00:00:00,CMP002,CH01
T004682,C02626,2025-03-01 00:00:00,CMP003,CH02
T004683,C02626,2025-03-05 20:53:00,CMP004,CH02
T004684,C02626,2025-03-07 18:28:00,CMP005,CH03
T004685,C02626,2025-03-12 12:55:00,CMP004,CH02
T004686,C02628,2025-12-11 00:00:00,CMP001,CH01
T004687,C02628,2025-12-12 23:36:00,CMP001,CH01
T004688,C02629,2025-09-05 00:00:00,CMP001,CH01
T004689,C02630,2025-04-28 00:00:00,CMP004,CH02
T004690,C02630,2025-04-30 06:52:00,CMP003,CH02
T004691,C02631,2025-12-26 00:00:00,CMP002,CH01
T004692,C02631,2025-12-30 13:00:00,CMP004,CH02
T004693,C02632,2025-01-14 00:00:00,CMP003,CH02
T004694,C02632,2025-01-17 01:43:00,CMP003,CH02
T004695,C02632,2025-01-22 07:45:00,CMP002,CH01
T004696,C02633,2025-12-30 00:00:00,CMP003,CH02
T004697,C02634,2025-07-09 00:00:00,CMP004,CH02
T004698,C02634,2025-07-12 09:51:00,CMP001,CH01
T004699,C02634,2025-07-18 09:09:00,CMP004,CH02
T004700,C02634,2025-07-25 13:25:00,CMP001,CH01
T004701,C02634,2025-07-27 01:28:00,CMP002,CH01
T004702,C02635,2025-10-27 00:00:00,CMP003,CH02
T004703,C02635,2025-10-28 14:25:00,CMP001,CH01
T004704,C02635,2025-10-30 10:57:00,CMP001,CH01
T004705,C02636,2025-07-31 00:00:00,CMP002,CH01
T004706,C02636,2025-08-03 19:00:00,CMP001,CH01
T004707,C02636,2025-08-10 21:28:00,CMP002,CH01
T004708,C02637,2025-09-02 00:00:00,CMP002,CH01
T004709,C02637,2025-09-05 11:01:00,CMP005,CH03
T004710,C02637,2025-09-11 12:18:00,CMP001,CH01
T004711,C02637,2025-09-15 22:59:00,CMP004,CH02
T004712,C02638,2025-07-01 00:00:00,CMP003,CH02
T004713,C02638,2025-07-07 04:57:00,CMP001,CH01
T004714,C02638,2025-07-10 06:42:00,CMP003,CH02
T004715,C02639,2025-04-12 00:00:00,CMP005,CH03
T004716,C02640,2025-10-12 00:00:00,CMP002,CH01
T004717,C02640,2025-10-19 11:56:00,CMP002,CH01
T004718,C02641,2025-02-08 00:00:00,CMP004,CH02
T004719,C02641,2025-02-10 08:42:00,CMP003,CH02
T004720,C02641,2025-02-14 17:54:00,CMP003,CH02
T004721,C02642,2025-03-29 00:00:00,CMP001,CH01
T004722,C02642,2025-04-03 01:48:00,CMP004,CH02
T004723,C02643,2025-01-02 00:00:00,CMP001,CH01
T004724,C02643,2025-01-04 20:09:00,CMP004,CH02
T004725,C02643,2025-01-06 12:18:00,CMP004,CH02
T004726,C02645,2025-01-05 00:00:00,CMP003,CH02
T004727,C02645,2025-01-10 00:36:00,CMP002,CH01
T004728,C02645,2025-01-14 23:09:00,CMP003,CH02
T004729,C02646,2025-07-24 00:00:00,CMP001,CH01
T004730,C02646,2025-07-25 15:56:00,CMP002,CH01
T004731,C02646,2025-07-29 00:53:00,CMP003,CH02
T004732,C02646,2025-08-01 08:43:00,CMP003,CH02
T004733,C02647,2025-07-24 00:00:00,CMP004,CH02
T004734,C02647,2025-07-28 20:09:00,CMP001,CH01
T004735,C02647,2025-07-31 10:53:00,CMP004,CH02
T004736,C02647,2025-08-04 15:20:00,CMP001,CH01
T004737,C02650,2025-01-20 00:00:00,CMP001,CH01
T004738,C02650,2025-01-24 00:47:00,CMP004,CH02
T004739,C02650,2025-01-29 21:06:00,CMP004,CH02
T004740,C02651,2025-03-14 00:00:00,CMP005,CH03
T004741,C02652,2025-10-04 00:00:00,CMP003,CH02
T004742,C02652,2025-10-08 08:55:00,CMP005,CH03
T004743,C02653,2025-10-27 00:00:00,CMP002,CH01
T004744,C02654,2025-02-02 00:00:00,CMP003,CH02
T004745,C02654,2025-02-04 07:34:00,CMP002,CH01
T004746,C02654,2025-02-08 20:39:00,CMP004,CH02
T004747,C02654,2025-02-12 05:55:00,CMP001,CH01
T004748,C02656,2025-08-14 00:00:00,CMP005,CH03
T004749,C02656,2025-08-18 20:41:00,CMP001,CH01
T004750,C02656,2025-08-25 22:13:00,CMP002,CH01
T004751,C02658,2025-11-05 00:00:00,CMP002,CH01
T004752,C02658,2025-11-09 06:06:00,CMP003,CH02
T004753,C02659,2025-10-21 00:00:00,CMP001,CH01
T004754,C02660,2025-11-25 00:00:00,CMP002,CH01
T004755,C02660,2025-12-02 10:10:00,CMP004,CH02
T004756,C02660,2025-12-05 22:56:00,CMP005,CH03
T004757,C02661,2025-03-23 00:00:00,CMP001,CH01
T004758,C02661,2025-03-30 13:31:00,CMP002,CH01
T004759,C02661,2025-04-01 06:30:00,CMP003,CH02
T004760,C02663,2025-08-07 00:00:00,CMP004,CH02
T004761,C02663,2025-08-12 19:28:00,CMP003,CH02
T004762,C02664,2025-07-09 00:00:00,CMP004,CH02
T004763,C02666,2025-04-22 00:00:00,CMP003,CH02
T004764,C02666,2025-04-25 08:44:00,CMP003,CH02
T004765,C02666,2025-04-27 05:26:00,CMP002,CH01
T004766,C02667,2025-04-30 00:00:00,CMP004,CH02
T004767,C02668,2025-04-12 00:00:00,CMP004,CH02
T004768,C02668,2025-04-16 12:38:00,CMP004,CH02
T004769,C02669,2025-09-29 00:00:00,CMP002,CH01
T004770,C02669,2025-09-30 04:38:00,CMP004,CH02
T004771,C02670,2025-10-12 00:00:00,CMP004,CH02
T004772,C02672,2025-04-14 00:00:00,CMP001,CH01
T004773,C02672,2025-04-15 14:57:00,CMP003,CH02
T004774,C02672,2025-04-17 09:59:00,CMP004,CH02
T004775,C02674,2025-08-06 00:00:00,CMP005,CH03
T004776,C02674,2025-08-07 11:03:00,CMP003,CH02
T004777,C02675,2025-05-03 00:00:00,CMP005,CH03
T004778,C02675,2025-05-06 10:04:00,CMP001,CH01
T004779,C02676,2025-05-09 00:00:00,CMP002,CH01
T004780,C02676,2025-05-16 02:32:00,CMP001,CH01
T004781,C02676,2025-05-23 18:07:00,CMP003,CH02
T004782,C02676,2025-05-27 14:38:00,CMP004,CH02
T004783,C02677,2025-01-13 00:00:00,CMP002,CH01
T004784,C02677,2025-01-16 07:33:00,CMP004,CH02
T004785,C02677,2025-01-17 14:11:00,CMP002,CH01
T004786,C02677,2025-01-23 15:52:00,CMP004,CH02
T004787,C02680,2025-08-17 00:00:00,CMP004,CH02
T004788,C02680,2025-08-20 00:02:00,CMP004,CH02
T004789,C02681,2025-11-23 00:00:00,CMP003,CH02
T004790,C02681,2025-11-30 12:45:00,CMP001,CH01
T004791,C02681,2025-12-03 01:39:00,CMP002,CH01
T004792,C02682,2025-05-10 00:00:00,CMP002,CH01
T004793,C02683,2025-08-11 00:00:00,CMP004,CH02
T004794,C02683,2025-08-13 19:20:00,CMP002,CH01
T004795,C02683,2025-08-19 22:01:00,CMP002,CH01
T004796,C02683,2025-08-27 20:11:00,CMP005,CH03
T004797,C02684,2025-10-07 00:00:00,CMP002,CH01
T004798,C02684,2025-10-11 16:10:00,CMP003,CH02
T004799,C02687,2025-04-14 00:00:00,CMP001,CH01
T004800,C02687,2025-04-18 02:16:00,CMP004,CH02
T004801,C02687,2025-04-22 02:21:00,CMP002,CH01
T004802,C02688,2025-01-14 00:00:00,CMP004,CH02
T004803,C02688,2025-01-15 01:52:00,CMP004,CH02
T004804,C02689,2025-04-14 00:00:00,CMP005,CH03
T004805,C02689,2025-04-20 10:59:00,CMP003,CH02
T004806,C02690,2025-11-17 00:00:00,CMP004,CH02
T004807,C02690,2025-11-22 15:30:00,CMP002,CH01
T004808,C02691,2025-06-02 00:00:00,CMP005,CH03
T004809,C02692,2025-04-09 00:00:00,CMP002,CH01
T004810,C02693,2025-11-28 00:00:00,CMP004,CH02
T004811,C02695,2025-08-09 00:00:00,CMP005,CH03
T004812,C02695,2025-08-11 18:14:00,CMP005,CH03
T004813,C02695,2025-08-16 09:37:00,CMP002,CH01
T004814,C02696,2025-12-12 00:00:00,CMP004,CH02
T004815,C02697,2025-11-21 00:00:00,CMP005,CH03
T004816,C02697,2025-11-28 18:15:00,CMP003,CH02
T004817,C02698,2025-07-24 00:00:00,CMP003,CH02
T004818,C02698,2025-07-30 05:11:00,CMP003,CH02
T004819,C02699,2025-06-19 00:00:00,CMP002,CH01
T004820,C02699,2025-06-22 15:55:00,CMP002,CH01
T004821,C02700,2025-12-05 00:00:00,CMP005,CH03
T004822,C02700,2025-12-11 00:04:00,CMP005,CH03
T004823,C02701,2025-12-20 00:00:00,CMP004,CH02
T004824,C02702,2025-05-03 00:00:00,CMP003,CH02
T004825,C02702,2025-05-06 23:09:00,CMP004,CH02
T004826,C02704,2025-06-30 00:00:00,CMP004,CH02
T004827,C02704,2025-07-05 07:17:00,CMP003,CH02
T004828,C02704,2025-07-11 15:31:00,CMP001,CH01
T004829,C02706,2025-08-27 00:00:00,CMP004,CH02
T004830,C02706,2025-08-29 17:20:00,CMP002,CH01
T004831,C02707,2025-03-21 00:00:00,CMP003,CH02
T004832,C02707,2025-03-28 08:52:00,CMP004,CH02
T004833,C02708,2025-09-21 00:00:00,CMP003,CH02
T004834,C02708,2025-09-27 23:56:00,CMP003,CH02
T004835,C02709,2025-10-04 00:00:00,CMP004,CH02
T004836,C02709,2025-10-08 06:56:00,CMP004,CH02
T004837,C02709,2025-10-12 04:07:00,CMP002,CH01
T004838,C02710,2025-02-27 00:00:00,CMP002,CH01
T004839,C02710,2025-03-04 14:12:00,CMP002,CH01
T004840,C02711,2025-03-04 00:00:00,CMP004,CH02
T004841,C02711,2025-03-08 05:04:00,CMP004,CH02
T004842,C02711,2025-03-10 18:03:00,CMP002,CH01
T004843,C02714,2025-09-11 00:00:00,CMP001,CH01
T004844,C02714,2025-09-14 00:44:00,CMP003,CH02
T004845,C02715,2025-03-02 00:00:00,CMP002,CH01
T004846,C02715,2025-03-06 22:07:00,CMP002,CH01
T004847,C02716,2025-11-13 00:00:00,CMP004,CH02
T004848,C02716,2025-11-18 23:36:00,CMP003,CH02
T004849,C02717,2025-03-30 00:00:00,CMP005,CH03
T004850,C02717,2025-03-31 16:08:00,CMP001,CH01
T004851,C02717,2025-04-05 10:48:00,CMP003,CH02
T004852,C02718,2025-10-10 00:00:00,CMP002,CH01
T004853,C02718,2025-10-11 21:29:00,CMP001,CH01
T004854,C02720,2025-09-23 00:00:00,CMP003,CH02
T004855,C02720,2025-09-26 14:39:00,CMP001,CH01
T004856,C02720,2025-10-01 08:02:00,CMP003,CH02
T004857,C02721,2025-01-29 00:00:00,CMP005,CH03
T004858,C02721,2025-01-30 19:12:00,CMP002,CH01
T004859,C02722,2025-05-09 00:00:00,CMP002,CH01
T004860,C02722,2025-05-11 09:30:00,CMP004,CH02
T004861,C02723,2025-06-11 00:00:00,CMP003,CH02
T004862,C02723,2025-06-13 05:04:00,CMP003,CH02
T004863,C02724,2025-02-17 00:00:00,CMP004,CH02
T004864,C02727,2025-08-22 00:00:00,CMP002,CH01
T004865,C02728,2025-03-01 00:00:00,CMP001,CH01
T004866,C02728,2025-03-08 12:57:00,CMP004,CH02
T004867,C02729,2025-07-24 00:00:00,CMP004,CH02
T004868,C02729,2025-07-26 11:20:00,CMP005,CH03
T004869,C02730,2025-12-22 00:00:00,CMP005,CH03
T004870,C02731,2025-02-15 00:00:00,CMP001,CH01
T004871,C02731,2025-02-17 10:19:00,CMP003,CH02
T004872,C02731,2025-02-21 21:08:00,CMP004,CH02
T004873,C02731,2025-02-23 06:45:00,CMP003,CH02
T004874,C02734,2025-08-18 00:00:00,CMP002,CH01
T004875,C02734,2025-08-20 03:44:00,CMP004,CH02
T004876,C02734,2025-08-21 15:11:00,CMP003,CH02
T004877,C02736,2025-04-06 00:00:00,CMP001,CH01
T004878,C02736,2025-04-09 06:21:00,CMP002,CH01
T004879,C02737,2025-08-30 00:00:00,CMP003,CH02
T004880,C02737,2025-09-04 21:51:00,CMP005,CH03
T004881,C02739,2025-08-03 00:00:00,CMP003,CH02
T004882,C02739,2025-08-10 09:42:00,CMP002,CH01
T004883,C02740,2025-01-16 00:00:00,CMP003,CH02
T004884,C02740,2025-01-18 04:50:00,CMP002,CH01
T004885,C02740,2025-01-22 11:26:00,CMP001,CH01
T004886,C02740,2025-01-24 00:18:00,CMP004,CH02
T004887,C02741,2025-10-25 00:00:00,CMP002,CH01
T004888,C02741,2025-10-30 19:55:00,CMP001,CH01
T004889,C02741,2025-10-31 22:34:00,CMP004,CH02
T004890,C02741,2025-11-04 12:50:00,CMP005,CH03
T004891,C02742,2025-11-05 00:00:00,CMP003,CH02
T004892,C02743,2025-04-17 00:00:00,CMP003,CH02
T004893,C02743,2025-04-19 03:06:00,CMP001,CH01
T004894,C02743,2025-04-20 09:38:00,CMP001,CH01
T004895,C02744,2025-11-02 00:00:00,CMP004,CH02
T004896,C02745,2025-12-08 00:00:00,CMP005,CH03
T004897,C02745,2025-12-14 11:39:00,CMP002,CH01
T004898,C02745,2025-12-18 03:06:00,CMP001,CH01
T004899,C02748,2025-07-18 00:00:00,CMP003,CH02
T004900,C02748,2025-07-20 01:19:00,CMP004,CH02
T004901,C02749,2025-06-17 00:00:00,CMP003,CH02
T004902,C02749,2025-06-23 08:55:00,CMP002,CH01
T004903,C02749,2025-06-24 11:46:00,CMP004,CH02
T004904,C02750,2025-05-21 00:00:00,CMP001,CH01
T004905,C02750,2025-05-23 13:00:00,CMP005,CH03
T004906,C02750,2025-05-27 21:12:00,CMP001,CH01
T004907,C02751,2025-06-26 00:00:00,CMP002,CH01
T004908,C02751,2025-06-29 19:40:00,CMP004,CH02
T004909,C02751,2025-07-06 14:48:00,CMP003,CH02
T004910,C02752,2025-02-25 00:00:00,CMP003,CH02
T004911,C02752,2025-03-04 19:51:00,CMP003,CH02
T004912,C02752,2025-03-09 22:06:00,CMP002,CH01
T004913,C02753,2025-12-25 00:00:00,CMP003,CH02
T004914,C02753,2025-12-26 11:36:00,CMP002,CH01
T004915,C02755,2025-10-19 00:00:00,CMP005,CH03
T004916,C02755,2025-10-20 13:52:00,CMP003,CH02
T004917,C02756,2025-12-05 00:00:00,CMP001,CH01
T004918,C02756,2025-12-11 13:01:00,CMP003,CH02
T004919,C02756,2025-12-14 19:39:00,CMP002,CH01
T004920,C02757,2025-11-08 00:00:00,CMP002,CH01
T004921,C02757,2025-11-10 01:00:00,CMP004,CH02
T004922,C02758,2025-06-21 00:00:00,CMP001,CH01
T004923,C02758,2025-06-27 00:22:00,CMP001,CH01
T004924,C02759,2025-06-07 00:00:00,CMP003,CH02
T004925,C02759,2025-06-12 17:47:00,CMP004,CH02
T004926,C02760,2025-01-09 00:00:00,CMP004,CH02
T004927,C02760,2025-01-12 19:31:00,CMP001,CH01
T004928,C02760,2025-01-17 04:06:00,CMP004,CH02
T004929,C02760,2025-01-20 14:28:00,CMP005,CH03
T004930,C02761,2025-04-18 00:00:00,CMP001,CH01
T004931,C02761,2025-04-21 01:53:00,CMP002,CH01
T004932,C02761,2025-04-28 22:50:00,CMP002,CH01
T004933,C02762,2025-02-11 00:00:00,CMP005,CH03
T004934,C02764,2025-02-20 00:00:00,CMP003,CH02
T004935,C02764,2025-02-22 16:41:00,CMP004,CH02
T004936,C02765,2025-07-24 00:00:00,CMP002,CH01
T004937,C02765,2025-07-30 00:39:00,CMP004,CH02
T004938,C02765,2025-08-02 04:43:00,CMP005,CH03
T004939,C02765,2025-08-09 15:26:00,CMP003,CH02
T004940,C02766,2025-05-14 00:00:00,CMP003,CH02
T004941,C02766,2025-05-16 19:16:00,CMP001,CH01
T004942,C02767,2025-12-05 00:00:00,CMP003,CH02
T004943,C02767,2025-12-07 10:49:00,CMP005,CH03
T004944,C02767,2025-12-13 07:09:00,CMP002,CH01
T004945,C02769,2025-10-06 00:00:00,CMP001,CH01
T004946,C02769,2025-10-10 00:13:00,CMP002,CH01
T004947,C02769,2025-10-12 02:22:00,CMP001,CH01
T004948,C02770,2025-12-19 00:00:00,CMP002,CH01
T004949,C02770,2025-12-22 06:44:00,CMP001,CH01
T004950,C02770,2025-12-25 23:13:00,CMP005,CH03
T004951,C02772,2025-10-31 00:00:00,CMP002,CH01
T004952,C02772,2025-11-06 03:59:00,CMP002,CH01
T004953,C02772,2025-11-09 05:46:00,CMP001,CH01
T004954,C02772,2025-11-10 13:31:00,CMP004,CH02
T004955,C02772,2025-11-14 16:02:00,CMP004,CH02
T004956,C02773,2025-07-03 00:00:00,CMP002,CH01
T004957,C02773,2025-07-09 03:46:00,CMP004,CH02
T004958,C02775,2025-05-09 00:00:00,CMP003,CH02
T004959,C02775,2025-05-10 00:55:00,CMP004,CH02
T004960,C02776,2025-06-17 00:00:00,CMP004,CH02
T004961,C02777,2025-07-04 00:00:00,CMP002,CH01
T004962,C02778,2025-12-06 00:00:00,CMP005,CH03
T004963,C02778,2025-12-13 22:49:00,CMP004,CH02
T004964,C02778,2025-12-19 16:17:00,CMP001,CH01
T004965,C02779,2025-03-08 00:00:00,CMP001,CH01
T004966,C02779,2025-03-10 18:16:00,CMP001,CH01
T004967,C02780,2025-06-07 00:00:00,CMP003,CH02
T004968,C02781,2025-01-20 00:00:00,CMP003,CH02
T004969,C02781,2025-01-26 10:59:00,CMP004,CH02
T004970,C02781,2025-02-02 00:51:00,CMP001,CH01
T004971,C02783,2025-10-16 00:00:00,CMP002,CH01
T004972,C02783,2025-10-17 22:54:00,CMP003,CH02
T004973,C02783,2025-10-19 00:58:00,CMP001,CH01
T004974,C02784,2025-08-03 00:00:00,CMP002,CH01
T004975,C02785,2025-11-17 00:00:00,CMP005,CH03
T004976,C02785,2025-11-23 14:57:00,CMP001,CH01
T004977,C02785,2025-11-26 08:43:00,CMP003,CH02
T004978,C02785,2025-11-28 21:15:00,CMP002,CH01
T004979,C02786,2025-03-28 00:00:00,CMP001,CH01
T004980,C02787,2025-12-06 00:00:00,CMP003,CH02
T004981,C02787,2025-12-07 10:12:00,CMP003,CH02
T004982,C02787,2025-12-15 09:48:00,CMP004,CH02
T004983,C02788,2025-01-04 00:00:00,CMP003,CH02
T004984,C02788,2025-01-10 08:10:00,CMP003,CH02
T004985,C02789,2025-03-20 00:00:00,CMP002,CH01
T004986,C02789,2025-03-24 15:11:00,CMP001,CH01
T004987,C02790,2025-05-27 00:00:00,CMP005,CH03
T004988,C02790,2025-05-28 01:53:00,CMP005,CH03
T004989,C02791,2025-06-29 00:00:00,CMP004,CH02
T004990,C02791,2025-07-06 18:32:00,CMP004,CH02
T004991,C02791,2025-07-12 20:55:00,CMP002,CH01
T004992,C02791,2025-07-14 14:14:00,CMP003,CH02
T004993,C02792,2025-05-12 00:00:00,CMP001,CH01
T004994,C02792,2025-05-15 04:08:00,CMP001,CH01
T004995,C02792,2025-05-17 08:43:00,CMP002,CH01
T004996,C02793,2025-12-10 00:00:00,CMP001,CH01
T004997,C02793,2025-12-15 01:42:00,CMP001,CH01
T004998,C02793,2025-12-17 20:46:00,CMP003,CH02
T004999,C02793,2025-12-22 02:10:00,CMP002,CH01
T005000,C02795,2025-05-15 00:00:00,CMP001,CH01
T005001,C02796,2025-09-22 00:00:00,CMP004,CH02
T005002,C02796,2025-09-24 03:18:00,CMP002,CH01
T005003,C02796,2025-10-01 15:26:00,CMP004,CH02
T005004,C02796,2025-10-03 16:39:00,CMP001,CH01
T005005,C02797,2025-01-09 00:00:00,CMP001,CH01
T005006,C02798,2025-06-04 00:00:00,CMP004,CH02
T005007,C02798,2025-06-06 02:18:00,CMP001,CH01
T005008,C02799,2025-12-13 00:00:00,CMP001,CH01
T005009,C02799,2025-12-20 11:21:00,CMP003,CH02
T005010,C02799,2025-12-25 16:08:00,CMP001,CH01
T005011,C02800,2025-03-06 00:00:00,CMP002,CH01
T005012,C02800,2025-03-12 09:36:00,CMP002,CH01
T005013,C02800,2025-03-18 06:06:00,CMP003,CH02
T005014,C02802,2025-04-05 00:00:00,CMP002,CH01
T005015,C02802,2025-04-11 18:27:00,CMP003,CH02
T005016,C02803,2025-01-08 00:00:00,CMP004,CH02
T005017,C02804,2025-11-15 00:00:00,CMP002,CH01
T005018,C02805,2025-04-08 00:00:00,CMP001,CH01
T005019,C02805,2025-04-12 16:01:00,CMP005,CH03
T005020,C02805,2025-04-16 19:59:00,CMP001,CH01
T005021,C02806,2025-12-03 00:00:00,CMP005,CH03
T005022,C02806,2025-12-06 20:11:00,CMP001,CH01
T005023,C02807,2025-09-05 00:00:00,CMP004,CH02
T005024,C02807,2025-09-06 23:18:00,CMP001,CH01
T005025,C02807,2025-09-13 11:17:00,CMP003,CH02
T005026,C02808,2025-03-12 00:00:00,CMP001,CH01
T005027,C02808,2025-03-17 02:51:00,CMP002,CH01
T005028,C02808,2025-03-19 06:17:00,CMP004,CH02
T005029,C02809,2025-11-15 00:00:00,CMP004,CH02
T005030,C02809,2025-11-19 09:43:00,CMP002,CH01
T005031,C02809,2025-11-24 04:14:00,CMP001,CH01
T005032,C02811,2025-10-24 00:00:00,CMP002,CH01
T005033,C02811,2025-10-25 03:07:00,CMP002,CH01
T005034,C02811,2025-10-30 17:15:00,CMP001,CH01
T005035,C02811,2025-10-31 23:46:00,CMP001,CH01
T005036,C02811,2025-11-07 11:45:00,CMP005,CH03
T005037,C02812,2025-03-08 00:00:00,CMP001,CH01
T005038,C02812,2025-03-15 05:46:00,CMP004,CH02
T005039,C02813,2025-05-27 00:00:00,CMP004,CH02
T005040,C02813,2025-06-02 18:54:00,CMP001,CH01
T005041,C02813,2025-06-04 03:23:00,CMP003,CH02
T005042,C02814,2025-12-10 00:00:00,CMP001,CH01
T005043,C02815,2025-02-04 00:00:00,CMP004,CH02
T005044,C02815,2025-02-11 15:33:00,CMP002,CH01
T005045,C02815,2025-02-14 23:36:00,CMP001,CH01
T005046,C02816,2025-09-18 00:00:00,CMP003,CH02
T005047,C02817,2025-08-15 00:00:00,CMP003,CH02
T005048,C02817,2025-08-17 12:24:00,CMP002,CH01
T005049,C02817,2025-08-18 21:43:00,CMP003,CH02
T005050,C02818,2025-10-03 00:00:00,CMP003,CH02
T005051,C02819,2025-09-08 00:00:00,CMP004,CH02
T005052,C02820,2025-08-26 00:00:00,CMP002,CH01
T005053,C02820,2025-08-30 14:33:00,CMP004,CH02
T005054,C02820,2025-09-03 12:41:00,CMP002,CH01
T005055,C02822,2025-11-24 00:00:00,CMP001,CH01
T005056,C02822,2025-11-29 16:06:00,CMP002,CH01
T005057,C02822,2025-12-04 03:00:00,CMP002,CH01
T005058,C02823,2025-11-18 00:00:00,CMP004,CH02
T005059,C02823,2025-11-24 11:21:00,CMP003,CH02
T005060,C02824,2025-08-24 00:00:00,CMP003,CH02
T005061,C02824,2025-08-30 01:30:00,CMP004,CH02
T005062,C02824,2025-09-05 03:23:00,CMP002,CH01
T005063,C02825,2025-01-14 00:00:00,CMP005,CH03
T005064,C02825,2025-01-15 15:12:00,CMP001,CH01
T005065,C02825,2025-01-18 18:21:00,CMP002,CH01
T005066,C02825,2025-01-22 12:32:00,CMP001,CH01
T005067,C02825,2025-01-25 07:12:00,CMP003,CH02
T005068,C02826,2025-01-27 00:00:00,CMP002,CH01
T005069,C02827,2025-06-17 00:00:00,CMP004,CH02
T005070,C02827,2025-06-18 15:30:00,CMP002,CH01
T005071,C02828,2025-11-29 00:00:00,CMP002,CH01
T005072,C02830,2025-06-07 00:00:00,CMP001,CH01
T005073,C02832,2025-04-05 00:00:00,CMP001,CH01
T005074,C02833,2025-10-20 00:00:00,CMP002,CH01
T005075,C02833,2025-10-24 05:24:00,CMP002,CH01
T005076,C02834,2025-02-24 00:00:00,CMP004,CH02
T005077,C02834,2025-03-01 14:26:00,CMP001,CH01
T005078,C02834,2025-03-06 04:40:00,CMP002,CH01
T005079,C02834,2025-03-09 05:43:00,CMP003,CH02
T005080,C02835,2025-07-19 00:00:00,CMP004,CH02
T005081,C02835,2025-07-24 06:50:00,CMP001,CH01
T005082,C02836,2025-06-27 00:00:00,CMP001,CH01
T005083,C02836,2025-07-02 12:58:00,CMP003,CH02
T005084,C02837,2025-10-04 00:00:00,CMP003,CH02
T005085,C02837,2025-10-07 21:22:00,CMP001,CH01
T005086,C02837,2025-10-12 05:59:00,CMP005,CH03
T005087,C02837,2025-10-13 09:56:00,CMP004,CH02
T005088,C02838,2025-03-29 00:00:00,CMP001,CH01
T005089,C02838,2025-04-03 12:31:00,CMP002,CH01
T005090,C02838,2025-04-04 21:34:00,CMP005,CH03
T005091,C02838,2025-04-09 01:49:00,CMP005,CH03
T005092,C02839,2025-08-27 00:00:00,CMP002,CH01
T005093,C02839,2025-09-01 12:30:00,CMP003,CH02
T005094,C02840,2025-09-25 00:00:00,CMP002,CH01
T005095,C02841,2025-04-19 00:00:00,CMP002,CH01
T005096,C02841,2025-04-21 05:02:00,CMP002,CH01
T005097,C02841,2025-04-22 14:15:00,CMP001,CH01
T005098,C02842,2025-03-28 00:00:00,CMP001,CH01
T005099,C02842,2025-04-02 14:16:00,CMP003,CH02
T005100,C02842,2025-04-08 01:14:00,CMP003,CH02
T005101,C02843,2025-05-31 00:00:00,CMP001,CH01
T005102,C02843,2025-06-06 12:02:00,CMP001,CH01
T005103,C02844,2025-08-30 00:00:00,CMP003,CH02
T005104,C02844,2025-09-04 14:13:00,CMP005,CH03
T005105,C02846,2025-02-02 00:00:00,CMP004,CH02
T005106,C02847,2025-10-25 00:00:00,CMP001,CH01
T005107,C02847,2025-10-27 16:14:00,CMP002,CH01
T005108,C02848,2025-06-21 00:00:00,CMP001,CH01
T005109,C02848,2025-06-24 16:51:00,CMP001,CH01
T005110,C02848,2025-07-01 00:31:00,CMP001,CH01
T005111,C02849,2025-10-09 00:00:00,CMP002,CH01
T005112,C02849,2025-10-10 08:54:00,CMP001,CH01
T005113,C02850,2025-07-07 00:00:00,CMP002,CH01
T005114,C02851,2025-04-11 00:00:00,CMP003,CH02
T005115,C02851,2025-04-16 15:03:00,CMP001,CH01
T005116,C02852,2025-07-17 00:00:00,CMP003,CH02
T005117,C02853,2025-07-14 00:00:00,CMP001,CH01
T005118,C02853,2025-07-16 19:54:00,CMP002,CH01
T005119,C02854,2025-05-15 00:00:00,CMP002,CH01
T005120,C02854,2025-05-20 23:02:00,CMP004,CH02
T005121,C02854,2025-05-24 05:33:00,CMP002,CH01
T005122,C02854,2025-05-25 11:12:00,CMP003,CH02
T005123,C02854,2025-05-29 12:33:00,CMP001,CH01
T005124,C02855,2025-03-28 00:00:00,CMP001,CH01
T005125,C02855,2025-04-01 05:48:00,CMP002,CH01
T005126,C02855,2025-04-07 14:37:00,CMP002,CH01
T005127,C02856,2025-07-02 00:00:00,CMP004,CH02
T005128,C02857,2025-07-27 00:00:00,CMP002,CH01
T005129,C02858,2025-04-06 00:00:00,CMP003,CH02
T005130,C02859,2025-02-09 00:00:00,CMP004,CH02
T005131,C02859,2025-02-14 10:07:00,CMP001,CH01
T005132,C02859,2025-02-20 08:17:00,CMP003,CH02
T005133,C02860,2025-05-30 00:00:00,CMP005,CH03
T005134,C02860,2025-06-06 04:08:00,CMP004,CH02
T005135,C02861,2025-10-07 00:00:00,CMP002,CH01
T005136,C02861,2025-10-12 14:21:00,CMP004,CH02
T005137,C02862,2025-07-11 00:00:00,CMP003,CH02
T005138,C02862,2025-07-13 05:42:00,CMP002,CH01
T005139,C02862,2025-07-16 22:39:00,CMP004,CH02
T005140,C02864,2025-09-13 00:00:00,CMP003,CH02
T005141,C02864,2025-09-15 07:42:00,CMP002,CH01
T005142,C02866,2025-04-10 00:00:00,CMP002,CH01
T005143,C02866,2025-04-12 12:54:00,CMP003,CH02
T005144,C02866,2025-04-16 09:30:00,CMP001,CH01
T005145,C02867,2025-11-26 00:00:00,CMP003,CH02
T005146,C02867,2025-12-01 00:30:00,CMP003,CH02
T005147,C02868,2025-01-26 00:00:00,CMP001,CH01
T005148,C02870,2025-04-14 00:00:00,CMP003,CH02
T005149,C02871,2025-01-03 00:00:00,CMP003,CH02
T005150,C02871,2025-01-08 01:15:00,CMP004,CH02
T005151,C02871,2025-01-12 03:31:00,CMP001,CH01
T005152,C02872,2025-08-19 00:00:00,CMP004,CH02
T005153,C02872,2025-08-23 18:14:00,CMP003,CH02
T005154,C02874,2025-12-27 00:00:00,CMP003,CH02
T005155,C02874,2025-12-30 18:20:00,CMP002,CH01
T005156,C02876,2025-11-09 00:00:00,CMP001,CH01
T005157,C02876,2025-11-15 07:25:00,CMP004,CH02
T005158,C02876,2025-11-22 23:38:00,CMP001,CH01
T005159,C02876,2025-11-26 00:21:00,CMP002,CH01
T005160,C02877,2025-11-12 00:00:00,CMP004,CH02
T005161,C02877,2025-11-17 16:06:00,CMP003,CH02
T005162,C02877,2025-11-24 06:04:00,CMP001,CH01
T005163,C02878,2025-01-16 00:00:00,CMP003,CH02
T005164,C02878,2025-01-21 23:03:00,CMP002,CH01
T005165,C02878,2025-01-27 05:17:00,CMP002,CH01
T005166,C02879,2025-06-04 00:00:00,CMP002,CH01
T005167,C02879,2025-06-06 05:30:00,CMP002,CH01
T005168,C02879,2025-06-09 09:54:00,CMP002,CH01
T005169,C02879,2025-06-16 14:38:00,CMP004,CH02
T005170,C02879,2025-06-23 05:49:00,CMP001,CH01
T005171,C02880,2025-06-28 00:00:00,CMP001,CH01
T005172,C02881,2025-11-13 00:00:00,CMP004,CH02
T005173,C02882,2025-08-15 00:00:00,CMP002,CH01
T005174,C02882,2025-08-16 02:45:00,CMP003,CH02
T005175,C02882,2025-08-20 01:34:00,CMP004,CH02
T005176,C02884,2025-06-01 00:00:00,CMP004,CH02
T005177,C02884,2025-06-08 10:56:00,CMP001,CH01
T005178,C02885,2025-01-03 00:00:00,CMP005,CH03
T005179,C02885,2025-01-06 14:20:00,CMP004,CH02
T005180,C02886,2025-06-06 00:00:00,CMP005,CH03
T005181,C02886,2025-06-10 02:43:00,CMP001,CH01
T005182,C02887,2025-12-04 00:00:00,CMP001,CH01
T005183,C02887,2025-12-06 06:47:00,CMP003,CH02
T005184,C02887,2025-12-12 04:52:00,CMP003,CH02
T005185,C02887,2025-12-16 15:51:00,CMP002,CH01
T005186,C02888,2025-10-25 00:00:00,CMP003,CH02
T005187,C02888,2025-11-01 16:21:00,CMP005,CH03
T005188,C02889,2025-08-04 00:00:00,CMP003,CH02
T005189,C02889,2025-08-07 11:39:00,CMP003,CH02
T005190,C02890,2025-11-02 00:00:00,CMP002,CH01
T005191,C02890,2025-11-09 13:37:00,CMP002,CH01
T005192,C02890,2025-11-11 12:48:00,CMP001,CH01
T005193,C02892,2025-10-21 00:00:00,CMP004,CH02
T005194,C02892,2025-10-24 21:06:00,CMP004,CH02
T005195,C02893,2025-05-18 00:00:00,CMP001,CH01
T005196,C02895,2025-02-23 00:00:00,CMP004,CH02
T005197,C02896,2025-08-28 00:00:00,CMP002,CH01
T005198,C02897,2025-04-03 00:00:00,CMP001,CH01
T005199,C02898,2025-11-27 00:00:00,CMP001,CH01
T005200,C02899,2025-09-20 00:00:00,CMP001,CH01
T005201,C02899,2025-09-26 21:36:00,CMP001,CH01
T005202,C02899,2025-09-29 06:04:00,CMP001,CH01
T005203,C02900,2025-04-01 00:00:00,CMP003,CH02
T005204,C02901,2025-06-17 00:00:00,CMP001,CH01
T005205,C02901,2025-06-23 06:15:00,CMP001,CH01
T005206,C02902,2025-06-15 00:00:00,CMP001,CH01
T005207,C02902,2025-06-17 10:41:00,CMP002,CH01
T005208,C02903,2025-04-26 00:00:00,CMP001,CH01
T005209,C02903,2025-04-30 02:38:00,CMP003,CH02
T005210,C02904,2025-04-28 00:00:00,CMP005,CH03
T005211,C02904,2025-04-30 11:16:00,CMP002,CH01
T005212,C02904,2025-05-02 09:38:00,CMP004,CH02
T005213,C02904,2025-05-09 15:53:00,CMP005,CH03
T005214,C02905,2025-06-04 00:00:00,CMP001,CH01
T005215,C02905,2025-06-11 13:34:00,CMP003,CH02
T005216,C02906,2025-07-23 00:00:00,CMP005,CH03
T005217,C02907,2025-05-11 00:00:00,CMP002,CH01
T005218,C02907,2025-05-16 22:02:00,CMP001,CH01
T005219,C02908,2025-12-12 00:00:00,CMP003,CH02
T005220,C02908,2025-12-17 21:06:00,CMP004,CH02
T005221,C02909,2025-08-07 00:00:00,CMP004,CH02
T005222,C02909,2025-08-10 09:38:00,CMP003,CH02
T005223,C02909,2025-08-11 18:58:00,CMP001,CH01
T005224,C02909,2025-08-16 05:04:00,CMP001,CH01
T005225,C02912,2025-08-01 00:00:00,CMP002,CH01
T005226,C02912,2025-08-04 12:05:00,CMP002,CH01
T005227,C02912,2025-08-08 12:25:00,CMP002,CH01
T005228,C02913,2025-12-09 00:00:00,CMP004,CH02
T005229,C02914,2025-03-07 00:00:00,CMP002,CH01
T005230,C02914,2025-03-10 15:00:00,CMP002,CH01
T005231,C02914,2025-03-18 02:15:00,CMP004,CH02
T005232,C02915,2025-11-01 00:00:00,CMP002,CH01
T005233,C02915,2025-11-02 21:43:00,CMP002,CH01
T005234,C02915,2025-11-10 11:51:00,CMP005,CH03
T005235,C02916,2025-05-20 00:00:00,CMP001,CH01
T005236,C02916,2025-05-24 05:39:00,CMP001,CH01
T005237,C02916,2025-05-29 09:20:00,CMP002,CH01
T005238,C02917,2025-08-20 00:00:00,CMP002,CH01
T005239,C02917,2025-08-26 17:24:00,CMP003,CH02
T005240,C02917,2025-08-31 01:24:00,CMP004,CH02
T005241,C02920,2025-07-06 00:00:00,CMP002,CH01
T005242,C02921,2025-01-01 00:00:00,CMP002,CH01
T005243,C02922,2025-12-28 00:00:00,CMP001,CH01
T005244,C02923,2025-01-26 00:00:00,CMP001,CH01
T005245,C02923,2025-02-02 14:08:00,CMP004,CH02
T005246,C02923,2025-02-07 00:26:00,CMP002,CH01
T005247,C02924,2025-05-31 00:00:00,CMP001,CH01
T005248,C02925,2025-02-01 00:00:00,CMP003,CH02
T005249,C02925,2025-02-05 06:26:00,CMP003,CH02
T005250,C02925,2025-02-06 12:58:00,CMP002,CH01
T005251,C02926,2025-04-06 00:00:00,CMP001,CH01
T005252,C02926,2025-04-08 04:39:00,CMP003,CH02
T005253,C02926,2025-04-12 20:11:00,CMP001,CH01
T005254,C02928,2025-10-02 00:00:00,CMP003,CH02
T005255,C02928,2025-10-08 11:39:00,CMP003,CH02
T005256,C02928,2025-10-16 07:08:00,CMP004,CH02
T005257,C02929,2025-09-20 00:00:00,CMP005,CH03
T005258,C02929,2025-09-26 21:36:00,CMP001,CH01
T005259,C02931,2025-05-19 00:00:00,CMP001,CH01
T005260,C02931,2025-05-25 13:12:00,CMP002,CH01
T005261,C02932,2025-08-25 00:00:00,CMP004,CH02
T005262,C02934,2025-11-23 00:00:00,CMP002,CH01
T005263,C02934,2025-11-30 10:22:00,CMP005,CH03
T005264,C02934,2025-12-05 19:21:00,CMP002,CH01
T005265,C02934,2025-12-07 09:03:00,CMP003,CH02
T005266,C02935,2025-03-07 00:00:00,CMP003,CH02
T005267,C02935,2025-03-12 13:15:00,CMP004,CH02
T005268,C02935,2025-03-14 08:51:00,CMP004,CH02
T005269,C02936,2025-12-22 00:00:00,CMP003,CH02
T005270,C02937,2025-11-12 00:00:00,CMP002,CH01
T005271,C02939,2025-12-27 00:00:00,CMP001,CH01
T005272,C02939,2025-12-29 02:22:00,CMP002,CH01
T005273,C02939,2026-01-04 03:59:00,CMP002,CH01
T005274,C02939,2026-01-11 16:08:00,CMP002,CH01
T005275,C02940,2025-01-17 00:00:00,CMP002,CH01
T005276,C02940,2025-01-24 11:10:00,CMP004,CH02
T005277,C02941,2025-01-11 00:00:00,CMP001,CH01
T005278,C02941,2025-01-14 14:27:00,CMP002,CH01
T005279,C02942,2025-12-04 00:00:00,CMP004,CH02
T005280,C02942,2025-12-09 19:31:00,CMP002,CH01
T005281,C02942,2025-12-16 15:31:00,CMP003,CH02
T005282,C02942,2025-12-21 14:12:00,CMP002,CH01
T005283,C02942,2025-12-28 17:51:00,CMP004,CH02
T005284,C02943,2025-04-27 00:00:00,CMP002,CH01
T005285,C02943,2025-05-04 13:06:00,CMP002,CH01
T005286,C02943,2025-05-05 21:13:00,CMP004,CH02
T005287,C02943,2025-05-07 12:16:00,CMP003,CH02
T005288,C02944,2025-03-15 00:00:00,CMP004,CH02
T005289,C02945,2025-01-03 00:00:00,CMP001,CH01
T005290,C02945,2025-01-09 11:02:00,CMP001,CH01
T005291,C02947,2025-12-12 00:00:00,CMP004,CH02
T005292,C02947,2025-12-16 05:39:00,CMP003,CH02
T005293,C02948,2025-05-04 00:00:00,CMP002,CH01
T005294,C02949,2025-11-10 00:00:00,CMP005,CH03
T005295,C02950,2025-05-30 00:00:00,CMP002,CH01
T005296,C02950,2025-06-04 09:18:00,CMP001,CH01
T005297,C02950,2025-06-08 16:30:00,CMP001,CH01
T005298,C02951,2025-06-07 00:00:00,CMP004,CH02
T005299,C02951,2025-06-14 13:21:00,CMP001,CH01
T005300,C02951,2025-06-15 20:06:00,CMP002,CH01
T005301,C02952,2025-02-15 00:00:00,CMP001,CH01
T005302,C02953,2025-12-05 00:00:00,CMP004,CH02
T005303,C02954,2025-10-25 00:00:00,CMP001,CH01
T005304,C02954,2025-10-28 20:47:00,CMP003,CH02
T005305,C02954,2025-11-05 06:46:00,CMP005,CH03
T005306,C02956,2025-11-17 00:00:00,CMP005,CH03
T005307,C02956,2025-11-19 09:45:00,CMP003,CH02
T005308,C02957,2025-12-27 00:00:00,CMP004,CH02
T005309,C02958,2025-03-19 00:00:00,CMP004,CH02
T005310,C02958,2025-03-20 20:54:00,CMP003,CH02
T005311,C02959,2025-08-11 00:00:00,CMP003,CH02
T005312,C02960,2025-07-12 00:00:00,CMP002,CH01
T005313,C02962,2025-02-13 00:00:00,CMP003,CH02
T005314,C02963,2025-02-01 00:00:00,CMP001,CH01
T005315,C02963,2025-02-08 07:58:00,CMP003,CH02
T005316,C02963,2025-02-10 20:34:00,CMP003,CH02
T005317,C02963,2025-02-12 17:42:00,CMP004,CH02
T005318,C02964,2025-06-12 00:00:00,CMP001,CH01
T005319,C02964,2025-06-15 13:19:00,CMP002,CH01
T005320,C02964,2025-06-16 15:57:00,CMP003,CH02
T005321,C02965,2025-08-20 00:00:00,CMP003,CH02
T005322,C02965,2025-08-25 12:15:00,CMP003,CH02
T005323,C02965,2025-08-31 10:40:00,CMP001,CH01
T005324,C02966,2025-09-15 00:00:00,CMP004,CH02
T005325,C02968,2025-09-01 00:00:00,CMP003,CH02
T005326,C02969,2025-11-07 00:00:00,CMP001,CH01
T005327,C02969,2025-11-13 00:41:00,CMP001,CH01
T005328,C02970,2025-09-24 00:00:00,CMP004,CH02
T005329,C02970,2025-09-29 07:39:00,CMP002,CH01
T005330,C02970,2025-10-05 04:29:00,CMP005,CH03
T005331,C02971,2025-09-04 00:00:00,CMP001,CH01
T005332,C02972,2025-06-13 00:00:00,CMP004,CH02
T005333,C02972,2025-06-20 09:34:00,CMP003,CH02
T005334,C02973,2025-07-19 00:00:00,CMP002,CH01
T005335,C02973,2025-07-24 18:45:00,CMP001,CH01
T005336,C02974,2025-06-19 00:00:00,CMP004,CH02
T005337,C02974,2025-06-20 02:00:00,CMP003,CH02
T005338,C02975,2025-12-21 00:00:00,CMP005,CH03
T005339,C02975,2025-12-27 11:43:00,CMP002,CH01
T005340,C02975,2026-01-03 21:18:00,CMP004,CH02
T005341,C02975,2026-01-08 16:27:00,CMP001,CH01
T005342,C02976,2025-12-20 00:00:00,CMP003,CH02
T005343,C02977,2025-03-29 00:00:00,CMP001,CH01
T005344,C02977,2025-04-04 14:29:00,CMP002,CH01
T005345,C02978,2025-05-09 00:00:00,CMP004,CH02
T005346,C02981,2025-02-08 00:00:00,CMP001,CH01
T005347,C02981,2025-02-10 05:00:00,CMP003,CH02
T005348,C02982,2025-09-07 00:00:00,CMP001,CH01
T005349,C02983,2025-11-02 00:00:00,CMP002,CH01
T005350,C02983,2025-11-07 10:52:00,CMP004,CH02
T005351,C02983,2025-11-10 22:48:00,CMP005,CH03
T005352,C02983,2025-11-13 12:01:00,CMP002,CH01
T005353,C02984,2025-08-07 00:00:00,CMP004,CH02
T005354,C02984,2025-08-13 23:13:00,CMP001,CH01
T005355,C02984,2025-08-15 04:23:00,CMP002,CH01
T005356,C02985,2025-09-30 00:00:00,CMP003,CH02
T005357,C02985,2025-10-02 03:57:00,CMP001,CH01
T005358,C02986,2025-04-17 00:00:00,CMP001,CH01
T005359,C02987,2025-10-15 00:00:00,CMP001,CH01
T005360,C02987,2025-10-20 11:25:00,CMP005,CH03
T005361,C02988,2025-03-29 00:00:00,CMP003,CH02
T005362,C02988,2025-04-04 10:54:00,CMP003,CH02
T005363,C02989,2025-06-02 00:00:00,CMP001,CH01
T005364,C02990,2025-08-13 00:00:00,CMP002,CH01
T005365,C02990,2025-08-15 14:48:00,CMP003,CH02
T005366,C02990,2025-08-21 20:10:00,CMP005,CH03
T005367,C02992,2025-06-09 00:00:00,CMP005,CH03
T005368,C02992,2025-06-13 13:37:00,CMP002,CH01
T005369,C02992,2025-06-20 00:20:00,CMP002,CH01
T005370,C02994,2025-07-28 00:00:00,CMP004,CH02
T005371,C02995,2025-10-25 00:00:00,CMP002,CH01
T005372,C02995,2025-10-28 10:04:00,CMP001,CH01
T005373,C02998,2025-03-12 00:00:00,CMP004,CH02
T005374,C02999,2025-01-02 00:00:00,CMP002,CH01
T005375,C02999,2025-01-04 13:16:00,CMP002,CH01
T005376,C03000,2025-10-07 00:00:00,CMP001,CH01
T005377,C03000,2025-10-14 09:44:00,CMP002,CH01
T005378,C03001,2025-07-19 00:00:00,CMP001,CH01
T005379,C03001,2025-07-25 05:32:00,CMP002,CH01
T005380,C03001,2025-07-31 14:38:00,CMP002,CH01
T005381,C03001,2025-08-08 04:59:00,CMP001,CH01
T005382,C03002,2025-11-24 00:00:00,CMP003,CH02
T005383,C03005,2025-04-25 00:00:00,CMP003,CH02
T005384,C03008,2025-05-25 00:00:00,CMP002,CH01
T005385,C03008,2025-06-01 12:56:00,CMP004,CH02
T005386,C03008,2025-06-06 01:11:00,CMP002,CH01
T005387,C03009,2025-09-19 00:00:00,CMP002,CH01
T005388,C03009,2025-09-24 15:40:00,CMP001,CH01
T005389,C03009,2025-09-30 18:48:00,CMP003,CH02
T005390,C03009,2025-10-04 03:11:00,CMP004,CH02
T005391,C03010,2025-10-07 00:00:00,CMP002,CH01
T005392,C03010,2025-10-13 07:21:00,CMP003,CH02
T005393,C03010,2025-10-19 16:57:00,CMP003,CH02
T005394,C03011,2025-02-04 00:00:00,CMP002,CH01
T005395,C03011,2025-02-07 07:22:00,CMP005,CH03
T005396,C03011,2025-02-14 04:00:00,CMP004,CH02
T005397,C03012,2025-11-30 00:00:00,CMP003,CH02
T005398,C03012,2025-12-01 04:00:00,CMP003,CH02
T005399,C03013,2025-12-08 00:00:00,CMP002,CH01
T005400,C03014,2025-03-04 00:00:00,CMP001,CH01
T005401,C03014,2025-03-09 13:15:00,CMP001,CH01
T005402,C03014,2025-03-16 13:51:00,CMP003,CH02
T005403,C03017,2025-06-11 00:00:00,CMP003,CH02
T005404,C03017,2025-06-14 21:48:00,CMP002,CH01
T005405,C03017,2025-06-22 10:28:00,CMP004,CH02
T005406,C03017,2025-06-28 06:56:00,CMP004,CH02
T005407,C03019,2025-07-05 00:00:00,CMP003,CH02
T005408,C03019,2025-07-08 16:13:00,CMP002,CH01
T005409,C03019,2025-07-15 01:35:00,CMP003,CH02
T005410,C03019,2025-07-18 06:40:00,CMP001,CH01
T005411,C03020,2025-05-31 00:00:00,CMP004,CH02
T005412,C03020,2025-06-05 05:34:00,CMP003,CH02
T005413,C03021,2025-08-27 00:00:00,CMP003,CH02
T005414,C03021,2025-08-29 10:21:00,CMP001,CH01
T005415,C03022,2025-03-03 00:00:00,CMP003,CH02
T005416,C03022,2025-03-08 06:29:00,CMP002,CH01
T005417,C03023,2025-08-15 00:00:00,CMP004,CH02
T005418,C03023,2025-08-20 12:42:00,CMP005,CH03
T005419,C03023,2025-08-28 10:07:00,CMP001,CH01
T005420,C03023,2025-09-03 23:44:00,CMP002,CH01
T005421,C03024,2025-10-05 00:00:00,CMP002,CH01
T005422,C03028,2025-11-04 00:00:00,CMP002,CH01
T005423,C03029,2025-10-03 00:00:00,CMP005,CH03
T005424,C03029,2025-10-07 14:47:00,CMP001,CH01
T005425,C03029,2025-10-12 09:26:00,CMP004,CH02
T005426,C03030,2025-02-26 00:00:00,CMP004,CH02
T005427,C03030,2025-03-02 18:43:00,CMP003,CH02
T005428,C03030,2025-03-06 13:44:00,CMP002,CH01
T005429,C03031,2025-08-06 00:00:00,CMP001,CH01
T005430,C03031,2025-08-07 05:45:00,CMP001,CH01
T005431,C03035,2025-11-16 00:00:00,CMP004,CH02
T005432,C03036,2025-07-16 00:00:00,CMP003,CH02
T005433,C03036,2025-07-19 15:13:00,CMP004,CH02
T005434,C03036,2025-07-25 00:09:00,CMP001,CH01
T005435,C03037,2025-04-15 00:00:00,CMP002,CH01
T005436,C03037,2025-04-20 16:44:00,CMP004,CH02
T005437,C03038,2025-10-04 00:00:00,CMP004,CH02
T005438,C03040,2025-02-27 00:00:00,CMP003,CH02
T005439,C03040,2025-02-28 20:50:00,CMP003,CH02
T005440,C03040,2025-03-08 19:33:00,CMP001,CH01
T005441,C03040,2025-03-15 02:47:00,CMP004,CH02
T005442,C03041,2025-03-23 00:00:00,CMP001,CH01
T005443,C03041,2025-03-24 08:15:00,CMP001,CH01
T005444,C03042,2025-12-09 00:00:00,CMP002,CH01
T005445,C03042,2025-12-16 03:09:00,CMP002,CH01
T005446,C03043,2025-09-19 00:00:00,CMP002,CH01
T005447,C03044,2025-09-20 00:00:00,CMP004,CH02
T005448,C03046,2025-01-26 00:00:00,CMP004,CH02
T005449,C03047,2025-05-25 00:00:00,CMP003,CH02
T005450,C03048,2025-02-27 00:00:00,CMP003,CH02
T005451,C03048,2025-03-04 17:06:00,CMP002,CH01
T005452,C03048,2025-03-08 11:28:00,CMP002,CH01
T005453,C03049,2025-03-14 00:00:00,CMP003,CH02
T005454,C03049,2025-03-17 19:37:00,CMP001,CH01
T005455,C03050,2025-03-26 00:00:00,CMP001,CH01
T005456,C03050,2025-04-02 03:31:00,CMP001,CH01
T005457,C03050,2025-04-03 21:22:00,CMP004,CH02
T005458,C03051,2025-02-18 00:00:00,CMP001,CH01
T005459,C03051,2025-02-22 21:17:00,CMP001,CH01
T005460,C03051,2025-02-24 05:13:00,CMP005,CH03
T005461,C03052,2025-10-21 00:00:00,CMP001,CH01
T005462,C03052,2025-10-27 20:05:00,CMP002,CH01
T005463,C03052,2025-10-30 04:03:00,CMP002,CH01
T005464,C03054,2025-03-25 00:00:00,CMP001,CH01
T005465,C03054,2025-03-31 10:54:00,CMP001,CH01
T005466,C03054,2025-04-07 02:33:00,CMP002,CH01
T005467,C03055,2025-02-17 00:00:00,CMP002,CH01
T005468,C03056,2025-03-26 00:00:00,CMP001,CH01
T005469,C03057,2025-01-06 00:00:00,CMP002,CH01
T005470,C03058,2025-11-22 00:00:00,CMP003,CH02
T005471,C03058,2025-11-28 06:24:00,CMP001,CH01
T005472,C03059,2025-05-06 00:00:00,CMP004,CH02
T005473,C03059,2025-05-09 01:40:00,CMP004,CH02
T005474,C03059,2025-05-10 08:57:00,CMP002,CH01
T005475,C03060,2025-10-24 00:00:00,CMP002,CH01
T005476,C03060,2025-10-29 04:52:00,CMP003,CH02
T005477,C03060,2025-11-05 21:10:00,CMP003,CH02
T005478,C03063,2025-12-09 00:00:00,CMP005,CH03
T005479,C03063,2025-12-14 08:47:00,CMP003,CH02
T005480,C03065,2025-03-17 00:00:00,CMP003,CH02
T005481,C03065,2025-03-24 01:18:00,CMP002,CH01
T005482,C03065,2025-03-31 10:26:00,CMP003,CH02
T005483,C03066,2025-05-12 00:00:00,CMP003,CH02
T005484,C03067,2025-05-26 00:00:00,CMP002,CH01
T005485,C03069,2025-09-06 00:00:00,CMP002,CH01
T005486,C03069,2025-09-07 09:47:00,CMP002,CH01
T005487,C03069,2025-09-10 14:32:00,CMP004,CH02
T005488,C03069,2025-09-18 07:06:00,CMP003,CH02
T005489,C03071,2025-01-09 00:00:00,CMP004,CH02
T005490,C03072,2025-05-02 00:00:00,CMP005,CH03
T005491,C03073,2025-05-02 00:00:00,CMP005,CH03
T005492,C03073,2025-05-03 07:49:00,CMP002,CH01
T005493,C03074,2025-09-27 00:00:00,CMP001,CH01
T005494,C03074,2025-09-29 15:31:00,CMP002,CH01
T005495,C03076,2025-03-04 00:00:00,CMP005,CH03
T005496,C03076,2025-03-07 04:10:00,CMP002,CH01
T005497,C03076,2025-03-09 14:58:00,CMP005,CH03
T005498,C03076,2025-03-11 13:11:00,CMP004,CH02
T005499,C03077,2025-04-06 00:00:00,CMP002,CH01
T005500,C03077,2025-04-08 05:14:00,CMP005,CH03
T005501,C03077,2025-04-15 20:12:00,CMP001,CH01
T005502,C03078,2025-09-05 00:00:00,CMP002,CH01
T005503,C03079,2025-01-27 00:00:00,CMP004,CH02
T005504,C03079,2025-01-29 05:15:00,CMP003,CH02
T005505,C03079,2025-02-03 22:57:00,CMP003,CH02
T005506,C03079,2025-02-08 13:10:00,CMP001,CH01
T005507,C03080,2025-09-29 00:00:00,CMP002,CH01
T005508,C03080,2025-10-04 06:40:00,CMP002,CH01
T005509,C03080,2025-10-08 04:39:00,CMP003,CH02
T005510,C03080,2025-10-15 10:05:00,CMP005,CH03
T005511,C03082,2025-07-09 00:00:00,CMP004,CH02
T005512,C03082,2025-07-15 01:35:00,CMP003,CH02
T005513,C03082,2025-07-22 18:11:00,CMP004,CH02
T005514,C03083,2025-09-28 00:00:00,CMP001,CH01
T005515,C03083,2025-09-29 19:39:00,CMP002,CH01
T005516,C03084,2025-12-30 00:00:00,CMP003,CH02
T005517,C03084,2026-01-02 04:49:00,CMP003,CH02
T005518,C03084,2026-01-06 13:01:00,CMP001,CH01
T005519,C03085,2025-06-13 00:00:00,CMP002,CH01
T005520,C03085,2025-06-20 09:12:00,CMP001,CH01
T005521,C03085,2025-06-26 06:41:00,CMP004,CH02
T005522,C03085,2025-07-04 02:09:00,CMP001,CH01
T005523,C03086,2025-10-17 00:00:00,CMP003,CH02
T005524,C03086,2025-10-19 05:18:00,CMP001,CH01
T005525,C03086,2025-10-26 12:10:00,CMP003,CH02
T005526,C03087,2025-11-27 00:00:00,CMP001,CH01
T005527,C03088,2025-04-09 00:00:00,CMP001,CH01
T005528,C03089,2025-09-22 00:00:00,CMP003,CH02
T005529,C03091,2025-06-06 00:00:00,CMP002,CH01
T005530,C03091,2025-06-11 07:53:00,CMP003,CH02
T005531,C03091,2025-06-12 23:00:00,CMP004,CH02
T005532,C03091,2025-06-14 04:23:00,CMP002,CH01
T005533,C03091,2025-06-21 22:00:00,CMP002,CH01
T005534,C03092,2025-02-27 00:00:00,CMP003,CH02
T005535,C03093,2025-03-25 00:00:00,CMP005,CH03
T005536,C03093,2025-03-28 20:39:00,CMP002,CH01
T005537,C03094,2025-11-18 00:00:00,CMP004,CH02
T005538,C03094,2025-11-21 04:52:00,CMP005,CH03
T005539,C03096,2025-10-17 00:00:00,CMP002,CH01
T005540,C03096,2025-10-22 18:22:00,CMP001,CH01
T005541,C03096,2025-10-27 06:16:00,CMP005,CH03
T005542,C03096,2025-10-28 23:19:00,CMP001,CH01
T005543,C03098,2025-08-27 00:00:00,CMP002,CH01
T005544,C03098,2025-08-28 03:42:00,CMP004,CH02
T005545,C03098,2025-08-30 07:06:00,CMP001,CH01
T005546,C03099,2025-01-18 00:00:00,CMP001,CH01
T005547,C03101,2025-08-30 00:00:00,CMP004,CH02
T005548,C03101,2025-09-01 18:49:00,CMP005,CH03
T005549,C03101,2025-09-06 15:04:00,CMP003,CH02
T005550,C03102,2025-02-16 00:00:00,CMP004,CH02
T005551,C03102,2025-02-21 08:51:00,CMP005,CH03
T005552,C03102,2025-02-26 11:46:00,CMP002,CH01
T005553,C03103,2025-03-31 00:00:00,CMP003,CH02
T005554,C03105,2025-04-10 00:00:00,CMP005,CH03
T005555,C03106,2025-02-17 00:00:00,CMP001,CH01
T005556,C03106,2025-02-23 16:59:00,CMP001,CH01
T005557,C03106,2025-03-02 23:47:00,CMP004,CH02
T005558,C03107,2025-08-14 00:00:00,CMP001,CH01
T005559,C03108,2025-05-31 00:00:00,CMP003,CH02
T005560,C03108,2025-06-02 21:22:00,CMP001,CH01
T005561,C03110,2025-07-21 00:00:00,CMP002,CH01
T005562,C03110,2025-07-28 22:43:00,CMP002,CH01
T005563,C03111,2025-11-05 00:00:00,CMP001,CH01
T005564,C03112,2025-01-28 00:00:00,CMP001,CH01
T005565,C03112,2025-01-31 07:22:00,CMP005,CH03
T005566,C03113,2025-04-15 00:00:00,CMP002,CH01
T005567,C03113,2025-04-18 13:27:00,CMP002,CH01
T005568,C03113,2025-04-23 13:21:00,CMP001,CH01
T005569,C03113,2025-04-28 11:51:00,CMP002,CH01
T005570,C03114,2025-01-07 00:00:00,CMP002,CH01
T005571,C03114,2025-01-10 10:10:00,CMP004,CH02
T005572,C03115,2025-01-23 00:00:00,CMP002,CH01
T005573,C03116,2025-03-17 00:00:00,CMP002,CH01
T005574,C03116,2025-03-22 14:34:00,CMP001,CH01
T005575,C03116,2025-03-25 22:04:00,CMP001,CH01
T005576,C03116,2025-04-02 19:03:00,CMP002,CH01
T005577,C03116,2025-04-09 15:15:00,CMP002,CH01
T005578,C03117,2025-04-24 00:00:00,CMP001,CH01
T005579,C03117,2025-04-28 01:07:00,CMP002,CH01
T005580,C03119,2025-10-17 00:00:00,CMP003,CH02
T005581,C03119,2025-10-19 02:06:00,CMP004,CH02
T005582,C03119,2025-10-26 01:49:00,CMP002,CH01
T005583,C03119,2025-11-02 07:05:00,CMP001,CH01
T005584,C03120,2025-04-20 00:00:00,CMP004,CH02
T005585,C03120,2025-04-24 19:50:00,CMP001,CH01
T005586,C03121,2025-09-29 00:00:00,CMP004,CH02
T005587,C03121,2025-10-01 10:33:00,CMP004,CH02
T005588,C03122,2025-04-25 00:00:00,CMP002,CH01
T005589,C03122,2025-04-28 08:40:00,CMP003,CH02
T005590,C03124,2025-12-31 00:00:00,CMP002,CH01
T005591,C03124,2026-01-02 11:46:00,CMP002,CH01
T005592,C03124,2026-01-05 08:23:00,CMP003,CH02
T005593,C03125,2025-04-20 00:00:00,CMP002,CH01
T005594,C03125,2025-04-22 15:20:00,CMP002,CH01
T005595,C03125,2025-04-26 09:51:00,CMP004,CH02
T005596,C03125,2025-05-01 19:54:00,CMP004,CH02
T005597,C03126,2025-08-09 00:00:00,CMP005,CH03
T005598,C03126,2025-08-13 05:48:00,CMP002,CH01
T005599,C03126,2025-08-14 21:54:00,CMP002,CH01
T005600,C03127,2025-08-13 00:00:00,CMP003,CH02
T005601,C03127,2025-08-20 19:16:00,CMP002,CH01
T005602,C03131,2025-03-23 00:00:00,CMP004,CH02
T005603,C03131,2025-03-27 15:04:00,CMP003,CH02
T005604,C03133,2025-08-26 00:00:00,CMP002,CH01
T005605,C03133,2025-08-28 14:57:00,CMP001,CH01
T005606,C03133,2025-08-30 14:06:00,CMP004,CH02
T005607,C03134,2025-07-17 00:00:00,CMP001,CH01
T005608,C03134,2025-07-18 17:54:00,CMP002,CH01
T005609,C03134,2025-07-22 19:17:00,CMP001,CH01
T005610,C03135,2025-07-12 00:00:00,CMP001,CH01
T005611,C03135,2025-07-18 20:01:00,CMP001,CH01
T005612,C03137,2025-02-25 00:00:00,CMP003,CH02
T005613,C03137,2025-03-01 05:45:00,CMP003,CH02
T005614,C03137,2025-03-07 14:49:00,CMP003,CH02
T005615,C03138,2025-01-08 00:00:00,CMP002,CH01
T005616,C03138,2025-01-15 23:14:00,CMP001,CH01
T005617,C03139,2025-05-17 00:00:00,CMP001,CH01
T005618,C03139,2025-05-18 14:04:00,CMP004,CH02
T005619,C03139,2025-05-19 21:49:00,CMP002,CH01
T005620,C03139,2025-05-25 11:55:00,CMP003,CH02
T005621,C03140,2025-08-27 00:00:00,CMP002,CH01
T005622,C03141,2025-11-23 00:00:00,CMP001,CH01
T005623,C03141,2025-11-27 18:50:00,CMP001,CH01
T005624,C03142,2025-07-31 00:00:00,CMP005,CH03
T005625,C03142,2025-08-01 01:01:00,CMP005,CH03
T005626,C03144,2025-08-15 00:00:00,CMP002,CH01
T005627,C03144,2025-08-16 00:38:00,CMP003,CH02
T005628,C03145,2025-07-09 00:00:00,CMP003,CH02
T005629,C03147,2025-02-06 00:00:00,CMP003,CH02
T005630,C03147,2025-02-10 03:00:00,CMP003,CH02
T005631,C03148,2025-01-04 00:00:00,CMP002,CH01
T005632,C03148,2025-01-11 00:06:00,CMP001,CH01
T005633,C03148,2025-01-13 04:14:00,CMP004,CH02
T005634,C03149,2025-04-22 00:00:00,CMP004,CH02
T005635,C03149,2025-04-27 01:20:00,CMP001,CH01
T005636,C03151,2025-02-09 00:00:00,CMP004,CH02
T005637,C03151,2025-02-14 02:46:00,CMP002,CH01
T005638,C03151,2025-02-16 11:32:00,CMP003,CH02
T005639,C03154,2025-11-12 00:00:00,CMP003,CH02
T005640,C03154,2025-11-16 02:02:00,CMP004,CH02
T005641,C03156,2025-02-11 00:00:00,CMP004,CH02
T005642,C03156,2025-02-18 13:14:00,CMP004,CH02
T005643,C03157,2025-02-27 00:00:00,CMP003,CH02
T005644,C03157,2025-03-02 04:58:00,CMP005,CH03
T005645,C03158,2025-03-04 00:00:00,CMP002,CH01
T005646,C03158,2025-03-06 03:04:00,CMP004,CH02
T005647,C03158,2025-03-10 03:59:00,CMP004,CH02
T005648,C03159,2025-11-01 00:00:00,CMP002,CH01
T005649,C03159,2025-11-04 01:10:00,CMP004,CH02
T005650,C03159,2025-11-10 07:07:00,CMP004,CH02
T005651,C03160,2025-03-14 00:00:00,CMP005,CH03
T005652,C03160,2025-03-21 08:40:00,CMP003,CH02
T005653,C03160,2025-03-25 07:09:00,CMP005,CH03
T005654,C03160,2025-03-30 17:09:00,CMP005,CH03
T005655,C03160,2025-04-02 02:18:00,CMP005,CH03
T005656,C03162,2025-07-11 00:00:00,CMP001,CH01
T005657,C03162,2025-07-12 21:29:00,CMP003,CH02
T005658,C03163,2025-03-05 00:00:00,CMP004,CH02
T005659,C03163,2025-03-07 04:00:00,CMP001,CH01
T005660,C03164,2025-11-23 00:00:00,CMP001,CH01
T005661,C03165,2025-08-19 00:00:00,CMP002,CH01
T005662,C03165,2025-08-25 14:17:00,CMP002,CH01
T005663,C03166,2025-10-11 00:00:00,CMP001,CH01
T005664,C03166,2025-10-13 19:03:00,CMP001,CH01
T005665,C03166,2025-10-21 04:42:00,CMP002,CH01
T005666,C03167,2025-08-02 00:00:00,CMP002,CH01
T005667,C03167,2025-08-06 13:11:00,CMP003,CH02
T005668,C03167,2025-08-08 09:21:00,CMP005,CH03
T005669,C03167,2025-08-15 05:15:00,CMP002,CH01
T005670,C03168,2025-02-05 00:00:00,CMP005,CH03
T005671,C03168,2025-02-11 01:16:00,CMP004,CH02
T005672,C03169,2025-11-01 00:00:00,CMP002,CH01
T005673,C03170,2025-05-16 00:00:00,CMP004,CH02
T005674,C03170,2025-05-20 11:29:00,CMP002,CH01
T005675,C03171,2025-11-21 00:00:00,CMP002,CH01
T005676,C03171,2025-11-24 06:16:00,CMP001,CH01
T005677,C03171,2025-11-30 05:53:00,CMP001,CH01
T005678,C03172,2025-08-26 00:00:00,CMP004,CH02
T005679,C03172,2025-08-28 05:51:00,CMP002,CH01
T005680,C03172,2025-09-01 19:11:00,CMP002,CH01
T005681,C03173,2025-09-13 00:00:00,CMP004,CH02
T005682,C03173,2025-09-20 19:49:00,CMP004,CH02
T005683,C03174,2025-05-21 00:00:00,CMP003,CH02
T005684,C03176,2025-03-21 00:00:00,CMP003,CH02
T005685,C03176,2025-03-28 09:14:00,CMP002,CH01
T005686,C03176,2025-04-01 03:32:00,CMP002,CH01
T005687,C03179,2025-04-21 00:00:00,CMP001,CH01
T005688,C03179,2025-04-23 09:50:00,CMP005,CH03
T005689,C03180,2025-08-02 00:00:00,CMP003,CH02
T005690,C03182,2025-11-03 00:00:00,CMP005,CH03
T005691,C03182,2025-11-10 13:52:00,CMP002,CH01
T005692,C03182,2025-11-15 11:15:00,CMP002,CH01
T005693,C03184,2025-04-24 00:00:00,CMP004,CH02
T005694,C03185,2025-04-30 00:00:00,CMP004,CH02
T005695,C03186,2025-11-10 00:00:00,CMP001,CH01
T005696,C03187,2025-01-05 00:00:00,CMP001,CH01
T005697,C03187,2025-01-08 02:07:00,CMP005,CH03
T005698,C03188,2025-11-22 00:00:00,CMP002,CH01
T005699,C03188,2025-11-24 06:04:00,CMP002,CH01
T005700,C03190,2025-02-27 00:00:00,CMP002,CH01
T005701,C03190,2025-03-03 23:58:00,CMP002,CH01
T005702,C03190,2025-03-05 18:47:00,CMP001,CH01
T005703,C03191,2025-07-06 00:00:00,CMP001,CH01
T005704,C03191,2025-07-10 23:38:00,CMP004,CH02
T005705,C03191,2025-07-18 03:45:00,CMP004,CH02
T005706,C03191,2025-07-21 05:47:00,CMP003,CH02
T005707,C03192,2025-01-16 00:00:00,CMP003,CH02
T005708,C03194,2025-01-19 00:00:00,CMP001,CH01
T005709,C03194,2025-01-23 07:08:00,CMP004,CH02
T005710,C03196,2025-05-29 00:00:00,CMP001,CH01
T005711,C03196,2025-06-04 13:40:00,CMP001,CH01
T005712,C03197,2025-04-12 00:00:00,CMP005,CH03
T005713,C03197,2025-04-19 12:51:00,CMP002,CH01
T005714,C03198,2025-02-14 00:00:00,CMP002,CH01
T005715,C03198,2025-02-15 23:03:00,CMP002,CH01
T005716,C03199,2025-09-01 00:00:00,CMP005,CH03
T005717,C03199,2025-09-04 03:17:00,CMP004,CH02
T005718,C03199,2025-09-06 17:03:00,CMP004,CH02
T005719,C03199,2025-09-09 11:17:00,CMP001,CH01
T005720,C03200,2025-07-15 00:00:00,CMP004,CH02
T005721,C03201,2025-09-17 00:00:00,CMP004,CH02
T005722,C03201,2025-09-18 13:31:00,CMP002,CH01
T005723,C03202,2025-11-01 00:00:00,CMP004,CH02
T005724,C03202,2025-11-04 01:22:00,CMP003,CH02
T005725,C03202,2025-11-10 16:38:00,CMP001,CH01
T005726,C03204,2025-06-22 00:00:00,CMP001,CH01
T005727,C03204,2025-06-27 18:30:00,CMP004,CH02
T005728,C03205,2025-11-07 00:00:00,CMP002,CH01
T005729,C03207,2025-04-06 00:00:00,CMP005,CH03
T005730,C03207,2025-04-09 10:22:00,CMP003,CH02
T005731,C03208,2025-03-19 00:00:00,CMP001,CH01
T005732,C03208,2025-03-20 03:19:00,CMP003,CH02
T005733,C03208,2025-03-25 15:26:00,CMP001,CH01
T005734,C03209,2025-05-24 00:00:00,CMP002,CH01
T005735,C03209,2025-05-29 23:53:00,CMP003,CH02
T005736,C03211,2025-10-07 00:00:00,CMP002,CH01
T005737,C03211,2025-10-09 23:27:00,CMP003,CH02
T005738,C03211,2025-10-17 05:42:00,CMP003,CH02
T005739,C03212,2025-01-05 00:00:00,CMP001,CH01
T005740,C03212,2025-01-11 20:57:00,CMP001,CH01
T005741,C03212,2025-01-15 20:19:00,CMP005,CH03
T005742,C03213,2025-11-24 00:00:00,CMP002,CH01
T005743,C03213,2025-11-30 06:29:00,CMP004,CH02
T005744,C03214,2025-03-31 00:00:00,CMP004,CH02
T005745,C03214,2025-04-02 09:23:00,CMP003,CH02
T005746,C03215,2025-04-24 00:00:00,CMP005,CH03
T005747,C03216,2025-03-04 00:00:00,CMP002,CH01
T005748,C03216,2025-03-10 06:23:00,CMP003,CH02
T005749,C03217,2025-10-16 00:00:00,CMP003,CH02
T005750,C03217,2025-10-17 10:05:00,CMP002,CH01
T005751,C03218,2025-09-11 00:00:00,CMP004,CH02
T005752,C03219,2025-04-29 00:00:00,CMP002,CH01
T005753,C03219,2025-05-05 19:13:00,CMP002,CH01
T005754,C03219,2025-05-12 16:45:00,CMP003,CH02
T005755,C03219,2025-05-13 18:43:00,CMP002,CH01
T005756,C03222,2025-03-31 00:00:00,CMP002,CH01
T005757,C03222,2025-04-02 23:58:00,CMP002,CH01
T005758,C03222,2025-04-08 13:48:00,CMP002,CH01
T005759,C03224,2025-02-12 00:00:00,CMP004,CH02
T005760,C03225,2025-10-09 00:00:00,CMP002,CH01
T005761,C03225,2025-10-14 21:46:00,CMP004,CH02
T005762,C03226,2025-08-30 00:00:00,CMP002,CH01
T005763,C03226,2025-08-31 10:14:00,CMP002,CH01
T005764,C03227,2025-08-14 00:00:00,CMP004,CH02
T005765,C03227,2025-08-20 11:02:00,CMP004,CH02
T005766,C03228,2025-11-25 00:00:00,CMP001,CH01
T005767,C03229,2025-07-22 00:00:00,CMP003,CH02
T005768,C03229,2025-07-27 08:18:00,CMP001,CH01
T005769,C03229,2025-07-31 02:33:00,CMP001,CH01
T005770,C03229,2025-08-07 04:38:00,CMP002,CH01
T005771,C03229,2025-08-15 01:23:00,CMP003,CH02
T005772,C03230,2025-03-06 00:00:00,CMP001,CH01
T005773,C03231,2025-01-06 00:00:00,CMP004,CH02
T005774,C03231,2025-01-13 13:15:00,CMP001,CH01
T005775,C03232,2025-06-16 00:00:00,CMP004,CH02
T005776,C03233,2025-07-01 00:00:00,CMP002,CH01
T005777,C03234,2025-08-14 00:00:00,CMP004,CH02
T005778,C03235,2025-02-10 00:00:00,CMP003,CH02
T005779,C03235,2025-02-13 16:18:00,CMP003,CH02
T005780,C03235,2025-02-17 02:17:00,CMP004,CH02
T005781,C03235,2025-02-18 02:46:00,CMP003,CH02
T005782,C03237,2025-08-19 00:00:00,CMP004,CH02
T005783,C03237,2025-08-23 09:07:00,CMP003,CH02
T005784,C03237,2025-08-26 22:59:00,CMP004,CH02
T005785,C03238,2025-04-18 00:00:00,CMP001,CH01
T005786,C03239,2025-07-07 00:00:00,CMP001,CH01
T005787,C03239,2025-07-14 07:45:00,CMP002,CH01
T005788,C03240,2025-08-26 00:00:00,CMP003,CH02
T005789,C03240,2025-09-02 12:25:00,CMP004,CH02
T005790,C03241,2025-06-22 00:00:00,CMP001,CH01
T005791,C03241,2025-06-28 12:27:00,CMP002,CH01
T005792,C03241,2025-07-03 07:08:00,CMP003,CH02
T005793,C03242,2025-03-17 00:00:00,CMP002,CH01
T005794,C03242,2025-03-18 13:32:00,CMP003,CH02
T005795,C03244,2025-04-18 00:00:00,CMP001,CH01
T005796,C03244,2025-04-25 08:31:00,CMP002,CH01
T005797,C03244,2025-04-27 05:16:00,CMP002,CH01
T005798,C03246,2025-05-14 00:00:00,CMP001,CH01
T005799,C03247,2025-04-18 00:00:00,CMP002,CH01
T005800,C03247,2025-04-25 12:03:00,CMP001,CH01
T005801,C03248,2025-01-04 00:00:00,CMP005,CH03
T005802,C03248,2025-01-08 03:24:00,CMP003,CH02
T005803,C03249,2025-12-30 00:00:00,CMP003,CH02
T005804,C03249,2026-01-05 20:09:00,CMP002,CH01
T005805,C03249,2026-01-10 23:41:00,CMP003,CH02
T005806,C03250,2025-02-24 00:00:00,CMP005,CH03
T005807,C03250,2025-03-01 15:56:00,CMP003,CH02
T005808,C03250,2025-03-03 05:17:00,CMP001,CH01
T005809,C03252,2025-07-05 00:00:00,CMP002,CH01
T005810,C03252,2025-07-11 00:06:00,CMP003,CH02
T005811,C03252,2025-07-16 13:51:00,CMP002,CH01
T005812,C03254,2025-07-30 00:00:00,CMP001,CH01
T005813,C03255,2025-09-23 00:00:00,CMP003,CH02
T005814,C03256,2025-07-26 00:00:00,CMP004,CH02
T005815,C03256,2025-07-29 23:05:00,CMP002,CH01
T005816,C03256,2025-08-03 05:09:00,CMP001,CH01
T005817,C03257,2025-05-29 00:00:00,CMP003,CH02
T005818,C03257,2025-05-30 07:20:00,CMP001,CH01
T005819,C03257,2025-06-07 06:51:00,CMP003,CH02
T005820,C03258,2025-06-25 00:00:00,CMP003,CH02
T005821,C03258,2025-06-29 13:42:00,CMP002,CH01
T005822,C03258,2025-07-01 06:38:00,CMP001,CH01
T005823,C03259,2025-02-26 00:00:00,CMP002,CH01
T005824,C03259,2025-03-03 03:29:00,CMP001,CH01
T005825,C03259,2025-03-04 13:45:00,CMP003,CH02
T005826,C03261,2025-04-10 00:00:00,CMP002,CH01
T005827,C03261,2025-04-12 10:01:00,CMP001,CH01
T005828,C03263,2025-06-09 00:00:00,CMP005,CH03
T005829,C03263,2025-06-13 20:32:00,CMP002,CH01
T005830,C03264,2025-08-08 00:00:00,CMP003,CH02
T005831,C03264,2025-08-11 22:16:00,CMP003,CH02
T005832,C03264,2025-08-13 15:10:00,CMP004,CH02
T005833,C03265,2025-12-04 00:00:00,CMP001,CH01
T005834,C03265,2025-12-11 04:57:00,CMP002,CH01
T005835,C03265,2025-12-14 21:31:00,CMP005,CH03
T005836,C03265,2025-12-19 06:23:00,CMP001,CH01
T005837,C03266,2025-02-03 00:00:00,CMP002,CH01
T005838,C03267,2025-07-11 00:00:00,CMP001,CH01
T005839,C03267,2025-07-17 21:26:00,CMP002,CH01
T005840,C03267,2025-07-22 17:02:00,CMP005,CH03
T005841,C03268,2025-05-17 00:00:00,CMP002,CH01
T005842,C03268,2025-05-21 02:14:00,CMP002,CH01
T005843,C03270,2025-09-23 00:00:00,CMP004,CH02
T005844,C03271,2025-02-14 00:00:00,CMP001,CH01
T005845,C03271,2025-02-17 14:52:00,CMP004,CH02
T005846,C03272,2025-11-14 00:00:00,CMP005,CH03
T005847,C03272,2025-11-18 12:23:00,CMP002,CH01
T005848,C03272,2025-11-21 11:12:00,CMP001,CH01
T005849,C03272,2025-11-26 02:52:00,CMP001,CH01
T005850,C03273,2025-07-12 00:00:00,CMP002,CH01
T005851,C03273,2025-07-18 15:29:00,CMP002,CH01
T005852,C03274,2025-12-17 00:00:00,CMP003,CH02
T005853,C03274,2025-12-19 18:30:00,CMP005,CH03
T005854,C03274,2025-12-25 22:03:00,CMP001,CH01
T005855,C03274,2026-01-01 00:00:00,CMP001,CH01
T005856,C03277,2025-05-06 00:00:00,CMP002,CH01
T005857,C03277,2025-05-13 16:11:00,CMP002,CH01
T005858,C03278,2025-04-12 00:00:00,CMP003,CH02
T005859,C03278,2025-04-14 01:13:00,CMP001,CH01
T005860,C03278,2025-04-15 14:38:00,CMP002,CH01
T005861,C03278,2025-04-20 13:01:00,CMP001,CH01
T005862,C03279,2025-09-18 00:00:00,CMP002,CH01
T005863,C03279,2025-09-24 19:29:00,CMP003,CH02
T005864,C03280,2025-11-17 00:00:00,CMP004,CH02
T005865,C03280,2025-11-21 19:46:00,CMP004,CH02
T005866,C03280,2025-11-26 18:23:00,CMP002,CH01
T005867,C03280,2025-11-28 04:18:00,CMP003,CH02
T005868,C03281,2025-02-04 00:00:00,CMP003,CH02
T005869,C03282,2025-12-29 00:00:00,CMP005,CH03
T005870,C03282,2025-12-31 07:40:00,CMP004,CH02
T005871,C03283,2025-11-29 00:00:00,CMP005,CH03
T005872,C03284,2025-03-10 00:00:00,CMP004,CH02
T005873,C03285,2025-08-06 00:00:00,CMP003,CH02
T005874,C03285,2025-08-12 19:36:00,CMP003,CH02
T005875,C03286,2025-07-17 00:00:00,CMP005,CH03
T005876,C03286,2025-07-20 01:41:00,CMP001,CH01
T005877,C03287,2025-02-18 00:00:00,CMP001,CH01
T005878,C03288,2025-07-28 00:00:00,CMP002,CH01
T005879,C03288,2025-07-29 07:13:00,CMP002,CH01
T005880,C03289,2025-09-01 00:00:00,CMP002,CH01
T005881,C03289,2025-09-03 22:40:00,CMP004,CH02
T005882,C03290,2025-10-04 00:00:00,CMP002,CH01
T005883,C03290,2025-10-10 21:36:00,CMP001,CH01
T005884,C03290,2025-10-17 16:06:00,CMP001,CH01
T005885,C03290,2025-10-25 02:19:00,CMP003,CH02
T005886,C03291,2025-03-15 00:00:00,CMP003,CH02
T005887,C03292,2025-03-19 00:00:00,CMP001,CH01
T005888,C03292,2025-03-25 06:21:00,CMP002,CH01
T005889,C03292,2025-03-28 19:09:00,CMP001,CH01
T005890,C03294,2025-03-03 00:00:00,CMP002,CH01
T005891,C03294,2025-03-05 21:58:00,CMP003,CH02
T005892,C03294,2025-03-08 19:54:00,CMP002,CH01
T005893,C03294,2025-03-16 16:30:00,CMP004,CH02
T005894,C03295,2025-02-03 00:00:00,CMP001,CH01
T005895,C03295,2025-02-04 01:33:00,CMP004,CH02
T005896,C03295,2025-02-09 02:52:00,CMP001,CH01
T005897,C03295,2025-02-16 03:47:00,CMP001,CH01
T005898,C03297,2025-07-27 00:00:00,CMP004,CH02
T005899,C03298,2025-05-08 00:00:00,CMP001,CH01
T005900,C03298,2025-05-10 09:52:00,CMP003,CH02
T005901,C03299,2025-08-14 00:00:00,CMP001,CH01
T005902,C03299,2025-08-19 18:57:00,CMP002,CH01
T005903,C03299,2025-08-27 07:07:00,CMP004,CH02
T005904,C03300,2025-11-07 00:00:00,CMP004,CH02
T005905,C03300,2025-11-13 23:46:00,CMP005,CH03
T005906,C03300,2025-11-20 04:27:00,CMP003,CH02
T005907,C03301,2025-03-11 00:00:00,CMP002,CH01
T005908,C03303,2025-12-29 00:00:00,CMP002,CH01
T005909,C03304,2025-01-11 00:00:00,CMP004,CH02
T005910,C03304,2025-01-15 21:36:00,CMP002,CH01
T005911,C03305,2025-01-31 00:00:00,CMP003,CH02
T005912,C03305,2025-02-06 08:37:00,CMP002,CH01
T005913,C03306,2025-11-26 00:00:00,CMP005,CH03
T005914,C03306,2025-11-29 02:39:00,CMP002,CH01
T005915,C03307,2025-09-05 00:00:00,CMP001,CH01
T005916,C03308,2025-12-19 00:00:00,CMP002,CH01
T005917,C03308,2025-12-24 13:10:00,CMP004,CH02
T005918,C03308,2025-12-31 19:38:00,CMP003,CH02
T005919,C03309,2025-08-26 00:00:00,CMP001,CH01
T005920,C03310,2025-04-10 00:00:00,CMP004,CH02
T005921,C03310,2025-04-16 19:50:00,CMP001,CH01
T005922,C03311,2025-12-07 00:00:00,CMP004,CH02
T005923,C03311,2025-12-11 20:00:00,CMP001,CH01
T005924,C03311,2025-12-14 16:28:00,CMP003,CH02
T005925,C03312,2025-06-22 00:00:00,CMP001,CH01
T005926,C03312,2025-06-27 09:12:00,CMP001,CH01
T005927,C03313,2025-09-14 00:00:00,CMP003,CH02
T005928,C03313,2025-09-15 13:50:00,CMP005,CH03
T005929,C03314,2025-11-02 00:00:00,CMP001,CH01
T005930,C03314,2025-11-09 17:26:00,CMP003,CH02
T005931,C03314,2025-11-16 03:04:00,CMP003,CH02
T005932,C03315,2025-04-10 00:00:00,CMP003,CH02
T005933,C03315,2025-04-11 06:46:00,CMP003,CH02
T005934,C03316,2025-07-26 00:00:00,CMP003,CH02
T005935,C03316,2025-07-27 20:43:00,CMP001,CH01
T005936,C03316,2025-07-31 08:30:00,CMP004,CH02
T005937,C03316,2025-08-05 20:20:00,CMP004,CH02
T005938,C03317,2025-07-17 00:00:00,CMP004,CH02
T005939,C03317,2025-07-19 00:37:00,CMP001,CH01
T005940,C03318,2025-09-16 00:00:00,CMP001,CH01
T005941,C03319,2025-08-24 00:00:00,CMP002,CH01
T005942,C03319,2025-08-27 02:08:00,CMP001,CH01
T005943,C03321,2025-07-11 00:00:00,CMP004,CH02
T005944,C03321,2025-07-12 18:17:00,CMP004,CH02
T005945,C03323,2025-08-16 00:00:00,CMP001,CH01
T005946,C03323,2025-08-19 18:09:00,CMP003,CH02
T005947,C03324,2025-12-03 00:00:00,CMP002,CH01
T005948,C03326,2025-10-12 00:00:00,CMP001,CH01
T005949,C03328,2025-02-05 00:00:00,CMP001,CH01
T005950,C03328,2025-02-07 08:20:00,CMP003,CH02
T005951,C03329,2025-08-08 00:00:00,CMP002,CH01
T005952,C03329,2025-08-14 14:41:00,CMP003,CH02
T005953,C03330,2025-09-02 00:00:00,CMP003,CH02
T005954,C03330,2025-09-08 20:14:00,CMP004,CH02
T005955,C03331,2025-04-11 00:00:00,CMP003,CH02
T005956,C03331,2025-04-18 13:35:00,CMP003,CH02
T005957,C03331,2025-04-24 13:25:00,CMP002,CH01
T005958,C03332,2025-03-04 00:00:00,CMP005,CH03
T005959,C03332,2025-03-06 17:55:00,CMP004,CH02
T005960,C03334,2025-06-28 00:00:00,CMP001,CH01
T005961,C03334,2025-06-30 07:21:00,CMP001,CH01
T005962,C03334,2025-07-08 03:59:00,CMP004,CH02
T005963,C03334,2025-07-14 23:14:00,CMP002,CH01
T005964,C03338,2025-03-10 00:00:00,CMP001,CH01
T005965,C03338,2025-03-15 16:01:00,CMP002,CH01
T005966,C03339,2025-07-26 00:00:00,CMP001,CH01
T005967,C03339,2025-07-28 06:59:00,CMP002,CH01
T005968,C03339,2025-08-03 02:45:00,CMP002,CH01
T005969,C03339,2025-08-08 15:14:00,CMP001,CH01
T005970,C03340,2025-08-11 00:00:00,CMP001,CH01
T005971,C03340,2025-08-12 01:28:00,CMP002,CH01
T005972,C03341,2025-10-03 00:00:00,CMP004,CH02
T005973,C03341,2025-10-07 21:45:00,CMP001,CH01
T005974,C03341,2025-10-13 12:49:00,CMP003,CH02
T005975,C03342,2025-10-23 00:00:00,CMP002,CH01
T005976,C03342,2025-10-27 16:50:00,CMP003,CH02
T005977,C03343,2025-04-21 00:00:00,CMP003,CH02
T005978,C03344,2025-05-12 00:00:00,CMP001,CH01
T005979,C03344,2025-05-13 01:45:00,CMP001,CH01
T005980,C03345,2025-09-13 00:00:00,CMP001,CH01
T005981,C03345,2025-09-16 03:33:00,CMP003,CH02
T005982,C03345,2025-09-23 22:40:00,CMP003,CH02
T005983,C03346,2025-04-19 00:00:00,CMP001,CH01
T005984,C03346,2025-04-22 00:25:00,CMP001,CH01
T005985,C03347,2025-07-26 00:00:00,CMP004,CH02
T005986,C03348,2025-03-17 00:00:00,CMP004,CH02
T005987,C03348,2025-03-23 22:33:00,CMP002,CH01
T005988,C03350,2025-12-13 00:00:00,CMP004,CH02
T005989,C03350,2025-12-20 07:32:00,CMP003,CH02
T005990,C03350,2025-12-26 19:05:00,CMP004,CH02
T005991,C03351,2025-10-29 00:00:00,CMP005,CH03
T005992,C03351,2025-11-02 13:57:00,CMP003,CH02
T005993,C03351,2025-11-09 08:07:00,CMP004,CH02
T005994,C03352,2025-06-10 00:00:00,CMP003,CH02
T005995,C03352,2025-06-13 02:55:00,CMP002,CH01
T005996,C03352,2025-06-14 12:27:00,CMP004,CH02
T005997,C03354,2025-09-07 00:00:00,CMP002,CH01
T005998,C03354,2025-09-09 09:50:00,CMP002,CH01
T005999,C03354,2025-09-13 19:29:00,CMP003,CH02
T006000,C03355,2025-10-21 00:00:00,CMP003,CH02
T006001,C03355,2025-10-25 14:09:00,CMP001,CH01
T006002,C03355,2025-10-28 12:36:00,CMP002,CH01
T006003,C03356,2025-06-15 00:00:00,CMP005,CH03
T006004,C03357,2025-01-06 00:00:00,CMP001,CH01
T006005,C03358,2025-09-01 00:00:00,CMP004,CH02
T006006,C03359,2025-12-21 00:00:00,CMP002,CH01
T006007,C03359,2025-12-26 07:54:00,CMP003,CH02
T006008,C03359,2025-12-27 18:00:00,CMP002,CH01
T006009,C03360,2025-12-13 00:00:00,CMP001,CH01
T006010,C03360,2025-12-17 16:57:00,CMP004,CH02
T006011,C03361,2025-01-04 00:00:00,CMP001,CH01
T006012,C03361,2025-01-08 19:54:00,CMP004,CH02
T006013,C03362,2025-07-07 00:00:00,CMP003,CH02
T006014,C03362,2025-07-10 18:14:00,CMP004,CH02
T006015,C03362,2025-07-17 00:09:00,CMP001,CH01
T006016,C03362,2025-07-20 08:29:00,CMP002,CH01
T006017,C03363,2025-03-07 00:00:00,CMP001,CH01
T006018,C03363,2025-03-13 17:39:00,CMP002,CH01
T006019,C03364,2025-10-20 00:00:00,CMP003,CH02
T006020,C03364,2025-10-26 02:58:00,CMP002,CH01
T006021,C03365,2025-01-27 00:00:00,CMP001,CH01
T006022,C03365,2025-01-28 10:27:00,CMP003,CH02
T006023,C03366,2025-12-04 00:00:00,CMP003,CH02
T006024,C03368,2025-01-07 00:00:00,CMP004,CH02
T006025,C03368,2025-01-14 06:26:00,CMP005,CH03
T006026,C03369,2025-09-06 00:00:00,CMP002,CH01
T006027,C03370,2025-08-21 00:00:00,CMP004,CH02
T006028,C03371,2025-11-04 00:00:00,CMP001,CH01
T006029,C03371,2025-11-09 04:04:00,CMP002,CH01
T006030,C03372,2025-09-23 00:00:00,CMP003,CH02
T006031,C03372,2025-09-30 18:56:00,CMP003,CH02
T006032,C03372,2025-10-03 11:32:00,CMP005,CH03
T006033,C03372,2025-10-05 12:21:00,CMP003,CH02
T006034,C03373,2025-02-08 00:00:00,CMP003,CH02
T006035,C03373,2025-02-09 10:24:00,CMP004,CH02
T006036,C03374,2025-02-19 00:00:00,CMP001,CH01
T006037,C03377,2025-10-07 00:00:00,CMP002,CH01
T006038,C03377,2025-10-12 18:26:00,CMP002,CH01
T006039,C03377,2025-10-18 11:30:00,CMP003,CH02
T006040,C03378,2025-05-04 00:00:00,CMP003,CH02
T006041,C03378,2025-05-11 13:22:00,CMP005,CH03
T006042,C03380,2025-09-13 00:00:00,CMP003,CH02
T006043,C03380,2025-09-14 21:23:00,CMP002,CH01
T006044,C03380,2025-09-19 06:56:00,CMP002,CH01
T006045,C03382,2025-01-15 00:00:00,CMP004,CH02
T006046,C03382,2025-01-21 01:53:00,CMP002,CH01
T006047,C03384,2025-05-20 00:00:00,CMP003,CH02
T006048,C03384,2025-05-27 03:23:00,CMP001,CH01
T006049,C03384,2025-05-28 08:16:00,CMP004,CH02
T006050,C03384,2025-06-05 06:05:00,CMP004,CH02
T006051,C03385,2025-07-11 00:00:00,CMP004,CH02
T006052,C03386,2025-07-04 00:00:00,CMP001,CH01
T006053,C03386,2025-07-07 19:01:00,CMP004,CH02
T006054,C03386,2025-07-15 06:42:00,CMP002,CH01
T006055,C03386,2025-07-19 20:03:00,CMP002,CH01
T006056,C03387,2025-10-21 00:00:00,CMP003,CH02
T006057,C03387,2025-10-23 18:06:00,CMP005,CH03
T006058,C03387,2025-10-27 09:23:00,CMP001,CH01
T006059,C03389,2025-12-27 00:00:00,CMP001,CH01
T006060,C03389,2026-01-03 04:05:00,CMP003,CH02
T006061,C03390,2025-07-18 00:00:00,CMP004,CH02
T006062,C03390,2025-07-19 18:07:00,CMP001,CH01
T006063,C03390,2025-07-24 08:05:00,CMP004,CH02
T006064,C03392,2025-06-07 00:00:00,CMP001,CH01
T006065,C03392,2025-06-13 20:14:00,CMP001,CH01
T006066,C03392,2025-06-14 23:06:00,CMP003,CH02
T006067,C03393,2025-12-11 00:00:00,CMP001,CH01
T006068,C03393,2025-12-15 14:12:00,CMP005,CH03
T006069,C03396,2025-05-08 00:00:00,CMP001,CH01
T006070,C03396,2025-05-13 07:06:00,CMP005,CH03
T006071,C03397,2025-01-07 00:00:00,CMP001,CH01
T006072,C03397,2025-01-11 06:51:00,CMP001,CH01
T006073,C03397,2025-01-13 23:19:00,CMP002,CH01
T006074,C03399,2025-10-10 00:00:00,CMP002,CH01
T006075,C03401,2025-06-20 00:00:00,CMP005,CH03
T006076,C03401,2025-06-21 01:03:00,CMP004,CH02
T006077,C03402,2025-12-25 00:00:00,CMP004,CH02
T006078,C03403,2025-07-10 00:00:00,CMP004,CH02
T006079,C03403,2025-07-11 02:54:00,CMP002,CH01
T006080,C03403,2025-07-14 00:28:00,CMP005,CH03
T006081,C03404,2025-10-14 00:00:00,CMP003,CH02
T006082,C03404,2025-10-18 14:39:00,CMP005,CH03
T006083,C03404,2025-10-24 23:18:00,CMP005,CH03
T006084,C03405,2025-09-24 00:00:00,CMP004,CH02
T006085,C03405,2025-09-25 11:42:00,CMP004,CH02
T006086,C03405,2025-10-01 15:00:00,CMP002,CH01
T006087,C03407,2025-11-01 00:00:00,CMP002,CH01
T006088,C03407,2025-11-02 14:05:00,CMP001,CH01
T006089,C03407,2025-11-10 04:03:00,CMP002,CH01
T006090,C03408,2025-08-08 00:00:00,CMP003,CH02
T006091,C03408,2025-08-11 09:54:00,CMP004,CH02
T006092,C03409,2025-11-21 00:00:00,CMP003,CH02
T006093,C03409,2025-11-23 15:59:00,CMP004,CH02
T006094,C03409,2025-11-28 05:22:00,CMP003,CH02
T006095,C03410,2025-12-06 00:00:00,CMP001,CH01
T006096,C03411,2025-10-15 00:00:00,CMP001,CH01
T006097,C03411,2025-10-19 05:11:00,CMP002,CH01
T006098,C03411,2025-10-22 22:05:00,CMP002,CH01
T006099,C03412,2025-02-19 00:00:00,CMP002,CH01
T006100,C03412,2025-02-21 17:33:00,CMP001,CH01
T006101,C03412,2025-02-24 15:54:00,CMP003,CH02
T006102,C03414,2025-04-13 00:00:00,CMP001,CH01
T006103,C03414,2025-04-16 02:40:00,CMP001,CH01
T006104,C03414,2025-04-22 09:02:00,CMP002,CH01
T006105,C03415,2025-03-25 00:00:00,CMP002,CH01
T006106,C03415,2025-03-28 15:12:00,CMP002,CH01
T006107,C03415,2025-04-02 10:02:00,CMP001,CH01
T006108,C03417,2025-11-14 00:00:00,CMP004,CH02
T006109,C03419,2025-02-08 00:00:00,CMP003,CH02
T006110,C03419,2025-02-15 13:35:00,CMP001,CH01
T006111,C03419,2025-02-18 01:08:00,CMP003,CH02
T006112,C03420,2025-12-05 00:00:00,CMP001,CH01
T006113,C03420,2025-12-07 20:45:00,CMP004,CH02
T006114,C03420,2025-12-14 18:28:00,CMP002,CH01
T006115,C03420,2025-12-16 10:56:00,CMP002,CH01
T006116,C03421,2025-11-09 00:00:00,CMP002,CH01
T006117,C03421,2025-11-14 20:26:00,CMP001,CH01
T006118,C03421,2025-11-19 07:52:00,CMP002,CH01
T006119,C03422,2025-01-29 00:00:00,CMP002,CH01
T006120,C03422,2025-02-03 07:47:00,CMP002,CH01
T006121,C03422,2025-02-05 17:54:00,CMP001,CH01
T006122,C03422,2025-02-07 13:14:00,CMP002,CH01
T006123,C03423,2025-12-06 00:00:00,CMP001,CH01
T006124,C03423,2025-12-07 11:59:00,CMP001,CH01
T006125,C03423,2025-12-11 19:18:00,CMP003,CH02
T006126,C03424,2025-02-14 00:00:00,CMP003,CH02
T006127,C03424,2025-02-15 20:42:00,CMP002,CH01
T006128,C03424,2025-02-21 00:01:00,CMP002,CH01
T006129,C03424,2025-02-23 07:32:00,CMP003,CH02
T006130,C03426,2025-07-04 00:00:00,CMP002,CH01
T006131,C03428,2025-02-25 00:00:00,CMP002,CH01
T006132,C03428,2025-02-28 02:22:00,CMP004,CH02
T006133,C03428,2025-03-02 08:52:00,CMP002,CH01
T006134,C03428,2025-03-07 16:52:00,CMP004,CH02
T006135,C03429,2025-09-09 00:00:00,CMP003,CH02
T006136,C03430,2025-10-21 00:00:00,CMP002,CH01
T006137,C03430,2025-10-27 03:42:00,CMP005,CH03
T006138,C03432,2025-02-20 00:00:00,CMP002,CH01
T006139,C03432,2025-02-27 22:41:00,CMP002,CH01
T006140,C03434,2025-04-19 00:00:00,CMP002,CH01
T006141,C03434,2025-04-20 14:11:00,CMP003,CH02
T006142,C03436,2025-09-22 00:00:00,CMP001,CH01
T006143,C03436,2025-09-25 07:57:00,CMP003,CH02
T006144,C03436,2025-09-26 20:49:00,CMP003,CH02
T006145,C03437,2025-03-28 00:00:00,CMP005,CH03
T006146,C03437,2025-04-03 00:52:00,CMP003,CH02
T006147,C03437,2025-04-04 15:51:00,CMP001,CH01
T006148,C03438,2025-05-09 00:00:00,CMP002,CH01
T006149,C03439,2025-12-10 00:00:00,CMP001,CH01
T006150,C03442,2025-11-09 00:00:00,CMP003,CH02
T006151,C03443,2025-04-29 00:00:00,CMP001,CH01
T006152,C03443,2025-04-30 05:31:00,CMP003,CH02
T006153,C03443,2025-05-04 13:16:00,CMP005,CH03
T006154,C03444,2025-09-12 00:00:00,CMP001,CH01
T006155,C03445,2025-05-15 00:00:00,CMP004,CH02
T006156,C03446,2025-06-19 00:00:00,CMP003,CH02
T006157,C03446,2025-06-22 14:14:00,CMP002,CH01
T006158,C03446,2025-06-25 18:24:00,CMP002,CH01
T006159,C03447,2025-10-29 00:00:00,CMP001,CH01
T006160,C03447,2025-11-05 11:55:00,CMP001,CH01
T006161,C03449,2025-06-06 00:00:00,CMP004,CH02
T006162,C03449,2025-06-07 06:43:00,CMP003,CH02
T006163,C03450,2025-03-16 00:00:00,CMP002,CH01
T006164,C03450,2025-03-22 12:52:00,CMP001,CH01
T006165,C03451,2025-08-23 00:00:00,CMP001,CH01
T006166,C03451,2025-08-26 00:44:00,CMP002,CH01
T006167,C03452,2025-07-18 00:00:00,CMP002,CH01
T006168,C03453,2025-02-15 00:00:00,CMP004,CH02
T006169,C03453,2025-02-19 11:26:00,CMP002,CH01
T006170,C03455,2025-07-04 00:00:00,CMP005,CH03
T006171,C03456,2025-07-31 00:00:00,CMP001,CH01
T006172,C03458,2025-03-27 00:00:00,CMP001,CH01
T006173,C03458,2025-03-30 06:23:00,CMP004,CH02
T006174,C03459,2025-11-02 00:00:00,CMP002,CH01
T006175,C03459,2025-11-07 09:23:00,CMP004,CH02
T006176,C03460,2025-02-02 00:00:00,CMP003,CH02
T006177,C03461,2025-05-19 00:00:00,CMP003,CH02
T006178,C03462,2025-02-22 00:00:00,CMP001,CH01
T006179,C03462,2025-03-01 16:43:00,CMP004,CH02
T006180,C03463,2025-04-07 00:00:00,CMP002,CH01
T006181,C03463,2025-04-11 13:22:00,CMP004,CH02
T006182,C03464,2025-02-10 00:00:00,CMP001,CH01
T006183,C03464,2025-02-16 02:15:00,CMP001,CH01
T006184,C03465,2025-04-18 00:00:00,CMP003,CH02
T006185,C03465,2025-04-24 08:11:00,CMP001,CH01
T006186,C03467,2025-06-21 00:00:00,CMP002,CH01
T006187,C03469,2025-05-28 00:00:00,CMP003,CH02
T006188,C03469,2025-06-02 22:40:00,CMP001,CH01
T006189,C03469,2025-06-07 14:52:00,CMP003,CH02
T006190,C03470,2025-05-27 00:00:00,CMP001,CH01
T006191,C03471,2025-06-23 00:00:00,CMP001,CH01
T006192,C03471,2025-06-24 11:04:00,CMP002,CH01
T006193,C03472,2025-01-11 00:00:00,CMP005,CH03
T006194,C03473,2025-10-17 00:00:00,CMP004,CH02
T006195,C03473,2025-10-23 04:47:00,CMP002,CH01
T006196,C03473,2025-10-24 16:17:00,CMP004,CH02
T006197,C03475,2025-12-07 00:00:00,CMP005,CH03
T006198,C03475,2025-12-08 06:52:00,CMP001,CH01
T006199,C03476,2025-10-26 00:00:00,CMP002,CH01
T006200,C03477,2025-08-02 00:00:00,CMP003,CH02
T006201,C03478,2025-07-01 00:00:00,CMP005,CH03
T006202,C03478,2025-07-02 08:08:00,CMP005,CH03
T006203,C03479,2025-03-07 00:00:00,CMP001,CH01
T006204,C03480,2025-02-24 00:00:00,CMP002,CH01
T006205,C03480,2025-02-25 08:20:00,CMP001,CH01
T006206,C03480,2025-03-02 20:51:00,CMP003,CH02
T006207,C03481,2025-01-17 00:00:00,CMP004,CH02
T006208,C03481,2025-01-18 21:07:00,CMP003,CH02
T006209,C03482,2025-08-05 00:00:00,CMP003,CH02
T006210,C03483,2025-12-18 00:00:00,CMP002,CH01
T006211,C03484,2025-11-09 00:00:00,CMP003,CH02
T006212,C03484,2025-11-11 06:45:00,CMP002,CH01
T006213,C03486,2025-01-18 00:00:00,CMP004,CH02
T006214,C03486,2025-01-25 10:28:00,CMP001,CH01
T006215,C03487,2025-10-08 00:00:00,CMP001,CH01
T006216,C03487,2025-10-11 10:21:00,CMP001,CH01
T006217,C03488,2025-03-24 00:00:00,CMP003,CH02
T006218,C03488,2025-03-25 05:56:00,CMP001,CH01
T006219,C03489,2025-10-26 00:00:00,CMP001,CH01
T006220,C03489,2025-10-31 19:48:00,CMP003,CH02
T006221,C03489,2025-11-05 12:26:00,CMP005,CH03
T006222,C03489,2025-11-11 11:49:00,CMP001,CH01
T006223,C03490,2025-10-19 00:00:00,CMP005,CH03
T006224,C03490,2025-10-24 18:38:00,CMP003,CH02
T006225,C03490,2025-10-31 10:44:00,CMP005,CH03
T006226,C03492,2025-10-18 00:00:00,CMP002,CH01
T006227,C03492,2025-10-25 21:29:00,CMP002,CH01
T006228,C03492,2025-10-27 02:44:00,CMP005,CH03
T006229,C03494,2025-01-19 00:00:00,CMP001,CH01
T006230,C03494,2025-01-20 11:21:00,CMP001,CH01
T006231,C03494,2025-01-27 21:54:00,CMP004,CH02
T006232,C03496,2025-04-14 00:00:00,CMP001,CH01
T006233,C03497,2025-10-31 00:00:00,CMP003,CH02
T006234,C03497,2025-11-04 13:32:00,CMP002,CH01
T006235,C03497,2025-11-10 01:24:00,CMP003,CH02
T006236,C03498,2025-07-17 00:00:00,CMP001,CH01
T006237,C03499,2025-07-27 00:00:00,CMP002,CH01
T006238,C03499,2025-08-03 02:19:00,CMP004,CH02
T006239,C03499,2025-08-06 16:32:00,CMP004,CH02
T006240,C03500,2025-05-29 00:00:00,CMP004,CH02
T006241,C03500,2025-05-30 00:21:00,CMP002,CH01
T006242,C03500,2025-06-03 03:03:00,CMP001,CH01
T006243,C03502,2025-03-15 00:00:00,CMP002,CH01
T006244,C03502,2025-03-20 13:02:00,CMP003,CH02
T006245,C03502,2025-03-27 06:39:00,CMP004,CH02
T006246,C03502,2025-04-01 19:18:00,CMP002,CH01
T006247,C03503,2025-04-15 00:00:00,CMP002,CH01
T006248,C03503,2025-04-17 06:06:00,CMP002,CH01
T006249,C03504,2025-03-28 00:00:00,CMP002,CH01
T006250,C03504,2025-04-04 17:27:00,CMP001,CH01
T006251,C03505,2025-11-16 00:00:00,CMP004,CH02
T006252,C03506,2025-01-25 00:00:00,CMP003,CH02
T006253,C03506,2025-02-01 23:46:00,CMP004,CH02
T006254,C03507,2025-06-04 00:00:00,CMP004,CH02
T006255,C03507,2025-06-07 00:22:00,CMP004,CH02
T006256,C03509,2025-12-27 00:00:00,CMP001,CH01
T006257,C03509,2025-12-30 15:40:00,CMP002,CH01
T006258,C03510,2025-04-23 00:00:00,CMP004,CH02
T006259,C03510,2025-04-26 02:56:00,CMP001,CH01
T006260,C03511,2025-06-13 00:00:00,CMP003,CH02
T006261,C03511,2025-06-19 07:44:00,CMP003,CH02
T006262,C03512,2025-11-04 00:00:00,CMP005,CH03
T006263,C03514,2025-05-10 00:00:00,CMP001,CH01
T006264,C03514,2025-05-11 14:18:00,CMP004,CH02
T006265,C03515,2025-10-20 00:00:00,CMP003,CH02
T006266,C03515,2025-10-27 23:51:00,CMP004,CH02
T006267,C03516,2025-04-06 00:00:00,CMP002,CH01
T006268,C03516,2025-04-13 13:32:00,CMP004,CH02
T006269,C03516,2025-04-15 07:38:00,CMP003,CH02
T006270,C03517,2025-07-16 00:00:00,CMP002,CH01
T006271,C03518,2025-01-21 00:00:00,CMP003,CH02
T006272,C03518,2025-01-25 00:10:00,CMP001,CH01
T006273,C03518,2025-02-01 14:47:00,CMP004,CH02
T006274,C03519,2025-02-21 00:00:00,CMP004,CH02
T006275,C03520,2025-08-29 00:00:00,CMP002,CH01
T006276,C03521,2025-03-11 00:00:00,CMP003,CH02
T006277,C03521,2025-03-14 06:15:00,CMP002,CH01
T006278,C03522,2025-06-07 00:00:00,CMP004,CH02
T006279,C03523,2025-06-26 00:00:00,CMP003,CH02
T006280,C03523,2025-06-28 11:12:00,CMP002,CH01
T006281,C03523,2025-07-02 15:14:00,CMP003,CH02
T006282,C03524,2025-01-04 00:00:00,CMP001,CH01
T006283,C03525,2025-10-22 00:00:00,CMP005,CH03
T006284,C03525,2025-10-26 08:28:00,CMP004,CH02
T006285,C03525,2025-10-27 15:27:00,CMP005,CH03
T006286,C03525,2025-10-28 18:49:00,CMP001,CH01
T006287,C03526,2025-10-04 00:00:00,CMP004,CH02
T006288,C03526,2025-10-10 09:10:00,CMP001,CH01
T006289,C03526,2025-10-16 22:22:00,CMP001,CH01
T006290,C03527,2025-11-11 00:00:00,CMP001,CH01
T006291,C03527,2025-11-13 20:41:00,CMP005,CH03
T006292,C03528,2025-07-02 00:00:00,CMP004,CH02
T006293,C03529,2025-12-30 00:00:00,CMP002,CH01
T006294,C03529,2026-01-03 02:13:00,CMP002,CH01
T006295,C03529,2026-01-08 00:25:00,CMP002,CH01
T006296,C03530,2025-09-21 00:00:00,CMP004,CH02
T006297,C03531,2025-12-18 00:00:00,CMP001,CH01
T006298,C03531,2025-12-21 16:42:00,CMP002,CH01
T006299,C03531,2025-12-24 15:20:00,CMP002,CH01
T006300,C03532,2025-11-02 00:00:00,CMP004,CH02
T006301,C03532,2025-11-05 14:29:00,CMP002,CH01
T006302,C03533,2025-03-03 00:00:00,CMP003,CH02
T006303,C03534,2025-01-04 00:00:00,CMP005,CH03
T006304,C03534,2025-01-07 02:09:00,CMP001,CH01
T006305,C03535,2025-05-24 00:00:00,CMP001,CH01
T006306,C03536,2025-01-05 00:00:00,CMP004,CH02
T006307,C03536,2025-01-09 10:00:00,CMP001,CH01
T006308,C03536,2025-01-11 14:31:00,CMP003,CH02
T006309,C03537,2025-05-10 00:00:00,CMP001,CH01
T006310,C03537,2025-05-11 21:22:00,CMP001,CH01
T006311,C03538,2025-07-31 00:00:00,CMP005,CH03
T006312,C03539,2025-02-07 00:00:00,CMP001,CH01
T006313,C03540,2025-05-26 00:00:00,CMP001,CH01
T006314,C03540,2025-05-30 13:32:00,CMP003,CH02
T006315,C03540,2025-06-07 05:11:00,CMP005,CH03
T006316,C03541,2025-11-19 00:00:00,CMP004,CH02
T006317,C03542,2025-12-30 00:00:00,CMP001,CH01
T006318,C03542,2026-01-06 02:44:00,CMP001,CH01
T006319,C03543,2025-10-15 00:00:00,CMP004,CH02
T006320,C03543,2025-10-21 17:08:00,CMP004,CH02
T006321,C03544,2025-08-02 00:00:00,CMP003,CH02
T006322,C03544,2025-08-06 03:38:00,CMP003,CH02
T006323,C03545,2025-11-16 00:00:00,CMP001,CH01
T006324,C03545,2025-11-21 11:07:00,CMP002,CH01
T006325,C03545,2025-11-25 22:34:00,CMP005,CH03
T006326,C03547,2025-10-06 00:00:00,CMP002,CH01
T006327,C03547,2025-10-09 22:09:00,CMP002,CH01
T006328,C03547,2025-10-17 11:41:00,CMP004,CH02
T006329,C03548,2025-06-10 00:00:00,CMP004,CH02
T006330,C03548,2025-06-11 09:49:00,CMP001,CH01
T006331,C03548,2025-06-13 04:47:00,CMP002,CH01
T006332,C03550,2025-03-28 00:00:00,CMP003,CH02
T006333,C03551,2025-08-20 00:00:00,CMP003,CH02
T006334,C03552,2025-01-23 00:00:00,CMP002,CH01
T006335,C03555,2025-04-24 00:00:00,CMP002,CH01
T006336,C03555,2025-04-30 15:47:00,CMP004,CH02
T006337,C03555,2025-05-07 14:51:00,CMP001,CH01
T006338,C03556,2025-11-29 00:00:00,CMP001,CH01
T006339,C03556,2025-12-01 16:40:00,CMP004,CH02
T006340,C03558,2025-12-26 00:00:00,CMP004,CH02
T006341,C03558,2025-12-27 22:43:00,CMP001,CH01
T006342,C03558,2026-01-03 02:45:00,CMP002,CH01
T006343,C03558,2026-01-05 08:47:00,CMP004,CH02
T006344,C03560,2025-04-24 00:00:00,CMP001,CH01
T006345,C03560,2025-04-29 19:43:00,CMP002,CH01
T006346,C03561,2025-11-17 00:00:00,CMP004,CH02
T006347,C03561,2025-11-22 18:31:00,CMP004,CH02
T006348,C03561,2025-11-27 02:05:00,CMP004,CH02
T006349,C03561,2025-12-01 21:15:00,CMP002,CH01
T006350,C03562,2025-03-22 00:00:00,CMP001,CH01
T006351,C03562,2025-03-23 20:35:00,CMP004,CH02
T006352,C03562,2025-03-26 01:12:00,CMP004,CH02
T006353,C03562,2025-04-02 14:33:00,CMP001,CH01
T006354,C03563,2025-07-12 00:00:00,CMP002,CH01
T006355,C03563,2025-07-15 06:01:00,CMP004,CH02
T006356,C03563,2025-07-17 06:25:00,CMP003,CH02
T006357,C03564,2025-10-13 00:00:00,CMP003,CH02
T006358,C03564,2025-10-20 18:39:00,CMP003,CH02
T006359,C03564,2025-10-26 11:23:00,CMP002,CH01
T006360,C03564,2025-10-27 17:16:00,CMP003,CH02
T006361,C03564,2025-10-28 19:29:00,CMP001,CH01
T006362,C03565,2025-11-28 00:00:00,CMP001,CH01
T006363,C03566,2025-12-28 00:00:00,CMP003,CH02
T006364,C03567,2025-08-13 00:00:00,CMP003,CH02
T006365,C03567,2025-08-15 06:01:00,CMP003,CH02
T006366,C03567,2025-08-16 20:49:00,CMP005,CH03
T006367,C03567,2025-08-22 06:52:00,CMP004,CH02
T006368,C03568,2025-08-14 00:00:00,CMP001,CH01
T006369,C03568,2025-08-21 18:10:00,CMP003,CH02
T006370,C03568,2025-08-27 18:19:00,CMP004,CH02
T006371,C03569,2025-02-27 00:00:00,CMP004,CH02
T006372,C03569,2025-03-03 02:43:00,CMP002,CH01
T006373,C03569,2025-03-06 00:09:00,CMP004,CH02
T006374,C03571,2025-06-19 00:00:00,CMP005,CH03
T006375,C03571,2025-06-20 20:41:00,CMP002,CH01
T006376,C03571,2025-06-23 04:13:00,CMP001,CH01
T006377,C03572,2025-09-05 00:00:00,CMP004,CH02
T006378,C03572,2025-09-08 02:02:00,CMP001,CH01
T006379,C03573,2025-06-21 00:00:00,CMP003,CH02
T006380,C03573,2025-06-22 22:20:00,CMP001,CH01
T006381,C03574,2025-02-12 00:00:00,CMP004,CH02
T006382,C03574,2025-02-14 10:31:00,CMP003,CH02
T006383,C03575,2025-05-23 00:00:00,CMP004,CH02
T006384,C03576,2025-02-24 00:00:00,CMP004,CH02
T006385,C03576,2025-02-26 21:58:00,CMP003,CH02
T006386,C03576,2025-03-06 01:47:00,CMP001,CH01
T006387,C03577,2025-06-23 00:00:00,CMP003,CH02
T006388,C03578,2025-03-03 00:00:00,CMP004,CH02
T006389,C03579,2025-03-03 00:00:00,CMP004,CH02
T006390,C03580,2025-03-09 00:00:00,CMP001,CH01
T006391,C03580,2025-03-15 11:15:00,CMP004,CH02
T006392,C03582,2025-09-19 00:00:00,CMP003,CH02
T006393,C03582,2025-09-20 08:03:00,CMP003,CH02
T006394,C03583,2025-08-08 00:00:00,CMP001,CH01
T006395,C03583,2025-08-09 12:31:00,CMP004,CH02
T006396,C03584,2025-07-23 00:00:00,CMP003,CH02
T006397,C03584,2025-07-25 14:33:00,CMP004,CH02
T006398,C03584,2025-07-31 07:50:00,CMP004,CH02
T006399,C03586,2025-02-15 00:00:00,CMP003,CH02
T006400,C03586,2025-02-22 19:12:00,CMP004,CH02
T006401,C03586,2025-02-28 02:31:00,CMP002,CH01
T006402,C03589,2025-02-15 00:00:00,CMP001,CH01
T006403,C03590,2025-04-30 00:00:00,CMP005,CH03
T006404,C03590,2025-05-06 17:01:00,CMP001,CH01
T006405,C03591,2025-12-27 00:00:00,CMP001,CH01
T006406,C03591,2025-12-30 16:11:00,CMP002,CH01
T006407,C03592,2025-04-30 00:00:00,CMP001,CH01
T006408,C03592,2025-05-07 09:19:00,CMP002,CH01
T006409,C03593,2025-03-17 00:00:00,CMP004,CH02
T006410,C03593,2025-03-22 13:14:00,CMP002,CH01
T006411,C03593,2025-03-29 14:02:00,CMP001,CH01
T006412,C03594,2025-11-08 00:00:00,CMP001,CH01
T006413,C03594,2025-11-11 11:00:00,CMP001,CH01
T006414,C03595,2025-02-14 00:00:00,CMP001,CH01
T006415,C03596,2025-07-19 00:00:00,CMP004,CH02
T006416,C03596,2025-07-20 15:00:00,CMP002,CH01
T006417,C03597,2025-10-12 00:00:00,CMP004,CH02
T006418,C03597,2025-10-19 13:19:00,CMP004,CH02
T006419,C03598,2025-11-25 00:00:00,CMP005,CH03
T006420,C03599,2025-06-08 00:00:00,CMP004,CH02
T006421,C03600,2025-07-19 00:00:00,CMP003,CH02
T006422,C03601,2025-05-11 00:00:00,CMP004,CH02
T006423,C03601,2025-05-12 10:23:00,CMP002,CH01
T006424,C03601,2025-05-19 19:54:00,CMP004,CH02
T006425,C03602,2025-10-20 00:00:00,CMP002,CH01
T006426,C03602,2025-10-22 20:25:00,CMP001,CH01
T006427,C03604,2025-12-05 00:00:00,CMP005,CH03
T006428,C03604,2025-12-10 21:58:00,CMP002,CH01
T006429,C03605,2025-04-10 00:00:00,CMP001,CH01
T006430,C03605,2025-04-15 00:04:00,CMP002,CH01
T006431,C03606,2025-09-27 00:00:00,CMP005,CH03
T006432,C03606,2025-09-29 14:08:00,CMP001,CH01
T006433,C03606,2025-10-05 01:58:00,CMP003,CH02
T006434,C03606,2025-10-07 13:30:00,CMP005,CH03
T006435,C03607,2025-01-27 00:00:00,CMP004,CH02
T006436,C03607,2025-01-30 15:02:00,CMP004,CH02
T006437,C03607,2025-02-03 13:31:00,CMP001,CH01
T006438,C03608,2025-07-18 00:00:00,CMP005,CH03
T006439,C03608,2025-07-22 22:17:00,CMP001,CH01
T006440,C03609,2025-08-23 00:00:00,CMP001,CH01
T006441,C03609,2025-08-27 03:05:00,CMP004,CH02
T006442,C03610,2025-02-23 00:00:00,CMP003,CH02
T006443,C03610,2025-03-01 00:44:00,CMP002,CH01
T006444,C03610,2025-03-06 18:56:00,CMP004,CH02
T006445,C03611,2025-04-06 00:00:00,CMP004,CH02
T006446,C03611,2025-04-10 05:23:00,CMP004,CH02
T006447,C03611,2025-04-13 09:45:00,CMP002,CH01
T006448,C03612,2025-05-02 00:00:00,CMP001,CH01
T006449,C03612,2025-05-09 19:51:00,CMP003,CH02
T006450,C03613,2025-09-22 00:00:00,CMP002,CH01
T006451,C03614,2025-12-20 00:00:00,CMP003,CH02
T006452,C03614,2025-12-26 06:48:00,CMP001,CH01
T006453,C03614,2025-12-29 13:05:00,CMP005,CH03
T006454,C03615,2025-09-11 00:00:00,CMP003,CH02
T006455,C03615,2025-09-13 04:52:00,CMP004,CH02
T006456,C03615,2025-09-20 02:52:00,CMP001,CH01
T006457,C03615,2025-09-22 10:49:00,CMP003,CH02
T006458,C03616,2025-05-24 00:00:00,CMP001,CH01
T006459,C03616,2025-05-26 15:59:00,CMP004,CH02
T006460,C03617,2025-12-03 00:00:00,CMP003,CH02
T006461,C03617,2025-12-10 00:06:00,CMP004,CH02
T006462,C03618,2025-01-01 00:00:00,CMP001,CH01
T006463,C03620,2025-12-11 00:00:00,CMP004,CH02
T006464,C03620,2025-12-18 19:02:00,CMP003,CH02
T006465,C03620,2025-12-23 20:11:00,CMP003,CH02
T006466,C03621,2025-05-19 00:00:00,CMP002,CH01
T006467,C03621,2025-05-23 19:54:00,CMP001,CH01
T006468,C03623,2025-04-09 00:00:00,CMP004,CH02
T006469,C03624,2025-04-07 00:00:00,CMP002,CH01
T006470,C03624,2025-04-11 18:58:00,CMP005,CH03
T006471,C03624,2025-04-13 08:42:00,CMP001,CH01
T006472,C03626,2025-08-22 00:00:00,CMP005,CH03
T006473,C03626,2025-08-26 10:11:00,CMP003,CH02
T006474,C03626,2025-09-02 07:47:00,CMP004,CH02
T006475,C03627,2025-02-20 00:00:00,CMP002,CH01
T006476,C03628,2025-08-25 00:00:00,CMP005,CH03
T006477,C03628,2025-08-30 23:05:00,CMP003,CH02
T006478,C03628,2025-09-03 02:49:00,CMP001,CH01
T006479,C03629,2025-08-30 00:00:00,CMP001,CH01
T006480,C03629,2025-08-31 17:51:00,CMP005,CH03
T006481,C03630,2025-03-25 00:00:00,CMP002,CH01
T006482,C03631,2025-10-02 00:00:00,CMP003,CH02
T006483,C03631,2025-10-09 12:28:00,CMP003,CH02
T006484,C03632,2025-02-21 00:00:00,CMP001,CH01
T006485,C03632,2025-02-26 03:58:00,CMP003,CH02
T006486,C03632,2025-03-03 18:01:00,CMP002,CH01
T006487,C03632,2025-03-07 16:06:00,CMP002,CH01
T006488,C03634,2025-11-16 00:00:00,CMP004,CH02
T006489,C03638,2025-10-10 00:00:00,CMP005,CH03
T006490,C03638,2025-10-16 05:34:00,CMP003,CH02
T006491,C03639,2025-04-01 00:00:00,CMP002,CH01
T006492,C03640,2025-07-03 00:00:00,CMP004,CH02
T006493,C03640,2025-07-10 05:13:00,CMP002,CH01
T006494,C03640,2025-07-12 21:11:00,CMP001,CH01
T006495,C03641,2025-05-04 00:00:00,CMP002,CH01
T006496,C03641,2025-05-11 09:19:00,CMP002,CH01
T006497,C03641,2025-05-16 19:10:00,CMP005,CH03
T006498,C03644,2025-01-22 00:00:00,CMP004,CH02
T006499,C03645,2025-07-18 00:00:00,CMP003,CH02
T006500,C03645,2025-07-19 15:29:00,CMP004,CH02
T006501,C03645,2025-07-25 21:32:00,CMP004,CH02
T006502,C03645,2025-07-30 16:31:00,CMP001,CH01
T006503,C03646,2025-10-20 00:00:00,CMP003,CH02
T006504,C03646,2025-10-26 20:50:00,CMP004,CH02
T006505,C03646,2025-11-01 05:15:00,CMP002,CH01
T006506,C03646,2025-11-02 19:16:00,CMP003,CH02
T006507,C03647,2025-04-21 00:00:00,CMP004,CH02
T006508,C03647,2025-04-24 12:46:00,CMP005,CH03
T006509,C03647,2025-04-28 04:30:00,CMP002,CH01
T006510,C03648,2025-01-18 00:00:00,CMP001,CH01
T006511,C03648,2025-01-19 11:29:00,CMP004,CH02
T006512,C03649,2025-01-12 00:00:00,CMP001,CH01
T006513,C03649,2025-01-13 08:19:00,CMP002,CH01
T006514,C03650,2025-07-15 00:00:00,CMP003,CH02
T006515,C03650,2025-07-16 11:46:00,CMP002,CH01
T006516,C03650,2025-07-19 03:09:00,CMP002,CH01
T006517,C03651,2025-08-19 00:00:00,CMP002,CH01
T006518,C03655,2025-04-19 00:00:00,CMP003,CH02
T006519,C03655,2025-04-20 10:12:00,CMP002,CH01
T006520,C03655,2025-04-22 09:26:00,CMP003,CH02
T006521,C03655,2025-04-28 22:10:00,CMP004,CH02
T006522,C03656,2025-04-21 00:00:00,CMP001,CH01
T006523,C03657,2025-04-09 00:00:00,CMP004,CH02
T006524,C03657,2025-04-11 07:41:00,CMP002,CH01
T006525,C03657,2025-04-15 19:07:00,CMP002,CH01
T006526,C03657,2025-04-21 04:06:00,CMP002,CH01
T006527,C03657,2025-04-28 21:26:00,CMP001,CH01
T006528,C03658,2025-05-31 00:00:00,CMP003,CH02
T006529,C03658,2025-06-02 13:41:00,CMP005,CH03
T006530,C03658,2025-06-08 06:16:00,CMP004,CH02
T006531,C03658,2025-06-12 20:38:00,CMP002,CH01
T006532,C03658,2025-06-19 06:05:00,CMP004,CH02
T006533,C03659,2025-10-09 00:00:00,CMP002,CH01
T006534,C03659,2025-10-16 09:23:00,CMP001,CH01
T006535,C03661,2025-08-18 00:00:00,CMP003,CH02
T006536,C03661,2025-08-21 12:34:00,CMP003,CH02
T006537,C03662,2025-07-05 00:00:00,CMP001,CH01
T006538,C03662,2025-07-08 04:11:00,CMP003,CH02
T006539,C03662,2025-07-12 10:31:00,CMP001,CH01
T006540,C03663,2025-05-04 00:00:00,CMP002,CH01
T006541,C03663,2025-05-10 02:17:00,CMP002,CH01
T006542,C03664,2025-08-16 00:00:00,CMP005,CH03
T006543,C03664,2025-08-23 06:37:00,CMP002,CH01
T006544,C03665,2025-09-26 00:00:00,CMP003,CH02
T006545,C03666,2025-10-19 00:00:00,CMP005,CH03
T006546,C03666,2025-10-20 13:42:00,CMP003,CH02
T006547,C03667,2025-12-08 00:00:00,CMP004,CH02
T006548,C03668,2025-01-05 00:00:00,CMP002,CH01
T006549,C03670,2025-06-16 00:00:00,CMP002,CH01
T006550,C03670,2025-06-19 12:11:00,CMP001,CH01
T006551,C03670,2025-06-21 00:24:00,CMP002,CH01
T006552,C03670,2025-06-25 10:29:00,CMP003,CH02
T006553,C03671,2025-04-30 00:00:00,CMP001,CH01
T006554,C03672,2025-04-30 00:00:00,CMP004,CH02
T006555,C03673,2025-09-05 00:00:00,CMP003,CH02
T006556,C03673,2025-09-10 23:53:00,CMP004,CH02
T006557,C03673,2025-09-17 16:20:00,CMP002,CH01
T006558,C03674,2025-07-29 00:00:00,CMP004,CH02
T006559,C03674,2025-08-05 03:31:00,CMP001,CH01
T006560,C03676,2025-11-11 00:00:00,CMP002,CH01
T006561,C03676,2025-11-12 03:57:00,CMP004,CH02
T006562,C03676,2025-11-15 15:41:00,CMP004,CH02
T006563,C03677,2025-03-10 00:00:00,CMP002,CH01
T006564,C03678,2025-12-03 00:00:00,CMP005,CH03
T006565,C03679,2025-08-20 00:00:00,CMP005,CH03
T006566,C03679,2025-08-22 10:07:00,CMP002,CH01
T006567,C03679,2025-08-24 14:07:00,CMP005,CH03
T006568,C03680,2025-03-05 00:00:00,CMP001,CH01
T006569,C03680,2025-03-11 02:32:00,CMP001,CH01
T006570,C03680,2025-03-13 05:19:00,CMP002,CH01
T006571,C03682,2025-10-01 00:00:00,CMP002,CH01
T006572,C03682,2025-10-07 10:52:00,CMP004,CH02
T006573,C03683,2025-05-29 00:00:00,CMP003,CH02
T006574,C03683,2025-05-31 04:35:00,CMP001,CH01
T006575,C03683,2025-06-05 06:47:00,CMP001,CH01
T006576,C03684,2025-11-21 00:00:00,CMP001,CH01
T006577,C03684,2025-11-25 18:51:00,CMP004,CH02
T006578,C03685,2025-10-28 00:00:00,CMP003,CH02
T006579,C03687,2025-09-22 00:00:00,CMP004,CH02
T006580,C03689,2025-08-21 00:00:00,CMP004,CH02
T006581,C03689,2025-08-26 08:48:00,CMP002,CH01
T006582,C03690,2025-04-08 00:00:00,CMP002,CH01
T006583,C03690,2025-04-14 04:16:00,CMP005,CH03
T006584,C03690,2025-04-18 23:49:00,CMP002,CH01
T006585,C03690,2025-04-24 17:28:00,CMP004,CH02
T006586,C03691,2025-01-15 00:00:00,CMP003,CH02
T006587,C03693,2025-08-02 00:00:00,CMP001,CH01
T006588,C03693,2025-08-09 13:18:00,CMP002,CH01
T006589,C03693,2025-08-13 06:15:00,CMP003,CH02
T006590,C03693,2025-08-19 00:50:00,CMP002,CH01
T006591,C03694,2025-05-05 00:00:00,CMP001,CH01
T006592,C03696,2025-03-13 00:00:00,CMP003,CH02
T006593,C03696,2025-03-14 18:11:00,CMP002,CH01
T006594,C03697,2025-01-23 00:00:00,CMP003,CH02
T006595,C03697,2025-01-24 21:05:00,CMP001,CH01
T006596,C03698,2025-12-02 00:00:00,CMP001,CH01
T006597,C03699,2025-02-10 00:00:00,CMP001,CH01
T006598,C03699,2025-02-15 08:02:00,CMP002,CH01
T006599,C03699,2025-02-22 11:47:00,CMP002,CH01
T006600,C03700,2025-01-01 00:00:00,CMP004,CH02
T006601,C03700,2025-01-08 14:31:00,CMP002,CH01
T006602,C03701,2025-04-16 00:00:00,CMP001,CH01
T006603,C03701,2025-04-22 13:01:00,CMP002,CH01
T006604,C03701,2025-04-26 03:33:00,CMP004,CH02
T006605,C03702,2025-05-12 00:00:00,CMP004,CH02
T006606,C03702,2025-05-15 13:17:00,CMP005,CH03
T006607,C03702,2025-05-17 16:06:00,CMP001,CH01
T006608,C03703,2025-04-29 00:00:00,CMP003,CH02
T006609,C03703,2025-05-05 11:51:00,CMP002,CH01
T006610,C03704,2025-09-04 00:00:00,CMP001,CH01
T006611,C03704,2025-09-10 11:35:00,CMP002,CH01
T006612,C03704,2025-09-12 14:14:00,CMP002,CH01
T006613,C03704,2025-09-18 23:02:00,CMP002,CH01
T006614,C03704,2025-09-24 12:36:00,CMP001,CH01
T006615,C03705,2025-12-15 00:00:00,CMP003,CH02
T006616,C03705,2025-12-16 04:22:00,CMP005,CH03
T006617,C03705,2025-12-19 20:54:00,CMP003,CH02
T006618,C03705,2025-12-22 20:33:00,CMP001,CH01
T006619,C03706,2025-05-17 00:00:00,CMP001,CH01
T006620,C03706,2025-05-24 10:29:00,CMP001,CH01
T006621,C03706,2025-05-29 01:26:00,CMP001,CH01
T006622,C03708,2025-11-30 00:00:00,CMP004,CH02
T006623,C03708,2025-12-02 09:16:00,CMP004,CH02
T006624,C03708,2025-12-09 19:35:00,CMP004,CH02
T006625,C03710,2025-08-13 00:00:00,CMP001,CH01
T006626,C03710,2025-08-15 03:23:00,CMP004,CH02
T006627,C03711,2025-09-07 00:00:00,CMP001,CH01
T006628,C03711,2025-09-13 01:08:00,CMP002,CH01
T006629,C03711,2025-09-17 10:28:00,CMP003,CH02
T006630,C03713,2025-05-24 00:00:00,CMP005,CH03
T006631,C03714,2025-12-29 00:00:00,CMP001,CH01
T006632,C03714,2025-12-30 18:00:00,CMP001,CH01
T006633,C03714,2026-01-03 11:43:00,CMP002,CH01
T006634,C03715,2025-12-15 00:00:00,CMP001,CH01
T006635,C03716,2025-04-06 00:00:00,CMP002,CH01
T006636,C03718,2025-04-05 00:00:00,CMP001,CH01
T006637,C03718,2025-04-06 05:15:00,CMP003,CH02
T006638,C03719,2025-10-08 00:00:00,CMP001,CH01
T006639,C03719,2025-10-10 13:26:00,CMP005,CH03
T006640,C03719,2025-10-18 12:06:00,CMP002,CH01
T006641,C03720,2025-06-10 00:00:00,CMP003,CH02
T006642,C03720,2025-06-15 00:46:00,CMP004,CH02
T006643,C03720,2025-06-21 04:22:00,CMP004,CH02
T006644,C03721,2025-12-05 00:00:00,CMP005,CH03
T006645,C03721,2025-12-07 11:26:00,CMP001,CH01
T006646,C03722,2025-02-07 00:00:00,CMP004,CH02
T006647,C03724,2025-09-18 00:00:00,CMP002,CH01
T006648,C03724,2025-09-24 01:00:00,CMP001,CH01
T006649,C03724,2025-10-01 05:11:00,CMP001,CH01
T006650,C03724,2025-10-02 16:26:00,CMP001,CH01
T006651,C03725,2025-10-22 00:00:00,CMP004,CH02
T006652,C03725,2025-10-26 01:33:00,CMP003,CH02
T006653,C03726,2025-08-17 00:00:00,CMP001,CH01
T006654,C03726,2025-08-24 00:55:00,CMP001,CH01
T006655,C03727,2025-08-27 00:00:00,CMP004,CH02
T006656,C03727,2025-09-01 19:46:00,CMP001,CH01
T006657,C03728,2025-07-20 00:00:00,CMP002,CH01
T006658,C03728,2025-07-21 23:25:00,CMP003,CH02
T006659,C03728,2025-07-28 22:57:00,CMP002,CH01
T006660,C03729,2025-08-27 00:00:00,CMP005,CH03
T006661,C03730,2025-06-28 00:00:00,CMP001,CH01
T006662,C03733,2025-01-08 00:00:00,CMP002,CH01
T006663,C03733,2025-01-10 04:47:00,CMP002,CH01
T006664,C03733,2025-01-17 06:46:00,CMP003,CH02
T006665,C03733,2025-01-23 17:55:00,CMP004,CH02
T006666,C03734,2025-08-07 00:00:00,CMP003,CH02
T006667,C03734,2025-08-10 20:47:00,CMP002,CH01
T006668,C03734,2025-08-14 09:21:00,CMP002,CH01
T006669,C03734,2025-08-18 22:10:00,CMP003,CH02
T006670,C03734,2025-08-25 21:55:00,CMP002,CH01
T006671,C03737,2025-09-16 00:00:00,CMP002,CH01
T006672,C03739,2025-01-07 00:00:00,CMP004,CH02
T006673,C03739,2025-01-08 06:48:00,CMP005,CH03
T006674,C03739,2025-01-12 15:00:00,CMP002,CH01
T006675,C03741,2025-09-01 00:00:00,CMP001,CH01
T006676,C03742,2025-03-17 00:00:00,CMP002,CH01
T006677,C03742,2025-03-23 21:43:00,CMP003,CH02
T006678,C03742,2025-03-26 05:13:00,CMP002,CH01
T006679,C03742,2025-04-02 10:54:00,CMP004,CH02
T006680,C03743,2025-06-18 00:00:00,CMP001,CH01
T006681,C03744,2025-07-27 00:00:00,CMP002,CH01
T006682,C03744,2025-08-01 13:52:00,CMP002,CH01
T006683,C03745,2025-01-10 00:00:00,CMP004,CH02
T006684,C03746,2025-09-29 00:00:00,CMP004,CH02
T006685,C03746,2025-10-01 20:46:00,CMP002,CH01
T006686,C03746,2025-10-07 04:25:00,CMP001,CH01
T006687,C03746,2025-10-09 13:57:00,CMP003,CH02
T006688,C03746,2025-10-10 23:00:00,CMP001,CH01
T006689,C03747,2025-04-26 00:00:00,CMP001,CH01
T006690,C03747,2025-04-29 22:22:00,CMP003,CH02
T006691,C03752,2025-09-15 00:00:00,CMP002,CH01
T006692,C03752,2025-09-19 10:29:00,CMP002,CH01
T006693,C03752,2025-09-25 16:36:00,CMP003,CH02
T006694,C03753,2025-03-11 00:00:00,CMP005,CH03
T006695,C03753,2025-03-15 01:42:00,CMP004,CH02
T006696,C03754,2025-11-23 00:00:00,CMP002,CH01
T006697,C03754,2025-11-24 21:12:00,CMP003,CH02
T006698,C03755,2025-12-13 00:00:00,CMP002,CH01
T006699,C03755,2025-12-14 17:19:00,CMP001,CH01
T006700,C03756,2025-06-15 00:00:00,CMP002,CH01
T006701,C03756,2025-06-16 15:55:00,CMP004,CH02
T006702,C03756,2025-06-20 23:09:00,CMP004,CH02
T006703,C03757,2025-08-05 00:00:00,CMP002,CH01
T006704,C03758,2025-10-17 00:00:00,CMP002,CH01
T006705,C03759,2025-11-18 00:00:00,CMP001,CH01
T006706,C03759,2025-11-20 12:10:00,CMP003,CH02
T006707,C03760,2025-11-03 00:00:00,CMP003,CH02
T006708,C03760,2025-11-08 23:00:00,CMP002,CH01
T006709,C03763,2025-11-12 00:00:00,CMP004,CH02
T006710,C03763,2025-11-13 19:23:00,CMP002,CH01
T006711,C03764,2025-10-12 00:00:00,CMP001,CH01
T006712,C03764,2025-10-17 04:55:00,CMP001,CH01
T006713,C03764,2025-10-18 20:15:00,CMP003,CH02
T006714,C03765,2025-05-02 00:00:00,CMP001,CH01
T006715,C03765,2025-05-06 10:14:00,CMP005,CH03
T006716,C03766,2025-05-15 00:00:00,CMP003,CH02
T006717,C03767,2025-10-24 00:00:00,CMP001,CH01
T006718,C03767,2025-10-30 12:07:00,CMP003,CH02
T006719,C03768,2025-04-22 00:00:00,CMP002,CH01
T006720,C03768,2025-04-25 21:17:00,CMP004,CH02
T006721,C03769,2025-03-30 00:00:00,CMP001,CH01
T006722,C03769,2025-04-06 18:57:00,CMP004,CH02
T006723,C03771,2025-09-28 00:00:00,CMP004,CH02
T006724,C03771,2025-09-29 00:12:00,CMP004,CH02
T006725,C03771,2025-10-02 17:15:00,CMP003,CH02
T006726,C03772,2025-07-27 00:00:00,CMP003,CH02
T006727,C03772,2025-07-29 08:47:00,CMP002,CH01
T006728,C03773,2025-09-17 00:00:00,CMP003,CH02
T006729,C03773,2025-09-24 07:18:00,CMP005,CH03
T006730,C03773,2025-09-29 15:16:00,CMP001,CH01
T006731,C03775,2025-03-25 00:00:00,CMP005,CH03
T006732,C03775,2025-04-01 14:32:00,CMP004,CH02
T006733,C03776,2025-12-18 00:00:00,CMP003,CH02
T006734,C03776,2025-12-20 04:32:00,CMP001,CH01
T006735,C03776,2025-12-25 06:56:00,CMP003,CH02
T006736,C03777,2025-03-03 00:00:00,CMP001,CH01
T006737,C03777,2025-03-06 01:11:00,CMP001,CH01
T006738,C03777,2025-03-10 08:38:00,CMP001,CH01
T006739,C03779,2025-05-14 00:00:00,CMP001,CH01
T006740,C03779,2025-05-20 19:04:00,CMP003,CH02
T006741,C03779,2025-05-27 11:04:00,CMP001,CH01
T006742,C03780,2025-02-16 00:00:00,CMP001,CH01
T006743,C03785,2025-03-02 00:00:00,CMP002,CH01
T006744,C03786,2025-01-05 00:00:00,CMP001,CH01
T006745,C03787,2025-11-25 00:00:00,CMP003,CH02
T006746,C03787,2025-11-26 11:42:00,CMP003,CH02
T006747,C03787,2025-12-04 11:38:00,CMP001,CH01
T006748,C03788,2025-03-17 00:00:00,CMP002,CH01
T006749,C03788,2025-03-19 20:28:00,CMP004,CH02
T006750,C03788,2025-03-23 06:52:00,CMP001,CH01
T006751,C03789,2025-08-07 00:00:00,CMP003,CH02
T006752,C03789,2025-08-08 11:57:00,CMP003,CH02
T006753,C03789,2025-08-14 11:50:00,CMP001,CH01
T006754,C03789,2025-08-18 22:29:00,CMP004,CH02
T006755,C03790,2025-11-19 00:00:00,CMP005,CH03
T006756,C03791,2025-12-19 00:00:00,CMP001,CH01
T006757,C03791,2025-12-21 22:43:00,CMP003,CH02
T006758,C03791,2025-12-23 15:33:00,CMP001,CH01
T006759,C03792,2025-06-27 00:00:00,CMP002,CH01
T006760,C03792,2025-07-02 15:34:00,CMP003,CH02
T006761,C03792,2025-07-10 09:58:00,CMP003,CH02
T006762,C03793,2025-12-16 00:00:00,CMP003,CH02
T006763,C03793,2025-12-17 12:46:00,CMP004,CH02
T006764,C03794,2025-08-23 00:00:00,CMP004,CH02
T006765,C03795,2025-11-21 00:00:00,CMP002,CH01
T006766,C03795,2025-11-28 12:22:00,CMP002,CH01
T006767,C03795,2025-12-05 22:21:00,CMP003,CH02
T006768,C03795,2025-12-10 10:14:00,CMP003,CH02
T006769,C03796,2025-08-26 00:00:00,CMP002,CH01
T006770,C03796,2025-08-30 06:44:00,CMP003,CH02
T006771,C03797,2025-08-25 00:00:00,CMP002,CH01
T006772,C03798,2025-12-02 00:00:00,CMP004,CH02
T006773,C03799,2025-04-25 00:00:00,CMP003,CH02
T006774,C03799,2025-04-28 14:49:00,CMP002,CH01
T006775,C03799,2025-04-30 12:35:00,CMP001,CH01
T006776,C03800,2025-06-22 00:00:00,CMP002,CH01
T006777,C03800,2025-06-26 07:41:00,CMP004,CH02
T006778,C03801,2025-07-04 00:00:00,CMP001,CH01
T006779,C03801,2025-07-08 06:08:00,CMP001,CH01
T006780,C03802,2025-08-13 00:00:00,CMP003,CH02
T006781,C03805,2025-09-26 00:00:00,CMP004,CH02
T006782,C03805,2025-09-28 22:49:00,CMP003,CH02
T006783,C03805,2025-10-01 17:31:00,CMP004,CH02
T006784,C03806,2025-04-22 00:00:00,CMP001,CH01
T006785,C03806,2025-04-27 17:13:00,CMP002,CH01
T006786,C03807,2025-10-26 00:00:00,CMP004,CH02
T006787,C03807,2025-11-02 22:43:00,CMP003,CH02
T006788,C03807,2025-11-08 23:09:00,CMP001,CH01
T006789,C03808,2025-05-25 00:00:00,CMP001,CH01
T006790,C03809,2025-09-09 00:00:00,CMP002,CH01
T006791,C03810,2025-05-27 00:00:00,CMP003,CH02
T006792,C03810,2025-05-31 15:07:00,CMP001,CH01
T006793,C03810,2025-06-04 20:25:00,CMP003,CH02
T006794,C03811,2025-05-03 00:00:00,CMP002,CH01
T006795,C03811,2025-05-07 11:53:00,CMP004,CH02
T006796,C03812,2025-08-02 00:00:00,CMP005,CH03
T006797,C03815,2025-07-20 00:00:00,CMP005,CH03
T006798,C03815,2025-07-22 08:00:00,CMP003,CH02
T006799,C03815,2025-07-26 13:35:00,CMP003,CH02
T006800,C03816,2025-03-15 00:00:00,CMP004,CH02
T006801,C03816,2025-03-18 12:27:00,CMP002,CH01
T006802,C03816,2025-03-20 10:22:00,CMP003,CH02
T006803,C03817,2025-01-04 00:00:00,CMP002,CH01
T006804,C03817,2025-01-07 22:39:00,CMP003,CH02
T006805,C03818,2025-09-01 00:00:00,CMP004,CH02
T006806,C03818,2025-09-06 19:35:00,CMP005,CH03
T006807,C03818,2025-09-07 23:46:00,CMP001,CH01
T006808,C03820,2025-01-17 00:00:00,CMP002,CH01
T006809,C03820,2025-01-19 09:24:00,CMP001,CH01
T006810,C03820,2025-01-25 11:54:00,CMP001,CH01
T006811,C03821,2025-02-15 00:00:00,CMP002,CH01
T006812,C03821,2025-02-22 11:23:00,CMP002,CH01
T006813,C03822,2025-06-24 00:00:00,CMP002,CH01
T006814,C03822,2025-06-25 13:50:00,CMP005,CH03
T006815,C03822,2025-06-29 13:29:00,CMP001,CH01
T006816,C03823,2025-12-20 00:00:00,CMP001,CH01
T006817,C03823,2025-12-22 07:32:00,CMP002,CH01
T006818,C03824,2025-01-28 00:00:00,CMP002,CH01
T006819,C03824,2025-01-31 08:13:00,CMP002,CH01
T006820,C03825,2025-02-02 00:00:00,CMP005,CH03
T006821,C03825,2025-02-03 13:23:00,CMP001,CH01
T006822,C03826,2025-11-30 00:00:00,CMP002,CH01
T006823,C03826,2025-12-04 20:49:00,CMP003,CH02
T006824,C03826,2025-12-09 13:29:00,CMP001,CH01
T006825,C03827,2025-06-25 00:00:00,CMP001,CH01
T006826,C03829,2025-05-21 00:00:00,CMP004,CH02
T006827,C03829,2025-05-22 21:52:00,CMP002,CH01
T006828,C03829,2025-05-25 22:28:00,CMP001,CH01
T006829,C03829,2025-05-29 04:50:00,CMP004,CH02
T006830,C03830,2025-07-13 00:00:00,CMP005,CH03
T006831,C03831,2025-11-23 00:00:00,CMP004,CH02
T006832,C03831,2025-11-26 03:49:00,CMP005,CH03
T006833,C03833,2025-06-03 00:00:00,CMP003,CH02
T006834,C03834,2025-05-24 00:00:00,CMP005,CH03
T006835,C03834,2025-05-26 16:16:00,CMP004,CH02
T006836,C03836,2025-02-20 00:00:00,CMP003,CH02
T006837,C03836,2025-02-22 20:01:00,CMP002,CH01
T006838,C03837,2025-05-03 00:00:00,CMP003,CH02
T006839,C03837,2025-05-09 04:42:00,CMP001,CH01
T006840,C03837,2025-05-16 16:50:00,CMP002,CH01
T006841,C03837,2025-05-18 21:45:00,CMP003,CH02
T006842,C03838,2025-02-26 00:00:00,CMP005,CH03
T006843,C03838,2025-03-05 19:10:00,CMP004,CH02
T006844,C03838,2025-03-11 18:16:00,CMP001,CH01
T006845,C03839,2025-01-02 00:00:00,CMP004,CH02
T006846,C03839,2025-01-06 05:55:00,CMP001,CH01
T006847,C03839,2025-01-11 09:27:00,CMP001,CH01
T006848,C03841,2025-03-01 00:00:00,CMP002,CH01
T006849,C03842,2025-03-04 00:00:00,CMP003,CH02
T006850,C03842,2025-03-09 13:00:00,CMP002,CH01
T006851,C03843,2025-11-10 00:00:00,CMP005,CH03
T006852,C03843,2025-11-17 04:15:00,CMP001,CH01
T006853,C03844,2025-04-18 00:00:00,CMP002,CH01
T006854,C03845,2025-03-27 00:00:00,CMP004,CH02
T006855,C03845,2025-04-01 14:46:00,CMP001,CH01
T006856,C03846,2025-01-12 00:00:00,CMP004,CH02
T006857,C03846,2025-01-18 22:01:00,CMP003,CH02
T006858,C03846,2025-01-20 06:51:00,CMP002,CH01
T006859,C03846,2025-01-24 09:39:00,CMP004,CH02
T006860,C03847,2025-10-03 00:00:00,CMP001,CH01
T006861,C03847,2025-10-08 20:08:00,CMP002,CH01
T006862,C03847,2025-10-13 13:18:00,CMP004,CH02
T006863,C03848,2025-11-03 00:00:00,CMP002,CH01
T006864,C03848,2025-11-05 16:27:00,CMP004,CH02
T006865,C03849,2025-12-04 00:00:00,CMP003,CH02
T006866,C03849,2025-12-08 07:09:00,CMP005,CH03
T006867,C03850,2025-03-12 00:00:00,CMP002,CH01
T006868,C03851,2025-10-12 00:00:00,CMP004,CH02
T006869,C03851,2025-10-16 16:47:00,CMP001,CH01
T006870,C03853,2025-03-11 00:00:00,CMP005,CH03
T006871,C03854,2025-09-02 00:00:00,CMP002,CH01
T006872,C03854,2025-09-03 08:16:00,CMP002,CH01
T006873,C03854,2025-09-09 10:44:00,CMP002,CH01
T006874,C03855,2025-06-26 00:00:00,CMP002,CH01
T006875,C03856,2025-12-20 00:00:00,CMP002,CH01
T006876,C03857,2025-05-07 00:00:00,CMP003,CH02
T006877,C03858,2025-10-03 00:00:00,CMP004,CH02
T006878,C03859,2025-10-28 00:00:00,CMP002,CH01
T006879,C03860,2025-08-19 00:00:00,CMP002,CH01
T006880,C03860,2025-08-26 08:31:00,CMP001,CH01
T006881,C03861,2025-08-19 00:00:00,CMP001,CH01
T006882,C03861,2025-08-23 13:11:00,CMP002,CH01
T006883,C03862,2025-03-30 00:00:00,CMP001,CH01
T006884,C03862,2025-04-02 06:42:00,CMP004,CH02
T006885,C03862,2025-04-06 09:58:00,CMP003,CH02
T006886,C03863,2025-05-25 00:00:00,CMP003,CH02
T006887,C03863,2025-05-30 04:27:00,CMP001,CH01
T006888,C03865,2025-12-14 00:00:00,CMP001,CH01
T006889,C03865,2025-12-17 13:35:00,CMP001,CH01
T006890,C03865,2025-12-19 07:29:00,CMP001,CH01
T006891,C03866,2025-09-15 00:00:00,CMP004,CH02
T006892,C03866,2025-09-20 16:32:00,CMP004,CH02
T006893,C03867,2025-07-02 00:00:00,CMP001,CH01
T006894,C03867,2025-07-03 00:41:00,CMP004,CH02
T006895,C03867,2025-07-08 09:30:00,CMP001,CH01
T006896,C03867,2025-07-14 21:13:00,CMP002,CH01
T006897,C03868,2025-03-22 00:00:00,CMP002,CH01
T006898,C03869,2025-10-25 00:00:00,CMP001,CH01
T006899,C03869,2025-10-28 02:01:00,CMP001,CH01
T006900,C03870,2025-10-15 00:00:00,CMP005,CH03
T006901,C03870,2025-10-17 11:53:00,CMP002,CH01
T006902,C03872,2025-09-27 00:00:00,CMP001,CH01
T006903,C03872,2025-10-04 19:44:00,CMP004,CH02
T006904,C03873,2025-08-09 00:00:00,CMP004,CH02
T006905,C03874,2025-01-26 00:00:00,CMP003,CH02
T006906,C03875,2025-01-17 00:00:00,CMP001,CH01
T006907,C03875,2025-01-21 17:06:00,CMP002,CH01
T006908,C03875,2025-01-29 04:09:00,CMP004,CH02
T006909,C03876,2025-01-07 00:00:00,CMP003,CH02
T006910,C03876,2025-01-12 18:23:00,CMP004,CH02
T006911,C03877,2025-03-01 00:00:00,CMP005,CH03
T006912,C03877,2025-03-02 05:08:00,CMP003,CH02
T006913,C03877,2025-03-07 19:06:00,CMP002,CH01
T006914,C03880,2025-08-22 00:00:00,CMP005,CH03
T006915,C03880,2025-08-25 18:17:00,CMP005,CH03
T006916,C03881,2025-10-26 00:00:00,CMP004,CH02
T006917,C03882,2025-09-14 00:00:00,CMP004,CH02
T006918,C03882,2025-09-16 15:08:00,CMP003,CH02
T006919,C03882,2025-09-22 12:59:00,CMP003,CH02
T006920,C03884,2025-10-22 00:00:00,CMP002,CH01
T006921,C03885,2025-04-28 00:00:00,CMP003,CH02
T006922,C03887,2025-12-05 00:00:00,CMP002,CH01
T006923,C03887,2025-12-09 02:21:00,CMP002,CH01
T006924,C03889,2025-10-18 00:00:00,CMP003,CH02
T006925,C03889,2025-10-21 21:39:00,CMP005,CH03
T006926,C03889,2025-10-27 08:30:00,CMP002,CH01
T006927,C03890,2025-12-02 00:00:00,CMP002,CH01
T006928,C03890,2025-12-03 14:05:00,CMP003,CH02
T006929,C03891,2025-01-25 00:00:00,CMP001,CH01
T006930,C03891,2025-01-27 07:25:00,CMP004,CH02
T006931,C03893,2025-08-29 00:00:00,CMP001,CH01
T006932,C03894,2025-02-14 00:00:00,CMP002,CH01
T006933,C03894,2025-02-19 23:59:00,CMP003,CH02
T006934,C03894,2025-02-24 13:14:00,CMP004,CH02
T006935,C03895,2025-04-24 00:00:00,CMP003,CH02
T006936,C03895,2025-04-25 12:07:00,CMP001,CH01
T006937,C03896,2025-03-01 00:00:00,CMP001,CH01
T006938,C03896,2025-03-07 16:48:00,CMP003,CH02
T006939,C03896,2025-03-15 03:27:00,CMP002,CH01
T006940,C03896,2025-03-21 07:06:00,CMP001,CH01
T006941,C03897,2025-06-21 00:00:00,CMP001,CH01
T006942,C03897,2025-06-23 07:25:00,CMP003,CH02
T006943,C03897,2025-06-27 17:00:00,CMP001,CH01
T006944,C03898,2025-05-16 00:00:00,CMP001,CH01
T006945,C03898,2025-05-23 23:00:00,CMP003,CH02
T006946,C03898,2025-05-29 16:03:00,CMP004,CH02
T006947,C03900,2025-05-07 00:00:00,CMP003,CH02
T006948,C03900,2025-05-09 08:53:00,CMP002,CH01
T006949,C03900,2025-05-11 21:15:00,CMP004,CH02
T006950,C03900,2025-05-17 20:35:00,CMP001,CH01
T006951,C03901,2025-03-03 00:00:00,CMP003,CH02
T006952,C03901,2025-03-07 16:41:00,CMP003,CH02
T006953,C03902,2025-11-03 00:00:00,CMP001,CH01
T006954,C03902,2025-11-06 07:25:00,CMP003,CH02
T006955,C03902,2025-11-13 09:22:00,CMP003,CH02
T006956,C03902,2025-11-15 17:45:00,CMP003,CH02
T006957,C03902,2025-11-19 11:23:00,CMP001,CH01
T006958,C03903,2025-01-24 00:00:00,CMP003,CH02
T006959,C03904,2025-06-16 00:00:00,CMP002,CH01
T006960,C03904,2025-06-21 02:38:00,CMP003,CH02
T006961,C03905,2025-04-08 00:00:00,CMP001,CH01
T006962,C03905,2025-04-12 18:48:00,CMP001,CH01
T006963,C03905,2025-04-20 07:06:00,CMP001,CH01
T006964,C03905,2025-04-28 05:21:00,CMP004,CH02
T006965,C03905,2025-05-02 16:21:00,CMP002,CH01
T006966,C03906,2025-08-09 00:00:00,CMP002,CH01
T006967,C03907,2025-02-26 00:00:00,CMP001,CH01
T006968,C03907,2025-02-27 14:39:00,CMP002,CH01
T006969,C03908,2025-06-16 00:00:00,CMP003,CH02
T006970,C03908,2025-06-23 00:34:00,CMP002,CH01
T006971,C03908,2025-06-26 00:05:00,CMP002,CH01
T006972,C03909,2025-09-30 00:00:00,CMP001,CH01
T006973,C03910,2025-08-11 00:00:00,CMP002,CH01
T006974,C03910,2025-08-17 10:16:00,CMP004,CH02
T006975,C03911,2025-09-19 00:00:00,CMP001,CH01
T006976,C03911,2025-09-21 13:33:00,CMP003,CH02
T006977,C03913,2025-11-19 00:00:00,CMP004,CH02
T006978,C03913,2025-11-26 12:45:00,CMP003,CH02
T006979,C03913,2025-11-28 17:48:00,CMP001,CH01
T006980,C03914,2025-01-12 00:00:00,CMP002,CH01
T006981,C03914,2025-01-19 16:07:00,CMP002,CH01
T006982,C03914,2025-01-23 20:22:00,CMP005,CH03
T006983,C03915,2025-10-06 00:00:00,CMP001,CH01
T006984,C03915,2025-10-12 23:45:00,CMP004,CH02
T006985,C03915,2025-10-19 02:55:00,CMP004,CH02
T006986,C03916,2025-02-18 00:00:00,CMP003,CH02
T006987,C03916,2025-02-22 16:55:00,CMP002,CH01
T006988,C03916,2025-02-25 01:19:00,CMP002,CH01
T006989,C03917,2025-02-01 00:00:00,CMP002,CH01
T006990,C03917,2025-02-07 04:51:00,CMP005,CH03
T006991,C03917,2025-02-12 19:47:00,CMP002,CH01
T006992,C03917,2025-02-16 21:58:00,CMP002,CH01
T006993,C03919,2025-08-14 00:00:00,CMP003,CH02
T006994,C03919,2025-08-21 11:05:00,CMP003,CH02
T006995,C03920,2025-11-12 00:00:00,CMP001,CH01
T006996,C03920,2025-11-19 02:53:00,CMP003,CH02
T006997,C03920,2025-11-22 03:37:00,CMP004,CH02
T006998,C03920,2025-11-23 13:56:00,CMP005,CH03
T006999,C03921,2025-03-29 00:00:00,CMP003,CH02
T007000,C03921,2025-04-01 04:53:00,CMP001,CH01
T007001,C03921,2025-04-04 12:28:00,CMP005,CH03
T007002,C03922,2025-04-22 00:00:00,CMP004,CH02
T007003,C03922,2025-04-29 21:03:00,CMP002,CH01
T007004,C03922,2025-05-04 09:50:00,CMP002,CH01
T007005,C03924,2025-11-26 00:00:00,CMP002,CH01
T007006,C03924,2025-11-27 07:06:00,CMP004,CH02
T007007,C03924,2025-12-04 17:36:00,CMP003,CH02
T007008,C03925,2025-06-27 00:00:00,CMP004,CH02
T007009,C03925,2025-06-28 03:08:00,CMP002,CH01
T007010,C03925,2025-07-05 04:58:00,CMP002,CH01
T007011,C03927,2025-01-22 00:00:00,CMP003,CH02
T007012,C03927,2025-01-27 13:47:00,CMP003,CH02
T007013,C03929,2025-03-16 00:00:00,CMP002,CH01
T007014,C03930,2025-11-07 00:00:00,CMP003,CH02
T007015,C03932,2025-02-13 00:00:00,CMP002,CH01
T007016,C03932,2025-02-19 14:11:00,CMP004,CH02
T007017,C03933,2025-04-15 00:00:00,CMP001,CH01
T007018,C03935,2025-05-14 00:00:00,CMP005,CH03
T007019,C03935,2025-05-21 14:58:00,CMP004,CH02
T007020,C03936,2025-10-10 00:00:00,CMP001,CH01
T007021,C03936,2025-10-12 20:49:00,CMP004,CH02
T007022,C03936,2025-10-19 17:47:00,CMP001,CH01
T007023,C03936,2025-10-22 04:42:00,CMP005,CH03
T007024,C03936,2025-10-24 05:59:00,CMP004,CH02
T007025,C03937,2025-06-08 00:00:00,CMP001,CH01
T007026,C03937,2025-06-12 03:34:00,CMP005,CH03
T007027,C03937,2025-06-18 14:48:00,CMP001,CH01
T007028,C03939,2025-12-23 00:00:00,CMP003,CH02
T007029,C03939,2025-12-26 13:11:00,CMP005,CH03
T007030,C03940,2025-04-09 00:00:00,CMP003,CH02
T007031,C03940,2025-04-16 16:16:00,CMP003,CH02
T007032,C03940,2025-04-23 23:31:00,CMP002,CH01
T007033,C03942,2025-12-27 00:00:00,CMP004,CH02
T007034,C03942,2026-01-01 13:16:00,CMP002,CH01
T007035,C03943,2025-07-16 00:00:00,CMP001,CH01
T007036,C03944,2025-03-09 00:00:00,CMP001,CH01
T007037,C03945,2025-01-24 00:00:00,CMP002,CH01
T007038,C03945,2025-01-25 16:09:00,CMP004,CH02
T007039,C03945,2025-01-27 15:01:00,CMP004,CH02
T007040,C03946,2025-12-11 00:00:00,CMP001,CH01
T007041,C03946,2025-12-13 11:06:00,CMP001,CH01
T007042,C03946,2025-12-19 04:18:00,CMP005,CH03
T007043,C03947,2025-11-30 00:00:00,CMP001,CH01
T007044,C03948,2025-06-05 00:00:00,CMP002,CH01
T007045,C03948,2025-06-11 22:21:00,CMP003,CH02
T007046,C03949,2025-10-25 00:00:00,CMP004,CH02
T007047,C03951,2025-08-20 00:00:00,CMP004,CH02
T007048,C03952,2025-01-23 00:00:00,CMP001,CH01
T007049,C03952,2025-01-26 22:30:00,CMP003,CH02
T007050,C03952,2025-01-28 18:58:00,CMP002,CH01
T007051,C03953,2025-04-17 00:00:00,CMP005,CH03
T007052,C03953,2025-04-18 04:11:00,CMP002,CH01
T007053,C03953,2025-04-20 08:25:00,CMP005,CH03
T007054,C03955,2025-06-09 00:00:00,CMP001,CH01
T007055,C03955,2025-06-11 21:46:00,CMP001,CH01
T007056,C03955,2025-06-19 20:08:00,CMP005,CH03
T007057,C03955,2025-06-27 15:47:00,CMP003,CH02
T007058,C03956,2025-02-03 00:00:00,CMP001,CH01
T007059,C03956,2025-02-05 19:10:00,CMP002,CH01
T007060,C03956,2025-02-12 20:03:00,CMP004,CH02
T007061,C03958,2025-01-29 00:00:00,CMP002,CH01
T007062,C03959,2025-01-25 00:00:00,CMP003,CH02
T007063,C03960,2025-02-17 00:00:00,CMP002,CH01
T007064,C03961,2025-02-08 00:00:00,CMP001,CH01
T007065,C03961,2025-02-09 19:55:00,CMP001,CH01
T007066,C03961,2025-02-16 04:20:00,CMP001,CH01
T007067,C03961,2025-02-23 14:31:00,CMP003,CH02
T007068,C03961,2025-02-25 00:08:00,CMP002,CH01
T007069,C03962,2025-12-30 00:00:00,CMP002,CH01
T007070,C03962,2025-12-31 06:35:00,CMP004,CH02
T007071,C03962,2026-01-03 13:05:00,CMP003,CH02
T007072,C03964,2025-09-29 00:00:00,CMP001,CH01
T007073,C03964,2025-10-04 05:47:00,CMP003,CH02
T007074,C03964,2025-10-06 16:37:00,CMP001,CH01
T007075,C03965,2025-01-12 00:00:00,CMP002,CH01
T007076,C03965,2025-01-16 19:52:00,CMP004,CH02
T007077,C03965,2025-01-21 07:21:00,CMP002,CH01
T007078,C03967,2025-06-30 00:00:00,CMP005,CH03
T007079,C03967,2025-07-02 17:36:00,CMP001,CH01
T007080,C03968,2025-12-02 00:00:00,CMP004,CH02
T007081,C03969,2025-05-14 00:00:00,CMP003,CH02
T007082,C03969,2025-05-20 02:04:00,CMP002,CH01
T007083,C03970,2025-08-27 00:00:00,CMP003,CH02
T007084,C03970,2025-08-28 17:10:00,CMP001,CH01
T007085,C03973,2025-05-19 00:00:00,CMP003,CH02
T007086,C03974,2025-12-08 00:00:00,CMP004,CH02
T007087,C03974,2025-12-13 09:33:00,CMP002,CH01
T007088,C03975,2025-06-08 00:00:00,CMP002,CH01
T007089,C03975,2025-06-11 02:44:00,CMP002,CH01
T007090,C03976,2025-11-14 00:00:00,CMP004,CH02
T007091,C03976,2025-11-15 08:08:00,CMP002,CH01
T007092,C03977,2025-10-24 00:00:00,CMP001,CH01
T007093,C03978,2025-05-25 00:00:00,CMP003,CH02
T007094,C03978,2025-05-26 04:13:00,CMP004,CH02
T007095,C03979,2025-11-23 00:00:00,CMP005,CH03
T007096,C03979,2025-11-26 23:36:00,CMP004,CH02
T007097,C03980,2025-01-06 00:00:00,CMP004,CH02
T007098,C03981,2025-12-08 00:00:00,CMP001,CH01
T007099,C03981,2025-12-13 21:29:00,CMP003,CH02
T007100,C03982,2025-05-11 00:00:00,CMP002,CH01
T007101,C03982,2025-05-15 05:03:00,CMP004,CH02
T007102,C03982,2025-05-18 11:39:00,CMP001,CH01
T007103,C03983,2025-11-24 00:00:00,CMP003,CH02
T007104,C03983,2025-11-26 17:59:00,CMP001,CH01
T007105,C03984,2025-04-18 00:00:00,CMP004,CH02
T007106,C03985,2025-11-15 00:00:00,CMP003,CH02
T007107,C03985,2025-11-20 20:20:00,CMP002,CH01
T007108,C03986,2025-06-27 00:00:00,CMP001,CH01
T007109,C03986,2025-06-28 08:26:00,CMP001,CH01
T007110,C03986,2025-07-03 18:51:00,CMP004,CH02
T007111,C03987,2025-12-28 00:00:00,CMP004,CH02
T007112,C03988,2025-04-01 00:00:00,CMP002,CH01
T007113,C03988,2025-04-08 16:53:00,CMP001,CH01
T007114,C03988,2025-04-12 01:48:00,CMP002,CH01
T007115,C03988,2025-04-19 12:53:00,CMP004,CH02
T007116,C03989,2025-06-25 00:00:00,CMP001,CH01
T007117,C03989,2025-06-26 02:18:00,CMP002,CH01
T007118,C03989,2025-07-02 08:33:00,CMP003,CH02
T007119,C03991,2025-01-02 00:00:00,CMP001,CH01
T007120,C03991,2025-01-08 04:08:00,CMP001,CH01
T007121,C03992,2025-09-15 00:00:00,CMP002,CH01
T007122,C03992,2025-09-16 06:05:00,CMP001,CH01
T007123,C03993,2025-01-29 00:00:00,CMP003,CH02
T007124,C03993,2025-02-03 19:45:00,CMP001,CH01
T007125,C03994,2025-04-05 00:00:00,CMP001,CH01
T007126,C03994,2025-04-06 05:45:00,CMP005,CH03
T007127,C03994,2025-04-09 08:36:00,CMP002,CH01
T007128,C03996,2025-12-15 00:00:00,CMP002,CH01
T007129,C03997,2025-10-10 00:00:00,CMP001,CH01
T007130,C03997,2025-10-16 13:28:00,CMP002,CH01
T007131,C03998,2025-12-06 00:00:00,CMP002,CH01
T007132,C03999,2025-10-25 00:00:00,CMP003,CH02
T007133,C03999,2025-10-27 11:42:00,CMP004,CH02
T007134,C03999,2025-10-31 05:43:00,CMP004,CH02
T007135,C04000,2025-04-07 00:00:00,CMP001,CH01
T007136,C04002,2025-04-12 00:00:00,CMP002,CH01
T007137,C04003,2025-08-27 00:00:00,CMP001,CH01
T007138,C04003,2025-08-31 20:21:00,CMP005,CH03
T007139,C04004,2025-02-14 00:00:00,CMP002,CH01
T007140,C04004,2025-02-16 05:07:00,CMP001,CH01
T007141,C04006,2025-12-24 00:00:00,CMP002,CH01
T007142,C04006,2025-12-25 11:23:00,CMP002,CH01
T007143,C04006,2025-12-27 16:29:00,CMP002,CH01
T007144,C04006,2026-01-03 16:10:00,CMP005,CH03
T007145,C04007,2025-06-30 00:00:00,CMP002,CH01
T007146,C04007,2025-07-02 12:52:00,CMP005,CH03
T007147,C04008,2025-09-25 00:00:00,CMP004,CH02
T007148,C04009,2025-03-18 00:00:00,CMP005,CH03
T007149,C04009,2025-03-23 09:50:00,CMP003,CH02
T007150,C04009,2025-03-26 03:59:00,CMP004,CH02
T007151,C04010,2025-12-31 00:00:00,CMP004,CH02
T007152,C04010,2026-01-04 16:37:00,CMP003,CH02
T007153,C04010,2026-01-05 17:02:00,CMP003,CH02
T007154,C04010,2026-01-09 16:13:00,CMP003,CH02
T007155,C04010,2026-01-13 01:59:00,CMP001,CH01
T007156,C04012,2025-08-06 00:00:00,CMP001,CH01
T007157,C04013,2025-04-30 00:00:00,CMP003,CH02
T007158,C04013,2025-05-01 14:40:00,CMP001,CH01
T007159,C04013,2025-05-05 12:48:00,CMP004,CH02
T007160,C04013,2025-05-07 10:44:00,CMP004,CH02
T007161,C04014,2025-11-14 00:00:00,CMP002,CH01
T007162,C04017,2025-10-19 00:00:00,CMP003,CH02
T007163,C04017,2025-10-21 19:58:00,CMP002,CH01
T007164,C04017,2025-10-28 13:30:00,CMP004,CH02
T007165,C04020,2025-02-21 00:00:00,CMP005,CH03
T007166,C04020,2025-02-28 19:01:00,CMP004,CH02
T007167,C04021,2025-06-01 00:00:00,CMP003,CH02
T007168,C04021,2025-06-05 16:18:00,CMP003,CH02
T007169,C04021,2025-06-08 20:07:00,CMP002,CH01
T007170,C04022,2025-09-23 00:00:00,CMP002,CH01
T007171,C04022,2025-09-30 18:48:00,CMP002,CH01
T007172,C04024,2025-07-25 00:00:00,CMP003,CH02
T007173,C04024,2025-08-01 05:08:00,CMP003,CH02
T007174,C04025,2025-10-26 00:00:00,CMP001,CH01
T007175,C04025,2025-10-27 12:35:00,CMP003,CH02
T007176,C04026,2025-07-26 00:00:00,CMP003,CH02
T007177,C04026,2025-07-28 00:49:00,CMP003,CH02
T007178,C04028,2025-11-02 00:00:00,CMP001,CH01
T007179,C04028,2025-11-03 10:41:00,CMP005,CH03
T007180,C04028,2025-11-08 16:30:00,CMP005,CH03
T007181,C04029,2025-07-14 00:00:00,CMP002,CH01
T007182,C04029,2025-07-21 14:17:00,CMP001,CH01
T007183,C04030,2025-07-28 00:00:00,CMP004,CH02
T007184,C04030,2025-08-04 14:35:00,CMP002,CH01
T007185,C04032,2025-07-13 00:00:00,CMP002,CH01
T007186,C04032,2025-07-17 02:41:00,CMP005,CH03
T007187,C04033,2025-07-08 00:00:00,CMP003,CH02
T007188,C04033,2025-07-11 04:19:00,CMP001,CH01
T007189,C04033,2025-07-15 07:46:00,CMP003,CH02
T007190,C04033,2025-07-18 23:21:00,CMP001,CH01
T007191,C04034,2025-04-15 00:00:00,CMP001,CH01
T007192,C04034,2025-04-16 00:07:00,CMP004,CH02
T007193,C04036,2025-10-13 00:00:00,CMP003,CH02
T007194,C04036,2025-10-19 03:50:00,CMP002,CH01
T007195,C04036,2025-10-25 06:07:00,CMP001,CH01
T007196,C04037,2025-02-11 00:00:00,CMP003,CH02
T007197,C04038,2025-10-14 00:00:00,CMP001,CH01
T007198,C04038,2025-10-17 21:30:00,CMP003,CH02
T007199,C04039,2025-03-08 00:00:00,CMP001,CH01
T007200,C04039,2025-03-13 01:11:00,CMP004,CH02
T007201,C04039,2025-03-15 09:31:00,CMP004,CH02
T007202,C04042,2025-09-02 00:00:00,CMP004,CH02
T007203,C04042,2025-09-07 00:47:00,CMP002,CH01
T007204,C04042,2025-09-12 06:16:00,CMP003,CH02
T007205,C04043,2025-04-09 00:00:00,CMP002,CH01
T007206,C04045,2025-12-13 00:00:00,CMP002,CH01
T007207,C04047,2025-02-25 00:00:00,CMP003,CH02
T007208,C04048,2025-08-12 00:00:00,CMP003,CH02
T007209,C04048,2025-08-14 00:30:00,CMP004,CH02
T007210,C04049,2025-05-01 00:00:00,CMP004,CH02
T007211,C04050,2025-01-14 00:00:00,CMP003,CH02
T007212,C04050,2025-01-18 22:15:00,CMP001,CH01
T007213,C04051,2025-10-26 00:00:00,CMP002,CH01
T007214,C04053,2025-12-01 00:00:00,CMP001,CH01
T007215,C04054,2025-07-19 00:00:00,CMP004,CH02
T007216,C04054,2025-07-24 16:02:00,CMP005,CH03
T007217,C04054,2025-07-30 01:19:00,CMP001,CH01
T007218,C04054,2025-08-01 15:52:00,CMP001,CH01
T007219,C04055,2025-05-22 00:00:00,CMP003,CH02
T007220,C04056,2025-05-31 00:00:00,CMP004,CH02
T007221,C04056,2025-06-04 19:03:00,CMP002,CH01
T007222,C04056,2025-06-09 05:08:00,CMP002,CH01
T007223,C04056,2025-06-14 01:46:00,CMP001,CH01
T007224,C04057,2025-01-11 00:00:00,CMP004,CH02
T007225,C04057,2025-01-18 04:15:00,CMP003,CH02
T007226,C04057,2025-01-20 04:58:00,CMP001,CH01
T007227,C04059,2025-10-02 00:00:00,CMP001,CH01
T007228,C04059,2025-10-08 15:46:00,CMP004,CH02
T007229,C04060,2025-11-20 00:00:00,CMP002,CH01
T007230,C04060,2025-11-21 19:09:00,CMP001,CH01
T007231,C04061,2025-02-22 00:00:00,CMP002,CH01
T007232,C04061,2025-02-23 06:50:00,CMP005,CH03
T007233,C04061,2025-03-03 00:42:00,CMP001,CH01
T007234,C04062,2025-03-27 00:00:00,CMP002,CH01
T007235,C04063,2025-02-06 00:00:00,CMP004,CH02
T007236,C04064,2025-09-26 00:00:00,CMP005,CH03
T007237,C04065,2025-10-27 00:00:00,CMP003,CH02
T007238,C04065,2025-10-30 17:42:00,CMP001,CH01
T007239,C04065,2025-11-05 22:55:00,CMP003,CH02
T007240,C04066,2025-06-04 00:00:00,CMP002,CH01
T007241,C04066,2025-06-11 12:07:00,CMP003,CH02
T007242,C04066,2025-06-17 02:12:00,CMP001,CH01
T007243,C04067,2025-04-11 00:00:00,CMP001,CH01
T007244,C04067,2025-04-12 07:41:00,CMP001,CH01
T007245,C04068,2025-12-15 00:00:00,CMP004,CH02
T007246,C04068,2025-12-16 08:22:00,CMP003,CH02
T007247,C04068,2025-12-23 17:38:00,CMP002,CH01
T007248,C04069,2025-05-16 00:00:00,CMP005,CH03
T007249,C04069,2025-05-21 21:40:00,CMP003,CH02
T007250,C04070,2025-03-31 00:00:00,CMP003,CH02
T007251,C04070,2025-04-05 21:55:00,CMP002,CH01
T007252,C04071,2025-07-06 00:00:00,CMP003,CH02
T007253,C04071,2025-07-11 06:50:00,CMP005,CH03
T007254,C04072,2025-01-26 00:00:00,CMP004,CH02
T007255,C04072,2025-01-27 12:42:00,CMP001,CH01
T007256,C04073,2025-08-21 00:00:00,CMP002,CH01
T007257,C04075,2025-07-06 00:00:00,CMP005,CH03
T007258,C04075,2025-07-09 18:33:00,CMP002,CH01
T007259,C04076,2025-06-12 00:00:00,CMP002,CH01
T007260,C04076,2025-06-14 07:14:00,CMP002,CH01
T007261,C04076,2025-06-16 23:27:00,CMP002,CH01
T007262,C04078,2025-10-31 00:00:00,CMP005,CH03
T007263,C04079,2025-11-01 00:00:00,CMP004,CH02
T007264,C04080,2025-11-10 00:00:00,CMP001,CH01
T007265,C04080,2025-11-16 16:07:00,CMP001,CH01
T007266,C04080,2025-11-22 17:36:00,CMP003,CH02
T007267,C04081,2025-10-22 00:00:00,CMP004,CH02
T007268,C04081,2025-10-25 05:10:00,CMP002,CH01
T007269,C04082,2025-08-19 00:00:00,CMP004,CH02
T007270,C04082,2025-08-23 04:03:00,CMP001,CH01
T007271,C04084,2025-01-12 00:00:00,CMP001,CH01
T007272,C04084,2025-01-16 10:40:00,CMP002,CH01
T007273,C04084,2025-01-22 23:09:00,CMP002,CH01
T007274,C04084,2025-01-26 14:24:00,CMP002,CH01
T007275,C04085,2025-06-02 00:00:00,CMP002,CH01
T007276,C04085,2025-06-07 19:50:00,CMP003,CH02
T007277,C04086,2025-12-25 00:00:00,CMP002,CH01
T007278,C04086,2025-12-31 15:33:00,CMP004,CH02
T007279,C04086,2026-01-07 14:05:00,CMP001,CH01
T007280,C04088,2025-10-22 00:00:00,CMP004,CH02
T007281,C04088,2025-10-24 21:43:00,CMP004,CH02
T007282,C04088,2025-10-26 14:56:00,CMP001,CH01
T007283,C04088,2025-10-28 08:26:00,CMP004,CH02
T007284,C04089,2025-12-17 00:00:00,CMP001,CH01
T007285,C04089,2025-12-24 06:39:00,CMP003,CH02
T007286,C04090,2025-01-06 00:00:00,CMP001,CH01
T007287,C04090,2025-01-09 08:13:00,CMP001,CH01
T007288,C04090,2025-01-11 23:00:00,CMP001,CH01
T007289,C04090,2025-01-14 21:36:00,CMP002,CH01
T007290,C04091,2025-10-10 00:00:00,CMP004,CH02
T007291,C04091,2025-10-16 23:34:00,CMP001,CH01
T007292,C04091,2025-10-22 17:05:00,CMP004,CH02
T007293,C04092,2025-12-22 00:00:00,CMP001,CH01
T007294,C04093,2025-09-26 00:00:00,CMP001,CH01
T007295,C04093,2025-10-01 04:58:00,CMP003,CH02
T007296,C04093,2025-10-09 03:40:00,CMP003,CH02
T007297,C04093,2025-10-14 15:53:00,CMP004,CH02
T007298,C04094,2025-01-16 00:00:00,CMP002,CH01
T007299,C04094,2025-01-20 14:35:00,CMP002,CH01
T007300,C04095,2025-02-02 00:00:00,CMP004,CH02
T007301,C04095,2025-02-07 02:58:00,CMP003,CH02
T007302,C04096,2025-08-28 00:00:00,CMP003,CH02
T007303,C04096,2025-09-03 19:34:00,CMP004,CH02
T007304,C04097,2025-10-28 00:00:00,CMP001,CH01
T007305,C04097,2025-11-02 11:05:00,CMP001,CH01
T007306,C04097,2025-11-05 19:47:00,CMP001,CH01
T007307,C04097,2025-11-13 01:07:00,CMP002,CH01
T007308,C04098,2025-09-16 00:00:00,CMP004,CH02
T007309,C04098,2025-09-21 15:08:00,CMP002,CH01
T007310,C04099,2025-03-09 00:00:00,CMP001,CH01
T007311,C04099,2025-03-15 15:59:00,CMP005,CH03
T007312,C04100,2025-07-10 00:00:00,CMP001,CH01
T007313,C04100,2025-07-16 11:53:00,CMP005,CH03
T007314,C04100,2025-07-21 11:52:00,CMP004,CH02
T007315,C04102,2025-12-25 00:00:00,CMP002,CH01
T007316,C04102,2025-12-28 02:46:00,CMP002,CH01
T007317,C04102,2026-01-04 10:20:00,CMP001,CH01
T007318,C04103,2025-10-26 00:00:00,CMP002,CH01
T007319,C04106,2025-10-20 00:00:00,CMP003,CH02
T007320,C04107,2025-12-26 00:00:00,CMP005,CH03
T007321,C04107,2025-12-30 23:21:00,CMP003,CH02
T007322,C04109,2025-02-01 00:00:00,CMP003,CH02
T007323,C04109,2025-02-08 17:14:00,CMP002,CH01
T007324,C04109,2025-02-15 10:41:00,CMP004,CH02
T007325,C04110,2025-12-22 00:00:00,CMP002,CH01
T007326,C04112,2025-02-17 00:00:00,CMP004,CH02
T007327,C04114,2025-06-16 00:00:00,CMP001,CH01
T007328,C04114,2025-06-23 19:00:00,CMP005,CH03
T007329,C04114,2025-06-28 21:05:00,CMP004,CH02
T007330,C04115,2025-08-30 00:00:00,CMP003,CH02
T007331,C04115,2025-08-31 16:53:00,CMP005,CH03
T007332,C04115,2025-09-07 06:06:00,CMP002,CH01
T007333,C04116,2025-12-14 00:00:00,CMP004,CH02
T007334,C04116,2025-12-16 05:11:00,CMP002,CH01
T007335,C04116,2025-12-22 21:16:00,CMP003,CH02
T007336,C04117,2025-09-01 00:00:00,CMP005,CH03
T007337,C04119,2025-05-16 00:00:00,CMP003,CH02
T007338,C04119,2025-05-19 23:18:00,CMP004,CH02
T007339,C04119,2025-05-24 04:46:00,CMP003,CH02
T007340,C04119,2025-05-29 03:24:00,CMP004,CH02
T007341,C04121,2025-12-13 00:00:00,CMP004,CH02
T007342,C04121,2025-12-17 02:29:00,CMP002,CH01
T007343,C04122,2025-10-19 00:00:00,CMP004,CH02
T007344,C04123,2025-12-15 00:00:00,CMP004,CH02
T007345,C04123,2025-12-16 06:30:00,CMP002,CH01
T007346,C04123,2025-12-21 11:42:00,CMP002,CH01
T007347,C04123,2025-12-23 04:50:00,CMP002,CH01
T007348,C04124,2025-04-15 00:00:00,CMP005,CH03
T007349,C04124,2025-04-20 15:33:00,CMP004,CH02
T007350,C04124,2025-04-25 09:34:00,CMP003,CH02
T007351,C04124,2025-04-28 01:38:00,CMP001,CH01
T007352,C04125,2025-06-11 00:00:00,CMP004,CH02
T007353,C04125,2025-06-17 17:07:00,CMP002,CH01
T007354,C04127,2025-07-19 00:00:00,CMP001,CH01
T007355,C04128,2025-02-22 00:00:00,CMP003,CH02
T007356,C04128,2025-02-24 10:26:00,CMP001,CH01
T007357,C04128,2025-03-04 03:21:00,CMP002,CH01
T007358,C04128,2025-03-06 19:04:00,CMP001,CH01
T007359,C04129,2025-05-11 00:00:00,CMP001,CH01
T007360,C04129,2025-05-12 05:22:00,CMP004,CH02
T007361,C04129,2025-05-14 06:24:00,CMP002,CH01
T007362,C04130,2025-10-04 00:00:00,CMP001,CH01
T007363,C04130,2025-10-11 20:07:00,CMP001,CH01
T007364,C04130,2025-10-16 15:32:00,CMP003,CH02
T007365,C04130,2025-10-21 13:01:00,CMP003,CH02
T007366,C04131,2025-11-02 00:00:00,CMP004,CH02
T007367,C04131,2025-11-03 19:39:00,CMP001,CH01
T007368,C04131,2025-11-08 06:44:00,CMP001,CH01
T007369,C04132,2025-05-13 00:00:00,CMP003,CH02
T007370,C04132,2025-05-16 23:41:00,CMP001,CH01
T007371,C04132,2025-05-22 23:05:00,CMP002,CH01
T007372,C04133,2025-06-17 00:00:00,CMP001,CH01
T007373,C04133,2025-06-19 00:32:00,CMP004,CH02
T007374,C04135,2025-05-08 00:00:00,CMP004,CH02
T007375,C04135,2025-05-11 02:58:00,CMP003,CH02
T007376,C04136,2025-05-29 00:00:00,CMP004,CH02
T007377,C04136,2025-06-01 20:51:00,CMP005,CH03
T007378,C04138,2025-02-20 00:00:00,CMP001,CH01
T007379,C04139,2025-08-20 00:00:00,CMP004,CH02
T007380,C04140,2025-06-23 00:00:00,CMP002,CH01
T007381,C04141,2025-03-07 00:00:00,CMP005,CH03
T007382,C04141,2025-03-10 19:15:00,CMP004,CH02
T007383,C04142,2025-04-05 00:00:00,CMP005,CH03
T007384,C04143,2025-12-13 00:00:00,CMP004,CH02
T007385,C04143,2025-12-20 11:59:00,CMP002,CH01
T007386,C04143,2025-12-21 19:42:00,CMP001,CH01
T007387,C04143,2025-12-27 06:16:00,CMP001,CH01
T007388,C04144,2025-03-18 00:00:00,CMP001,CH01
T007389,C04144,2025-03-22 14:42:00,CMP002,CH01
T007390,C04144,2025-03-25 08:42:00,CMP005,CH03
T007391,C04144,2025-03-28 11:08:00,CMP001,CH01
T007392,C04144,2025-03-29 23:35:00,CMP001,CH01
T007393,C04145,2025-01-07 00:00:00,CMP003,CH02
T007394,C04145,2025-01-12 01:29:00,CMP001,CH01
T007395,C04145,2025-01-18 05:39:00,CMP003,CH02
T007396,C04146,2025-09-30 00:00:00,CMP001,CH01
T007397,C04147,2025-07-02 00:00:00,CMP002,CH01
T007398,C04147,2025-07-03 21:45:00,CMP001,CH01
T007399,C04148,2025-01-10 00:00:00,CMP003,CH02
T007400,C04148,2025-01-13 23:33:00,CMP002,CH01
T007401,C04152,2025-04-02 00:00:00,CMP004,CH02
T007402,C04152,2025-04-07 07:53:00,CMP002,CH01
T007403,C04153,2025-10-31 00:00:00,CMP001,CH01
T007404,C04154,2025-06-03 00:00:00,CMP004,CH02
T007405,C04154,2025-06-08 20:25:00,CMP001,CH01
T007406,C04154,2025-06-14 04:24:00,CMP003,CH02
T007407,C04155,2025-01-18 00:00:00,CMP002,CH01
T007408,C04156,2025-12-24 00:00:00,CMP001,CH01
T007409,C04158,2025-03-24 00:00:00,CMP002,CH01
T007410,C04159,2025-10-05 00:00:00,CMP003,CH02
T007411,C04159,2025-10-08 10:25:00,CMP001,CH01
T007412,C04159,2025-10-14 13:13:00,CMP004,CH02
T007413,C04159,2025-10-19 10:50:00,CMP005,CH03
T007414,C04161,2025-09-28 00:00:00,CMP003,CH02
T007415,C04161,2025-10-03 19:31:00,CMP002,CH01
T007416,C04162,2025-08-31 00:00:00,CMP003,CH02
T007417,C04163,2025-02-11 00:00:00,CMP002,CH01
T007418,C04163,2025-02-15 16:40:00,CMP001,CH01
T007419,C04163,2025-02-20 02:44:00,CMP001,CH01
T007420,C04164,2025-11-26 00:00:00,CMP002,CH01
T007421,C04164,2025-11-30 06:50:00,CMP001,CH01
T007422,C04165,2025-06-15 00:00:00,CMP002,CH01
T007423,C04165,2025-06-19 09:57:00,CMP002,CH01
T007424,C04165,2025-06-25 23:58:00,CMP002,CH01
T007425,C04165,2025-07-01 20:48:00,CMP002,CH01
T007426,C04167,2025-04-08 00:00:00,CMP002,CH01
T007427,C04167,2025-04-15 11:55:00,CMP002,CH01
T007428,C04167,2025-04-23 11:09:00,CMP005,CH03
T007429,C04169,2025-02-12 00:00:00,CMP005,CH03
T007430,C04169,2025-02-13 23:52:00,CMP002,CH01
T007431,C04171,2025-02-13 00:00:00,CMP005,CH03
T007432,C04171,2025-02-16 12:10:00,CMP002,CH01
T007433,C04171,2025-02-24 07:46:00,CMP003,CH02
T007434,C04172,2025-08-19 00:00:00,CMP005,CH03
T007435,C04172,2025-08-24 04:01:00,CMP001,CH01
T007436,C04173,2025-02-22 00:00:00,CMP002,CH01
T007437,C04174,2025-07-29 00:00:00,CMP001,CH01
T007438,C04174,2025-08-04 12:40:00,CMP002,CH01
T007439,C04174,2025-08-11 19:35:00,CMP001,CH01
T007440,C04175,2025-10-03 00:00:00,CMP001,CH01
T007441,C04175,2025-10-08 06:46:00,CMP004,CH02
T007442,C04175,2025-10-11 02:51:00,CMP002,CH01
T007443,C04178,2025-05-27 00:00:00,CMP003,CH02
T007444,C04178,2025-06-01 21:10:00,CMP003,CH02
T007445,C04180,2025-07-21 00:00:00,CMP002,CH01
T007446,C04182,2025-08-18 00:00:00,CMP005,CH03
T007447,C04182,2025-08-25 02:02:00,CMP003,CH02
T007448,C04183,2025-02-12 00:00:00,CMP001,CH01
T007449,C04183,2025-02-13 06:57:00,CMP001,CH01
T007450,C04184,2025-08-27 00:00:00,CMP003,CH02
T007451,C04184,2025-09-01 22:32:00,CMP004,CH02
T007452,C04184,2025-09-09 06:51:00,CMP003,CH02
T007453,C04187,2025-03-15 00:00:00,CMP005,CH03
T007454,C04190,2025-01-02 00:00:00,CMP001,CH01
T007455,C04190,2025-01-08 19:48:00,CMP002,CH01
T007456,C04191,2025-02-13 00:00:00,CMP001,CH01
T007457,C04192,2025-04-14 00:00:00,CMP002,CH01
T007458,C04193,2025-03-22 00:00:00,CMP005,CH03
T007459,C04193,2025-03-23 18:29:00,CMP004,CH02
T007460,C04193,2025-03-30 07:27:00,CMP001,CH01
T007461,C04193,2025-04-01 16:35:00,CMP003,CH02
T007462,C04194,2025-02-26 00:00:00,CMP004,CH02
T007463,C04194,2025-02-27 15:56:00,CMP003,CH02
T007464,C04194,2025-03-01 06:25:00,CMP004,CH02
T007465,C04195,2025-04-24 00:00:00,CMP002,CH01
T007466,C04197,2025-09-07 00:00:00,CMP004,CH02
T007467,C04197,2025-09-08 14:35:00,CMP004,CH02
T007468,C04198,2025-04-15 00:00:00,CMP001,CH01
T007469,C04199,2025-05-20 00:00:00,CMP003,CH02
T007470,C04199,2025-05-24 05:06:00,CMP004,CH02
T007471,C04201,2025-11-23 00:00:00,CMP001,CH01
T007472,C04202,2025-05-24 00:00:00,CMP003,CH02
T007473,C04203,2025-12-17 00:00:00,CMP003,CH02
T007474,C04203,2025-12-19 06:39:00,CMP004,CH02
T007475,C04204,2025-09-28 00:00:00,CMP002,CH01
T007476,C04205,2025-07-31 00:00:00,CMP001,CH01
T007477,C04205,2025-08-03 11:58:00,CMP002,CH01
T007478,C04205,2025-08-09 12:02:00,CMP001,CH01
T007479,C04206,2025-02-11 00:00:00,CMP002,CH01
T007480,C04206,2025-02-17 18:45:00,CMP003,CH02
T007481,C04206,2025-02-20 04:57:00,CMP004,CH02
T007482,C04206,2025-02-23 23:20:00,CMP001,CH01
T007483,C04208,2025-07-06 00:00:00,CMP002,CH01
T007484,C04208,2025-07-12 15:03:00,CMP002,CH01
T007485,C04209,2025-12-06 00:00:00,CMP003,CH02
T007486,C04209,2025-12-07 08:20:00,CMP001,CH01
T007487,C04210,2025-04-15 00:00:00,CMP003,CH02
T007488,C04211,2025-02-07 00:00:00,CMP001,CH01
T007489,C04211,2025-02-13 20:27:00,CMP001,CH01
T007490,C04211,2025-02-17 00:31:00,CMP001,CH01
T007491,C04212,2025-10-05 00:00:00,CMP002,CH01
T007492,C04212,2025-10-09 11:09:00,CMP001,CH01
T007493,C04214,2025-06-10 00:00:00,CMP002,CH01
T007494,C04214,2025-06-13 21:21:00,CMP004,CH02
T007495,C04214,2025-06-20 13:45:00,CMP004,CH02
T007496,C04215,2025-11-26 00:00:00,CMP002,CH01
T007497,C04216,2025-02-15 00:00:00,CMP001,CH01
T007498,C04217,2025-03-15 00:00:00,CMP003,CH02
T007499,C04217,2025-03-21 20:26:00,CMP004,CH02
T007500,C04218,2025-07-14 00:00:00,CMP002,CH01
T007501,C04218,2025-07-19 20:31:00,CMP001,CH01
T007502,C04218,2025-07-22 07:19:00,CMP003,CH02
T007503,C04218,2025-07-30 06:31:00,CMP005,CH03
T007504,C04219,2025-06-20 00:00:00,CMP001,CH01
T007505,C04219,2025-06-23 20:08:00,CMP001,CH01
T007506,C04219,2025-06-28 11:09:00,CMP001,CH01
T007507,C04219,2025-07-03 17:53:00,CMP001,CH01
T007508,C04220,2025-05-08 00:00:00,CMP004,CH02
T007509,C04220,2025-05-11 10:13:00,CMP003,CH02
T007510,C04221,2025-04-30 00:00:00,CMP001,CH01
T007511,C04222,2025-03-07 00:00:00,CMP002,CH01
T007512,C04222,2025-03-11 06:19:00,CMP003,CH02
T007513,C04222,2025-03-15 14:16:00,CMP004,CH02
T007514,C04223,2025-01-02 00:00:00,CMP001,CH01
T007515,C04223,2025-01-06 08:27:00,CMP002,CH01
T007516,C04223,2025-01-13 08:42:00,CMP003,CH02
T007517,C04223,2025-01-21 04:02:00,CMP004,CH02
T007518,C04223,2025-01-22 21:22:00,CMP003,CH02
T007519,C04224,2025-01-23 00:00:00,CMP004,CH02
T007520,C04224,2025-01-24 22:59:00,CMP001,CH01
T007521,C04224,2025-02-01 07:12:00,CMP001,CH01
T007522,C04226,2025-10-25 00:00:00,CMP003,CH02
T007523,C04226,2025-11-01 07:52:00,CMP002,CH01
T007524,C04227,2025-01-11 00:00:00,CMP001,CH01
T007525,C04227,2025-01-16 15:56:00,CMP005,CH03
T007526,C04228,2025-07-11 00:00:00,CMP002,CH01
T007527,C04228,2025-07-17 09:09:00,CMP001,CH01
T007528,C04228,2025-07-19 23:37:00,CMP002,CH01
T007529,C04229,2025-08-11 00:00:00,CMP004,CH02
T007530,C04230,2025-09-11 00:00:00,CMP002,CH01
T007531,C04230,2025-09-12 02:38:00,CMP001,CH01
T007532,C04230,2025-09-19 13:46:00,CMP004,CH02
T007533,C04231,2025-03-12 00:00:00,CMP004,CH02
T007534,C04231,2025-03-19 05:05:00,CMP002,CH01
T007535,C04232,2025-04-08 00:00:00,CMP003,CH02
T007536,C04232,2025-04-09 08:38:00,CMP003,CH02
T007537,C04234,2025-01-12 00:00:00,CMP004,CH02
T007538,C04235,2025-09-13 00:00:00,CMP002,CH01
T007539,C04235,2025-09-15 03:11:00,CMP002,CH01
T007540,C04236,2025-12-31 00:00:00,CMP005,CH03
T007541,C04236,2026-01-04 04:48:00,CMP001,CH01
T007542,C04238,2025-04-15 00:00:00,CMP001,CH01
T007543,C04238,2025-04-19 06:40:00,CMP002,CH01
T007544,C04239,2025-02-01 00:00:00,CMP004,CH02
T007545,C04239,2025-02-07 13:20:00,CMP005,CH03
T007546,C04240,2025-08-09 00:00:00,CMP005,CH03
T007547,C04240,2025-08-12 20:50:00,CMP002,CH01
T007548,C04241,2025-11-23 00:00:00,CMP004,CH02
T007549,C04242,2025-11-24 00:00:00,CMP001,CH01
T007550,C04242,2025-11-28 16:59:00,CMP002,CH01
T007551,C04243,2025-12-13 00:00:00,CMP003,CH02
T007552,C04244,2025-10-18 00:00:00,CMP003,CH02
T007553,C04244,2025-10-24 06:26:00,CMP003,CH02
T007554,C04244,2025-10-28 10:05:00,CMP001,CH01
T007555,C04245,2025-02-20 00:00:00,CMP005,CH03
T007556,C04245,2025-02-23 11:23:00,CMP004,CH02
T007557,C04246,2025-11-01 00:00:00,CMP003,CH02
T007558,C04248,2025-11-07 00:00:00,CMP004,CH02
T007559,C04248,2025-11-08 02:23:00,CMP003,CH02
T007560,C04249,2025-09-15 00:00:00,CMP002,CH01
T007561,C04249,2025-09-17 18:29:00,CMP005,CH03
T007562,C04252,2025-08-01 00:00:00,CMP003,CH02
T007563,C04252,2025-08-07 03:22:00,CMP004,CH02
T007564,C04253,2025-01-31 00:00:00,CMP002,CH01
T007565,C04253,2025-02-03 20:56:00,CMP005,CH03
T007566,C04255,2025-09-04 00:00:00,CMP002,CH01
T007567,C04255,2025-09-05 10:17:00,CMP001,CH01
T007568,C04256,2025-10-10 00:00:00,CMP004,CH02
T007569,C04256,2025-10-16 02:38:00,CMP004,CH02
T007570,C04258,2025-01-01 00:00:00,CMP003,CH02
T007571,C04260,2025-02-23 00:00:00,CMP001,CH01
T007572,C04260,2025-03-02 22:30:00,CMP004,CH02
T007573,C04260,2025-03-05 08:58:00,CMP002,CH01
T007574,C04261,2025-05-03 00:00:00,CMP004,CH02
T007575,C04261,2025-05-10 06:55:00,CMP002,CH01
T007576,C04261,2025-05-16 01:43:00,CMP004,CH02
T007577,C04262,2025-04-15 00:00:00,CMP005,CH03
T007578,C04262,2025-04-16 14:08:00,CMP004,CH02
T007579,C04263,2025-05-24 00:00:00,CMP004,CH02
T007580,C04263,2025-05-28 06:49:00,CMP004,CH02
T007581,C04263,2025-06-04 09:22:00,CMP003,CH02
T007582,C04265,2025-11-30 00:00:00,CMP001,CH01
T007583,C04265,2025-12-05 15:34:00,CMP005,CH03
T007584,C04265,2025-12-08 02:35:00,CMP003,CH02
T007585,C04265,2025-12-11 11:58:00,CMP003,CH02
T007586,C04266,2025-02-18 00:00:00,CMP001,CH01
T007587,C04269,2025-10-23 00:00:00,CMP003,CH02
T007588,C04269,2025-10-25 08:52:00,CMP001,CH01
T007589,C04269,2025-10-29 05:46:00,CMP004,CH02
T007590,C04269,2025-11-01 14:30:00,CMP001,CH01
T007591,C04270,2025-09-05 00:00:00,CMP001,CH01
T007592,C04270,2025-09-10 21:24:00,CMP003,CH02
T007593,C04270,2025-09-17 15:41:00,CMP001,CH01
T007594,C04271,2025-06-01 00:00:00,CMP004,CH02
T007595,C04271,2025-06-03 19:18:00,CMP003,CH02
T007596,C04272,2025-01-12 00:00:00,CMP004,CH02
T007597,C04273,2025-06-27 00:00:00,CMP003,CH02
T007598,C04274,2025-01-28 00:00:00,CMP001,CH01
T007599,C04274,2025-01-30 14:46:00,CMP002,CH01
T007600,C04275,2025-10-11 00:00:00,CMP005,CH03
T007601,C04276,2025-06-21 00:00:00,CMP001,CH01
T007602,C04276,2025-06-26 06:48:00,CMP004,CH02
T007603,C04277,2025-06-29 00:00:00,CMP004,CH02
T007604,C04277,2025-06-30 22:51:00,CMP003,CH02
T007605,C04277,2025-07-05 13:22:00,CMP002,CH01
T007606,C04279,2025-10-13 00:00:00,CMP001,CH01
T007607,C04279,2025-10-17 06:46:00,CMP002,CH01
T007608,C04279,2025-10-20 06:17:00,CMP001,CH01
T007609,C04281,2025-06-19 00:00:00,CMP002,CH01
T007610,C04283,2025-04-28 00:00:00,CMP002,CH01
T007611,C04283,2025-04-30 10:13:00,CMP003,CH02
T007612,C04284,2025-09-25 00:00:00,CMP002,CH01
T007613,C04284,2025-09-30 16:53:00,CMP005,CH03
T007614,C04284,2025-10-07 16:50:00,CMP001,CH01
T007615,C04284,2025-10-10 03:44:00,CMP004,CH02
T007616,C04286,2025-04-04 00:00:00,CMP002,CH01
T007617,C04287,2025-10-24 00:00:00,CMP001,CH01
T007618,C04288,2025-02-26 00:00:00,CMP001,CH01
T007619,C04288,2025-03-02 00:21:00,CMP003,CH02
T007620,C04288,2025-03-06 22:06:00,CMP002,CH01
T007621,C04289,2025-02-12 00:00:00,CMP004,CH02
T007622,C04290,2025-01-24 00:00:00,CMP001,CH01
T007623,C04290,2025-01-27 00:40:00,CMP001,CH01
T007624,C04290,2025-02-02 08:48:00,CMP005,CH03
T007625,C04290,2025-02-03 15:02:00,CMP003,CH02
T007626,C04291,2025-06-04 00:00:00,CMP002,CH01
T007627,C04292,2025-01-28 00:00:00,CMP001,CH01
T007628,C04292,2025-01-31 21:46:00,CMP002,CH01
T007629,C04292,2025-02-06 04:11:00,CMP002,CH01
T007630,C04292,2025-02-11 12:51:00,CMP004,CH02
T007631,C04293,2025-11-15 00:00:00,CMP005,CH03
T007632,C04293,2025-11-20 02:38:00,CMP003,CH02
T007633,C04294,2025-12-22 00:00:00,CMP001,CH01
T007634,C04296,2025-05-31 00:00:00,CMP004,CH02
T007635,C04296,2025-06-06 10:15:00,CMP003,CH02
T007636,C04296,2025-06-11 22:46:00,CMP002,CH01
T007637,C04297,2025-03-21 00:00:00,CMP003,CH02
T007638,C04297,2025-03-22 16:41:00,CMP003,CH02
T007639,C04298,2025-08-03 00:00:00,CMP002,CH01
T007640,C04298,2025-08-05 09:11:00,CMP004,CH02
T007641,C04299,2025-06-23 00:00:00,CMP002,CH01
T007642,C04300,2025-11-07 00:00:00,CMP004,CH02
T007643,C04301,2025-05-13 00:00:00,CMP003,CH02
T007644,C04302,2025-12-12 00:00:00,CMP002,CH01
T007645,C04302,2025-12-13 13:23:00,CMP003,CH02
T007646,C04305,2025-04-03 00:00:00,CMP005,CH03
T007647,C04306,2025-11-29 00:00:00,CMP004,CH02
T007648,C04306,2025-12-04 00:29:00,CMP002,CH01
T007649,C04306,2025-12-06 11:35:00,CMP001,CH01
T007650,C04307,2025-03-26 00:00:00,CMP004,CH02
T007651,C04308,2025-06-16 00:00:00,CMP002,CH01
T007652,C04308,2025-06-19 03:21:00,CMP003,CH02
T007653,C04309,2025-04-20 00:00:00,CMP004,CH02
T007654,C04309,2025-04-25 09:31:00,CMP002,CH01
T007655,C04309,2025-04-29 03:58:00,CMP002,CH01
T007656,C04309,2025-05-05 15:40:00,CMP004,CH02
T007657,C04310,2025-10-08 00:00:00,CMP003,CH02
T007658,C04310,2025-10-10 09:16:00,CMP001,CH01
T007659,C04311,2025-07-16 00:00:00,CMP003,CH02
T007660,C04311,2025-07-22 06:32:00,CMP003,CH02
T007661,C04311,2025-07-26 03:42:00,CMP004,CH02
T007662,C04312,2025-08-31 00:00:00,CMP005,CH03
T007663,C04312,2025-09-07 10:40:00,CMP003,CH02
T007664,C04312,2025-09-10 05:43:00,CMP003,CH02
T007665,C04313,2025-12-26 00:00:00,CMP002,CH01
T007666,C04313,2026-01-01 16:26:00,CMP002,CH01
T007667,C04313,2026-01-05 01:15:00,CMP004,CH02
T007668,C04314,2025-08-19 00:00:00,CMP001,CH01
T007669,C04314,2025-08-20 14:04:00,CMP003,CH02
T007670,C04315,2025-02-28 00:00:00,CMP003,CH02
T007671,C04316,2025-12-09 00:00:00,CMP001,CH01
T007672,C04316,2025-12-15 14:43:00,CMP001,CH01
T007673,C04316,2025-12-17 00:57:00,CMP004,CH02
T007674,C04317,2025-01-11 00:00:00,CMP002,CH01
T007675,C04318,2025-10-27 00:00:00,CMP003,CH02
T007676,C04320,2025-06-13 00:00:00,CMP003,CH02
T007677,C04320,2025-06-14 03:58:00,CMP002,CH01
T007678,C04321,2025-03-14 00:00:00,CMP004,CH02
T007679,C04322,2025-03-27 00:00:00,CMP004,CH02
T007680,C04323,2025-09-14 00:00:00,CMP003,CH02
T007681,C04323,2025-09-21 06:41:00,CMP002,CH01
T007682,C04323,2025-09-26 09:44:00,CMP004,CH02
T007683,C04325,2025-02-14 00:00:00,CMP003,CH02
T007684,C04325,2025-02-15 01:01:00,CMP002,CH01
T007685,C04326,2025-07-25 00:00:00,CMP001,CH01
T007686,C04327,2025-03-19 00:00:00,CMP003,CH02
T007687,C04327,2025-03-22 08:42:00,CMP003,CH02
T007688,C04327,2025-03-28 08:33:00,CMP005,CH03
T007689,C04327,2025-04-01 13:58:00,CMP004,CH02
T007690,C04328,2025-09-20 00:00:00,CMP001,CH01
T007691,C04328,2025-09-25 13:27:00,CMP002,CH01
T007692,C04329,2025-03-08 00:00:00,CMP004,CH02
T007693,C04329,2025-03-11 21:28:00,CMP003,CH02
T007694,C04330,2025-07-18 00:00:00,CMP002,CH01
T007695,C04330,2025-07-24 20:33:00,CMP001,CH01
T007696,C04331,2025-05-24 00:00:00,CMP004,CH02
T007697,C04331,2025-05-29 15:25:00,CMP005,CH03
T007698,C04331,2025-06-04 17:59:00,CMP004,CH02
T007699,C04332,2025-12-22 00:00:00,CMP005,CH03
T007700,C04332,2025-12-23 05:05:00,CMP001,CH01
T007701,C04332,2025-12-26 23:29:00,CMP001,CH01
T007702,C04332,2026-01-01 19:42:00,CMP004,CH02
T007703,C04333,2025-03-15 00:00:00,CMP001,CH01
T007704,C04335,2025-04-18 00:00:00,CMP002,CH01
T007705,C04335,2025-04-19 07:54:00,CMP005,CH03
T007706,C04336,2025-06-14 00:00:00,CMP002,CH01
T007707,C04339,2025-09-17 00:00:00,CMP002,CH01
T007708,C04339,2025-09-23 11:58:00,CMP002,CH01
T007709,C04339,2025-09-27 13:45:00,CMP004,CH02
T007710,C04339,2025-10-03 03:01:00,CMP002,CH01
T007711,C04341,2025-09-21 00:00:00,CMP001,CH01
T007712,C04341,2025-09-28 16:55:00,CMP004,CH02
T007713,C04343,2025-08-11 00:00:00,CMP004,CH02
T007714,C04346,2025-07-31 00:00:00,CMP002,CH01
T007715,C04346,2025-08-07 14:33:00,CMP003,CH02
T007716,C04346,2025-08-10 13:41:00,CMP002,CH01
T007717,C04347,2025-04-18 00:00:00,CMP001,CH01
T007718,C04347,2025-04-24 12:59:00,CMP001,CH01
T007719,C04348,2025-07-13 00:00:00,CMP004,CH02
T007720,C04350,2025-07-23 00:00:00,CMP005,CH03
T007721,C04350,2025-07-29 11:46:00,CMP002,CH01
T007722,C04350,2025-08-04 20:54:00,CMP004,CH02
T007723,C04352,2025-10-01 00:00:00,CMP001,CH01
T007724,C04352,2025-10-07 16:00:00,CMP003,CH02
T007725,C04352,2025-10-11 18:29:00,CMP001,CH01
T007726,C04353,2025-01-11 00:00:00,CMP002,CH01
T007727,C04353,2025-01-15 03:44:00,CMP001,CH01
T007728,C04353,2025-01-18 17:05:00,CMP002,CH01
T007729,C04354,2025-12-20 00:00:00,CMP002,CH01
T007730,C04357,2025-12-28 00:00:00,CMP003,CH02
T007731,C04359,2025-03-15 00:00:00,CMP004,CH02
T007732,C04359,2025-03-22 04:56:00,CMP001,CH01
T007733,C04359,2025-03-29 06:53:00,CMP002,CH01
T007734,C04360,2025-09-09 00:00:00,CMP003,CH02
T007735,C04361,2025-01-16 00:00:00,CMP002,CH01
T007736,C04362,2025-04-21 00:00:00,CMP002,CH01
T007737,C04362,2025-04-22 02:11:00,CMP001,CH01
T007738,C04362,2025-04-25 17:04:00,CMP004,CH02
T007739,C04363,2025-11-19 00:00:00,CMP002,CH01
T007740,C04363,2025-11-25 11:38:00,CMP001,CH01
T007741,C04363,2025-11-28 06:46:00,CMP003,CH02
T007742,C04364,2025-01-13 00:00:00,CMP001,CH01
T007743,C04364,2025-01-15 14:00:00,CMP004,CH02
T007744,C04364,2025-01-19 05:56:00,CMP002,CH01
T007745,C04365,2025-01-26 00:00:00,CMP005,CH03
T007746,C04365,2025-01-30 22:18:00,CMP003,CH02
T007747,C04365,2025-02-01 00:32:00,CMP003,CH02
T007748,C04365,2025-02-06 04:44:00,CMP004,CH02
T007749,C04366,2025-11-16 00:00:00,CMP001,CH01
T007750,C04366,2025-11-23 04:49:00,CMP002,CH01
T007751,C04368,2025-12-19 00:00:00,CMP001,CH01
T007752,C04368,2025-12-25 06:15:00,CMP003,CH02
T007753,C04368,2026-01-01 14:13:00,CMP002,CH01
T007754,C04369,2025-04-12 00:00:00,CMP005,CH03
T007755,C04369,2025-04-16 02:19:00,CMP004,CH02
T007756,C04369,2025-04-17 11:50:00,CMP003,CH02
T007757,C04369,2025-04-19 07:08:00,CMP004,CH02
T007758,C04370,2025-06-13 00:00:00,CMP003,CH02
T007759,C04370,2025-06-18 03:41:00,CMP001,CH01
T007760,C04370,2025-06-23 02:20:00,CMP003,CH02
T007761,C04371,2025-10-24 00:00:00,CMP001,CH01
T007762,C04371,2025-10-26 02:47:00,CMP003,CH02
T007763,C04371,2025-11-01 19:24:00,CMP004,CH02
T007764,C04371,2025-11-09 06:09:00,CMP003,CH02
T007765,C04373,2025-01-22 00:00:00,CMP001,CH01
T007766,C04373,2025-01-29 01:43:00,CMP003,CH02
T007767,C04373,2025-02-05 18:27:00,CMP001,CH01
T007768,C04375,2025-03-14 00:00:00,CMP003,CH02
T007769,C04375,2025-03-21 21:58:00,CMP004,CH02
T007770,C04377,2025-01-18 00:00:00,CMP001,CH01
T007771,C04377,2025-01-25 09:17:00,CMP001,CH01
T007772,C04378,2025-05-18 00:00:00,CMP002,CH01
T007773,C04379,2025-05-17 00:00:00,CMP003,CH02
T007774,C04380,2025-06-19 00:00:00,CMP003,CH02
T007775,C04380,2025-06-23 23:31:00,CMP001,CH01
T007776,C04381,2025-11-24 00:00:00,CMP001,CH01
T007777,C04381,2025-11-25 19:04:00,CMP002,CH01
T007778,C04381,2025-11-27 14:59:00,CMP001,CH01
T007779,C04382,2025-08-16 00:00:00,CMP004,CH02
T007780,C04382,2025-08-22 05:59:00,CMP005,CH03
T007781,C04382,2025-08-25 08:00:00,CMP003,CH02
T007782,C04383,2025-06-28 00:00:00,CMP001,CH01
T007783,C04383,2025-07-03 21:24:00,CMP001,CH01
T007784,C04384,2025-10-14 00:00:00,CMP002,CH01
T007785,C04385,2025-08-28 00:00:00,CMP004,CH02
T007786,C04385,2025-09-04 21:58:00,CMP003,CH02
T007787,C04385,2025-09-09 00:42:00,CMP002,CH01
T007788,C04386,2025-04-06 00:00:00,CMP003,CH02
T007789,C04386,2025-04-10 04:46:00,CMP004,CH02
T007790,C04387,2025-07-07 00:00:00,CMP004,CH02
T007791,C04387,2025-07-12 20:05:00,CMP001,CH01
T007792,C04387,2025-07-14 19:02:00,CMP002,CH01
T007793,C04388,2025-03-18 00:00:00,CMP002,CH01
T007794,C04388,2025-03-23 20:11:00,CMP001,CH01
T007795,C04390,2025-07-31 00:00:00,CMP003,CH02
T007796,C04391,2025-03-19 00:00:00,CMP004,CH02
T007797,C04392,2025-01-22 00:00:00,CMP002,CH01
T007798,C04393,2025-08-03 00:00:00,CMP003,CH02
T007799,C04393,2025-08-06 01:32:00,CMP002,CH01
T007800,C04394,2025-02-14 00:00:00,CMP002,CH01
T007801,C04395,2025-05-25 00:00:00,CMP002,CH01
T007802,C04395,2025-06-01 00:56:00,CMP003,CH02
T007803,C04395,2025-06-05 18:30:00,CMP004,CH02
T007804,C04397,2025-03-26 00:00:00,CMP004,CH02
T007805,C04397,2025-03-31 08:18:00,CMP001,CH01
T007806,C04400,2025-11-30 00:00:00,CMP001,CH01
T007807,C04401,2025-04-21 00:00:00,CMP002,CH01
T007808,C04402,2025-04-20 00:00:00,CMP002,CH01
T007809,C04403,2025-01-13 00:00:00,CMP002,CH01
T007810,C04403,2025-01-17 09:42:00,CMP001,CH01
T007811,C04403,2025-01-24 21:12:00,CMP004,CH02
T007812,C04404,2025-07-21 00:00:00,CMP004,CH02
T007813,C04404,2025-07-24 03:24:00,CMP001,CH01
T007814,C04405,2025-06-05 00:00:00,CMP003,CH02
T007815,C04406,2025-09-15 00:00:00,CMP003,CH02
T007816,C04406,2025-09-22 09:52:00,CMP002,CH01
T007817,C04408,2025-08-04 00:00:00,CMP003,CH02
T007818,C04409,2025-01-29 00:00:00,CMP002,CH01
T007819,C04409,2025-01-30 06:57:00,CMP004,CH02
T007820,C04409,2025-02-06 04:50:00,CMP005,CH03
T007821,C04409,2025-02-09 22:39:00,CMP001,CH01
T007822,C04411,2025-06-29 00:00:00,CMP001,CH01
T007823,C04411,2025-06-30 13:08:00,CMP003,CH02
T007824,C04412,2025-11-02 00:00:00,CMP004,CH02
T007825,C04413,2025-12-02 00:00:00,CMP004,CH02
T007826,C04413,2025-12-05 07:28:00,CMP005,CH03
T007827,C04413,2025-12-07 13:32:00,CMP001,CH01
T007828,C04413,2025-12-15 09:27:00,CMP001,CH01
T007829,C04415,2025-06-30 00:00:00,CMP002,CH01
T007830,C04415,2025-07-07 17:21:00,CMP004,CH02
T007831,C04415,2025-07-08 23:18:00,CMP001,CH01
T007832,C04415,2025-07-15 16:19:00,CMP002,CH01
T007833,C04416,2025-12-12 00:00:00,CMP003,CH02
T007834,C04416,2025-12-18 04:28:00,CMP003,CH02
T007835,C04416,2025-12-19 11:22:00,CMP001,CH01
T007836,C04417,2025-02-08 00:00:00,CMP003,CH02
T007837,C04418,2025-02-20 00:00:00,CMP002,CH01
T007838,C04418,2025-02-21 20:10:00,CMP001,CH01
T007839,C04418,2025-02-28 04:12:00,CMP004,CH02
T007840,C04419,2025-01-10 00:00:00,CMP001,CH01
T007841,C04419,2025-01-17 14:50:00,CMP001,CH01
T007842,C04421,2025-02-21 00:00:00,CMP004,CH02
T007843,C04421,2025-02-26 23:51:00,CMP004,CH02
T007844,C04422,2025-05-04 00:00:00,CMP002,CH01
T007845,C04422,2025-05-09 23:36:00,CMP002,CH01
T007846,C04422,2025-05-12 02:59:00,CMP002,CH01
T007847,C04422,2025-05-18 10:53:00,CMP003,CH02
T007848,C04423,2025-06-17 00:00:00,CMP001,CH01
T007849,C04425,2025-04-05 00:00:00,CMP005,CH03
T007850,C04426,2025-11-25 00:00:00,CMP003,CH02
T007851,C04426,2025-11-26 04:20:00,CMP003,CH02
T007852,C04426,2025-12-01 02:41:00,CMP004,CH02
T007853,C04426,2025-12-02 19:55:00,CMP002,CH01
T007854,C04427,2025-08-31 00:00:00,CMP005,CH03
T007855,C04428,2025-09-09 00:00:00,CMP002,CH01
T007856,C04428,2025-09-15 15:45:00,CMP003,CH02
T007857,C04428,2025-09-18 20:43:00,CMP001,CH01
T007858,C04429,2025-01-20 00:00:00,CMP004,CH02
T007859,C04429,2025-01-22 13:19:00,CMP001,CH01
T007860,C04429,2025-01-28 22:56:00,CMP001,CH01
T007861,C04429,2025-02-03 21:28:00,CMP002,CH01
T007862,C04430,2025-12-30 00:00:00,CMP002,CH01
T007863,C04430,2026-01-02 15:29:00,CMP003,CH02
T007864,C04430,2026-01-05 07:10:00,CMP003,CH02
T007865,C04430,2026-01-11 07:04:00,CMP001,CH01
T007866,C04431,2025-02-11 00:00:00,CMP004,CH02
T007867,C04431,2025-02-18 11:47:00,CMP003,CH02
T007868,C04432,2025-04-07 00:00:00,CMP004,CH02
T007869,C04433,2025-11-16 00:00:00,CMP002,CH01
T007870,C04434,2025-09-19 00:00:00,CMP004,CH02
T007871,C04434,2025-09-25 12:33:00,CMP002,CH01
T007872,C04437,2025-04-16 00:00:00,CMP001,CH01
T007873,C04437,2025-04-19 20:59:00,CMP001,CH01
T007874,C04438,2025-01-26 00:00:00,CMP003,CH02
T007875,C04438,2025-02-02 21:50:00,CMP001,CH01
T007876,C04438,2025-02-07 23:54:00,CMP001,CH01
T007877,C04438,2025-02-11 00:25:00,CMP002,CH01
T007878,C04439,2025-03-28 00:00:00,CMP001,CH01
T007879,C04439,2025-04-01 06:16:00,CMP003,CH02
T007880,C04439,2025-04-08 05:34:00,CMP001,CH01
T007881,C04441,2025-05-14 00:00:00,CMP005,CH03
T007882,C04441,2025-05-20 15:21:00,CMP004,CH02
T007883,C04442,2025-10-11 00:00:00,CMP001,CH01
T007884,C04442,2025-10-17 17:35:00,CMP001,CH01
T007885,C04442,2025-10-21 19:49:00,CMP005,CH03
T007886,C04442,2025-10-27 22:26:00,CMP004,CH02
T007887,C04443,2025-01-15 00:00:00,CMP002,CH01
T007888,C04443,2025-01-22 04:58:00,CMP002,CH01
T007889,C04443,2025-01-25 17:12:00,CMP002,CH01
T007890,C04443,2025-01-28 21:46:00,CMP002,CH01
T007891,C04445,2025-11-20 00:00:00,CMP004,CH02
T007892,C04445,2025-11-27 17:28:00,CMP001,CH01
T007893,C04447,2025-03-21 00:00:00,CMP004,CH02
T007894,C04447,2025-03-25 01:19:00,CMP003,CH02
T007895,C04448,2025-05-30 00:00:00,CMP001,CH01
T007896,C04448,2025-06-03 11:21:00,CMP003,CH02
T007897,C04448,2025-06-08 16:37:00,CMP002,CH01
T007898,C04448,2025-06-09 21:52:00,CMP004,CH02
T007899,C04449,2025-09-16 00:00:00,CMP002,CH01
T007900,C04449,2025-09-19 23:34:00,CMP004,CH02
T007901,C04449,2025-09-27 10:21:00,CMP003,CH02
T007902,C04451,2025-09-25 00:00:00,CMP004,CH02
T007903,C04451,2025-09-29 07:31:00,CMP003,CH02
T007904,C04452,2025-10-28 00:00:00,CMP003,CH02
T007905,C04452,2025-11-03 08:31:00,CMP005,CH03
T007906,C04453,2025-02-03 00:00:00,CMP004,CH02
T007907,C04453,2025-02-10 04:18:00,CMP004,CH02
T007908,C04453,2025-02-14 09:14:00,CMP001,CH01
T007909,C04453,2025-02-17 22:20:00,CMP001,CH01
T007910,C04454,2025-05-07 00:00:00,CMP002,CH01
T007911,C04455,2025-12-20 00:00:00,CMP002,CH01
T007912,C04456,2025-05-16 00:00:00,CMP001,CH01
T007913,C04457,2025-12-07 00:00:00,CMP001,CH01
T007914,C04457,2025-12-12 01:47:00,CMP002,CH01
T007915,C04457,2025-12-15 19:55:00,CMP001,CH01
T007916,C04457,2025-12-22 16:54:00,CMP005,CH03
T007917,C04458,2025-07-04 00:00:00,CMP001,CH01
T007918,C04458,2025-07-10 11:44:00,CMP001,CH01
T007919,C04459,2025-04-03 00:00:00,CMP004,CH02
T007920,C04460,2025-05-21 00:00:00,CMP002,CH01
T007921,C04460,2025-05-24 18:41:00,CMP004,CH02
T007922,C04461,2025-04-08 00:00:00,CMP005,CH03
T007923,C04461,2025-04-12 22:51:00,CMP001,CH01
T007924,C04461,2025-04-16 05:14:00,CMP004,CH02
T007925,C04463,2025-05-30 00:00:00,CMP002,CH01
T007926,C04463,2025-05-31 15:03:00,CMP003,CH02
T007927,C04464,2025-01-11 00:00:00,CMP002,CH01
T007928,C04464,2025-01-18 17:59:00,CMP004,CH02
T007929,C04465,2025-04-01 00:00:00,CMP002,CH01
T007930,C04467,2025-05-16 00:00:00,CMP003,CH02
T007931,C04467,2025-05-21 06:25:00,CMP002,CH01
T007932,C04468,2025-01-09 00:00:00,CMP003,CH02
T007933,C04470,2025-09-17 00:00:00,CMP003,CH02
T007934,C04470,2025-09-24 08:49:00,CMP001,CH01
T007935,C04470,2025-09-27 06:26:00,CMP001,CH01
T007936,C04471,2025-05-24 00:00:00,CMP002,CH01
T007937,C04471,2025-05-31 19:59:00,CMP001,CH01
T007938,C04471,2025-06-03 15:44:00,CMP004,CH02
T007939,C04472,2025-06-16 00:00:00,CMP002,CH01
T007940,C04472,2025-06-22 13:08:00,CMP004,CH02
T007941,C04472,2025-06-26 15:41:00,CMP003,CH02
T007942,C04473,2025-07-29 00:00:00,CMP004,CH02
T007943,C04474,2025-10-26 00:00:00,CMP001,CH01
T007944,C04474,2025-10-30 14:14:00,CMP001,CH01
T007945,C04475,2025-08-23 00:00:00,CMP003,CH02
T007946,C04475,2025-08-27 11:37:00,CMP002,CH01
T007947,C04476,2025-04-02 00:00:00,CMP001,CH01
T007948,C04476,2025-04-05 10:14:00,CMP004,CH02
T007949,C04477,2025-08-22 00:00:00,CMP003,CH02
T007950,C04477,2025-08-28 13:08:00,CMP002,CH01
T007951,C04480,2025-12-04 00:00:00,CMP005,CH03
T007952,C04480,2025-12-11 12:14:00,CMP001,CH01
T007953,C04480,2025-12-16 06:47:00,CMP005,CH03
T007954,C04481,2025-10-12 00:00:00,CMP003,CH02
T007955,C04481,2025-10-13 15:32:00,CMP002,CH01
T007956,C04482,2025-08-03 00:00:00,CMP001,CH01
T007957,C04482,2025-08-05 02:06:00,CMP003,CH02
T007958,C04483,2025-07-16 00:00:00,CMP001,CH01
T007959,C04483,2025-07-22 18:33:00,CMP002,CH01
T007960,C04483,2025-07-25 05:20:00,CMP003,CH02
T007961,C04485,2025-11-23 00:00:00,CMP003,CH02
T007962,C04485,2025-11-25 09:19:00,CMP004,CH02
T007963,C04485,2025-11-30 01:40:00,CMP004,CH02
T007964,C04486,2025-11-12 00:00:00,CMP003,CH02
T007965,C04487,2025-03-25 00:00:00,CMP003,CH02
T007966,C04487,2025-04-01 20:25:00,CMP004,CH02
T007967,C04487,2025-04-09 16:31:00,CMP002,CH01
T007968,C04488,2025-11-09 00:00:00,CMP005,CH03
T007969,C04488,2025-11-14 14:36:00,CMP004,CH02
T007970,C04488,2025-11-17 09:01:00,CMP003,CH02
T007971,C04489,2025-08-07 00:00:00,CMP004,CH02
T007972,C04489,2025-08-11 14:52:00,CMP002,CH01
T007973,C04489,2025-08-17 03:16:00,CMP001,CH01
T007974,C04489,2025-08-20 07:46:00,CMP001,CH01
T007975,C04490,2025-07-04 00:00:00,CMP002,CH01
T007976,C04490,2025-07-07 00:41:00,CMP003,CH02
T007977,C04490,2025-07-08 22:53:00,CMP005,CH03
T007978,C04491,2025-02-03 00:00:00,CMP002,CH01
T007979,C04492,2025-11-25 00:00:00,CMP002,CH01
T007980,C04493,2025-10-25 00:00:00,CMP003,CH02
T007981,C04493,2025-10-31 23:34:00,CMP003,CH02
T007982,C04493,2025-11-02 15:45:00,CMP002,CH01
T007983,C04493,2025-11-08 18:11:00,CMP002,CH01
T007984,C04494,2025-03-09 00:00:00,CMP004,CH02
T007985,C04494,2025-03-14 00:09:00,CMP001,CH01
T007986,C04495,2025-07-18 00:00:00,CMP002,CH01
T007987,C04495,2025-07-24 13:20:00,CMP001,CH01
T007988,C04496,2025-07-29 00:00:00,CMP005,CH03
T007989,C04496,2025-08-05 12:22:00,CMP005,CH03
T007990,C04498,2025-10-06 00:00:00,CMP004,CH02
T007991,C04498,2025-10-08 06:48:00,CMP003,CH02
T007992,C04498,2025-10-11 04:34:00,CMP003,CH02
T007993,C04499,2025-04-06 00:00:00,CMP004,CH02
T007994,C04499,2025-04-11 02:29:00,CMP002,CH01
T007995,C04499,2025-04-14 21:04:00,CMP002,CH01
T007996,C04500,2025-06-11 00:00:00,CMP003,CH02
T007997,C04500,2025-06-14 01:43:00,CMP003,CH02
T007998,C04502,2025-06-14 00:00:00,CMP002,CH01
T007999,C04502,2025-06-16 01:48:00,CMP003,CH02
T008000,C04502,2025-06-20 10:42:00,CMP004,CH02
T008001,C04502,2025-06-26 21:33:00,CMP001,CH01
T008002,C04504,2025-05-09 00:00:00,CMP005,CH03
T008003,C04504,2025-05-10 16:38:00,CMP004,CH02
T008004,C04506,2025-01-23 00:00:00,CMP002,CH01
T008005,C04506,2025-01-29 03:46:00,CMP005,CH03
T008006,C04508,2025-08-30 00:00:00,CMP002,CH01
T008007,C04508,2025-09-03 21:02:00,CMP001,CH01
T008008,C04510,2025-05-08 00:00:00,CMP003,CH02
T008009,C04510,2025-05-12 09:49:00,CMP001,CH01
T008010,C04511,2025-06-13 00:00:00,CMP001,CH01
T008011,C04512,2025-05-14 00:00:00,CMP005,CH03
T008012,C04514,2025-11-17 00:00:00,CMP001,CH01
T008013,C04514,2025-11-23 00:10:00,CMP002,CH01
T008014,C04515,2025-05-10 00:00:00,CMP001,CH01
T008015,C04516,2025-05-14 00:00:00,CMP002,CH01
T008016,C04516,2025-05-17 22:20:00,CMP001,CH01
T008017,C04517,2025-11-11 00:00:00,CMP003,CH02
T008018,C04517,2025-11-15 09:54:00,CMP003,CH02
T008019,C04519,2025-04-01 00:00:00,CMP002,CH01
T008020,C04519,2025-04-06 19:51:00,CMP002,CH01
T008021,C04519,2025-04-13 11:00:00,CMP001,CH01
T008022,C04520,2025-02-20 00:00:00,CMP002,CH01
T008023,C04521,2025-05-02 00:00:00,CMP004,CH02
T008024,C04522,2025-10-23 00:00:00,CMP003,CH02
T008025,C04522,2025-10-27 01:38:00,CMP003,CH02
T008026,C04522,2025-11-03 02:04:00,CMP003,CH02
T008027,C04522,2025-11-10 01:39:00,CMP001,CH01
T008028,C04523,2025-08-30 00:00:00,CMP001,CH01
T008029,C04523,2025-09-02 09:37:00,CMP001,CH01
T008030,C04523,2025-09-04 06:43:00,CMP001,CH01
T008031,C04524,2025-11-11 00:00:00,CMP001,CH01
T008032,C04524,2025-11-15 22:34:00,CMP004,CH02
T008033,C04524,2025-11-20 14:54:00,CMP003,CH02
T008034,C04525,2025-11-26 00:00:00,CMP004,CH02
T008035,C04526,2025-06-22 00:00:00,CMP001,CH01
T008036,C04526,2025-06-28 17:47:00,CMP002,CH01
T008037,C04526,2025-06-30 17:31:00,CMP003,CH02
T008038,C04527,2025-05-09 00:00:00,CMP005,CH03
T008039,C04528,2025-01-28 00:00:00,CMP001,CH01
T008040,C04528,2025-02-03 14:46:00,CMP004,CH02
T008041,C04529,2025-01-02 00:00:00,CMP004,CH02
T008042,C04529,2025-01-05 02:16:00,CMP003,CH02
T008043,C04529,2025-01-12 08:26:00,CMP003,CH02
T008044,C04529,2025-01-20 06:52:00,CMP004,CH02
T008045,C04530,2025-06-04 00:00:00,CMP001,CH01
T008046,C04530,2025-06-05 08:49:00,CMP001,CH01
T008047,C04531,2025-12-23 00:00:00,CMP004,CH02
T008048,C04533,2025-03-31 00:00:00,CMP003,CH02
T008049,C04533,2025-04-06 06:14:00,CMP002,CH01
T008050,C04533,2025-04-10 22:18:00,CMP003,CH02
T008051,C04534,2025-05-26 00:00:00,CMP002,CH01
T008052,C04535,2025-09-07 00:00:00,CMP001,CH01
T008053,C04536,2025-05-09 00:00:00,CMP001,CH01
T008054,C04536,2025-05-13 02:29:00,CMP005,CH03
T008055,C04536,2025-05-20 04:40:00,CMP002,CH01
T008056,C04537,2025-10-21 00:00:00,CMP005,CH03
T008057,C04537,2025-10-24 15:51:00,CMP003,CH02
T008058,C04537,2025-10-28 19:20:00,CMP002,CH01
T008059,C04538,2025-12-29 00:00:00,CMP001,CH01
T008060,C04538,2026-01-05 10:58:00,CMP002,CH01
T008061,C04539,2025-09-08 00:00:00,CMP001,CH01
T008062,C04539,2025-09-09 12:36:00,CMP004,CH02
T008063,C04540,2025-04-04 00:00:00,CMP002,CH01
T008064,C04541,2025-12-09 00:00:00,CMP005,CH03
T008065,C04541,2025-12-16 10:59:00,CMP001,CH01
T008066,C04541,2025-12-22 07:47:00,CMP003,CH02
T008067,C04542,2025-10-30 00:00:00,CMP001,CH01
T008068,C04542,2025-10-31 07:13:00,CMP004,CH02
T008069,C04543,2025-12-25 00:00:00,CMP001,CH01
T008070,C04544,2025-09-12 00:00:00,CMP001,CH01
T008071,C04544,2025-09-15 06:02:00,CMP002,CH01
T008072,C04544,2025-09-20 20:14:00,CMP004,CH02
T008073,C04544,2025-09-23 23:22:00,CMP003,CH02
T008074,C04546,2025-12-17 00:00:00,CMP005,CH03
T008075,C04546,2025-12-22 23:21:00,CMP002,CH01
T008076,C04547,2025-03-03 00:00:00,CMP002,CH01
T008077,C04547,2025-03-10 01:41:00,CMP005,CH03
T008078,C04548,2025-06-01 00:00:00,CMP003,CH02
T008079,C04549,2025-07-20 00:00:00,CMP005,CH03
T008080,C04549,2025-07-26 03:08:00,CMP003,CH02
T008081,C04549,2025-07-27 16:46:00,CMP004,CH02
T008082,C04550,2025-03-05 00:00:00,CMP001,CH01
T008083,C04550,2025-03-11 19:48:00,CMP002,CH01
T008084,C04550,2025-03-13 08:42:00,CMP001,CH01
T008085,C04551,2025-12-17 00:00:00,CMP002,CH01
T008086,C04551,2025-12-21 03:13:00,CMP002,CH01
T008087,C04552,2025-10-02 00:00:00,CMP003,CH02
T008088,C04553,2025-04-19 00:00:00,CMP003,CH02
T008089,C04554,2025-08-19 00:00:00,CMP003,CH02
T008090,C04554,2025-08-22 22:53:00,CMP002,CH01
T008091,C04555,2025-06-15 00:00:00,CMP002,CH01
T008092,C04555,2025-06-20 10:38:00,CMP003,CH02
T008093,C04555,2025-06-28 07:27:00,CMP003,CH02
T008094,C04556,2025-05-04 00:00:00,CMP003,CH02
T008095,C04557,2025-11-07 00:00:00,CMP003,CH02
T008096,C04557,2025-11-10 19:40:00,CMP004,CH02
T008097,C04557,2025-11-18 05:29:00,CMP002,CH01
T008098,C04558,2025-07-18 00:00:00,CMP003,CH02
T008099,C04559,2025-06-07 00:00:00,CMP001,CH01
T008100,C04559,2025-06-13 20:08:00,CMP001,CH01
T008101,C04560,2025-04-06 00:00:00,CMP005,CH03
T008102,C04560,2025-04-13 15:29:00,CMP002,CH01
T008103,C04562,2025-02-16 00:00:00,CMP002,CH01
T008104,C04562,2025-02-17 05:37:00,CMP001,CH01
T008105,C04563,2025-08-18 00:00:00,CMP001,CH01
T008106,C04563,2025-08-20 18:31:00,CMP003,CH02
T008107,C04563,2025-08-24 02:05:00,CMP002,CH01
T008108,C04563,2025-08-30 07:04:00,CMP004,CH02
T008109,C04564,2025-04-25 00:00:00,CMP001,CH01
T008110,C04565,2025-09-24 00:00:00,CMP004,CH02
T008111,C04565,2025-09-29 08:49:00,CMP003,CH02
T008112,C04566,2025-08-05 00:00:00,CMP001,CH01
T008113,C04566,2025-08-08 05:08:00,CMP001,CH01
T008114,C04566,2025-08-14 08:13:00,CMP004,CH02
T008115,C04567,2025-06-08 00:00:00,CMP003,CH02
T008116,C04567,2025-06-13 11:00:00,CMP001,CH01
T008117,C04568,2025-12-14 00:00:00,CMP003,CH02
T008118,C04569,2025-09-11 00:00:00,CMP001,CH01
T008119,C04569,2025-09-15 15:43:00,CMP003,CH02
T008120,C04569,2025-09-22 06:57:00,CMP001,CH01
T008121,C04569,2025-09-28 03:37:00,CMP002,CH01
T008122,C04570,2025-07-21 00:00:00,CMP001,CH01
T008123,C04570,2025-07-23 15:11:00,CMP001,CH01
T008124,C04571,2025-12-12 00:00:00,CMP004,CH02
T008125,C04571,2025-12-13 09:19:00,CMP005,CH03
T008126,C04572,2025-06-25 00:00:00,CMP005,CH03
T008127,C04572,2025-07-01 20:56:00,CMP004,CH02
T008128,C04573,2025-05-21 00:00:00,CMP002,CH01
T008129,C04573,2025-05-28 01:05:00,CMP001,CH01
T008130,C04574,2025-03-23 00:00:00,CMP003,CH02
T008131,C04575,2025-08-23 00:00:00,CMP002,CH01
T008132,C04575,2025-08-27 09:25:00,CMP004,CH02
T008133,C04576,2025-07-15 00:00:00,CMP001,CH01
T008134,C04576,2025-07-22 04:02:00,CMP003,CH02
T008135,C04578,2025-07-01 00:00:00,CMP001,CH01
T008136,C04578,2025-07-06 18:42:00,CMP003,CH02
T008137,C04579,2025-01-18 00:00:00,CMP001,CH01
T008138,C04579,2025-01-21 12:07:00,CMP005,CH03
T008139,C04579,2025-01-25 13:57:00,CMP003,CH02
T008140,C04580,2025-11-15 00:00:00,CMP001,CH01
T008141,C04580,2025-11-22 12:29:00,CMP003,CH02
T008142,C04580,2025-11-24 14:48:00,CMP005,CH03
T008143,C04580,2025-12-02 03:05:00,CMP001,CH01
T008144,C04583,2025-03-31 00:00:00,CMP001,CH01
T008145,C04583,2025-04-07 08:40:00,CMP001,CH01
T008146,C04583,2025-04-12 03:07:00,CMP004,CH02
T008147,C04583,2025-04-18 12:52:00,CMP003,CH02
T008148,C04584,2025-05-08 00:00:00,CMP002,CH01
T008149,C04584,2025-05-11 18:45:00,CMP004,CH02
T008150,C04584,2025-05-17 00:26:00,CMP001,CH01
T008151,C04585,2025-07-21 00:00:00,CMP001,CH01
T008152,C04585,2025-07-25 21:39:00,CMP003,CH02
T008153,C04585,2025-07-29 22:01:00,CMP002,CH01
T008154,C04585,2025-08-06 02:59:00,CMP002,CH01
T008155,C04586,2025-12-26 00:00:00,CMP002,CH01
T008156,C04587,2025-02-12 00:00:00,CMP005,CH03
T008157,C04587,2025-02-16 23:37:00,CMP001,CH01
T008158,C04588,2025-12-12 00:00:00,CMP004,CH02
T008159,C04588,2025-12-14 10:35:00,CMP005,CH03
T008160,C04588,2025-12-16 21:30:00,CMP002,CH01
T008161,C04589,2025-08-12 00:00:00,CMP001,CH01
T008162,C04589,2025-08-18 09:03:00,CMP002,CH01
T008163,C04590,2025-12-13 00:00:00,CMP002,CH01
T008164,C04591,2025-07-22 00:00:00,CMP001,CH01
T008165,C04592,2025-01-14 00:00:00,CMP002,CH01
T008166,C04593,2025-07-18 00:00:00,CMP005,CH03
T008167,C04595,2025-02-06 00:00:00,CMP004,CH02
T008168,C04595,2025-02-11 22:30:00,CMP004,CH02
T008169,C04595,2025-02-14 12:48:00,CMP002,CH01
T008170,C04597,2025-09-10 00:00:00,CMP002,CH01
T008171,C04597,2025-09-14 05:19:00,CMP004,CH02
T008172,C04597,2025-09-16 13:29:00,CMP002,CH01
T008173,C04598,2025-10-03 00:00:00,CMP003,CH02
T008174,C04598,2025-10-09 13:49:00,CMP005,CH03
T008175,C04599,2025-09-16 00:00:00,CMP001,CH01
T008176,C04599,2025-09-17 05:17:00,CMP004,CH02
T008177,C04599,2025-09-23 01:12:00,CMP004,CH02
T008178,C04600,2025-05-27 00:00:00,CMP003,CH02
T008179,C04600,2025-06-03 16:04:00,CMP003,CH02
T008180,C04600,2025-06-09 17:30:00,CMP004,CH02
T008181,C04603,2025-07-25 00:00:00,CMP005,CH03
T008182,C04603,2025-07-31 00:18:00,CMP005,CH03
T008183,C04604,2025-04-07 00:00:00,CMP001,CH01
T008184,C04604,2025-04-14 16:59:00,CMP002,CH01
T008185,C04604,2025-04-18 09:03:00,CMP001,CH01
T008186,C04605,2025-07-18 00:00:00,CMP002,CH01
T008187,C04605,2025-07-22 19:12:00,CMP003,CH02
T008188,C04605,2025-07-30 18:02:00,CMP004,CH02
T008189,C04606,2025-04-04 00:00:00,CMP001,CH01
T008190,C04606,2025-04-07 03:22:00,CMP004,CH02
T008191,C04607,2025-08-04 00:00:00,CMP004,CH02
T008192,C04607,2025-08-07 14:49:00,CMP002,CH01
T008193,C04608,2025-03-12 00:00:00,CMP005,CH03
T008194,C04608,2025-03-18 04:42:00,CMP001,CH01
T008195,C04609,2025-07-24 00:00:00,CMP002,CH01
T008196,C04609,2025-07-26 21:35:00,CMP001,CH01
T008197,C04609,2025-08-03 13:09:00,CMP003,CH02
T008198,C04609,2025-08-08 11:17:00,CMP005,CH03
T008199,C04609,2025-08-11 21:12:00,CMP001,CH01
T008200,C04611,2025-01-10 00:00:00,CMP002,CH01
T008201,C04611,2025-01-15 18:51:00,CMP002,CH01
T008202,C04612,2025-07-06 00:00:00,CMP001,CH01
T008203,C04612,2025-07-13 01:21:00,CMP004,CH02
T008204,C04612,2025-07-14 10:13:00,CMP002,CH01
T008205,C04613,2025-07-24 00:00:00,CMP003,CH02
T008206,C04613,2025-07-31 13:00:00,CMP002,CH01
T008207,C04613,2025-08-05 14:37:00,CMP002,CH01
T008208,C04614,2025-11-24 00:00:00,CMP005,CH03
T008209,C04615,2025-11-17 00:00:00,CMP003,CH02
T008210,C04615,2025-11-19 04:23:00,CMP004,CH02
T008211,C04615,2025-11-20 09:30:00,CMP001,CH01
T008212,C04615,2025-11-26 08:54:00,CMP002,CH01
T008213,C04615,2025-12-02 10:04:00,CMP004,CH02
T008214,C04616,2025-02-17 00:00:00,CMP002,CH01
T008215,C04616,2025-02-22 19:25:00,CMP005,CH03
T008216,C04617,2025-02-18 00:00:00,CMP004,CH02
T008217,C04617,2025-02-22 17:07:00,CMP005,CH03
T008218,C04618,2025-12-24 00:00:00,CMP001,CH01
T008219,C04618,2025-12-28 02:47:00,CMP004,CH02
T008220,C04618,2025-12-31 10:22:00,CMP001,CH01
T008221,C04620,2025-06-06 00:00:00,CMP002,CH01
T008222,C04620,2025-06-08 09:29:00,CMP004,CH02
T008223,C04621,2025-03-14 00:00:00,CMP002,CH01
T008224,C04622,2025-06-24 00:00:00,CMP004,CH02
T008225,C04622,2025-06-28 23:55:00,CMP001,CH01
T008226,C04622,2025-07-06 10:54:00,CMP002,CH01
T008227,C04624,2025-01-02 00:00:00,CMP003,CH02
T008228,C04624,2025-01-06 09:42:00,CMP001,CH01
T008229,C04624,2025-01-11 02:13:00,CMP004,CH02
T008230,C04624,2025-01-15 03:01:00,CMP004,CH02
T008231,C04625,2025-12-13 00:00:00,CMP005,CH03
T008232,C04625,2025-12-17 03:55:00,CMP004,CH02
T008233,C04625,2025-12-24 00:25:00,CMP001,CH01
T008234,C04626,2025-01-15 00:00:00,CMP001,CH01
T008235,C04626,2025-01-20 15:46:00,CMP004,CH02
T008236,C04627,2025-10-28 00:00:00,CMP004,CH02
T008237,C04629,2025-06-06 00:00:00,CMP002,CH01
T008238,C04629,2025-06-09 04:06:00,CMP002,CH01
T008239,C04629,2025-06-16 15:47:00,CMP002,CH01
T008240,C04629,2025-06-22 10:45:00,CMP003,CH02
T008241,C04630,2025-08-05 00:00:00,CMP003,CH02
T008242,C04630,2025-08-12 09:53:00,CMP001,CH01
T008243,C04630,2025-08-17 10:35:00,CMP002,CH01
T008244,C04630,2025-08-22 18:41:00,CMP004,CH02
T008245,C04632,2025-06-27 00:00:00,CMP005,CH03
T008246,C04632,2025-07-04 23:51:00,CMP004,CH02
T008247,C04632,2025-07-07 17:46:00,CMP001,CH01
T008248,C04633,2025-11-01 00:00:00,CMP005,CH03
T008249,C04633,2025-11-07 04:33:00,CMP001,CH01
T008250,C04634,2025-03-06 00:00:00,CMP005,CH03
T008251,C04634,2025-03-12 07:54:00,CMP001,CH01
T008252,C04635,2025-02-16 00:00:00,CMP002,CH01
T008253,C04635,2025-02-22 19:18:00,CMP004,CH02
T008254,C04636,2025-08-19 00:00:00,CMP002,CH01
T008255,C04636,2025-08-23 21:44:00,CMP002,CH01
T008256,C04636,2025-08-29 11:02:00,CMP005,CH03
T008257,C04636,2025-09-02 14:36:00,CMP004,CH02
T008258,C04637,2025-04-27 00:00:00,CMP002,CH01
T008259,C04637,2025-05-02 13:06:00,CMP005,CH03
T008260,C04638,2025-11-19 00:00:00,CMP004,CH02
T008261,C04638,2025-11-20 02:51:00,CMP002,CH01
T008262,C04639,2025-05-24 00:00:00,CMP001,CH01
T008263,C04639,2025-05-25 04:07:00,CMP001,CH01
T008264,C04639,2025-05-26 16:59:00,CMP004,CH02
T008265,C04639,2025-05-29 06:38:00,CMP002,CH01
T008266,C04640,2025-08-21 00:00:00,CMP004,CH02
T008267,C04640,2025-08-26 22:53:00,CMP004,CH02
T008268,C04640,2025-08-29 05:04:00,CMP004,CH02
T008269,C04642,2025-09-09 00:00:00,CMP001,CH01
T008270,C04642,2025-09-14 13:50:00,CMP003,CH02
T008271,C04643,2025-02-06 00:00:00,CMP004,CH02
T008272,C04643,2025-02-07 01:27:00,CMP002,CH01
T008273,C04644,2025-08-23 00:00:00,CMP001,CH01
T008274,C04644,2025-08-26 13:37:00,CMP001,CH01
T008275,C04645,2025-01-08 00:00:00,CMP001,CH01
T008276,C04645,2025-01-13 17:13:00,CMP005,CH03
T008277,C04646,2025-12-18 00:00:00,CMP002,CH01
T008278,C04646,2025-12-19 12:17:00,CMP002,CH01
T008279,C04646,2025-12-24 09:23:00,CMP002,CH01
T008280,C04647,2025-07-21 00:00:00,CMP002,CH01
T008281,C04647,2025-07-23 17:21:00,CMP005,CH03
T008282,C04647,2025-07-24 18:37:00,CMP002,CH01
T008283,C04649,2025-07-24 00:00:00,CMP003,CH02
T008284,C04649,2025-07-31 10:39:00,CMP001,CH01
T008285,C04649,2025-08-02 15:34:00,CMP004,CH02
T008286,C04650,2025-06-27 00:00:00,CMP004,CH02
T008287,C04652,2025-11-25 00:00:00,CMP001,CH01
T008288,C04652,2025-11-28 04:40:00,CMP001,CH01
T008289,C04653,2025-05-27 00:00:00,CMP005,CH03
T008290,C04653,2025-05-28 22:24:00,CMP005,CH03
T008291,C04655,2025-02-04 00:00:00,CMP005,CH03
T008292,C04655,2025-02-05 08:53:00,CMP004,CH02
T008293,C04655,2025-02-10 01:23:00,CMP003,CH02
T008294,C04657,2025-12-10 00:00:00,CMP003,CH02
T008295,C04657,2025-12-17 15:39:00,CMP002,CH01
T008296,C04657,2025-12-18 18:06:00,CMP002,CH01
T008297,C04659,2025-12-23 00:00:00,CMP002,CH01
T008298,C04659,2025-12-25 12:51:00,CMP002,CH01
T008299,C04660,2025-12-12 00:00:00,CMP003,CH02
T008300,C04660,2025-12-13 13:42:00,CMP002,CH01
T008301,C04661,2025-08-05 00:00:00,CMP004,CH02
T008302,C04661,2025-08-11 05:10:00,CMP004,CH02
T008303,C04661,2025-08-13 06:44:00,CMP002,CH01
T008304,C04664,2025-05-02 00:00:00,CMP004,CH02
T008305,C04665,2025-10-20 00:00:00,CMP005,CH03
T008306,C04666,2025-09-06 00:00:00,CMP003,CH02
T008307,C04666,2025-09-09 16:35:00,CMP001,CH01
T008308,C04666,2025-09-13 04:35:00,CMP004,CH02
T008309,C04667,2025-08-16 00:00:00,CMP002,CH01
T008310,C04667,2025-08-22 14:36:00,CMP003,CH02
T008311,C04668,2025-02-27 00:00:00,CMP003,CH02
T008312,C04669,2025-07-17 00:00:00,CMP001,CH01
T008313,C04669,2025-07-22 12:11:00,CMP001,CH01
T008314,C04670,2025-11-14 00:00:00,CMP002,CH01
T008315,C04670,2025-11-15 21:54:00,CMP003,CH02
T008316,C04670,2025-11-23 09:59:00,CMP001,CH01
T008317,C04671,2025-06-23 00:00:00,CMP004,CH02
T008318,C04672,2025-08-24 00:00:00,CMP001,CH01
T008319,C04672,2025-08-30 15:43:00,CMP001,CH01
T008320,C04672,2025-09-06 02:25:00,CMP001,CH01
T008321,C04672,2025-09-07 21:39:00,CMP004,CH02
T008322,C04672,2025-09-13 04:38:00,CMP003,CH02
T008323,C04673,2025-09-19 00:00:00,CMP001,CH01
T008324,C04674,2025-02-12 00:00:00,CMP003,CH02
T008325,C04674,2025-02-14 00:17:00,CMP001,CH01
T008326,C04675,2025-02-01 00:00:00,CMP004,CH02
T008327,C04676,2025-10-09 00:00:00,CMP002,CH01
T008328,C04678,2025-04-06 00:00:00,CMP001,CH01
T008329,C04678,2025-04-07 05:32:00,CMP002,CH01
T008330,C04679,2025-09-22 00:00:00,CMP002,CH01
T008331,C04679,2025-09-23 03:43:00,CMP003,CH02
T008332,C04680,2025-04-06 00:00:00,CMP001,CH01
T008333,C04680,2025-04-09 18:11:00,CMP003,CH02
T008334,C04683,2025-01-15 00:00:00,CMP004,CH02
T008335,C04683,2025-01-19 13:59:00,CMP005,CH03
T008336,C04683,2025-01-21 01:35:00,CMP003,CH02
T008337,C04684,2025-10-30 00:00:00,CMP002,CH01
T008338,C04685,2025-10-04 00:00:00,CMP002,CH01
T008339,C04685,2025-10-09 06:47:00,CMP005,CH03
T008340,C04686,2025-12-19 00:00:00,CMP003,CH02
T008341,C04686,2025-12-22 07:11:00,CMP004,CH02
T008342,C04686,2025-12-29 10:56:00,CMP002,CH01
T008343,C04687,2025-06-26 00:00:00,CMP001,CH01
T008344,C04687,2025-06-28 01:33:00,CMP003,CH02
T008345,C04689,2025-08-20 00:00:00,CMP005,CH03
T008346,C04689,2025-08-21 16:31:00,CMP005,CH03
T008347,C04689,2025-08-24 02:45:00,CMP005,CH03
T008348,C04689,2025-08-30 12:13:00,CMP004,CH02
T008349,C04690,2025-12-20 00:00:00,CMP005,CH03
T008350,C04690,2025-12-24 01:47:00,CMP001,CH01
T008351,C04690,2025-12-27 20:36:00,CMP002,CH01
T008352,C04691,2025-04-06 00:00:00,CMP004,CH02
T008353,C04692,2025-11-04 00:00:00,CMP001,CH01
T008354,C04692,2025-11-07 22:27:00,CMP004,CH02
T008355,C04693,2025-02-06 00:00:00,CMP004,CH02
T008356,C04693,2025-02-13 02:46:00,CMP002,CH01
T008357,C04693,2025-02-14 23:00:00,CMP002,CH01
T008358,C04695,2025-07-16 00:00:00,CMP002,CH01
T008359,C04695,2025-07-20 22:30:00,CMP001,CH01
T008360,C04695,2025-07-24 23:39:00,CMP001,CH01
T008361,C04696,2025-08-02 00:00:00,CMP001,CH01
T008362,C04696,2025-08-03 17:13:00,CMP001,CH01
T008363,C04696,2025-08-05 22:14:00,CMP004,CH02
T008364,C04697,2025-11-23 00:00:00,CMP001,CH01
T008365,C04697,2025-11-28 07:34:00,CMP004,CH02
T008366,C04698,2025-05-07 00:00:00,CMP005,CH03
T008367,C04698,2025-05-13 02:45:00,CMP004,CH02
T008368,C04699,2025-04-29 00:00:00,CMP001,CH01
T008369,C04700,2025-09-23 00:00:00,CMP002,CH01
T008370,C04700,2025-09-25 16:28:00,CMP005,CH03
T008371,C04701,2025-01-21 00:00:00,CMP002,CH01
T008372,C04701,2025-01-28 07:32:00,CMP002,CH01
T008373,C04701,2025-02-02 00:29:00,CMP001,CH01
T008374,C04703,2025-09-05 00:00:00,CMP004,CH02
T008375,C04703,2025-09-11 14:39:00,CMP002,CH01
T008376,C04703,2025-09-14 13:08:00,CMP004,CH02
T008377,C04704,2025-09-29 00:00:00,CMP004,CH02
T008378,C04704,2025-10-01 11:15:00,CMP004,CH02
T008379,C04704,2025-10-09 05:54:00,CMP005,CH03
T008380,C04705,2025-02-04 00:00:00,CMP001,CH01
T008381,C04705,2025-02-11 22:29:00,CMP003,CH02
T008382,C04705,2025-02-15 07:03:00,CMP003,CH02
T008383,C04706,2025-07-03 00:00:00,CMP002,CH01
T008384,C04706,2025-07-05 21:14:00,CMP001,CH01
T008385,C04706,2025-07-08 22:25:00,CMP002,CH01
T008386,C04707,2025-06-19 00:00:00,CMP005,CH03
T008387,C04707,2025-06-20 16:33:00,CMP003,CH02
T008388,C04707,2025-06-26 20:01:00,CMP001,CH01
T008389,C04707,2025-06-28 12:43:00,CMP002,CH01
T008390,C04707,2025-07-03 22:58:00,CMP001,CH01
T008391,C04709,2025-11-01 00:00:00,CMP002,CH01
T008392,C04709,2025-11-07 12:44:00,CMP001,CH01
T008393,C04709,2025-11-14 03:27:00,CMP001,CH01
T008394,C04710,2025-09-11 00:00:00,CMP005,CH03
T008395,C04710,2025-09-14 07:32:00,CMP004,CH02
T008396,C04710,2025-09-19 11:19:00,CMP002,CH01
T008397,C04711,2025-03-08 00:00:00,CMP002,CH01
T008398,C04711,2025-03-13 02:51:00,CMP004,CH02
T008399,C04712,2025-03-02 00:00:00,CMP004,CH02
T008400,C04712,2025-03-04 03:38:00,CMP003,CH02
T008401,C04712,2025-03-11 18:54:00,CMP004,CH02
T008402,C04712,2025-03-15 08:31:00,CMP004,CH02
T008403,C04713,2025-02-15 00:00:00,CMP004,CH02
T008404,C04713,2025-02-22 22:22:00,CMP003,CH02
T008405,C04713,2025-02-24 10:40:00,CMP003,CH02
T008406,C04714,2025-11-20 00:00:00,CMP002,CH01
T008407,C04714,2025-11-23 10:07:00,CMP003,CH02
T008408,C04715,2025-04-03 00:00:00,CMP001,CH01
T008409,C04715,2025-04-04 12:44:00,CMP005,CH03
T008410,C04715,2025-04-06 07:44:00,CMP001,CH01
T008411,C04716,2025-05-31 00:00:00,CMP001,CH01
T008412,C04716,2025-06-03 05:17:00,CMP004,CH02
T008413,C04718,2025-02-01 00:00:00,CMP002,CH01
T008414,C04718,2025-02-07 09:52:00,CMP005,CH03
T008415,C04719,2025-09-28 00:00:00,CMP002,CH01
T008416,C04720,2025-10-14 00:00:00,CMP001,CH01
T008417,C04720,2025-10-20 08:13:00,CMP002,CH01
T008418,C04721,2025-02-28 00:00:00,CMP001,CH01
T008419,C04721,2025-03-02 02:57:00,CMP004,CH02
T008420,C04721,2025-03-07 02:35:00,CMP002,CH01
T008421,C04721,2025-03-10 08:43:00,CMP001,CH01
T008422,C04721,2025-03-13 22:19:00,CMP001,CH01
T008423,C04722,2025-10-10 00:00:00,CMP003,CH02
T008424,C04722,2025-10-12 21:59:00,CMP002,CH01
T008425,C04723,2025-01-28 00:00:00,CMP002,CH01
T008426,C04723,2025-02-02 15:54:00,CMP001,CH01
T008427,C04723,2025-02-08 09:37:00,CMP002,CH01
T008428,C04725,2025-11-16 00:00:00,CMP002,CH01
T008429,C04725,2025-11-20 09:59:00,CMP002,CH01
T008430,C04726,2025-03-25 00:00:00,CMP003,CH02
T008431,C04726,2025-03-26 06:17:00,CMP002,CH01
T008432,C04728,2025-12-22 00:00:00,CMP002,CH01
T008433,C04728,2025-12-29 09:00:00,CMP002,CH01
T008434,C04729,2025-03-18 00:00:00,CMP002,CH01
T008435,C04729,2025-03-20 16:12:00,CMP002,CH01
T008436,C04731,2025-10-11 00:00:00,CMP001,CH01
T008437,C04731,2025-10-12 20:42:00,CMP004,CH02
T008438,C04732,2025-10-18 00:00:00,CMP003,CH02
T008439,C04732,2025-10-20 23:01:00,CMP005,CH03
T008440,C04732,2025-10-22 21:02:00,CMP004,CH02
T008441,C04733,2025-03-26 00:00:00,CMP003,CH02
T008442,C04733,2025-03-31 13:42:00,CMP001,CH01
T008443,C04734,2025-08-08 00:00:00,CMP001,CH01
T008444,C04734,2025-08-09 07:52:00,CMP004,CH02
T008445,C04735,2025-01-31 00:00:00,CMP003,CH02
T008446,C04735,2025-02-05 10:34:00,CMP001,CH01
T008447,C04737,2025-06-08 00:00:00,CMP001,CH01
T008448,C04738,2025-07-01 00:00:00,CMP001,CH01
T008449,C04738,2025-07-08 03:32:00,CMP004,CH02
T008450,C04739,2025-02-02 00:00:00,CMP002,CH01
T008451,C04739,2025-02-04 05:33:00,CMP002,CH01
T008452,C04739,2025-02-08 13:25:00,CMP005,CH03
T008453,C04739,2025-02-13 03:17:00,CMP004,CH02
T008454,C04740,2025-04-25 00:00:00,CMP002,CH01
T008455,C04740,2025-05-02 23:50:00,CMP001,CH01
T008456,C04740,2025-05-09 18:32:00,CMP001,CH01
T008457,C04741,2025-10-01 00:00:00,CMP003,CH02
T008458,C04741,2025-10-03 00:52:00,CMP004,CH02
T008459,C04742,2025-11-09 00:00:00,CMP001,CH01
T008460,C04742,2025-11-15 16:05:00,CMP002,CH01
T008461,C04742,2025-11-23 12:41:00,CMP002,CH01
T008462,C04743,2025-05-05 00:00:00,CMP005,CH03
T008463,C04743,2025-05-07 01:37:00,CMP002,CH01
T008464,C04744,2025-08-19 00:00:00,CMP002,CH01
T008465,C04744,2025-08-24 16:21:00,CMP004,CH02
T008466,C04745,2025-05-21 00:00:00,CMP002,CH01
T008467,C04745,2025-05-23 19:20:00,CMP002,CH01
T008468,C04746,2025-04-17 00:00:00,CMP001,CH01
T008469,C04746,2025-04-18 01:14:00,CMP004,CH02
T008470,C04746,2025-04-21 15:20:00,CMP002,CH01
T008471,C04746,2025-04-25 19:35:00,CMP002,CH01
T008472,C04747,2025-11-27 00:00:00,CMP004,CH02
T008473,C04749,2025-11-19 00:00:00,CMP004,CH02
T008474,C04749,2025-11-24 09:00:00,CMP004,CH02
T008475,C04750,2025-03-10 00:00:00,CMP001,CH01
T008476,C04750,2025-03-16 23:32:00,CMP001,CH01
T008477,C04751,2025-06-05 00:00:00,CMP002,CH01
T008478,C04752,2025-01-23 00:00:00,CMP002,CH01
T008479,C04754,2025-11-24 00:00:00,CMP003,CH02
T008480,C04754,2025-11-26 14:45:00,CMP002,CH01
T008481,C04756,2025-06-14 00:00:00,CMP002,CH01
T008482,C04756,2025-06-17 13:47:00,CMP001,CH01
T008483,C04756,2025-06-20 11:21:00,CMP004,CH02
T008484,C04756,2025-06-24 02:09:00,CMP005,CH03
T008485,C04757,2025-06-07 00:00:00,CMP004,CH02
T008486,C04757,2025-06-14 18:00:00,CMP003,CH02
T008487,C04757,2025-06-16 14:09:00,CMP002,CH01
T008488,C04758,2025-07-08 00:00:00,CMP001,CH01
T008489,C04758,2025-07-09 17:50:00,CMP004,CH02
T008490,C04759,2025-09-18 00:00:00,CMP005,CH03
T008491,C04760,2025-10-10 00:00:00,CMP002,CH01
T008492,C04760,2025-10-15 11:17:00,CMP003,CH02
T008493,C04761,2025-12-25 00:00:00,CMP005,CH03
T008494,C04762,2025-08-08 00:00:00,CMP005,CH03
T008495,C04762,2025-08-15 02:10:00,CMP001,CH01
T008496,C04763,2025-06-17 00:00:00,CMP001,CH01
T008497,C04763,2025-06-22 00:56:00,CMP002,CH01
T008498,C04763,2025-06-28 03:18:00,CMP001,CH01
T008499,C04764,2025-05-19 00:00:00,CMP001,CH01
T008500,C04764,2025-05-20 04:47:00,CMP001,CH01
T008501,C04765,2025-04-24 00:00:00,CMP002,CH01
T008502,C04765,2025-04-26 00:33:00,CMP005,CH03
T008503,C04766,2025-12-01 00:00:00,CMP002,CH01
T008504,C04766,2025-12-05 23:32:00,CMP002,CH01
T008505,C04767,2025-08-17 00:00:00,CMP001,CH01
T008506,C04767,2025-08-18 22:44:00,CMP002,CH01
T008507,C04769,2025-07-19 00:00:00,CMP004,CH02
T008508,C04769,2025-07-24 14:29:00,CMP002,CH01
T008509,C04770,2025-07-04 00:00:00,CMP001,CH01
T008510,C04770,2025-07-11 21:23:00,CMP005,CH03
T008511,C04770,2025-07-14 07:57:00,CMP002,CH01
T008512,C04770,2025-07-16 18:17:00,CMP003,CH02
T008513,C04771,2025-05-19 00:00:00,CMP001,CH01
T008514,C04773,2025-05-28 00:00:00,CMP001,CH01
T008515,C04773,2025-06-01 04:56:00,CMP002,CH01
T008516,C04773,2025-06-02 22:28:00,CMP002,CH01
T008517,C04773,2025-06-10 11:14:00,CMP001,CH01
T008518,C04774,2025-06-02 00:00:00,CMP002,CH01
T008519,C04776,2025-12-20 00:00:00,CMP001,CH01
T008520,C04776,2025-12-27 21:24:00,CMP003,CH02
T008521,C04776,2025-12-30 12:45:00,CMP003,CH02
T008522,C04777,2025-07-02 00:00:00,CMP005,CH03
T008523,C04778,2025-04-14 00:00:00,CMP003,CH02
T008524,C04778,2025-04-19 09:21:00,CMP002,CH01
T008525,C04778,2025-04-21 05:41:00,CMP004,CH02
T008526,C04778,2025-04-28 01:52:00,CMP005,CH03
T008527,C04779,2025-01-24 00:00:00,CMP004,CH02
T008528,C04779,2025-01-27 15:26:00,CMP004,CH02
T008529,C04781,2025-07-22 00:00:00,CMP003,CH02
T008530,C04783,2025-09-27 00:00:00,CMP001,CH01
T008531,C04784,2025-07-05 00:00:00,CMP002,CH01
T008532,C04784,2025-07-09 21:03:00,CMP001,CH01
T008533,C04785,2025-06-23 00:00:00,CMP001,CH01
T008534,C04785,2025-06-29 06:27:00,CMP003,CH02
T008535,C04785,2025-07-03 23:41:00,CMP002,CH01
T008536,C04785,2025-07-06 02:48:00,CMP001,CH01
T008537,C04786,2025-01-22 00:00:00,CMP003,CH02
T008538,C04786,2025-01-29 20:18:00,CMP002,CH01
T008539,C04787,2025-11-21 00:00:00,CMP003,CH02
T008540,C04787,2025-11-22 19:27:00,CMP002,CH01
T008541,C04787,2025-11-27 01:46:00,CMP003,CH02
T008542,C04788,2025-06-15 00:00:00,CMP002,CH01
T008543,C04791,2025-07-03 00:00:00,CMP002,CH01
T008544,C04794,2025-04-24 00:00:00,CMP001,CH01
T008545,C04794,2025-04-29 20:50:00,CMP001,CH01
T008546,C04794,2025-05-06 01:33:00,CMP001,CH01
T008547,C04794,2025-05-07 18:40:00,CMP001,CH01
T008548,C04794,2025-05-09 01:14:00,CMP002,CH01
T008549,C04795,2025-01-18 00:00:00,CMP005,CH03
T008550,C04795,2025-01-24 15:50:00,CMP005,CH03
T008551,C04795,2025-01-30 07:56:00,CMP004,CH02
T008552,C04796,2025-08-20 00:00:00,CMP005,CH03
T008553,C04796,2025-08-26 13:55:00,CMP002,CH01
T008554,C04796,2025-08-31 06:37:00,CMP003,CH02
T008555,C04797,2025-01-17 00:00:00,CMP003,CH02
T008556,C04797,2025-01-19 07:57:00,CMP003,CH02
T008557,C04798,2025-05-31 00:00:00,CMP003,CH02
T008558,C04799,2025-01-28 00:00:00,CMP002,CH01
T008559,C04799,2025-01-30 19:14:00,CMP002,CH01
T008560,C04799,2025-02-05 11:52:00,CMP003,CH02
T008561,C04800,2025-05-25 00:00:00,CMP001,CH01
T008562,C04800,2025-05-28 06:54:00,CMP002,CH01
T008563,C04800,2025-06-01 06:27:00,CMP001,CH01
T008564,C04802,2025-07-08 00:00:00,CMP003,CH02
T008565,C04803,2025-01-19 00:00:00,CMP001,CH01
T008566,C04803,2025-01-26 07:02:00,CMP001,CH01
T008567,C04803,2025-01-28 06:40:00,CMP001,CH01
T008568,C04804,2025-01-31 00:00:00,CMP004,CH02
T008569,C04804,2025-02-04 07:32:00,CMP002,CH01
T008570,C04804,2025-02-10 18:55:00,CMP002,CH01
T008571,C04805,2025-12-27 00:00:00,CMP005,CH03
T008572,C04805,2025-12-31 21:59:00,CMP002,CH01
T008573,C04806,2025-08-03 00:00:00,CMP001,CH01
T008574,C04806,2025-08-06 07:26:00,CMP002,CH01
T008575,C04807,2025-11-19 00:00:00,CMP004,CH02
T008576,C04807,2025-11-20 02:01:00,CMP003,CH02
T008577,C04807,2025-11-21 22:57:00,CMP001,CH01
T008578,C04810,2025-02-22 00:00:00,CMP001,CH01
T008579,C04811,2025-09-27 00:00:00,CMP003,CH02
T008580,C04811,2025-10-01 08:08:00,CMP002,CH01
T008581,C04811,2025-10-05 18:55:00,CMP001,CH01
T008582,C04812,2025-02-05 00:00:00,CMP001,CH01
T008583,C04812,2025-02-12 07:28:00,CMP001,CH01
T008584,C04812,2025-02-15 20:50:00,CMP002,CH01
T008585,C04813,2025-04-09 00:00:00,CMP004,CH02
T008586,C04813,2025-04-14 17:38:00,CMP001,CH01
T008587,C04813,2025-04-15 18:26:00,CMP004,CH02
T008588,C04813,2025-04-22 19:25:00,CMP001,CH01
T008589,C04814,2025-02-06 00:00:00,CMP004,CH02
T008590,C04814,2025-02-10 14:24:00,CMP004,CH02
T008591,C04814,2025-02-15 03:20:00,CMP001,CH01
T008592,C04815,2025-08-30 00:00:00,CMP003,CH02
T008593,C04815,2025-09-02 09:07:00,CMP001,CH01
T008594,C04815,2025-09-09 01:26:00,CMP003,CH02
T008595,C04815,2025-09-11 03:56:00,CMP005,CH03
T008596,C04815,2025-09-13 19:12:00,CMP004,CH02
T008597,C04816,2025-11-15 00:00:00,CMP002,CH01
T008598,C04816,2025-11-21 23:56:00,CMP002,CH01
T008599,C04816,2025-11-29 15:31:00,CMP004,CH02
T008600,C04816,2025-12-07 12:36:00,CMP001,CH01
T008601,C04816,2025-12-11 16:03:00,CMP001,CH01
T008602,C04817,2025-12-09 00:00:00,CMP004,CH02
T008603,C04817,2025-12-15 23:57:00,CMP003,CH02
T008604,C04817,2025-12-22 02:37:00,CMP001,CH01
T008605,C04818,2025-03-06 00:00:00,CMP002,CH01
T008606,C04818,2025-03-11 09:05:00,CMP002,CH01
T008607,C04819,2025-05-03 00:00:00,CMP004,CH02
T008608,C04819,2025-05-05 06:57:00,CMP001,CH01
T008609,C04821,2025-09-21 00:00:00,CMP001,CH01
T008610,C04822,2025-07-04 00:00:00,CMP004,CH02
T008611,C04822,2025-07-08 01:18:00,CMP003,CH02
T008612,C04823,2025-06-06 00:00:00,CMP005,CH03
T008613,C04823,2025-06-10 06:51:00,CMP003,CH02
T008614,C04824,2025-08-10 00:00:00,CMP004,CH02
T008615,C04825,2025-01-08 00:00:00,CMP001,CH01
T008616,C04826,2025-02-07 00:00:00,CMP005,CH03
T008617,C04826,2025-02-13 16:05:00,CMP002,CH01
T008618,C04826,2025-02-21 10:27:00,CMP005,CH03
T008619,C04827,2025-10-15 00:00:00,CMP003,CH02
T008620,C04828,2025-03-30 00:00:00,CMP001,CH01
T008621,C04828,2025-04-01 11:06:00,CMP001,CH01
T008622,C04828,2025-04-08 05:27:00,CMP004,CH02
T008623,C04829,2025-12-16 00:00:00,CMP004,CH02
T008624,C04829,2025-12-19 14:01:00,CMP001,CH01
T008625,C04831,2025-01-29 00:00:00,CMP004,CH02
T008626,C04831,2025-02-05 02:48:00,CMP003,CH02
T008627,C04832,2025-09-04 00:00:00,CMP001,CH01
T008628,C04832,2025-09-09 03:18:00,CMP001,CH01
T008629,C04833,2025-05-22 00:00:00,CMP004,CH02
T008630,C04833,2025-05-28 08:53:00,CMP004,CH02
T008631,C04834,2025-08-15 00:00:00,CMP004,CH02
T008632,C04834,2025-08-17 20:12:00,CMP001,CH01
T008633,C04834,2025-08-22 06:56:00,CMP005,CH03
T008634,C04834,2025-08-29 23:25:00,CMP002,CH01
T008635,C04835,2025-07-10 00:00:00,CMP004,CH02
T008636,C04835,2025-07-11 13:25:00,CMP005,CH03
T008637,C04835,2025-07-19 00:46:00,CMP003,CH02
T008638,C04835,2025-07-20 14:55:00,CMP004,CH02
T008639,C04835,2025-07-24 23:04:00,CMP001,CH01
T008640,C04836,2025-09-03 00:00:00,CMP004,CH02
T008641,C04836,2025-09-06 15:58:00,CMP004,CH02
T008642,C04836,2025-09-09 13:06:00,CMP003,CH02
T008643,C04837,2025-04-13 00:00:00,CMP005,CH03
T008644,C04837,2025-04-18 12:45:00,CMP004,CH02
T008645,C04838,2025-02-20 00:00:00,CMP003,CH02
T008646,C04838,2025-02-21 10:17:00,CMP004,CH02
T008647,C04838,2025-02-23 02:37:00,CMP004,CH02
T008648,C04840,2025-12-07 00:00:00,CMP003,CH02
T008649,C04840,2025-12-10 05:01:00,CMP004,CH02
T008650,C04840,2025-12-15 00:26:00,CMP003,CH02
T008651,C04841,2025-11-19 00:00:00,CMP003,CH02
T008652,C04842,2025-06-18 00:00:00,CMP004,CH02
T008653,C04842,2025-06-24 02:14:00,CMP001,CH01
T008654,C04843,2025-12-06 00:00:00,CMP005,CH03
T008655,C04843,2025-12-10 16:47:00,CMP001,CH01
T008656,C04843,2025-12-15 01:31:00,CMP003,CH02
T008657,C04843,2025-12-21 04:58:00,CMP004,CH02
T008658,C04843,2025-12-22 18:54:00,CMP002,CH01
T008659,C04844,2025-08-09 00:00:00,CMP002,CH01
T008660,C04844,2025-08-16 17:34:00,CMP002,CH01
T008661,C04845,2025-04-14 00:00:00,CMP005,CH03
T008662,C04845,2025-04-21 11:09:00,CMP003,CH02
T008663,C04846,2025-01-31 00:00:00,CMP001,CH01
T008664,C04847,2025-12-25 00:00:00,CMP001,CH01
T008665,C04847,2025-12-28 00:25:00,CMP003,CH02
T008666,C04848,2025-10-06 00:00:00,CMP003,CH02
T008667,C04849,2025-09-08 00:00:00,CMP005,CH03
T008668,C04849,2025-09-13 15:12:00,CMP002,CH01
T008669,C04850,2025-12-24 00:00:00,CMP002,CH01
T008670,C04851,2025-12-04 00:00:00,CMP001,CH01
T008671,C04853,2025-03-13 00:00:00,CMP001,CH01
T008672,C04854,2025-04-05 00:00:00,CMP003,CH02
T008673,C04854,2025-04-10 06:39:00,CMP003,CH02
T008674,C04855,2025-08-25 00:00:00,CMP001,CH01
T008675,C04855,2025-08-27 20:40:00,CMP003,CH02
T008676,C04856,2025-08-05 00:00:00,CMP003,CH02
T008677,C04857,2025-03-28 00:00:00,CMP004,CH02
T008678,C04857,2025-04-03 01:11:00,CMP001,CH01
T008679,C04858,2025-11-11 00:00:00,CMP003,CH02
T008680,C04858,2025-11-13 01:12:00,CMP003,CH02
T008681,C04858,2025-11-17 00:41:00,CMP002,CH01
T008682,C04860,2025-07-22 00:00:00,CMP004,CH02
T008683,C04863,2025-10-16 00:00:00,CMP005,CH03
T008684,C04863,2025-10-18 11:49:00,CMP005,CH03
T008685,C04864,2025-08-07 00:00:00,CMP001,CH01
T008686,C04865,2025-07-04 00:00:00,CMP001,CH01
T008687,C04865,2025-07-10 14:08:00,CMP002,CH01
T008688,C04866,2025-07-08 00:00:00,CMP005,CH03
T008689,C04867,2025-10-23 00:00:00,CMP002,CH01
T008690,C04868,2025-05-04 00:00:00,CMP002,CH01
T008691,C04869,2025-02-01 00:00:00,CMP005,CH03
T008692,C04869,2025-02-08 22:33:00,CMP001,CH01
T008693,C04869,2025-02-15 11:08:00,CMP004,CH02
T008694,C04869,2025-02-20 19:41:00,CMP001,CH01
T008695,C04870,2025-12-19 00:00:00,CMP002,CH01
T008696,C04870,2025-12-21 18:19:00,CMP001,CH01
T008697,C04870,2025-12-28 14:07:00,CMP001,CH01
T008698,C04870,2026-01-02 16:34:00,CMP005,CH03
T008699,C04871,2025-09-25 00:00:00,CMP004,CH02
T008700,C04871,2025-09-26 01:17:00,CMP004,CH02
T008701,C04872,2025-09-29 00:00:00,CMP005,CH03
T008702,C04872,2025-10-04 22:10:00,CMP005,CH03
T008703,C04873,2025-09-07 00:00:00,CMP001,CH01
T008704,C04873,2025-09-12 14:30:00,CMP001,CH01
T008705,C04873,2025-09-14 01:12:00,CMP001,CH01
T008706,C04875,2025-05-17 00:00:00,CMP002,CH01
T008707,C04875,2025-05-18 01:59:00,CMP005,CH03
T008708,C04876,2025-02-18 00:00:00,CMP001,CH01
T008709,C04876,2025-02-20 12:30:00,CMP003,CH02
T008710,C04876,2025-02-23 13:32:00,CMP003,CH02
T008711,C04876,2025-03-02 00:24:00,CMP004,CH02
T008712,C04877,2025-10-29 00:00:00,CMP003,CH02
T008713,C04877,2025-10-30 22:55:00,CMP003,CH02
T008714,C04878,2025-05-23 00:00:00,CMP001,CH01
T008715,C04878,2025-05-27 03:19:00,CMP004,CH02
T008716,C04879,2025-01-22 00:00:00,CMP005,CH03
T008717,C04879,2025-01-28 09:22:00,CMP001,CH01
T008718,C04880,2025-11-23 00:00:00,CMP002,CH01
T008719,C04880,2025-11-28 17:51:00,CMP004,CH02
T008720,C04880,2025-12-04 05:26:00,CMP001,CH01
T008721,C04880,2025-12-08 13:58:00,CMP003,CH02
T008722,C04881,2025-05-13 00:00:00,CMP003,CH02
T008723,C04881,2025-05-15 05:12:00,CMP001,CH01
T008724,C04882,2025-06-21 00:00:00,CMP001,CH01
T008725,C04883,2025-12-23 00:00:00,CMP005,CH03
T008726,C04884,2025-03-13 00:00:00,CMP002,CH01
T008727,C04884,2025-03-20 17:34:00,CMP004,CH02
T008728,C04885,2025-02-13 00:00:00,CMP005,CH03
T008729,C04885,2025-02-16 11:01:00,CMP001,CH01
T008730,C04886,2025-03-22 00:00:00,CMP004,CH02
T008731,C04886,2025-03-25 22:54:00,CMP005,CH03
T008732,C04886,2025-04-02 16:00:00,CMP001,CH01
T008733,C04886,2025-04-06 17:29:00,CMP002,CH01
T008734,C04887,2025-07-24 00:00:00,CMP003,CH02
T008735,C04887,2025-07-30 05:26:00,CMP004,CH02
T008736,C04888,2025-04-03 00:00:00,CMP004,CH02
T008737,C04888,2025-04-05 01:24:00,CMP001,CH01
T008738,C04890,2025-10-30 00:00:00,CMP001,CH01
T008739,C04890,2025-11-02 06:11:00,CMP003,CH02
T008740,C04890,2025-11-08 15:11:00,CMP003,CH02
T008741,C04890,2025-11-16 05:05:00,CMP003,CH02
T008742,C04891,2025-07-21 00:00:00,CMP004,CH02
T008743,C04891,2025-07-27 15:11:00,CMP004,CH02
T008744,C04891,2025-08-04 06:09:00,CMP004,CH02
T008745,C04892,2025-09-26 00:00:00,CMP004,CH02
T008746,C04893,2025-01-25 00:00:00,CMP002,CH01
T008747,C04893,2025-01-29 04:01:00,CMP001,CH01
T008748,C04894,2025-02-07 00:00:00,CMP003,CH02
T008749,C04895,2025-04-13 00:00:00,CMP002,CH01
T008750,C04895,2025-04-15 20:04:00,CMP002,CH01
T008751,C04895,2025-04-16 23:21:00,CMP001,CH01
T008752,C04896,2025-04-29 00:00:00,CMP005,CH03
T008753,C04897,2025-03-09 00:00:00,CMP004,CH02
T008754,C04898,2025-04-24 00:00:00,CMP004,CH02
T008755,C04900,2025-04-23 00:00:00,CMP004,CH02
T008756,C04901,2025-12-08 00:00:00,CMP004,CH02
T008757,C04902,2025-03-07 00:00:00,CMP002,CH01
T008758,C04903,2025-05-29 00:00:00,CMP001,CH01
T008759,C04903,2025-05-30 08:54:00,CMP003,CH02
T008760,C04905,2025-05-15 00:00:00,CMP001,CH01
T008761,C04905,2025-05-17 20:17:00,CMP004,CH02
T008762,C04905,2025-05-24 19:01:00,CMP002,CH01
T008763,C04907,2025-11-06 00:00:00,CMP002,CH01
T008764,C04908,2025-03-13 00:00:00,CMP004,CH02
T008765,C04908,2025-03-14 12:13:00,CMP001,CH01
T008766,C04908,2025-03-18 23:53:00,CMP003,CH02
T008767,C04909,2025-08-28 00:00:00,CMP002,CH01
T008768,C04909,2025-09-01 14:22:00,CMP002,CH01
T008769,C04910,2025-07-23 00:00:00,CMP005,CH03
T008770,C04910,2025-07-30 08:36:00,CMP004,CH02
T008771,C04910,2025-08-01 18:20:00,CMP003,CH02
T008772,C04911,2025-05-23 00:00:00,CMP005,CH03
T008773,C04911,2025-05-25 05:19:00,CMP004,CH02
T008774,C04911,2025-05-27 08:46:00,CMP005,CH03
T008775,C04911,2025-05-31 08:08:00,CMP001,CH01
T008776,C04913,2025-05-27 00:00:00,CMP003,CH02
T008777,C04913,2025-05-29 03:19:00,CMP002,CH01
T008778,C04913,2025-05-30 03:37:00,CMP003,CH02
T008779,C04914,2025-01-28 00:00:00,CMP002,CH01
T008780,C04915,2025-10-15 00:00:00,CMP001,CH01
T008781,C04915,2025-10-18 02:48:00,CMP002,CH01
T008782,C04916,2025-02-13 00:00:00,CMP003,CH02
T008783,C04916,2025-02-15 15:26:00,CMP002,CH01
T008784,C04917,2025-01-19 00:00:00,CMP002,CH01
T008785,C04917,2025-01-24 06:48:00,CMP002,CH01
T008786,C04917,2025-01-25 23:51:00,CMP002,CH01
T008787,C04918,2025-04-19 00:00:00,CMP005,CH03
T008788,C04919,2025-08-09 00:00:00,CMP005,CH03
T008789,C04919,2025-08-10 04:46:00,CMP003,CH02
T008790,C04920,2025-01-23 00:00:00,CMP003,CH02
T008791,C04921,2025-04-08 00:00:00,CMP005,CH03
T008792,C04921,2025-04-09 04:50:00,CMP004,CH02
T008793,C04922,2025-10-21 00:00:00,CMP002,CH01
T008794,C04924,2025-03-30 00:00:00,CMP005,CH03
T008795,C04924,2025-03-31 19:44:00,CMP002,CH01
T008796,C04925,2025-04-21 00:00:00,CMP002,CH01
T008797,C04925,2025-04-22 03:34:00,CMP001,CH01
T008798,C04927,2025-03-08 00:00:00,CMP003,CH02
T008799,C04928,2025-04-13 00:00:00,CMP003,CH02
T008800,C04928,2025-04-17 02:56:00,CMP002,CH01
T008801,C04928,2025-04-25 01:41:00,CMP003,CH02
T008802,C04929,2025-12-02 00:00:00,CMP002,CH01
T008803,C04929,2025-12-03 09:53:00,CMP004,CH02
T008804,C04929,2025-12-08 13:48:00,CMP001,CH01
T008805,C04930,2025-10-11 00:00:00,CMP002,CH01
T008806,C04930,2025-10-13 12:07:00,CMP001,CH01
T008807,C04930,2025-10-16 03:07:00,CMP001,CH01
T008808,C04930,2025-10-19 09:41:00,CMP004,CH02
T008809,C04931,2025-07-05 00:00:00,CMP002,CH01
T008810,C04931,2025-07-10 19:25:00,CMP005,CH03
T008811,C04931,2025-07-12 21:37:00,CMP003,CH02
T008812,C04933,2025-02-08 00:00:00,CMP005,CH03
T008813,C04933,2025-02-15 05:19:00,CMP001,CH01
T008814,C04933,2025-02-22 02:43:00,CMP002,CH01
T008815,C04933,2025-02-26 07:36:00,CMP003,CH02
T008816,C04934,2025-04-02 00:00:00,CMP001,CH01
T008817,C04936,2025-05-13 00:00:00,CMP001,CH01
T008818,C04936,2025-05-17 00:04:00,CMP004,CH02
T008819,C04936,2025-05-20 13:50:00,CMP001,CH01
T008820,C04936,2025-05-22 14:11:00,CMP004,CH02
T008821,C04937,2025-05-12 00:00:00,CMP005,CH03
T008822,C04937,2025-05-15 07:39:00,CMP001,CH01
T008823,C04937,2025-05-16 08:09:00,CMP002,CH01
T008824,C04938,2025-07-09 00:00:00,CMP001,CH01
T008825,C04938,2025-07-15 07:27:00,CMP005,CH03
T008826,C04939,2025-02-26 00:00:00,CMP003,CH02
T008827,C04939,2025-03-04 00:28:00,CMP003,CH02
T008828,C04940,2025-06-17 00:00:00,CMP002,CH01
T008829,C04941,2025-07-12 00:00:00,CMP001,CH01
T008830,C04941,2025-07-14 21:21:00,CMP004,CH02
T008831,C04942,2025-01-03 00:00:00,CMP002,CH01
T008832,C04942,2025-01-05 01:44:00,CMP004,CH02
T008833,C04942,2025-01-06 17:39:00,CMP001,CH01
T008834,C04944,2025-07-17 00:00:00,CMP005,CH03
T008835,C04944,2025-07-19 12:27:00,CMP002,CH01
T008836,C04944,2025-07-21 16:25:00,CMP005,CH03
T008837,C04945,2025-04-02 00:00:00,CMP003,CH02
T008838,C04945,2025-04-06 07:13:00,CMP003,CH02
T008839,C04946,2025-03-02 00:00:00,CMP003,CH02
T008840,C04946,2025-03-04 02:18:00,CMP001,CH01
T008841,C04947,2025-04-08 00:00:00,CMP004,CH02
T008842,C04947,2025-04-10 18:16:00,CMP001,CH01
T008843,C04947,2025-04-14 23:48:00,CMP004,CH02
T008844,C04947,2025-04-22 04:46:00,CMP004,CH02
T008845,C04948,2025-08-02 00:00:00,CMP002,CH01
T008846,C04949,2025-03-31 00:00:00,CMP003,CH02
T008847,C04949,2025-04-04 09:19:00,CMP002,CH01
T008848,C04950,2025-04-16 00:00:00,CMP001,CH01
T008849,C04950,2025-04-20 16:59:00,CMP001,CH01
T008850,C04950,2025-04-28 11:49:00,CMP001,CH01
T008851,C04953,2025-04-29 00:00:00,CMP004,CH02
T008852,C04953,2025-05-06 01:25:00,CMP003,CH02
T008853,C04953,2025-05-09 08:13:00,CMP003,CH02
T008854,C04955,2025-11-15 00:00:00,CMP002,CH01
T008855,C04955,2025-11-19 22:09:00,CMP004,CH02
T008856,C04955,2025-11-22 15:54:00,CMP001,CH01
T008857,C04957,2025-06-01 00:00:00,CMP002,CH01
T008858,C04958,2025-08-30 00:00:00,CMP002,CH01
T008859,C04958,2025-09-06 08:51:00,CMP002,CH01
T008860,C04959,2025-04-09 00:00:00,CMP003,CH02
T008861,C04959,2025-04-15 20:53:00,CMP005,CH03
T008862,C04959,2025-04-20 13:50:00,CMP004,CH02
T008863,C04960,2025-11-02 00:00:00,CMP004,CH02
T008864,C04960,2025-11-07 03:52:00,CMP003,CH02
T008865,C04961,2025-05-26 00:00:00,CMP003,CH02
T008866,C04962,2025-06-27 00:00:00,CMP003,CH02
T008867,C04963,2025-05-15 00:00:00,CMP001,CH01
T008868,C04963,2025-05-21 07:25:00,CMP002,CH01
T008869,C04963,2025-05-27 21:55:00,CMP001,CH01
T008870,C04964,2025-05-26 00:00:00,CMP004,CH02
T008871,C04964,2025-05-27 23:49:00,CMP001,CH01
T008872,C04964,2025-05-31 14:38:00,CMP003,CH02
T008873,C04965,2025-10-30 00:00:00,CMP004,CH02
T008874,C04966,2025-09-20 00:00:00,CMP004,CH02
T008875,C04967,2025-12-19 00:00:00,CMP002,CH01
T008876,C04967,2025-12-25 05:28:00,CMP005,CH03
T008877,C04969,2025-07-04 00:00:00,CMP002,CH01
T008878,C04971,2025-11-08 00:00:00,CMP003,CH02
T008879,C04971,2025-11-09 05:06:00,CMP003,CH02
T008880,C04972,2025-11-23 00:00:00,CMP005,CH03
T008881,C04973,2025-08-05 00:00:00,CMP004,CH02
T008882,C04974,2025-09-15 00:00:00,CMP001,CH01
T008883,C04974,2025-09-22 15:01:00,CMP002,CH01
T008884,C04975,2025-08-21 00:00:00,CMP004,CH02
T008885,C04975,2025-08-27 22:10:00,CMP002,CH01
T008886,C04976,2025-03-12 00:00:00,CMP001,CH01
T008887,C04977,2025-05-04 00:00:00,CMP005,CH03
T008888,C04979,2025-11-14 00:00:00,CMP003,CH02
T008889,C04979,2025-11-15 19:50:00,CMP004,CH02
T008890,C04980,2025-05-16 00:00:00,CMP002,CH01
T008891,C04981,2025-10-17 00:00:00,CMP002,CH01
T008892,C04981,2025-10-19 11:38:00,CMP001,CH01
T008893,C04982,2025-09-22 00:00:00,CMP005,CH03
T008894,C04982,2025-09-29 11:10:00,CMP004,CH02
T008895,C04983,2025-01-18 00:00:00,CMP001,CH01
T008896,C04983,2025-01-24 18:50:00,CMP003,CH02
T008897,C04984,2025-06-10 00:00:00,CMP004,CH02
T008898,C04984,2025-06-12 05:53:00,CMP001,CH01
T008899,C04985,2025-08-20 00:00:00,CMP005,CH03
T008900,C04985,2025-08-27 18:07:00,CMP001,CH01
T008901,C04985,2025-09-02 15:51:00,CMP004,CH02
T008902,C04986,2025-11-30 00:00:00,CMP002,CH01
T008903,C04986,2025-12-07 21:15:00,CMP002,CH01
T008904,C04987,2025-03-16 00:00:00,CMP001,CH01
T008905,C04987,2025-03-17 20:04:00,CMP002,CH01
T008906,C04987,2025-03-23 19:26:00,CMP005,CH03
T008907,C04989,2025-03-09 00:00:00,CMP003,CH02
T008908,C04989,2025-03-12 20:53:00,CMP001,CH01
T008909,C04990,2025-06-28 00:00:00,CMP003,CH02
T008910,C04991,2025-07-12 00:00:00,CMP001,CH01
T008911,C04991,2025-07-15 15:03:00,CMP001,CH01
T008912,C04991,2025-07-16 21:29:00,CMP002,CH01
T008913,C04992,2025-01-28 00:00:00,CMP001,CH01
T008914,C04992,2025-02-03 16:29:00,CMP004,CH02
T008915,C04992,2025-02-10 06:50:00,CMP005,CH03
T008916,C04993,2025-02-04 00:00:00,CMP003,CH02
T008917,C04994,2025-04-04 00:00:00,CMP001,CH01
T008918,C04994,2025-04-09 20:30:00,CMP002,CH01
T008919,C04994,2025-04-11 10:40:00,CMP002,CH01
T008920,C04995,2025-05-31 00:00:00,CMP001,CH01
T008921,C04996,2025-10-13 00:00:00,CMP001,CH01
T008922,C04996,2025-10-18 14:01:00,CMP004,CH02
T008923,C04997,2025-10-29 00:00:00,CMP002,CH01
T008924,C04998,2025-06-23 00:00:00,CMP001,CH01
T008925,C04998,2025-06-24 19:30:00,CMP001,CH01
T008926,C04999,2025-12-21 00:00:00,CMP002,CH01
T008927,C05000,2025-04-28 00:00:00,CMP004,CH02
T008928,C05000,2025-05-02 03:06:00,CMP002,CH01
T008929,C05000,2025-05-09 13:46:00,CMP002,CH01
T008930,C05001,2025-03-12 00:00:00,CMP005,CH03
T008931,C05002,2025-02-28 00:00:00,CMP002,CH01
T008932,C05002,2025-03-01 03:14:00,CMP005,CH03
T008933,C05003,2025-06-29 00:00:00,CMP001,CH01
T008934,C05005,2025-11-22 00:00:00,CMP003,CH02
T008935,C05005,2025-11-29 03:22:00,CMP004,CH02
T008936,C05006,2025-01-29 00:00:00,CMP004,CH02
T008937,C05007,2025-09-03 00:00:00,CMP004,CH02
T008938,C05008,2025-07-16 00:00:00,CMP002,CH01
T008939,C05008,2025-07-20 00:42:00,CMP004,CH02
T008940,C05008,2025-07-21 13:30:00,CMP001,CH01
T008941,C05008,2025-07-23 00:15:00,CMP004,CH02
T008942,C05009,2025-02-18 00:00:00,CMP001,CH01
T008943,C05010,2025-01-12 00:00:00,CMP004,CH02
T008944,C05010,2025-01-18 03:42:00,CMP002,CH01
T008945,C05011,2025-05-20 00:00:00,CMP001,CH01
T008946,C05011,2025-05-25 18:56:00,CMP004,CH02
T008947,C05013,2025-04-08 00:00:00,CMP004,CH02
T008948,C05016,2025-12-09 00:00:00,CMP002,CH01
T008949,C05017,2025-02-04 00:00:00,CMP001,CH01
T008950,C05017,2025-02-07 02:18:00,CMP004,CH02
T008951,C05018,2025-10-09 00:00:00,CMP003,CH02
T008952,C05018,2025-10-16 12:23:00,CMP003,CH02
T008953,C05020,2025-05-03 00:00:00,CMP003,CH02
T008954,C05021,2025-07-29 00:00:00,CMP004,CH02
T008955,C05021,2025-08-03 10:26:00,CMP001,CH01
T008956,C05021,2025-08-08 05:43:00,CMP002,CH01
T008957,C05021,2025-08-12 22:23:00,CMP004,CH02
T008958,C05021,2025-08-17 00:01:00,CMP004,CH02
T008959,C05023,2025-12-07 00:00:00,CMP003,CH02
T008960,C05023,2025-12-10 18:06:00,CMP001,CH01
T008961,C05024,2025-05-12 00:00:00,CMP004,CH02
T008962,C05024,2025-05-18 19:16:00,CMP003,CH02
T008963,C05025,2025-06-08 00:00:00,CMP002,CH01
T008964,C05025,2025-06-15 16:16:00,CMP002,CH01
T008965,C05025,2025-06-22 15:19:00,CMP004,CH02
T008966,C05026,2025-08-31 00:00:00,CMP001,CH01
T008967,C05026,2025-09-07 09:41:00,CMP002,CH01
T008968,C05029,2025-12-12 00:00:00,CMP005,CH03
T008969,C05029,2025-12-17 13:00:00,CMP004,CH02
T008970,C05030,2025-11-12 00:00:00,CMP005,CH03
T008971,C05030,2025-11-13 16:04:00,CMP004,CH02
T008972,C05031,2025-12-22 00:00:00,CMP003,CH02
T008973,C05031,2025-12-24 15:33:00,CMP001,CH01
T008974,C05032,2025-09-18 00:00:00,CMP003,CH02
T008975,C05032,2025-09-21 08:44:00,CMP004,CH02
T008976,C05034,2025-12-11 00:00:00,CMP001,CH01
T008977,C05034,2025-12-15 15:08:00,CMP001,CH01
T008978,C05034,2025-12-23 13:12:00,CMP003,CH02
T008979,C05034,2025-12-30 23:16:00,CMP005,CH03
T008980,C05035,2025-12-18 00:00:00,CMP003,CH02
T008981,C05036,2025-09-26 00:00:00,CMP003,CH02
T008982,C05036,2025-09-28 02:26:00,CMP002,CH01
T008983,C05036,2025-09-29 12:17:00,CMP002,CH01
T008984,C05036,2025-10-05 13:11:00,CMP001,CH01
T008985,C05037,2025-12-01 00:00:00,CMP005,CH03
T008986,C05037,2025-12-05 20:26:00,CMP002,CH01
T008987,C05037,2025-12-12 23:45:00,CMP001,CH01
T008988,C05038,2025-07-08 00:00:00,CMP002,CH01
T008989,C05039,2025-02-10 00:00:00,CMP004,CH02
T008990,C05039,2025-02-13 18:14:00,CMP002,CH01
T008991,C05040,2025-09-10 00:00:00,CMP001,CH01
T008992,C05040,2025-09-14 13:55:00,CMP005,CH03
T008993,C05041,2025-11-08 00:00:00,CMP004,CH02
T008994,C05041,2025-11-10 14:30:00,CMP002,CH01
T008995,C05042,2025-06-13 00:00:00,CMP003,CH02
T008996,C05042,2025-06-15 14:42:00,CMP002,CH01
T008997,C05042,2025-06-20 21:55:00,CMP002,CH01
T008998,C05043,2025-06-27 00:00:00,CMP003,CH02
T008999,C05043,2025-07-03 09:36:00,CMP002,CH01
T009000,C05044,2025-08-09 00:00:00,CMP004,CH02
T009001,C05045,2025-11-15 00:00:00,CMP004,CH02
T009002,C05045,2025-11-20 17:05:00,CMP001,CH01
T009003,C05045,2025-11-25 21:11:00,CMP004,CH02
T009004,C05046,2025-12-16 00:00:00,CMP001,CH01
T009005,C05046,2025-12-22 18:58:00,CMP002,CH01
T009006,C05047,2025-12-17 00:00:00,CMP002,CH01
T009007,C05047,2025-12-24 01:16:00,CMP001,CH01
T009008,C05047,2025-12-26 23:44:00,CMP005,CH03
T009009,C05048,2025-09-02 00:00:00,CMP004,CH02
T009010,C05048,2025-09-04 11:56:00,CMP002,CH01
T009011,C05048,2025-09-08 23:57:00,CMP004,CH02
T009012,C05048,2025-09-13 00:08:00,CMP003,CH02
T009013,C05049,2025-03-07 00:00:00,CMP001,CH01
T009014,C05049,2025-03-08 11:29:00,CMP001,CH01
T009015,C05049,2025-03-10 14:54:00,CMP004,CH02
T009016,C05050,2025-12-11 00:00:00,CMP004,CH02
T009017,C05050,2025-12-16 20:49:00,CMP003,CH02
T009018,C05050,2025-12-21 04:05:00,CMP001,CH01
T009019,C05051,2025-03-29 00:00:00,CMP002,CH01
T009020,C05051,2025-04-01 23:43:00,CMP002,CH01
T009021,C05051,2025-04-06 00:23:00,CMP003,CH02
T009022,C05051,2025-04-12 21:48:00,CMP005,CH03
T009023,C05053,2025-11-06 00:00:00,CMP003,CH02
T009024,C05053,2025-11-13 07:09:00,CMP001,CH01
T009025,C05053,2025-11-15 05:01:00,CMP004,CH02
T009026,C05055,2025-05-23 00:00:00,CMP002,CH01
T009027,C05056,2025-04-18 00:00:00,CMP002,CH01
T009028,C05057,2025-05-09 00:00:00,CMP004,CH02
T009029,C05058,2025-03-28 00:00:00,CMP002,CH01
T009030,C05058,2025-04-04 09:43:00,CMP004,CH02
T009031,C05059,2025-04-21 00:00:00,CMP001,CH01
T009032,C05060,2025-07-17 00:00:00,CMP004,CH02
T009033,C05060,2025-07-20 03:31:00,CMP001,CH01
T009034,C05061,2025-01-09 00:00:00,CMP002,CH01
T009035,C05061,2025-01-16 14:17:00,CMP004,CH02
T009036,C05062,2025-08-06 00:00:00,CMP004,CH02
T009037,C05062,2025-08-12 12:01:00,CMP002,CH01
T009038,C05062,2025-08-19 04:02:00,CMP003,CH02
T009039,C05063,2025-01-04 00:00:00,CMP004,CH02
T009040,C05063,2025-01-10 17:42:00,CMP003,CH02
T009041,C05063,2025-01-17 08:45:00,CMP003,CH02
T009042,C05065,2025-03-14 00:00:00,CMP002,CH01
T009043,C05065,2025-03-15 15:21:00,CMP001,CH01
T009044,C05066,2025-08-25 00:00:00,CMP001,CH01
T009045,C05066,2025-08-29 19:27:00,CMP004,CH02
T009046,C05067,2025-06-11 00:00:00,CMP004,CH02
T009047,C05067,2025-06-16 22:50:00,CMP002,CH01
T009048,C05068,2025-01-19 00:00:00,CMP001,CH01
T009049,C05069,2025-10-22 00:00:00,CMP001,CH01
T009050,C05069,2025-10-25 22:24:00,CMP002,CH01
T009051,C05069,2025-10-30 14:14:00,CMP004,CH02
T009052,C05070,2025-11-05 00:00:00,CMP005,CH03
T009053,C05070,2025-11-08 04:25:00,CMP001,CH01
T009054,C05071,2025-12-07 00:00:00,CMP003,CH02
T009055,C05071,2025-12-12 07:54:00,CMP003,CH02
T009056,C05071,2025-12-18 23:02:00,CMP004,CH02
T009057,C05072,2025-06-11 00:00:00,CMP005,CH03
T009058,C05072,2025-06-15 02:15:00,CMP001,CH01
T009059,C05074,2025-10-27 00:00:00,CMP004,CH02
T009060,C05076,2025-04-27 00:00:00,CMP001,CH01
T009061,C05076,2025-04-28 09:43:00,CMP005,CH03
T009062,C05076,2025-04-30 22:39:00,CMP001,CH01
T009063,C05077,2025-02-28 00:00:00,CMP003,CH02
T009064,C05077,2025-03-02 23:41:00,CMP004,CH02
T009065,C05078,2025-10-12 00:00:00,CMP004,CH02
T009066,C05079,2025-03-26 00:00:00,CMP005,CH03
T009067,C05079,2025-03-27 08:59:00,CMP002,CH01
T009068,C05080,2025-08-11 00:00:00,CMP005,CH03
T009069,C05081,2025-09-17 00:00:00,CMP004,CH02
T009070,C05084,2025-04-14 00:00:00,CMP004,CH02
T009071,C05084,2025-04-19 22:34:00,CMP002,CH01
T009072,C05084,2025-04-22 11:58:00,CMP004,CH02
T009073,C05085,2025-10-11 00:00:00,CMP001,CH01
T009074,C05085,2025-10-15 17:23:00,CMP004,CH02
T009075,C05085,2025-10-18 07:42:00,CMP004,CH02
T009076,C05087,2025-06-23 00:00:00,CMP001,CH01
T009077,C05088,2025-07-18 00:00:00,CMP004,CH02
T009078,C05088,2025-07-23 19:43:00,CMP001,CH01
T009079,C05088,2025-07-26 22:03:00,CMP004,CH02
T009080,C05088,2025-07-29 00:12:00,CMP001,CH01
T009081,C05089,2025-04-19 00:00:00,CMP003,CH02
T009082,C05090,2025-01-20 00:00:00,CMP004,CH02
T009083,C05090,2025-01-26 05:52:00,CMP005,CH03
T009084,C05091,2025-12-22 00:00:00,CMP002,CH01
T009085,C05091,2025-12-26 07:29:00,CMP004,CH02
T009086,C05091,2025-12-30 18:56:00,CMP005,CH03
T009087,C05093,2025-06-01 00:00:00,CMP003,CH02
T009088,C05093,2025-06-02 17:37:00,CMP004,CH02
T009089,C05094,2025-06-22 00:00:00,CMP003,CH02
T009090,C05094,2025-06-25 23:00:00,CMP001,CH01
T009091,C05095,2025-02-10 00:00:00,CMP001,CH01
T009092,C05096,2025-05-11 00:00:00,CMP004,CH02
T009093,C05096,2025-05-14 04:45:00,CMP005,CH03
T009094,C05097,2025-11-15 00:00:00,CMP004,CH02
T009095,C05098,2025-02-06 00:00:00,CMP002,CH01
T009096,C05098,2025-02-08 12:47:00,CMP001,CH01
T009097,C05101,2025-02-25 00:00:00,CMP001,CH01
T009098,C05101,2025-03-03 06:59:00,CMP003,CH02
T009099,C05101,2025-03-04 18:26:00,CMP001,CH01
T009100,C05102,2025-12-10 00:00:00,CMP003,CH02
T009101,C05103,2025-12-23 00:00:00,CMP005,CH03
T009102,C05103,2025-12-30 13:30:00,CMP004,CH02
T009103,C05103,2026-01-04 15:02:00,CMP001,CH01
T009104,C05104,2025-11-20 00:00:00,CMP001,CH01
T009105,C05104,2025-11-22 02:52:00,CMP001,CH01
T009106,C05104,2025-11-23 19:29:00,CMP001,CH01
T009107,C05104,2025-11-29 12:42:00,CMP003,CH02
T009108,C05105,2025-04-20 00:00:00,CMP004,CH02
T009109,C05105,2025-04-22 01:38:00,CMP003,CH02
T009110,C05105,2025-04-23 08:11:00,CMP004,CH02
T009111,C05106,2025-10-15 00:00:00,CMP005,CH03
T009112,C05106,2025-10-22 13:52:00,CMP005,CH03
T009113,C05107,2025-09-19 00:00:00,CMP001,CH01
T009114,C05107,2025-09-24 13:42:00,CMP005,CH03
T009115,C05107,2025-10-01 06:22:00,CMP001,CH01
T009116,C05108,2025-06-12 00:00:00,CMP005,CH03
T009117,C05108,2025-06-18 16:26:00,CMP001,CH01
T009118,C05109,2025-09-16 00:00:00,CMP004,CH02
T009119,C05109,2025-09-17 11:34:00,CMP003,CH02
T009120,C05109,2025-09-25 02:05:00,CMP003,CH02
T009121,C05110,2025-08-23 00:00:00,CMP002,CH01
T009122,C05110,2025-08-27 18:03:00,CMP001,CH01
T009123,C05111,2025-04-13 00:00:00,CMP003,CH02
T009124,C05112,2025-07-15 00:00:00,CMP002,CH01
T009125,C05112,2025-07-18 00:44:00,CMP004,CH02
T009126,C05112,2025-07-25 18:55:00,CMP003,CH02
T009127,C05112,2025-07-29 19:51:00,CMP001,CH01
T009128,C05113,2025-03-16 00:00:00,CMP004,CH02
T009129,C05113,2025-03-18 20:16:00,CMP003,CH02
T009130,C05114,2025-07-18 00:00:00,CMP003,CH02
T009131,C05114,2025-07-23 06:52:00,CMP002,CH01
T009132,C05116,2025-06-21 00:00:00,CMP004,CH02
T009133,C05116,2025-06-25 11:48:00,CMP003,CH02
T009134,C05116,2025-06-30 09:21:00,CMP004,CH02
T009135,C05117,2025-05-19 00:00:00,CMP003,CH02
T009136,C05117,2025-05-22 10:17:00,CMP002,CH01
T009137,C05117,2025-05-27 00:53:00,CMP004,CH02
T009138,C05118,2025-08-02 00:00:00,CMP001,CH01
T009139,C05118,2025-08-05 11:43:00,CMP002,CH01
T009140,C05118,2025-08-11 08:47:00,CMP001,CH01
T009141,C05119,2025-07-13 00:00:00,CMP002,CH01
T009142,C05119,2025-07-14 22:18:00,CMP002,CH01
T009143,C05119,2025-07-19 10:41:00,CMP003,CH02
T009144,C05120,2025-11-07 00:00:00,CMP004,CH02
T009145,C05120,2025-11-13 11:30:00,CMP001,CH01
T009146,C05120,2025-11-17 12:54:00,CMP001,CH01
T009147,C05121,2025-04-20 00:00:00,CMP004,CH02
T009148,C05121,2025-04-23 18:26:00,CMP001,CH01
T009149,C05123,2025-03-30 00:00:00,CMP001,CH01
T009150,C05123,2025-04-06 18:50:00,CMP004,CH02
T009151,C05123,2025-04-09 19:28:00,CMP003,CH02
T009152,C05123,2025-04-13 01:55:00,CMP001,CH01
T009153,C05124,2025-05-28 00:00:00,CMP003,CH02
T009154,C05124,2025-06-03 22:43:00,CMP002,CH01
T009155,C05125,2025-05-26 00:00:00,CMP002,CH01
T009156,C05126,2025-03-08 00:00:00,CMP002,CH01
T009157,C05126,2025-03-10 13:38:00,CMP003,CH02
T009158,C05127,2025-10-25 00:00:00,CMP003,CH02
T009159,C05127,2025-10-27 20:50:00,CMP001,CH01
T009160,C05127,2025-11-01 08:29:00,CMP003,CH02
T009161,C05127,2025-11-08 09:58:00,CMP002,CH01
T009162,C05129,2025-04-21 00:00:00,CMP001,CH01
T009163,C05129,2025-04-22 18:45:00,CMP003,CH02
T009164,C05129,2025-04-24 05:06:00,CMP002,CH01
T009165,C05129,2025-04-25 08:50:00,CMP005,CH03
T009166,C05130,2025-05-29 00:00:00,CMP004,CH02
T009167,C05130,2025-05-31 23:05:00,CMP005,CH03
T009168,C05131,2025-09-07 00:00:00,CMP003,CH02
T009169,C05131,2025-09-12 13:44:00,CMP001,CH01
T009170,C05131,2025-09-18 06:06:00,CMP001,CH01
T009171,C05131,2025-09-21 06:54:00,CMP001,CH01
T009172,C05132,2025-09-24 00:00:00,CMP004,CH02
T009173,C05133,2025-03-28 00:00:00,CMP001,CH01
T009174,C05135,2025-09-24 00:00:00,CMP004,CH02
T009175,C05135,2025-09-30 10:30:00,CMP002,CH01
T009176,C05135,2025-10-07 03:48:00,CMP002,CH01
T009177,C05136,2025-01-10 00:00:00,CMP004,CH02
T009178,C05137,2025-09-19 00:00:00,CMP001,CH01
T009179,C05137,2025-09-21 12:14:00,CMP004,CH02
T009180,C05139,2025-02-17 00:00:00,CMP002,CH01
T009181,C05139,2025-02-21 22:28:00,CMP004,CH02
T009182,C05140,2025-09-15 00:00:00,CMP003,CH02
T009183,C05141,2025-02-22 00:00:00,CMP004,CH02
T009184,C05141,2025-03-01 03:37:00,CMP002,CH01
T009185,C05141,2025-03-04 03:11:00,CMP003,CH02
T009186,C05142,2025-05-19 00:00:00,CMP001,CH01
T009187,C05142,2025-05-24 08:27:00,CMP001,CH01
T009188,C05142,2025-05-29 07:33:00,CMP003,CH02
T009189,C05143,2025-04-11 00:00:00,CMP002,CH01
T009190,C05143,2025-04-14 15:14:00,CMP004,CH02
T009191,C05143,2025-04-18 01:43:00,CMP001,CH01
T009192,C05146,2025-08-18 00:00:00,CMP002,CH01
T009193,C05146,2025-08-24 23:29:00,CMP003,CH02
T009194,C05147,2025-11-04 00:00:00,CMP003,CH02
T009195,C05147,2025-11-08 02:08:00,CMP001,CH01
T009196,C05148,2025-03-16 00:00:00,CMP004,CH02
T009197,C05149,2025-03-23 00:00:00,CMP004,CH02
T009198,C05149,2025-03-27 07:37:00,CMP003,CH02
T009199,C05149,2025-03-31 22:19:00,CMP004,CH02
T009200,C05149,2025-04-02 07:02:00,CMP001,CH01
T009201,C05150,2025-10-04 00:00:00,CMP003,CH02
T009202,C05150,2025-10-08 02:13:00,CMP002,CH01
T009203,C05150,2025-10-10 06:28:00,CMP002,CH01
T009204,C05151,2025-09-16 00:00:00,CMP002,CH01
T009205,C05152,2025-09-14 00:00:00,CMP002,CH01
T009206,C05152,2025-09-21 00:18:00,CMP001,CH01
T009207,C05153,2025-10-23 00:00:00,CMP002,CH01
T009208,C05153,2025-10-29 16:33:00,CMP002,CH01
T009209,C05153,2025-11-03 14:33:00,CMP001,CH01
T009210,C05155,2025-12-04 00:00:00,CMP005,CH03
T009211,C05155,2025-12-10 14:36:00,CMP001,CH01
T009212,C05156,2025-10-03 00:00:00,CMP003,CH02
T009213,C05157,2025-12-27 00:00:00,CMP004,CH02
T009214,C05157,2025-12-31 18:33:00,CMP003,CH02
T009215,C05159,2025-10-01 00:00:00,CMP005,CH03
T009216,C05159,2025-10-07 05:52:00,CMP001,CH01
T009217,C05159,2025-10-14 05:28:00,CMP003,CH02
T009218,C05160,2025-01-07 00:00:00,CMP001,CH01
T009219,C05160,2025-01-14 06:25:00,CMP004,CH02
T009220,C05160,2025-01-17 06:57:00,CMP004,CH02
T009221,C05161,2025-03-18 00:00:00,CMP004,CH02
T009222,C05161,2025-03-24 12:16:00,CMP004,CH02
T009223,C05161,2025-03-28 22:11:00,CMP002,CH01
T009224,C05162,2025-04-02 00:00:00,CMP001,CH01
T009225,C05162,2025-04-08 23:21:00,CMP001,CH01
T009226,C05162,2025-04-12 19:45:00,CMP002,CH01
T009227,C05162,2025-04-18 12:38:00,CMP003,CH02
T009228,C05164,2025-01-06 00:00:00,CMP004,CH02
T009229,C05164,2025-01-09 18:21:00,CMP002,CH01
T009230,C05164,2025-01-12 23:21:00,CMP001,CH01
T009231,C05164,2025-01-18 18:08:00,CMP001,CH01
T009232,C05165,2025-02-18 00:00:00,CMP005,CH03
T009233,C05165,2025-02-25 05:54:00,CMP004,CH02
T009234,C05165,2025-02-28 03:26:00,CMP003,CH02
T009235,C05166,2025-08-25 00:00:00,CMP004,CH02
T009236,C05166,2025-08-27 21:17:00,CMP003,CH02
T009237,C05166,2025-09-02 15:12:00,CMP002,CH01
T009238,C05166,2025-09-04 15:02:00,CMP003,CH02
T009239,C05167,2025-09-28 00:00:00,CMP003,CH02
T009240,C05167,2025-10-01 07:40:00,CMP002,CH01
T009241,C05168,2025-01-07 00:00:00,CMP002,CH01
T009242,C05168,2025-01-08 10:50:00,CMP003,CH02
T009243,C05168,2025-01-14 07:49:00,CMP001,CH01
T009244,C05168,2025-01-18 08:00:00,CMP005,CH03
T009245,C05169,2025-04-29 00:00:00,CMP001,CH01
T009246,C05169,2025-05-05 02:15:00,CMP004,CH02
T009247,C05169,2025-05-11 08:44:00,CMP003,CH02
T009248,C05171,2025-01-06 00:00:00,CMP003,CH02
T009249,C05171,2025-01-10 08:09:00,CMP003,CH02
T009250,C05171,2025-01-13 02:03:00,CMP002,CH01
T009251,C05173,2025-04-07 00:00:00,CMP001,CH01
T009252,C05173,2025-04-14 00:02:00,CMP003,CH02
T009253,C05173,2025-04-20 16:10:00,CMP003,CH02
T009254,C05174,2025-10-31 00:00:00,CMP001,CH01
T009255,C05174,2025-11-01 20:24:00,CMP004,CH02
T009256,C05174,2025-11-03 12:47:00,CMP002,CH01
T009257,C05175,2025-10-24 00:00:00,CMP001,CH01
T009258,C05176,2025-07-15 00:00:00,CMP002,CH01
T009259,C05176,2025-07-16 11:53:00,CMP001,CH01
T009260,C05176,2025-07-18 04:01:00,CMP001,CH01
T009261,C05178,2025-03-26 00:00:00,CMP004,CH02
T009262,C05178,2025-03-31 11:03:00,CMP001,CH01
T009263,C05178,2025-04-02 18:14:00,CMP001,CH01
T009264,C05179,2025-03-03 00:00:00,CMP001,CH01
T009265,C05179,2025-03-08 20:43:00,CMP001,CH01
T009266,C05179,2025-03-15 14:03:00,CMP005,CH03
T009267,C05179,2025-03-23 07:00:00,CMP001,CH01
T009268,C05180,2025-03-30 00:00:00,CMP001,CH01
T009269,C05181,2025-11-13 00:00:00,CMP001,CH01
T009270,C05181,2025-11-20 02:03:00,CMP003,CH02
T009271,C05181,2025-11-21 21:55:00,CMP004,CH02
T009272,C05182,2025-02-17 00:00:00,CMP001,CH01
T009273,C05183,2025-12-06 00:00:00,CMP004,CH02
T009274,C05183,2025-12-13 21:34:00,CMP001,CH01
T009275,C05184,2025-06-15 00:00:00,CMP004,CH02
T009276,C05185,2025-12-19 00:00:00,CMP004,CH02
T009277,C05185,2025-12-24 18:29:00,CMP005,CH03
T009278,C05185,2026-01-01 12:24:00,CMP001,CH01
T009279,C05187,2025-11-01 00:00:00,CMP004,CH02
T009280,C05187,2025-11-07 03:06:00,CMP002,CH01
T009281,C05187,2025-11-14 09:52:00,CMP001,CH01
T009282,C05188,2025-02-10 00:00:00,CMP003,CH02
T009283,C05188,2025-02-11 00:59:00,CMP005,CH03
T009284,C05188,2025-02-17 18:32:00,CMP001,CH01
T009285,C05188,2025-02-19 07:48:00,CMP003,CH02
T009286,C05189,2025-11-19 00:00:00,CMP001,CH01
T009287,C05189,2025-11-24 06:40:00,CMP001,CH01
T009288,C05190,2025-03-16 00:00:00,CMP003,CH02
T009289,C05190,2025-03-22 18:13:00,CMP003,CH02
T009290,C05190,2025-03-25 05:53:00,CMP004,CH02
T009291,C05191,2025-06-11 00:00:00,CMP002,CH01
T009292,C05191,2025-06-15 22:46:00,CMP002,CH01
T009293,C05191,2025-06-22 02:42:00,CMP004,CH02
T009294,C05191,2025-06-26 05:39:00,CMP005,CH03
T009295,C05192,2025-12-28 00:00:00,CMP001,CH01
T009296,C05192,2025-12-30 00:22:00,CMP005,CH03
T009297,C05192,2026-01-03 04:42:00,CMP004,CH02
T009298,C05193,2025-11-19 00:00:00,CMP003,CH02
T009299,C05196,2025-01-09 00:00:00,CMP002,CH01
T009300,C05196,2025-01-13 17:32:00,CMP002,CH01
T009301,C05197,2025-04-04 00:00:00,CMP005,CH03
T009302,C05199,2025-03-11 00:00:00,CMP004,CH02
T009303,C05199,2025-03-13 17:44:00,CMP002,CH01
T009304,C05200,2025-02-17 00:00:00,CMP002,CH01
T009305,C05201,2025-12-18 00:00:00,CMP001,CH01
T009306,C05202,2025-03-26 00:00:00,CMP002,CH01
T009307,C05202,2025-03-31 08:33:00,CMP001,CH01
T009308,C05202,2025-04-07 08:59:00,CMP001,CH01
T009309,C05204,2025-04-06 00:00:00,CMP004,CH02
T009310,C05204,2025-04-11 02:18:00,CMP005,CH03
T009311,C05204,2025-04-12 13:00:00,CMP004,CH02
T009312,C05205,2025-02-19 00:00:00,CMP004,CH02
T009313,C05205,2025-02-21 18:07:00,CMP001,CH01
T009314,C05205,2025-02-27 10:13:00,CMP002,CH01
T009315,C05207,2025-07-03 00:00:00,CMP001,CH01
T009316,C05207,2025-07-08 09:52:00,CMP001,CH01
T009317,C05207,2025-07-14 06:00:00,CMP002,CH01
T009318,C05207,2025-07-18 22:32:00,CMP003,CH02
T009319,C05208,2025-04-01 00:00:00,CMP005,CH03
T009320,C05208,2025-04-02 16:21:00,CMP003,CH02
T009321,C05208,2025-04-04 12:44:00,CMP002,CH01
T009322,C05208,2025-04-08 08:17:00,CMP001,CH01
T009323,C05210,2025-10-03 00:00:00,CMP004,CH02
T009324,C05211,2025-07-06 00:00:00,CMP001,CH01
T009325,C05211,2025-07-13 15:47:00,CMP002,CH01
T009326,C05212,2025-01-18 00:00:00,CMP002,CH01
T009327,C05212,2025-01-21 22:42:00,CMP003,CH02
T009328,C05213,2025-03-13 00:00:00,CMP004,CH02
T009329,C05213,2025-03-14 18:23:00,CMP002,CH01
T009330,C05214,2025-09-27 00:00:00,CMP001,CH01
T009331,C05215,2025-12-23 00:00:00,CMP003,CH02
T009332,C05215,2025-12-26 18:18:00,CMP005,CH03
T009333,C05216,2025-03-14 00:00:00,CMP003,CH02
T009334,C05216,2025-03-19 10:42:00,CMP003,CH02
T009335,C05217,2025-11-04 00:00:00,CMP004,CH02
T009336,C05217,2025-11-08 23:14:00,CMP001,CH01
T009337,C05218,2025-11-28 00:00:00,CMP002,CH01
T009338,C05221,2025-12-12 00:00:00,CMP002,CH01
T009339,C05221,2025-12-15 02:56:00,CMP002,CH01
T009340,C05221,2025-12-20 20:49:00,CMP001,CH01
T009341,C05222,2025-06-22 00:00:00,CMP004,CH02
T009342,C05222,2025-06-27 05:22:00,CMP001,CH01
T009343,C05222,2025-06-28 09:17:00,CMP005,CH03
T009344,C05222,2025-07-04 09:13:00,CMP002,CH01
T009345,C05223,2025-08-11 00:00:00,CMP005,CH03
T009346,C05223,2025-08-15 11:53:00,CMP004,CH02
T009347,C05223,2025-08-19 00:07:00,CMP004,CH02
T009348,C05223,2025-08-23 07:07:00,CMP001,CH01
T009349,C05223,2025-08-29 16:59:00,CMP003,CH02
T009350,C05224,2025-01-21 00:00:00,CMP001,CH01
T009351,C05224,2025-01-25 09:00:00,CMP002,CH01
T009352,C05224,2025-01-31 20:53:00,CMP005,CH03
T009353,C05225,2025-02-16 00:00:00,CMP002,CH01
T009354,C05225,2025-02-20 23:58:00,CMP002,CH01
T009355,C05227,2025-03-16 00:00:00,CMP003,CH02
T009356,C05227,2025-03-18 23:43:00,CMP004,CH02
T009357,C05227,2025-03-23 04:06:00,CMP004,CH02
T009358,C05227,2025-03-30 18:22:00,CMP004,CH02
T009359,C05228,2025-08-05 00:00:00,CMP005,CH03
T009360,C05228,2025-08-08 13:43:00,CMP002,CH01
T009361,C05228,2025-08-12 04:08:00,CMP002,CH01
T009362,C05228,2025-08-16 10:23:00,CMP002,CH01
T009363,C05229,2025-03-01 00:00:00,CMP001,CH01
T009364,C05230,2025-10-20 00:00:00,CMP002,CH01
T009365,C05230,2025-10-22 19:56:00,CMP005,CH03
T009366,C05231,2025-03-21 00:00:00,CMP001,CH01
T009367,C05231,2025-03-24 06:27:00,CMP003,CH02
T009368,C05232,2025-06-26 00:00:00,CMP002,CH01
T009369,C05232,2025-07-02 16:13:00,CMP005,CH03
T009370,C05233,2025-05-29 00:00:00,CMP001,CH01
T009371,C05233,2025-06-04 06:14:00,CMP003,CH02
T009372,C05234,2025-08-29 00:00:00,CMP005,CH03
T009373,C05236,2025-01-24 00:00:00,CMP002,CH01
T009374,C05236,2025-01-27 23:21:00,CMP001,CH01
T009375,C05236,2025-01-31 17:14:00,CMP003,CH02
T009376,C05237,2025-12-06 00:00:00,CMP003,CH02
T009377,C05237,2025-12-09 19:46:00,CMP004,CH02
T009378,C05238,2025-07-21 00:00:00,CMP001,CH01
T009379,C05238,2025-07-28 09:24:00,CMP002,CH01
T009380,C05238,2025-08-05 00:48:00,CMP001,CH01
T009381,C05239,2025-07-20 00:00:00,CMP002,CH01
T009382,C05239,2025-07-27 00:13:00,CMP004,CH02
T009383,C05239,2025-07-29 21:23:00,CMP004,CH02
T009384,C05239,2025-08-01 15:12:00,CMP002,CH01
T009385,C05240,2025-11-15 00:00:00,CMP005,CH03
T009386,C05241,2025-07-18 00:00:00,CMP004,CH02
T009387,C05241,2025-07-21 13:26:00,CMP002,CH01
T009388,C05242,2025-01-23 00:00:00,CMP005,CH03
T009389,C05242,2025-01-25 15:43:00,CMP002,CH01
T009390,C05242,2025-01-28 12:55:00,CMP002,CH01
T009391,C05243,2025-05-13 00:00:00,CMP002,CH01
T009392,C05244,2025-08-29 00:00:00,CMP003,CH02
T009393,C05244,2025-09-02 08:01:00,CMP004,CH02
T009394,C05246,2025-12-04 00:00:00,CMP004,CH02
T009395,C05246,2025-12-06 06:16:00,CMP004,CH02
T009396,C05246,2025-12-12 04:32:00,CMP004,CH02
T009397,C05246,2025-12-16 04:00:00,CMP001,CH01
T009398,C05247,2025-08-22 00:00:00,CMP002,CH01
T009399,C05247,2025-08-27 22:58:00,CMP001,CH01
T009400,C05247,2025-08-29 08:49:00,CMP003,CH02
T009401,C05247,2025-08-30 09:26:00,CMP003,CH02
T009402,C05249,2025-02-06 00:00:00,CMP005,CH03
T009403,C05249,2025-02-08 06:33:00,CMP003,CH02
T009404,C05250,2025-05-03 00:00:00,CMP004,CH02
T009405,C05251,2025-09-05 00:00:00,CMP001,CH01
T009406,C05251,2025-09-07 07:41:00,CMP005,CH03
T009407,C05252,2025-02-14 00:00:00,CMP003,CH02
T009408,C05252,2025-02-16 17:43:00,CMP002,CH01
T009409,C05252,2025-02-21 12:08:00,CMP003,CH02
T009410,C05253,2025-07-06 00:00:00,CMP002,CH01
T009411,C05253,2025-07-11 02:04:00,CMP001,CH01
T009412,C05253,2025-07-13 02:38:00,CMP004,CH02
T009413,C05253,2025-07-18 17:33:00,CMP002,CH01
T009414,C05254,2025-01-15 00:00:00,CMP005,CH03
T009415,C05254,2025-01-16 09:49:00,CMP002,CH01
T009416,C05255,2025-11-25 00:00:00,CMP005,CH03
T009417,C05255,2025-11-26 06:51:00,CMP001,CH01
T009418,C05257,2025-04-10 00:00:00,CMP003,CH02
T009419,C05257,2025-04-14 02:40:00,CMP004,CH02
T009420,C05257,2025-04-21 02:58:00,CMP004,CH02
T009421,C05258,2025-01-04 00:00:00,CMP002,CH01
T009422,C05258,2025-01-10 15:57:00,CMP002,CH01
T009423,C05259,2025-12-31 00:00:00,CMP002,CH01
T009424,C05259,2026-01-05 22:16:00,CMP004,CH02
T009425,C05259,2026-01-12 23:26:00,CMP002,CH01
T009426,C05262,2025-04-21 00:00:00,CMP003,CH02
T009427,C05262,2025-04-26 04:29:00,CMP003,CH02
T009428,C05263,2025-05-15 00:00:00,CMP003,CH02
T009429,C05263,2025-05-18 17:57:00,CMP004,CH02
T009430,C05264,2025-08-13 00:00:00,CMP005,CH03
T009431,C05265,2025-10-30 00:00:00,CMP004,CH02
T009432,C05265,2025-11-02 04:25:00,CMP001,CH01
T009433,C05265,2025-11-06 02:47:00,CMP004,CH02
T009434,C05265,2025-11-10 23:20:00,CMP001,CH01
T009435,C05266,2025-08-06 00:00:00,CMP001,CH01
T009436,C05266,2025-08-08 01:22:00,CMP001,CH01
T009437,C05267,2025-08-13 00:00:00,CMP003,CH02
T009438,C05269,2025-08-24 00:00:00,CMP001,CH01
T009439,C05272,2025-06-30 00:00:00,CMP002,CH01
T009440,C05272,2025-07-06 07:25:00,CMP003,CH02
T009441,C05273,2025-11-20 00:00:00,CMP004,CH02
T009442,C05274,2025-12-28 00:00:00,CMP001,CH01
T009443,C05274,2025-12-30 03:54:00,CMP002,CH01
T009444,C05275,2025-07-27 00:00:00,CMP001,CH01
T009445,C05275,2025-08-03 07:16:00,CMP004,CH02
T009446,C05278,2025-03-30 00:00:00,CMP001,CH01
T009447,C05279,2025-02-05 00:00:00,CMP001,CH01
T009448,C05279,2025-02-10 13:00:00,CMP002,CH01
T009449,C05279,2025-02-13 05:39:00,CMP002,CH01
T009450,C05280,2025-01-18 00:00:00,CMP001,CH01
T009451,C05280,2025-01-21 11:25:00,CMP002,CH01
T009452,C05282,2025-03-03 00:00:00,CMP003,CH02
T009453,C05282,2025-03-04 15:25:00,CMP003,CH02
T009454,C05282,2025-03-10 16:55:00,CMP001,CH01
T009455,C05283,2025-10-09 00:00:00,CMP003,CH02
T009456,C05284,2025-06-15 00:00:00,CMP005,CH03
T009457,C05284,2025-06-20 07:17:00,CMP002,CH01
T009458,C05286,2025-12-25 00:00:00,CMP003,CH02
T009459,C05290,2025-08-06 00:00:00,CMP001,CH01
T009460,C05290,2025-08-10 00:26:00,CMP003,CH02
T009461,C05291,2025-02-10 00:00:00,CMP004,CH02
T009462,C05291,2025-02-16 05:13:00,CMP001,CH01
T009463,C05292,2025-09-12 00:00:00,CMP001,CH01
T009464,C05292,2025-09-17 09:28:00,CMP001,CH01
T009465,C05292,2025-09-19 02:33:00,CMP002,CH01
T009466,C05293,2025-05-20 00:00:00,CMP005,CH03
T009467,C05294,2025-11-09 00:00:00,CMP002,CH01
T009468,C05294,2025-11-14 23:00:00,CMP002,CH01
T009469,C05294,2025-11-18 16:21:00,CMP004,CH02
T009470,C05296,2025-09-27 00:00:00,CMP004,CH02
T009471,C05296,2025-10-03 07:37:00,CMP001,CH01
T009472,C05296,2025-10-10 10:33:00,CMP002,CH01
T009473,C05298,2025-06-27 00:00:00,CMP003,CH02
T009474,C05298,2025-06-29 06:51:00,CMP004,CH02
T009475,C05300,2025-09-05 00:00:00,CMP002,CH01
T009476,C05300,2025-09-11 12:33:00,CMP001,CH01
T009477,C05300,2025-09-13 13:34:00,CMP004,CH02
T009478,C05300,2025-09-16 04:34:00,CMP001,CH01
T009479,C05301,2025-08-10 00:00:00,CMP004,CH02
T009480,C05301,2025-08-13 07:32:00,CMP003,CH02
T009481,C05302,2025-07-10 00:00:00,CMP003,CH02
T009482,C05302,2025-07-11 09:17:00,CMP004,CH02
T009483,C05302,2025-07-18 20:06:00,CMP002,CH01
T009484,C05303,2025-09-20 00:00:00,CMP003,CH02
T009485,C05304,2025-01-25 00:00:00,CMP003,CH02
T009486,C05305,2025-05-25 00:00:00,CMP003,CH02
T009487,C05307,2025-09-19 00:00:00,CMP003,CH02
T009488,C05307,2025-09-21 00:56:00,CMP001,CH01
T009489,C05308,2025-10-02 00:00:00,CMP001,CH01
T009490,C05310,2025-04-23 00:00:00,CMP005,CH03
T009491,C05310,2025-04-25 21:45:00,CMP004,CH02
T009492,C05310,2025-05-01 09:34:00,CMP002,CH01
T009493,C05311,2025-01-15 00:00:00,CMP004,CH02
T009494,C05312,2025-10-30 00:00:00,CMP003,CH02
T009495,C05312,2025-11-04 13:48:00,CMP005,CH03
T009496,C05312,2025-11-08 13:40:00,CMP004,CH02
T009497,C05313,2025-11-20 00:00:00,CMP001,CH01
T009498,C05313,2025-11-27 06:50:00,CMP004,CH02
T009499,C05313,2025-12-03 07:48:00,CMP004,CH02
T009500,C05314,2025-11-19 00:00:00,CMP001,CH01
T009501,C05314,2025-11-25 12:31:00,CMP003,CH02
T009502,C05316,2025-10-11 00:00:00,CMP001,CH01
T009503,C05316,2025-10-17 21:51:00,CMP004,CH02
T009504,C05316,2025-10-21 09:41:00,CMP001,CH01
T009505,C05318,2025-05-15 00:00:00,CMP003,CH02
T009506,C05318,2025-05-18 17:00:00,CMP003,CH02
T009507,C05323,2025-11-30 00:00:00,CMP003,CH02
T009508,C05323,2025-12-02 03:49:00,CMP004,CH02
T009509,C05324,2025-09-24 00:00:00,CMP002,CH01
T009510,C05324,2025-09-29 23:16:00,CMP004,CH02
T009511,C05325,2025-02-12 00:00:00,CMP002,CH01
T009512,C05326,2025-12-05 00:00:00,CMP002,CH01
T009513,C05327,2025-12-10 00:00:00,CMP004,CH02
T009514,C05327,2025-12-11 10:25:00,CMP002,CH01
T009515,C05327,2025-12-14 00:22:00,CMP001,CH01
T009516,C05328,2025-01-17 00:00:00,CMP001,CH01
T009517,C05328,2025-01-24 10:58:00,CMP004,CH02
T009518,C05328,2025-01-31 07:29:00,CMP003,CH02
T009519,C05328,2025-02-04 18:23:00,CMP001,CH01
T009520,C05330,2025-08-24 00:00:00,CMP005,CH03
T009521,C05330,2025-08-28 00:14:00,CMP005,CH03
T009522,C05331,2025-03-27 00:00:00,CMP002,CH01
T009523,C05331,2025-04-01 13:05:00,CMP002,CH01
T009524,C05331,2025-04-05 04:44:00,CMP003,CH02
T009525,C05333,2025-12-30 00:00:00,CMP001,CH01
T009526,C05333,2026-01-05 11:04:00,CMP003,CH02
T009527,C05335,2025-09-04 00:00:00,CMP004,CH02
T009528,C05335,2025-09-06 17:37:00,CMP003,CH02
T009529,C05335,2025-09-11 22:35:00,CMP001,CH01
T009530,C05337,2025-01-06 00:00:00,CMP005,CH03
T009531,C05337,2025-01-08 07:44:00,CMP003,CH02
T009532,C05339,2025-05-06 00:00:00,CMP001,CH01
T009533,C05339,2025-05-10 05:08:00,CMP002,CH01
T009534,C05340,2025-10-04 00:00:00,CMP004,CH02
T009535,C05341,2025-06-26 00:00:00,CMP003,CH02
T009536,C05341,2025-07-02 19:53:00,CMP004,CH02
T009537,C05342,2025-03-02 00:00:00,CMP002,CH01
T009538,C05344,2025-07-16 00:00:00,CMP001,CH01
T009539,C05344,2025-07-22 10:39:00,CMP005,CH03
T009540,C05344,2025-07-27 12:17:00,CMP004,CH02
T009541,C05344,2025-07-30 09:04:00,CMP005,CH03
T009542,C05345,2025-02-17 00:00:00,CMP003,CH02
T009543,C05345,2025-02-22 02:36:00,CMP001,CH01
T009544,C05345,2025-02-25 00:21:00,CMP002,CH01
T009545,C05346,2025-03-08 00:00:00,CMP002,CH01
T009546,C05346,2025-03-14 01:42:00,CMP003,CH02
T009547,C05347,2025-10-05 00:00:00,CMP004,CH02
T009548,C05347,2025-10-09 09:40:00,CMP003,CH02
T009549,C05348,2025-09-18 00:00:00,CMP004,CH02
T009550,C05353,2025-01-01 00:00:00,CMP002,CH01
T009551,C05353,2025-01-08 11:40:00,CMP002,CH01
T009552,C05354,2025-08-28 00:00:00,CMP003,CH02
T009553,C05354,2025-09-01 14:20:00,CMP001,CH01
T009554,C05355,2025-02-09 00:00:00,CMP002,CH01
T009555,C05355,2025-02-12 20:13:00,CMP004,CH02
T009556,C05355,2025-02-20 00:56:00,CMP002,CH01
T009557,C05357,2025-09-08 00:00:00,CMP001,CH01
T009558,C05357,2025-09-15 05:25:00,CMP003,CH02
T009559,C05357,2025-09-22 06:58:00,CMP001,CH01
T009560,C05357,2025-09-28 16:17:00,CMP002,CH01
T009561,C05359,2025-01-13 00:00:00,CMP003,CH02
T009562,C05359,2025-01-15 14:14:00,CMP002,CH01
T009563,C05359,2025-01-20 17:50:00,CMP005,CH03
T009564,C05359,2025-01-22 04:20:00,CMP005,CH03
T009565,C05360,2025-12-27 00:00:00,CMP002,CH01
T009566,C05360,2026-01-01 05:36:00,CMP005,CH03
T009567,C05360,2026-01-02 10:36:00,CMP004,CH02
T009568,C05360,2026-01-05 15:19:00,CMP004,CH02
T009569,C05362,2025-01-25 00:00:00,CMP002,CH01
T009570,C05363,2025-02-03 00:00:00,CMP003,CH02
T009571,C05366,2025-07-27 00:00:00,CMP001,CH01
T009572,C05366,2025-07-30 07:29:00,CMP002,CH01
T009573,C05367,2025-01-20 00:00:00,CMP002,CH01
T009574,C05367,2025-01-23 08:23:00,CMP005,CH03
T009575,C05368,2025-01-28 00:00:00,CMP005,CH03
T009576,C05368,2025-02-01 01:28:00,CMP001,CH01
T009577,C05368,2025-02-08 03:04:00,CMP005,CH03
T009578,C05369,2025-06-30 00:00:00,CMP001,CH01
T009579,C05371,2025-06-25 00:00:00,CMP004,CH02
T009580,C05374,2025-08-23 00:00:00,CMP001,CH01
T009581,C05374,2025-08-24 15:41:00,CMP004,CH02
T009582,C05375,2025-10-12 00:00:00,CMP002,CH01
T009583,C05375,2025-10-18 20:25:00,CMP003,CH02
T009584,C05375,2025-10-24 23:10:00,CMP004,CH02
T009585,C05375,2025-11-01 16:15:00,CMP003,CH02
T009586,C05376,2025-02-15 00:00:00,CMP002,CH01
T009587,C05376,2025-02-20 03:33:00,CMP003,CH02
T009588,C05376,2025-02-24 07:48:00,CMP003,CH02
T009589,C05378,2025-11-28 00:00:00,CMP002,CH01
T009590,C05379,2025-07-25 00:00:00,CMP005,CH03
T009591,C05380,2025-01-10 00:00:00,CMP002,CH01
T009592,C05380,2025-01-14 22:50:00,CMP001,CH01
T009593,C05380,2025-01-20 07:52:00,CMP002,CH01
T009594,C05380,2025-01-23 21:25:00,CMP002,CH01
T009595,C05380,2025-01-28 23:16:00,CMP001,CH01
T009596,C05381,2025-08-02 00:00:00,CMP005,CH03
T009597,C05381,2025-08-03 09:27:00,CMP004,CH02
T009598,C05382,2025-08-24 00:00:00,CMP003,CH02
T009599,C05384,2025-09-17 00:00:00,CMP001,CH01
T009600,C05384,2025-09-23 13:08:00,CMP005,CH03
T009601,C05384,2025-09-25 13:03:00,CMP004,CH02
T009602,C05385,2025-07-21 00:00:00,CMP003,CH02
T009603,C05385,2025-07-27 11:56:00,CMP002,CH01
T009604,C05385,2025-08-03 10:54:00,CMP005,CH03
T009605,C05385,2025-08-08 15:19:00,CMP002,CH01
T009606,C05386,2025-02-18 00:00:00,CMP005,CH03
T009607,C05387,2025-05-09 00:00:00,CMP004,CH02
T009608,C05387,2025-05-16 15:27:00,CMP001,CH01
T009609,C05387,2025-05-19 14:04:00,CMP003,CH02
T009610,C05387,2025-05-22 06:11:00,CMP001,CH01
T009611,C05388,2025-12-19 00:00:00,CMP003,CH02
T009612,C05388,2025-12-22 06:23:00,CMP003,CH02
T009613,C05389,2025-04-06 00:00:00,CMP003,CH02
T009614,C05389,2025-04-08 15:58:00,CMP004,CH02
T009615,C05389,2025-04-12 06:31:00,CMP005,CH03
T009616,C05391,2025-06-02 00:00:00,CMP002,CH01
T009617,C05391,2025-06-07 03:38:00,CMP003,CH02
T009618,C05391,2025-06-12 07:24:00,CMP001,CH01
T009619,C05392,2025-04-12 00:00:00,CMP004,CH02
T009620,C05392,2025-04-17 16:10:00,CMP003,CH02
T009621,C05393,2025-08-23 00:00:00,CMP002,CH01
T009622,C05393,2025-08-24 06:56:00,CMP003,CH02
T009623,C05394,2025-05-25 00:00:00,CMP001,CH01
T009624,C05395,2025-06-30 00:00:00,CMP001,CH01
T009625,C05395,2025-07-03 03:58:00,CMP001,CH01
T009626,C05395,2025-07-10 23:00:00,CMP004,CH02
T009627,C05396,2025-10-26 00:00:00,CMP003,CH02
T009628,C05396,2025-10-27 08:43:00,CMP001,CH01
T009629,C05396,2025-11-03 00:38:00,CMP001,CH01
T009630,C05397,2025-08-04 00:00:00,CMP002,CH01
T009631,C05397,2025-08-07 23:13:00,CMP003,CH02
T009632,C05398,2025-06-10 00:00:00,CMP004,CH02
T009633,C05398,2025-06-13 10:31:00,CMP003,CH02
T009634,C05398,2025-06-16 02:26:00,CMP002,CH01
T009635,C05399,2025-07-23 00:00:00,CMP004,CH02
T009636,C05400,2025-08-19 00:00:00,CMP001,CH01
T009637,C05401,2025-03-03 00:00:00,CMP001,CH01
T009638,C05401,2025-03-05 12:58:00,CMP003,CH02
T009639,C05401,2025-03-06 22:39:00,CMP004,CH02
T009640,C05401,2025-03-09 12:17:00,CMP001,CH01
T009641,C05402,2025-03-15 00:00:00,CMP005,CH03
T009642,C05403,2025-06-09 00:00:00,CMP004,CH02
T009643,C05403,2025-06-10 04:38:00,CMP002,CH01
T009644,C05404,2025-05-01 00:00:00,CMP003,CH02
T009645,C05404,2025-05-08 22:38:00,CMP002,CH01
T009646,C05405,2025-04-16 00:00:00,CMP005,CH03
T009647,C05406,2025-09-13 00:00:00,CMP003,CH02
T009648,C05406,2025-09-15 13:53:00,CMP001,CH01
T009649,C05407,2025-07-23 00:00:00,CMP001,CH01
T009650,C05409,2025-11-04 00:00:00,CMP003,CH02
T009651,C05409,2025-11-05 17:58:00,CMP001,CH01
T009652,C05410,2025-05-26 00:00:00,CMP005,CH03
T009653,C05410,2025-05-29 01:51:00,CMP004,CH02
T009654,C05411,2025-10-27 00:00:00,CMP002,CH01
T009655,C05412,2025-06-19 00:00:00,CMP002,CH01
T009656,C05413,2025-07-17 00:00:00,CMP001,CH01
T009657,C05413,2025-07-23 11:02:00,CMP001,CH01
T009658,C05413,2025-07-31 06:08:00,CMP002,CH01
T009659,C05413,2025-08-02 01:48:00,CMP002,CH01
T009660,C05415,2025-08-25 00:00:00,CMP002,CH01
T009661,C05415,2025-08-31 08:00:00,CMP003,CH02
T009662,C05415,2025-09-06 00:19:00,CMP002,CH01
T009663,C05416,2025-12-15 00:00:00,CMP004,CH02
T009664,C05416,2025-12-18 23:54:00,CMP002,CH01
T009665,C05417,2025-05-05 00:00:00,CMP003,CH02
T009666,C05418,2025-05-01 00:00:00,CMP002,CH01
T009667,C05418,2025-05-08 14:00:00,CMP001,CH01
T009668,C05419,2025-10-10 00:00:00,CMP003,CH02
T009669,C05420,2025-12-30 00:00:00,CMP005,CH03
T009670,C05420,2026-01-03 23:22:00,CMP002,CH01
T009671,C05421,2025-10-07 00:00:00,CMP002,CH01
T009672,C05421,2025-10-09 20:49:00,CMP003,CH02
T009673,C05421,2025-10-11 18:17:00,CMP002,CH01
T009674,C05421,2025-10-15 10:10:00,CMP003,CH02
T009675,C05421,2025-10-23 06:16:00,CMP002,CH01
T009676,C05422,2025-04-11 00:00:00,CMP004,CH02
T009677,C05424,2025-03-24 00:00:00,CMP001,CH01
T009678,C05424,2025-03-28 09:25:00,CMP001,CH01
T009679,C05424,2025-04-02 05:52:00,CMP002,CH01
T009680,C05425,2025-02-13 00:00:00,CMP003,CH02
T009681,C05425,2025-02-16 22:05:00,CMP004,CH02
T009682,C05426,2025-12-08 00:00:00,CMP003,CH02
T009683,C05426,2025-12-10 19:25:00,CMP001,CH01
T009684,C05427,2025-08-12 00:00:00,CMP002,CH01
T009685,C05428,2025-10-14 00:00:00,CMP001,CH01
T009686,C05429,2025-03-24 00:00:00,CMP001,CH01
T009687,C05429,2025-03-28 10:41:00,CMP004,CH02
T009688,C05430,2025-03-31 00:00:00,CMP003,CH02
T009689,C05430,2025-04-06 20:11:00,CMP002,CH01
T009690,C05431,2025-08-01 00:00:00,CMP003,CH02
T009691,C05431,2025-08-03 07:01:00,CMP002,CH01
T009692,C05432,2025-08-06 00:00:00,CMP001,CH01
T009693,C05433,2025-02-24 00:00:00,CMP004,CH02
T009694,C05433,2025-02-26 00:30:00,CMP001,CH01
T009695,C05434,2025-02-09 00:00:00,CMP003,CH02
T009696,C05435,2025-04-12 00:00:00,CMP004,CH02
T009697,C05435,2025-04-19 21:50:00,CMP004,CH02
T009698,C05437,2025-02-09 00:00:00,CMP001,CH01
T009699,C05438,2025-01-25 00:00:00,CMP004,CH02
T009700,C05438,2025-01-31 01:02:00,CMP003,CH02
T009701,C05439,2025-08-25 00:00:00,CMP001,CH01
T009702,C05439,2025-08-30 00:32:00,CMP004,CH02
T009703,C05439,2025-09-05 03:37:00,CMP005,CH03
T009704,C05440,2025-06-05 00:00:00,CMP001,CH01
T009705,C05440,2025-06-12 05:46:00,CMP004,CH02
T009706,C05440,2025-06-13 07:53:00,CMP005,CH03
T009707,C05441,2025-06-19 00:00:00,CMP001,CH01
T009708,C05441,2025-06-24 05:25:00,CMP002,CH01
T009709,C05441,2025-06-25 12:01:00,CMP001,CH01
T009710,C05442,2025-11-12 00:00:00,CMP003,CH02
T009711,C05443,2025-02-25 00:00:00,CMP003,CH02
T009712,C05443,2025-02-26 08:23:00,CMP001,CH01
T009713,C05443,2025-02-27 16:47:00,CMP004,CH02
T009714,C05444,2025-07-29 00:00:00,CMP001,CH01
T009715,C05444,2025-08-03 11:35:00,CMP001,CH01
T009716,C05445,2025-11-02 00:00:00,CMP001,CH01
T009717,C05446,2025-08-02 00:00:00,CMP004,CH02
T009718,C05446,2025-08-05 15:39:00,CMP005,CH03
T009719,C05446,2025-08-11 17:01:00,CMP001,CH01
T009720,C05446,2025-08-14 14:13:00,CMP005,CH03
T009721,C05447,2025-01-07 00:00:00,CMP004,CH02
T009722,C05447,2025-01-14 18:54:00,CMP001,CH01
T009723,C05447,2025-01-19 12:06:00,CMP002,CH01
T009724,C05448,2025-05-19 00:00:00,CMP004,CH02
T009725,C05448,2025-05-25 20:42:00,CMP002,CH01
T009726,C05449,2025-10-07 00:00:00,CMP002,CH01
T009727,C05450,2025-01-12 00:00:00,CMP002,CH01
T009728,C05450,2025-01-16 11:30:00,CMP002,CH01
T009729,C05450,2025-01-20 16:28:00,CMP002,CH01
T009730,C05451,2025-01-18 00:00:00,CMP002,CH01
T009731,C05452,2025-04-16 00:00:00,CMP005,CH03
T009732,C05453,2025-09-28 00:00:00,CMP001,CH01
T009733,C05453,2025-10-03 02:20:00,CMP003,CH02
T009734,C05453,2025-10-07 19:21:00,CMP001,CH01
T009735,C05455,2025-03-01 00:00:00,CMP005,CH03
T009736,C05455,2025-03-05 19:00:00,CMP001,CH01
T009737,C05456,2025-08-27 00:00:00,CMP002,CH01
T009738,C05456,2025-08-28 23:28:00,CMP002,CH01
T009739,C05457,2025-06-06 00:00:00,CMP001,CH01
T009740,C05457,2025-06-11 08:17:00,CMP002,CH01
T009741,C05458,2025-08-01 00:00:00,CMP004,CH02
T009742,C05459,2025-12-23 00:00:00,CMP003,CH02
T009743,C05459,2025-12-29 07:34:00,CMP004,CH02
T009744,C05459,2025-12-31 13:51:00,CMP005,CH03
T009745,C05462,2025-02-10 00:00:00,CMP002,CH01
T009746,C05464,2025-11-13 00:00:00,CMP001,CH01
T009747,C05464,2025-11-17 15:43:00,CMP002,CH01
T009748,C05465,2025-11-28 00:00:00,CMP002,CH01
T009749,C05465,2025-12-05 12:01:00,CMP001,CH01
T009750,C05466,2025-12-11 00:00:00,CMP003,CH02
T009751,C05466,2025-12-16 14:04:00,CMP004,CH02
T009752,C05467,2025-08-25 00:00:00,CMP003,CH02
T009753,C05467,2025-08-30 20:54:00,CMP003,CH02
T009754,C05467,2025-09-05 03:57:00,CMP003,CH02
T009755,C05468,2025-06-13 00:00:00,CMP003,CH02
T009756,C05469,2025-08-01 00:00:00,CMP005,CH03
T009757,C05469,2025-08-07 10:01:00,CMP003,CH02
T009758,C05470,2025-12-08 00:00:00,CMP002,CH01
T009759,C05470,2025-12-11 00:26:00,CMP003,CH02
T009760,C05471,2025-07-09 00:00:00,CMP004,CH02
T009761,C05472,2025-11-02 00:00:00,CMP002,CH01
T009762,C05472,2025-11-06 20:35:00,CMP002,CH01
T009763,C05472,2025-11-11 17:35:00,CMP002,CH01
T009764,C05473,2025-05-18 00:00:00,CMP004,CH02
T009765,C05474,2025-09-11 00:00:00,CMP002,CH01
T009766,C05474,2025-09-13 06:31:00,CMP003,CH02
T009767,C05474,2025-09-17 13:33:00,CMP003,CH02
T009768,C05475,2025-04-10 00:00:00,CMP004,CH02
T009769,C05476,2025-03-05 00:00:00,CMP004,CH02
T009770,C05477,2025-05-13 00:00:00,CMP003,CH02
T009771,C05477,2025-05-19 10:02:00,CMP001,CH01
T009772,C05479,2025-05-31 00:00:00,CMP004,CH02
T009773,C05479,2025-06-07 15:07:00,CMP004,CH02
T009774,C05480,2025-08-31 00:00:00,CMP001,CH01
T009775,C05481,2025-09-05 00:00:00,CMP002,CH01
T009776,C05482,2025-08-12 00:00:00,CMP003,CH02
T009777,C05482,2025-08-19 01:05:00,CMP001,CH01
T009778,C05483,2025-06-13 00:00:00,CMP004,CH02
T009779,C05483,2025-06-17 05:03:00,CMP002,CH01
T009780,C05483,2025-06-23 18:46:00,CMP002,CH01
T009781,C05484,2025-12-14 00:00:00,CMP002,CH01
T009782,C05484,2025-12-20 16:27:00,CMP004,CH02
T009783,C05485,2025-01-14 00:00:00,CMP002,CH01
T009784,C05486,2025-09-21 00:00:00,CMP002,CH01
T009785,C05486,2025-09-27 20:45:00,CMP003,CH02
T009786,C05487,2025-12-04 00:00:00,CMP001,CH01
T009787,C05487,2025-12-10 11:06:00,CMP001,CH01
T009788,C05487,2025-12-17 04:11:00,CMP004,CH02
T009789,C05487,2025-12-22 10:16:00,CMP005,CH03
T009790,C05488,2025-01-31 00:00:00,CMP003,CH02
T009791,C05488,2025-02-02 22:49:00,CMP002,CH01
T009792,C05488,2025-02-09 02:19:00,CMP005,CH03
T009793,C05488,2025-02-12 18:51:00,CMP001,CH01
T009794,C05491,2025-05-03 00:00:00,CMP004,CH02
T009795,C05491,2025-05-10 12:01:00,CMP002,CH01
T009796,C05491,2025-05-17 10:29:00,CMP001,CH01
T009797,C05492,2025-08-19 00:00:00,CMP002,CH01
T009798,C05493,2025-12-10 00:00:00,CMP002,CH01
T009799,C05493,2025-12-15 05:53:00,CMP004,CH02
T009800,C05495,2025-04-11 00:00:00,CMP002,CH01
T009801,C05495,2025-04-17 08:19:00,CMP001,CH01
T009802,C05495,2025-04-18 14:15:00,CMP003,CH02
T009803,C05496,2025-11-01 00:00:00,CMP005,CH03
T009804,C05498,2025-09-08 00:00:00,CMP002,CH01
T009805,C05498,2025-09-12 12:46:00,CMP003,CH02
T009806,C05501,2025-04-10 00:00:00,CMP004,CH02
T009807,C05502,2025-09-24 00:00:00,CMP001,CH01
T009808,C05502,2025-09-25 00:29:00,CMP005,CH03
T009809,C05503,2025-06-18 00:00:00,CMP004,CH02
T009810,C05503,2025-06-20 14:00:00,CMP001,CH01
T009811,C05504,2025-04-02 00:00:00,CMP003,CH02
T009812,C05504,2025-04-06 20:08:00,CMP001,CH01
T009813,C05506,2025-11-09 00:00:00,CMP004,CH02
T009814,C05509,2025-08-31 00:00:00,CMP003,CH02
T009815,C05509,2025-09-04 01:06:00,CMP001,CH01
T009816,C05510,2025-08-08 00:00:00,CMP001,CH01
T009817,C05510,2025-08-11 06:05:00,CMP005,CH03
T009818,C05511,2025-03-13 00:00:00,CMP004,CH02
T009819,C05511,2025-03-16 04:11:00,CMP004,CH02
T009820,C05512,2025-05-14 00:00:00,CMP002,CH01
T009821,C05512,2025-05-21 13:22:00,CMP004,CH02
T009822,C05513,2025-04-05 00:00:00,CMP003,CH02
T009823,C05514,2025-04-21 00:00:00,CMP004,CH02
T009824,C05514,2025-04-24 18:28:00,CMP001,CH01
T009825,C05516,2025-02-07 00:00:00,CMP001,CH01
T009826,C05516,2025-02-08 22:10:00,CMP002,CH01
T009827,C05516,2025-02-14 22:04:00,CMP002,CH01
T009828,C05517,2025-08-31 00:00:00,CMP004,CH02
T009829,C05519,2025-05-07 00:00:00,CMP005,CH03
T009830,C05520,2025-10-26 00:00:00,CMP005,CH03
T009831,C05521,2025-12-26 00:00:00,CMP004,CH02
T009832,C05521,2025-12-28 16:10:00,CMP003,CH02
T009833,C05523,2025-01-09 00:00:00,CMP002,CH01
T009834,C05523,2025-01-10 20:04:00,CMP001,CH01
T009835,C05524,2025-04-27 00:00:00,CMP001,CH01
T009836,C05524,2025-05-01 16:48:00,CMP004,CH02
T009837,C05524,2025-05-05 12:06:00,CMP003,CH02
T009838,C05525,2025-09-04 00:00:00,CMP002,CH01
T009839,C05525,2025-09-08 06:10:00,CMP005,CH03
T009840,C05527,2025-10-21 00:00:00,CMP005,CH03
T009841,C05527,2025-10-28 11:17:00,CMP003,CH02
T009842,C05527,2025-11-02 04:33:00,CMP002,CH01
T009843,C05527,2025-11-07 01:58:00,CMP001,CH01
T009844,C05528,2025-02-17 00:00:00,CMP002,CH01
T009845,C05528,2025-02-18 15:05:00,CMP002,CH01
T009846,C05528,2025-02-24 09:58:00,CMP004,CH02
T009847,C05528,2025-02-27 19:09:00,CMP003,CH02
T009848,C05529,2025-03-30 00:00:00,CMP002,CH01
T009849,C05529,2025-03-31 00:19:00,CMP001,CH01
T009850,C05530,2025-12-30 00:00:00,CMP002,CH01
T009851,C05530,2026-01-03 03:10:00,CMP001,CH01
T009852,C05530,2026-01-07 10:15:00,CMP002,CH01
T009853,C05530,2026-01-09 03:17:00,CMP002,CH01
T009854,C05530,2026-01-14 08:34:00,CMP001,CH01
T009855,C05531,2025-08-13 00:00:00,CMP002,CH01
T009856,C05531,2025-08-17 10:12:00,CMP001,CH01
T009857,C05532,2025-10-23 00:00:00,CMP001,CH01
T009858,C05532,2025-10-27 22:21:00,CMP003,CH02
T009859,C05533,2025-03-01 00:00:00,CMP003,CH02
T009860,C05533,2025-03-07 22:19:00,CMP003,CH02
T009861,C05533,2025-03-11 12:11:00,CMP002,CH01
T009862,C05534,2025-09-25 00:00:00,CMP001,CH01
T009863,C05534,2025-09-27 23:17:00,CMP002,CH01
T009864,C05534,2025-09-29 21:18:00,CMP002,CH01
T009865,C05535,2025-05-16 00:00:00,CMP002,CH01
T009866,C05536,2025-07-22 00:00:00,CMP001,CH01
T009867,C05536,2025-07-29 00:59:00,CMP003,CH02
T009868,C05536,2025-07-31 03:34:00,CMP002,CH01
T009869,C05540,2025-07-24 00:00:00,CMP001,CH01
T009870,C05540,2025-07-25 10:18:00,CMP002,CH01
T009871,C05541,2025-11-11 00:00:00,CMP001,CH01
T009872,C05541,2025-11-12 15:22:00,CMP005,CH03
T009873,C05541,2025-11-20 00:25:00,CMP003,CH02
T009874,C05541,2025-11-21 02:54:00,CMP002,CH01
T009875,C05541,2025-11-22 12:31:00,CMP003,CH02
T009876,C05542,2025-02-17 00:00:00,CMP001,CH01
T009877,C05543,2025-07-04 00:00:00,CMP001,CH01
T009878,C05545,2025-12-05 00:00:00,CMP003,CH02
T009879,C05545,2025-12-12 18:10:00,CMP003,CH02
T009880,C05545,2025-12-15 01:42:00,CMP003,CH02
T009881,C05546,2025-09-09 00:00:00,CMP002,CH01
T009882,C05546,2025-09-15 01:03:00,CMP004,CH02
T009883,C05547,2025-03-26 00:00:00,CMP003,CH02
T009884,C05548,2025-04-25 00:00:00,CMP003,CH02
T009885,C05548,2025-04-29 01:46:00,CMP003,CH02
T009886,C05549,2025-03-12 00:00:00,CMP003,CH02
T009887,C05549,2025-03-15 04:18:00,CMP004,CH02
T009888,C05549,2025-03-17 08:28:00,CMP005,CH03
T009889,C05551,2025-05-07 00:00:00,CMP003,CH02
T009890,C05551,2025-05-09 09:47:00,CMP001,CH01
T009891,C05552,2025-12-18 00:00:00,CMP003,CH02
T009892,C05552,2025-12-20 04:09:00,CMP003,CH02
T009893,C05552,2025-12-23 16:15:00,CMP002,CH01
T009894,C05553,2025-05-20 00:00:00,CMP003,CH02
T009895,C05554,2025-09-17 00:00:00,CMP004,CH02
T009896,C05555,2025-02-12 00:00:00,CMP004,CH02
T009897,C05555,2025-02-17 22:59:00,CMP001,CH01
T009898,C05555,2025-02-24 20:08:00,CMP002,CH01
T009899,C05556,2025-04-26 00:00:00,CMP002,CH01
T009900,C05556,2025-05-01 15:23:00,CMP001,CH01
T009901,C05557,2025-01-16 00:00:00,CMP004,CH02
T009902,C05558,2025-11-13 00:00:00,CMP003,CH02
T009903,C05558,2025-11-20 00:52:00,CMP004,CH02
T009904,C05558,2025-11-22 20:06:00,CMP002,CH01
T009905,C05559,2025-05-22 00:00:00,CMP005,CH03
T009906,C05559,2025-05-25 08:49:00,CMP004,CH02
T009907,C05559,2025-05-28 18:06:00,CMP004,CH02
T009908,C05560,2025-04-24 00:00:00,CMP002,CH01
T009909,C05560,2025-04-28 17:12:00,CMP001,CH01
T009910,C05560,2025-05-01 00:03:00,CMP002,CH01
T009911,C05561,2025-07-10 00:00:00,CMP005,CH03
T009912,C05561,2025-07-14 20:40:00,CMP004,CH02
T009913,C05562,2025-02-17 00:00:00,CMP001,CH01
T009914,C05562,2025-02-22 06:57:00,CMP001,CH01
T009915,C05563,2025-03-16 00:00:00,CMP004,CH02
T009916,C05565,2025-12-22 00:00:00,CMP004,CH02
T009917,C05565,2025-12-26 14:58:00,CMP002,CH01
T009918,C05565,2025-12-30 16:20:00,CMP002,CH01
T009919,C05565,2026-01-07 07:25:00,CMP002,CH01
T009920,C05567,2025-04-28 00:00:00,CMP004,CH02
T009921,C05567,2025-04-30 07:23:00,CMP002,CH01
T009922,C05568,2025-06-22 00:00:00,CMP001,CH01
T009923,C05568,2025-06-24 10:48:00,CMP003,CH02
T009924,C05568,2025-06-25 12:33:00,CMP004,CH02
T009925,C05570,2025-04-30 00:00:00,CMP002,CH01
T009926,C05571,2025-12-05 00:00:00,CMP003,CH02
T009927,C05572,2025-08-22 00:00:00,CMP001,CH01
T009928,C05573,2025-11-19 00:00:00,CMP002,CH01
T009929,C05573,2025-11-20 12:34:00,CMP002,CH01
T009930,C05573,2025-11-28 06:18:00,CMP004,CH02
T009931,C05574,2025-09-04 00:00:00,CMP001,CH01
T009932,C05575,2025-10-04 00:00:00,CMP002,CH01
T009933,C05575,2025-10-06 19:47:00,CMP003,CH02
T009934,C05577,2025-10-15 00:00:00,CMP005,CH03
T009935,C05577,2025-10-20 05:39:00,CMP003,CH02
T009936,C05577,2025-10-24 00:29:00,CMP005,CH03
T009937,C05577,2025-10-25 00:37:00,CMP003,CH02
T009938,C05578,2025-09-27 00:00:00,CMP004,CH02
T009939,C05578,2025-09-30 00:52:00,CMP003,CH02
T009940,C05579,2025-11-13 00:00:00,CMP004,CH02
T009941,C05580,2025-07-22 00:00:00,CMP001,CH01
T009942,C05580,2025-07-28 21:08:00,CMP001,CH01
T009943,C05581,2025-01-07 00:00:00,CMP004,CH02
T009944,C05581,2025-01-14 10:49:00,CMP001,CH01
T009945,C05581,2025-01-16 18:27:00,CMP003,CH02
T009946,C05581,2025-01-21 13:31:00,CMP004,CH02
T009947,C05582,2025-12-16 00:00:00,CMP004,CH02
T009948,C05582,2025-12-17 10:05:00,CMP005,CH03
T009949,C05583,2025-12-09 00:00:00,CMP004,CH02
T009950,C05583,2025-12-13 10:38:00,CMP004,CH02
T009951,C05583,2025-12-16 06:04:00,CMP004,CH02
T009952,C05584,2025-10-27 00:00:00,CMP001,CH01
T009953,C05585,2025-01-02 00:00:00,CMP001,CH01
T009954,C05585,2025-01-04 13:02:00,CMP004,CH02
T009955,C05586,2025-09-30 00:00:00,CMP002,CH01
T009956,C05586,2025-10-06 06:58:00,CMP003,CH02
T009957,C05586,2025-10-09 05:15:00,CMP003,CH02
T009958,C05589,2025-01-11 00:00:00,CMP005,CH03
T009959,C05589,2025-01-13 17:33:00,CMP003,CH02
T009960,C05589,2025-01-20 12:47:00,CMP001,CH01
T009961,C05590,2025-05-20 00:00:00,CMP001,CH01
T009962,C05591,2025-03-05 00:00:00,CMP002,CH01
T009963,C05591,2025-03-12 02:01:00,CMP003,CH02
T009964,C05592,2025-10-14 00:00:00,CMP003,CH02
T009965,C05592,2025-10-16 22:34:00,CMP001,CH01
T009966,C05592,2025-10-19 22:26:00,CMP003,CH02
T009967,C05593,2025-01-03 00:00:00,CMP005,CH03
T009968,C05593,2025-01-04 23:38:00,CMP002,CH01
T009969,C05593,2025-01-10 09:14:00,CMP002,CH01
T009970,C05594,2025-12-25 00:00:00,CMP001,CH01
T009971,C05594,2025-12-29 21:54:00,CMP005,CH03
T009972,C05594,2026-01-06 19:19:00,CMP004,CH02
T009973,C05595,2025-01-17 00:00:00,CMP001,CH01
T009974,C05596,2025-12-29 00:00:00,CMP003,CH02
T009975,C05598,2025-06-17 00:00:00,CMP004,CH02
T009976,C05599,2025-09-04 00:00:00,CMP004,CH02
T009977,C05602,2025-09-04 00:00:00,CMP005,CH03
T009978,C05603,2025-03-07 00:00:00,CMP005,CH03
T009979,C05603,2025-03-11 11:02:00,CMP003,CH02
T009980,C05604,2025-05-13 00:00:00,CMP003,CH02
T009981,C05604,2025-05-14 15:59:00,CMP005,CH03
T009982,C05604,2025-05-22 13:17:00,CMP004,CH02
T009983,C05605,2025-02-07 00:00:00,CMP002,CH01
T009984,C05606,2025-12-31 00:00:00,CMP002,CH01
T009985,C05606,2026-01-06 00:59:00,CMP002,CH01
T009986,C05606,2026-01-10 06:08:00,CMP004,CH02
T009987,C05608,2025-05-14 00:00:00,CMP003,CH02
T009988,C05609,2025-01-17 00:00:00,CMP001,CH01
T009989,C05611,2025-02-22 00:00:00,CMP001,CH01
T009990,C05611,2025-02-27 10:52:00,CMP002,CH01
T009991,C05611,2025-03-04 15:03:00,CMP005,CH03
T009992,C05613,2025-06-22 00:00:00,CMP003,CH02
T009993,C05613,2025-06-24 06:17:00,CMP005,CH03
T009994,C05613,2025-06-27 03:25:00,CMP001,CH01
T009995,C05613,2025-06-30 07:34:00,CMP002,CH01
T009996,C05614,2025-05-21 00:00:00,CMP005,CH03
T009997,C05614,2025-05-23 06:57:00,CMP001,CH01
T009998,C05615,2025-08-13 00:00:00,CMP002,CH01
T009999,C05615,2025-08-14 23:48:00,CMP002,CH01
T010000,C05616,2025-03-05 00:00:00,CMP002,CH01
T010001,C05616,2025-03-07 09:11:00,CMP001,CH01
T010002,C05617,2025-10-02 00:00:00,CMP004,CH02
T010003,C05617,2025-10-07 06:44:00,CMP005,CH03
T010004,C05617,2025-10-08 14:29:00,CMP001,CH01
T010005,C05617,2025-10-14 03:45:00,CMP002,CH01
T010006,C05618,2025-07-20 00:00:00,CMP003,CH02
T010007,C05618,2025-07-26 17:30:00,CMP002,CH01
T010008,C05618,2025-08-01 04:37:00,CMP003,CH02
T010009,C05618,2025-08-02 19:29:00,CMP004,CH02
T010010,C05620,2025-03-17 00:00:00,CMP002,CH01
T010011,C05620,2025-03-24 21:24:00,CMP005,CH03
T010012,C05621,2025-08-22 00:00:00,CMP002,CH01
T010013,C05621,2025-08-25 13:36:00,CMP001,CH01
T010014,C05621,2025-08-30 01:14:00,CMP003,CH02
T010015,C05622,2025-03-23 00:00:00,CMP002,CH01
T010016,C05622,2025-03-27 22:19:00,CMP002,CH01
T010017,C05623,2025-06-20 00:00:00,CMP004,CH02
T010018,C05623,2025-06-27 10:29:00,CMP002,CH01
T010019,C05625,2025-10-13 00:00:00,CMP005,CH03
T010020,C05625,2025-10-14 01:06:00,CMP001,CH01
T010021,C05625,2025-10-20 13:38:00,CMP001,CH01
T010022,C05626,2025-09-25 00:00:00,CMP001,CH01
T010023,C05626,2025-09-29 04:43:00,CMP002,CH01
T010024,C05626,2025-10-06 06:01:00,CMP002,CH01
T010025,C05627,2025-02-04 00:00:00,CMP003,CH02
T010026,C05628,2025-09-01 00:00:00,CMP001,CH01
T010027,C05628,2025-09-08 15:29:00,CMP003,CH02
T010028,C05628,2025-09-10 17:20:00,CMP004,CH02
T010029,C05628,2025-09-13 17:07:00,CMP001,CH01
T010030,C05629,2025-09-06 00:00:00,CMP002,CH01
T010031,C05629,2025-09-13 00:46:00,CMP001,CH01
T010032,C05630,2025-07-04 00:00:00,CMP004,CH02
T010033,C05631,2025-02-01 00:00:00,CMP004,CH02
T010034,C05631,2025-02-06 10:23:00,CMP002,CH01
T010035,C05634,2025-03-04 00:00:00,CMP003,CH02
T010036,C05637,2025-10-01 00:00:00,CMP002,CH01
T010037,C05638,2025-07-19 00:00:00,CMP002,CH01
T010038,C05640,2025-08-10 00:00:00,CMP001,CH01
T010039,C05640,2025-08-15 21:02:00,CMP003,CH02
T010040,C05640,2025-08-23 19:28:00,CMP002,CH01
T010041,C05641,2025-07-25 00:00:00,CMP002,CH01
T010042,C05643,2025-04-11 00:00:00,CMP002,CH01
T010043,C05643,2025-04-14 05:50:00,CMP003,CH02
T010044,C05643,2025-04-21 14:57:00,CMP002,CH01
T010045,C05644,2025-09-28 00:00:00,CMP002,CH01
T010046,C05644,2025-09-29 00:00:00,CMP003,CH02
T010047,C05646,2025-07-28 00:00:00,CMP003,CH02
T010048,C05646,2025-07-30 10:40:00,CMP002,CH01
T010049,C05648,2025-12-02 00:00:00,CMP001,CH01
T010050,C05648,2025-12-04 10:53:00,CMP002,CH01
T010051,C05648,2025-12-10 17:34:00,CMP001,CH01
T010052,C05650,2025-09-10 00:00:00,CMP005,CH03
T010053,C05651,2025-11-19 00:00:00,CMP002,CH01
T010054,C05651,2025-11-23 07:30:00,CMP001,CH01
T010055,C05651,2025-11-27 21:22:00,CMP003,CH02
T010056,C05653,2025-11-26 00:00:00,CMP002,CH01
T010057,C05653,2025-11-27 14:45:00,CMP003,CH02
T010058,C05653,2025-12-01 03:26:00,CMP002,CH01
T010059,C05653,2025-12-02 13:47:00,CMP003,CH02
T010060,C05654,2025-05-23 00:00:00,CMP003,CH02
T010061,C05654,2025-05-25 08:17:00,CMP003,CH02
T010062,C05655,2025-02-13 00:00:00,CMP002,CH01
T010063,C05655,2025-02-14 05:50:00,CMP003,CH02
T010064,C05656,2025-08-02 00:00:00,CMP003,CH02
T010065,C05656,2025-08-04 10:21:00,CMP005,CH03
T010066,C05656,2025-08-08 20:17:00,CMP004,CH02
T010067,C05656,2025-08-14 05:03:00,CMP002,CH01
T010068,C05659,2025-11-10 00:00:00,CMP001,CH01
T010069,C05659,2025-11-14 00:14:00,CMP002,CH01
T010070,C05659,2025-11-17 00:51:00,CMP003,CH02
T010071,C05660,2025-08-02 00:00:00,CMP003,CH02
T010072,C05660,2025-08-03 07:59:00,CMP004,CH02
T010073,C05660,2025-08-05 15:23:00,CMP001,CH01
T010074,C05660,2025-08-08 20:57:00,CMP001,CH01
T010075,C05660,2025-08-15 04:09:00,CMP001,CH01
T010076,C05662,2025-07-11 00:00:00,CMP004,CH02
T010077,C05662,2025-07-12 12:19:00,CMP003,CH02
T010078,C05663,2025-06-18 00:00:00,CMP004,CH02
T010079,C05664,2025-06-17 00:00:00,CMP005,CH03
T010080,C05664,2025-06-22 03:23:00,CMP002,CH01
T010081,C05664,2025-06-26 00:11:00,CMP001,CH01
T010082,C05668,2025-10-20 00:00:00,CMP001,CH01
T010083,C05668,2025-10-26 22:56:00,CMP003,CH02
T010084,C05669,2025-10-05 00:00:00,CMP005,CH03
T010085,C05670,2025-02-01 00:00:00,CMP002,CH01
T010086,C05670,2025-02-03 22:39:00,CMP003,CH02
T010087,C05672,2025-10-27 00:00:00,CMP004,CH02
T010088,C05672,2025-10-31 02:19:00,CMP002,CH01
T010089,C05672,2025-11-04 17:41:00,CMP003,CH02
T010090,C05673,2025-01-10 00:00:00,CMP004,CH02
T010091,C05673,2025-01-16 00:11:00,CMP004,CH02
T010092,C05673,2025-01-22 18:58:00,CMP002,CH01
T010093,C05673,2025-01-27 17:24:00,CMP002,CH01
T010094,C05673,2025-02-03 07:24:00,CMP003,CH02
T010095,C05674,2025-02-12 00:00:00,CMP002,CH01
T010096,C05674,2025-02-16 02:09:00,CMP002,CH01
T010097,C05674,2025-02-20 06:30:00,CMP002,CH01
T010098,C05675,2025-07-10 00:00:00,CMP001,CH01
T010099,C05676,2025-01-16 00:00:00,CMP001,CH01
T010100,C05676,2025-01-17 08:11:00,CMP005,CH03
T010101,C05676,2025-01-25 01:09:00,CMP005,CH03
T010102,C05677,2025-09-07 00:00:00,CMP003,CH02
T010103,C05678,2025-02-07 00:00:00,CMP003,CH02
T010104,C05678,2025-02-14 17:01:00,CMP003,CH02
T010105,C05678,2025-02-18 16:25:00,CMP001,CH01
T010106,C05678,2025-02-22 14:00:00,CMP005,CH03
T010107,C05679,2025-03-10 00:00:00,CMP005,CH03
T010108,C05679,2025-03-14 04:39:00,CMP001,CH01
T010109,C05680,2025-02-25 00:00:00,CMP005,CH03
T010110,C05681,2025-09-15 00:00:00,CMP002,CH01
T010111,C05681,2025-09-20 06:25:00,CMP003,CH02
T010112,C05682,2025-12-23 00:00:00,CMP001,CH01
T010113,C05682,2025-12-30 07:44:00,CMP002,CH01
T010114,C05683,2025-02-05 00:00:00,CMP004,CH02
T010115,C05683,2025-02-07 19:21:00,CMP005,CH03
T010116,C05684,2025-10-06 00:00:00,CMP005,CH03
T010117,C05684,2025-10-08 04:10:00,CMP005,CH03
T010118,C05684,2025-10-10 07:14:00,CMP002,CH01
T010119,C05686,2025-06-09 00:00:00,CMP002,CH01
T010120,C05687,2025-01-05 00:00:00,CMP002,CH01
T010121,C05687,2025-01-10 23:40:00,CMP003,CH02
T010122,C05688,2025-12-03 00:00:00,CMP005,CH03
T010123,C05688,2025-12-04 22:59:00,CMP001,CH01
T010124,C05690,2025-04-28 00:00:00,CMP003,CH02
T010125,C05690,2025-05-05 09:15:00,CMP004,CH02
T010126,C05692,2025-11-26 00:00:00,CMP001,CH01
T010127,C05693,2025-04-18 00:00:00,CMP003,CH02
T010128,C05693,2025-04-24 16:58:00,CMP003,CH02
T010129,C05693,2025-04-26 18:58:00,CMP002,CH01
T010130,C05694,2025-09-28 00:00:00,CMP002,CH01
T010131,C05694,2025-10-05 08:11:00,CMP002,CH01
T010132,C05694,2025-10-06 08:48:00,CMP001,CH01
T010133,C05694,2025-10-13 12:22:00,CMP003,CH02
T010134,C05696,2025-11-23 00:00:00,CMP004,CH02
T010135,C05696,2025-11-29 20:34:00,CMP001,CH01
T010136,C05696,2025-12-07 14:43:00,CMP004,CH02
T010137,C05697,2025-09-19 00:00:00,CMP005,CH03
T010138,C05697,2025-09-20 13:34:00,CMP004,CH02
T010139,C05699,2025-02-23 00:00:00,CMP004,CH02
T010140,C05699,2025-02-27 11:40:00,CMP003,CH02
T010141,C05699,2025-03-05 13:09:00,CMP002,CH01
T010142,C05700,2025-11-14 00:00:00,CMP005,CH03
T010143,C05700,2025-11-18 13:58:00,CMP004,CH02
T010144,C05700,2025-11-24 15:40:00,CMP002,CH01
T010145,C05700,2025-11-28 02:54:00,CMP002,CH01
T010146,C05701,2025-12-16 00:00:00,CMP004,CH02
T010147,C05703,2025-08-23 00:00:00,CMP002,CH01
T010148,C05703,2025-08-25 21:39:00,CMP004,CH02
T010149,C05704,2025-02-17 00:00:00,CMP003,CH02
T010150,C05705,2025-02-07 00:00:00,CMP003,CH02
T010151,C05706,2025-03-30 00:00:00,CMP003,CH02
T010152,C05706,2025-03-31 16:23:00,CMP003,CH02
T010153,C05706,2025-04-05 23:26:00,CMP005,CH03
T010154,C05707,2025-03-22 00:00:00,CMP005,CH03
T010155,C05707,2025-03-25 13:51:00,CMP004,CH02
T010156,C05708,2025-07-28 00:00:00,CMP004,CH02
T010157,C05708,2025-08-04 03:07:00,CMP003,CH02
T010158,C05709,2025-01-11 00:00:00,CMP004,CH02
T010159,C05711,2025-09-01 00:00:00,CMP001,CH01
T010160,C05711,2025-09-06 22:27:00,CMP002,CH01
T010161,C05711,2025-09-10 20:24:00,CMP004,CH02
T010162,C05712,2025-06-19 00:00:00,CMP002,CH01
T010163,C05712,2025-06-24 01:12:00,CMP002,CH01
T010164,C05712,2025-06-30 08:46:00,CMP002,CH01
T010165,C05712,2025-07-03 11:15:00,CMP002,CH01
T010166,C05712,2025-07-08 09:13:00,CMP004,CH02
T010167,C05713,2025-11-29 00:00:00,CMP002,CH01
T010168,C05713,2025-12-06 15:10:00,CMP002,CH01
T010169,C05714,2025-04-08 00:00:00,CMP002,CH01
T010170,C05717,2025-03-02 00:00:00,CMP003,CH02
T010171,C05718,2025-11-07 00:00:00,CMP003,CH02
T010172,C05719,2025-10-29 00:00:00,CMP003,CH02
T010173,C05719,2025-11-04 08:33:00,CMP005,CH03
T010174,C05719,2025-11-08 11:46:00,CMP003,CH02
T010175,C05720,2025-09-24 00:00:00,CMP001,CH01
T010176,C05720,2025-09-28 22:05:00,CMP001,CH01
T010177,C05720,2025-10-04 00:15:00,CMP001,CH01
T010178,C05720,2025-10-10 09:00:00,CMP002,CH01
T010179,C05721,2025-11-08 00:00:00,CMP002,CH01
T010180,C05721,2025-11-12 07:33:00,CMP003,CH02
T010181,C05722,2025-07-20 00:00:00,CMP003,CH02
T010182,C05722,2025-07-21 19:26:00,CMP002,CH01
T010183,C05723,2025-12-14 00:00:00,CMP001,CH01
T010184,C05723,2025-12-16 14:14:00,CMP002,CH01
T010185,C05723,2025-12-21 12:07:00,CMP002,CH01
T010186,C05723,2025-12-28 13:40:00,CMP001,CH01
T010187,C05724,2025-12-30 00:00:00,CMP001,CH01
T010188,C05724,2026-01-05 14:31:00,CMP004,CH02
T010189,C05724,2026-01-10 21:44:00,CMP004,CH02
T010190,C05725,2025-12-21 00:00:00,CMP004,CH02
T010191,C05726,2025-07-01 00:00:00,CMP005,CH03
T010192,C05726,2025-07-05 11:57:00,CMP001,CH01
T010193,C05726,2025-07-06 13:56:00,CMP001,CH01
T010194,C05726,2025-07-11 03:31:00,CMP003,CH02
T010195,C05727,2025-08-31 00:00:00,CMP002,CH01
T010196,C05727,2025-09-01 08:33:00,CMP003,CH02
T010197,C05727,2025-09-02 13:56:00,CMP002,CH01
T010198,C05728,2025-04-14 00:00:00,CMP004,CH02
T010199,C05728,2025-04-21 15:36:00,CMP002,CH01
T010200,C05729,2025-06-20 00:00:00,CMP003,CH02
T010201,C05730,2025-05-25 00:00:00,CMP005,CH03
T010202,C05730,2025-06-01 05:28:00,CMP004,CH02
T010203,C05730,2025-06-04 13:49:00,CMP004,CH02
T010204,C05730,2025-06-07 06:01:00,CMP004,CH02
T010205,C05731,2025-03-12 00:00:00,CMP001,CH01
T010206,C05732,2025-02-07 00:00:00,CMP001,CH01
T010207,C05732,2025-02-13 18:18:00,CMP001,CH01
T010208,C05732,2025-02-17 22:05:00,CMP005,CH03
T010209,C05732,2025-02-19 01:08:00,CMP001,CH01
T010210,C05735,2025-06-08 00:00:00,CMP003,CH02
T010211,C05735,2025-06-14 22:37:00,CMP001,CH01
T010212,C05736,2025-09-05 00:00:00,CMP004,CH02
T010213,C05737,2025-10-18 00:00:00,CMP001,CH01
T010214,C05737,2025-10-23 06:08:00,CMP002,CH01
T010215,C05737,2025-10-26 09:15:00,CMP001,CH01
T010216,C05738,2025-12-30 00:00:00,CMP002,CH01
T010217,C05738,2026-01-05 05:56:00,CMP002,CH01
T010218,C05739,2025-11-08 00:00:00,CMP001,CH01
T010219,C05739,2025-11-11 23:29:00,CMP003,CH02
T010220,C05740,2025-11-08 00:00:00,CMP005,CH03
T010221,C05740,2025-11-11 23:58:00,CMP002,CH01
T010222,C05741,2025-08-25 00:00:00,CMP001,CH01
T010223,C05742,2025-10-11 00:00:00,CMP001,CH01
T010224,C05742,2025-10-17 18:44:00,CMP003,CH02
T010225,C05743,2025-01-29 00:00:00,CMP002,CH01
T010226,C05743,2025-02-03 20:16:00,CMP005,CH03
T010227,C05743,2025-02-08 05:27:00,CMP003,CH02
T010228,C05744,2025-07-18 00:00:00,CMP001,CH01
T010229,C05744,2025-07-21 16:54:00,CMP004,CH02
T010230,C05744,2025-07-23 19:59:00,CMP001,CH01
T010231,C05745,2025-04-03 00:00:00,CMP002,CH01
T010232,C05745,2025-04-07 15:17:00,CMP002,CH01
T010233,C05745,2025-04-15 00:36:00,CMP005,CH03
T010234,C05747,2025-02-26 00:00:00,CMP004,CH02
T010235,C05747,2025-03-01 12:04:00,CMP001,CH01
T010236,C05747,2025-03-06 17:18:00,CMP004,CH02
T010237,C05750,2025-01-18 00:00:00,CMP004,CH02
T010238,C05750,2025-01-22 00:54:00,CMP003,CH02
T010239,C05751,2025-08-15 00:00:00,CMP005,CH03
T010240,C05751,2025-08-16 15:08:00,CMP002,CH01
T010241,C05751,2025-08-24 08:07:00,CMP004,CH02
T010242,C05751,2025-08-26 06:13:00,CMP003,CH02
T010243,C05752,2025-09-07 00:00:00,CMP005,CH03
T010244,C05752,2025-09-08 17:51:00,CMP002,CH01
T010245,C05753,2025-03-23 00:00:00,CMP002,CH01
T010246,C05753,2025-03-29 03:04:00,CMP002,CH01
T010247,C05754,2025-08-27 00:00:00,CMP003,CH02
T010248,C05754,2025-08-29 13:05:00,CMP004,CH02
T010249,C05755,2025-01-30 00:00:00,CMP004,CH02
T010250,C05756,2025-03-25 00:00:00,CMP004,CH02
T010251,C05757,2025-02-18 00:00:00,CMP003,CH02
T010252,C05757,2025-02-24 23:37:00,CMP004,CH02
T010253,C05757,2025-03-01 18:16:00,CMP005,CH03
T010254,C05759,2025-01-14 00:00:00,CMP002,CH01
T010255,C05760,2025-11-03 00:00:00,CMP004,CH02
T010256,C05760,2025-11-07 03:37:00,CMP002,CH01
T010257,C05760,2025-11-11 23:05:00,CMP003,CH02
T010258,C05761,2025-02-18 00:00:00,CMP004,CH02
T010259,C05762,2025-07-28 00:00:00,CMP003,CH02
T010260,C05762,2025-07-31 18:31:00,CMP001,CH01
T010261,C05762,2025-08-05 01:30:00,CMP001,CH01
T010262,C05764,2025-03-13 00:00:00,CMP001,CH01
T010263,C05765,2025-08-16 00:00:00,CMP004,CH02
T010264,C05765,2025-08-17 19:53:00,CMP002,CH01
T010265,C05766,2025-08-08 00:00:00,CMP002,CH01
T010266,C05767,2025-10-11 00:00:00,CMP004,CH02
T010267,C05767,2025-10-13 13:31:00,CMP003,CH02
T010268,C05770,2025-05-24 00:00:00,CMP001,CH01
T010269,C05770,2025-05-27 17:22:00,CMP005,CH03
T010270,C05771,2025-02-24 00:00:00,CMP001,CH01
T010271,C05772,2025-05-08 00:00:00,CMP002,CH01
T010272,C05772,2025-05-09 08:17:00,CMP003,CH02
T010273,C05772,2025-05-17 00:46:00,CMP002,CH01
T010274,C05773,2025-11-08 00:00:00,CMP004,CH02
T010275,C05773,2025-11-10 15:35:00,CMP004,CH02
T010276,C05773,2025-11-16 20:18:00,CMP002,CH01
T010277,C05775,2025-10-16 00:00:00,CMP003,CH02
T010278,C05775,2025-10-17 18:31:00,CMP004,CH02
T010279,C05776,2025-08-04 00:00:00,CMP005,CH03
T010280,C05776,2025-08-07 05:07:00,CMP002,CH01
T010281,C05777,2025-07-20 00:00:00,CMP001,CH01
T010282,C05777,2025-07-21 18:46:00,CMP001,CH01
T010283,C05778,2025-09-07 00:00:00,CMP002,CH01
T010284,C05779,2025-10-14 00:00:00,CMP004,CH02
T010285,C05779,2025-10-18 13:45:00,CMP003,CH02
T010286,C05779,2025-10-22 21:36:00,CMP001,CH01
T010287,C05780,2025-08-01 00:00:00,CMP004,CH02
T010288,C05780,2025-08-05 06:01:00,CMP001,CH01
T010289,C05781,2025-09-06 00:00:00,CMP003,CH02
T010290,C05781,2025-09-12 08:15:00,CMP002,CH01
T010291,C05781,2025-09-16 10:59:00,CMP004,CH02
T010292,C05785,2025-09-06 00:00:00,CMP002,CH01
T010293,C05785,2025-09-09 15:33:00,CMP004,CH02
T010294,C05785,2025-09-16 01:06:00,CMP002,CH01
T010295,C05787,2025-03-02 00:00:00,CMP001,CH01
T010296,C05789,2025-01-23 00:00:00,CMP004,CH02
T010297,C05789,2025-01-28 22:55:00,CMP002,CH01
T010298,C05790,2025-07-01 00:00:00,CMP004,CH02
T010299,C05792,2025-12-03 00:00:00,CMP002,CH01
T010300,C05793,2025-01-30 00:00:00,CMP004,CH02
T010301,C05793,2025-02-05 10:55:00,CMP003,CH02
T010302,C05795,2025-04-15 00:00:00,CMP003,CH02
T010303,C05796,2025-08-09 00:00:00,CMP001,CH01
T010304,C05796,2025-08-11 15:20:00,CMP001,CH01
T010305,C05796,2025-08-18 11:38:00,CMP001,CH01
T010306,C05797,2025-03-23 00:00:00,CMP002,CH01
T010307,C05798,2025-05-26 00:00:00,CMP004,CH02
T010308,C05798,2025-05-30 22:33:00,CMP001,CH01
T010309,C05798,2025-06-04 09:11:00,CMP004,CH02
T010310,C05799,2025-12-24 00:00:00,CMP001,CH01
T010311,C05799,2025-12-26 06:48:00,CMP001,CH01
T010312,C05799,2026-01-01 08:50:00,CMP004,CH02
T010313,C05800,2025-07-31 00:00:00,CMP002,CH01
T010314,C05800,2025-08-03 03:23:00,CMP003,CH02
T010315,C05801,2025-05-27 00:00:00,CMP004,CH02
T010316,C05801,2025-06-02 17:31:00,CMP004,CH02
T010317,C05802,2025-12-02 00:00:00,CMP005,CH03
T010318,C05802,2025-12-08 11:57:00,CMP001,CH01
T010319,C05802,2025-12-12 03:23:00,CMP002,CH01
T010320,C05803,2025-10-21 00:00:00,CMP001,CH01
T010321,C05805,2025-07-21 00:00:00,CMP002,CH01
T010322,C05807,2025-05-25 00:00:00,CMP004,CH02
T010323,C05807,2025-05-29 11:18:00,CMP004,CH02
T010324,C05807,2025-05-31 05:22:00,CMP004,CH02
T010325,C05807,2025-06-07 18:25:00,CMP001,CH01
T010326,C05808,2025-12-15 00:00:00,CMP005,CH03
T010327,C05809,2025-11-02 00:00:00,CMP003,CH02
T010328,C05809,2025-11-06 12:08:00,CMP002,CH01
T010329,C05811,2025-02-19 00:00:00,CMP004,CH02
T010330,C05811,2025-02-26 17:42:00,CMP001,CH01
T010331,C05812,2025-10-03 00:00:00,CMP003,CH02
T010332,C05812,2025-10-07 11:46:00,CMP003,CH02
T010333,C05812,2025-10-12 23:52:00,CMP002,CH01
T010334,C05813,2025-03-01 00:00:00,CMP003,CH02
T010335,C05813,2025-03-08 18:14:00,CMP004,CH02
T010336,C05813,2025-03-13 11:43:00,CMP004,CH02
T010337,C05813,2025-03-17 19:48:00,CMP001,CH01
T010338,C05813,2025-03-20 18:20:00,CMP002,CH01
T010339,C05814,2025-06-07 00:00:00,CMP005,CH03
T010340,C05814,2025-06-14 02:34:00,CMP002,CH01
T010341,C05815,2025-11-05 00:00:00,CMP001,CH01
T010342,C05817,2025-07-28 00:00:00,CMP001,CH01
T010343,C05817,2025-08-03 16:48:00,CMP004,CH02
T010344,C05817,2025-08-06 03:34:00,CMP004,CH02
T010345,C05818,2025-08-28 00:00:00,CMP001,CH01
T010346,C05818,2025-08-30 02:38:00,CMP001,CH01
T010347,C05820,2025-12-02 00:00:00,CMP003,CH02
T010348,C05820,2025-12-05 07:21:00,CMP001,CH01
T010349,C05821,2025-08-06 00:00:00,CMP002,CH01
T010350,C05822,2025-10-15 00:00:00,CMP004,CH02
T010351,C05824,2025-01-23 00:00:00,CMP004,CH02
T010352,C05824,2025-01-30 19:00:00,CMP004,CH02
T010353,C05824,2025-02-05 12:21:00,CMP004,CH02
T010354,C05825,2025-03-02 00:00:00,CMP003,CH02
T010355,C05826,2025-07-12 00:00:00,CMP004,CH02
T010356,C05828,2025-05-11 00:00:00,CMP004,CH02
T010357,C05828,2025-05-15 22:28:00,CMP003,CH02
T010358,C05828,2025-05-17 18:45:00,CMP001,CH01
T010359,C05828,2025-05-19 04:43:00,CMP002,CH01
T010360,C05829,2025-05-29 00:00:00,CMP004,CH02
T010361,C05829,2025-06-03 16:01:00,CMP004,CH02
T010362,C05830,2025-05-10 00:00:00,CMP005,CH03
T010363,C05830,2025-05-16 10:09:00,CMP002,CH01
T010364,C05831,2025-09-14 00:00:00,CMP005,CH03
T010365,C05832,2025-05-22 00:00:00,CMP005,CH03
T010366,C05832,2025-05-29 06:31:00,CMP001,CH01
T010367,C05833,2025-03-27 00:00:00,CMP001,CH01
T010368,C05834,2025-04-28 00:00:00,CMP002,CH01
T010369,C05834,2025-05-03 01:11:00,CMP003,CH02
T010370,C05834,2025-05-06 10:09:00,CMP003,CH02
T010371,C05835,2025-11-21 00:00:00,CMP005,CH03
T010372,C05835,2025-11-25 10:52:00,CMP004,CH02
T010373,C05835,2025-11-28 00:14:00,CMP004,CH02
T010374,C05836,2025-06-27 00:00:00,CMP002,CH01
T010375,C05836,2025-07-02 22:18:00,CMP002,CH01
T010376,C05836,2025-07-05 02:57:00,CMP003,CH02
T010377,C05837,2025-08-07 00:00:00,CMP001,CH01
T010378,C05837,2025-08-14 19:26:00,CMP001,CH01
T010379,C05839,2025-11-23 00:00:00,CMP002,CH01
T010380,C05839,2025-11-25 12:05:00,CMP002,CH01
T010381,C05840,2025-04-15 00:00:00,CMP002,CH01
T010382,C05840,2025-04-21 20:54:00,CMP003,CH02
T010383,C05840,2025-04-24 00:45:00,CMP001,CH01
T010384,C05842,2025-09-20 00:00:00,CMP004,CH02
T010385,C05842,2025-09-21 01:44:00,CMP004,CH02
T010386,C05842,2025-09-25 23:04:00,CMP002,CH01
T010387,C05843,2025-06-19 00:00:00,CMP002,CH01
T010388,C05843,2025-06-25 06:36:00,CMP003,CH02
T010389,C05843,2025-06-29 19:55:00,CMP004,CH02
T010390,C05844,2025-05-25 00:00:00,CMP004,CH02
T010391,C05845,2025-12-24 00:00:00,CMP004,CH02
T010392,C05845,2025-12-30 23:00:00,CMP003,CH02
T010393,C05846,2025-01-15 00:00:00,CMP003,CH02
T010394,C05846,2025-01-20 19:49:00,CMP005,CH03
T010395,C05847,2025-03-07 00:00:00,CMP002,CH01
T010396,C05847,2025-03-14 12:48:00,CMP004,CH02
T010397,C05847,2025-03-21 11:09:00,CMP004,CH02
T010398,C05848,2025-05-08 00:00:00,CMP001,CH01
T010399,C05849,2025-03-25 00:00:00,CMP002,CH01
T010400,C05849,2025-03-29 15:26:00,CMP003,CH02
T010401,C05851,2025-08-17 00:00:00,CMP004,CH02
T010402,C05851,2025-08-21 09:05:00,CMP001,CH01
T010403,C05851,2025-08-23 04:47:00,CMP005,CH03
T010404,C05852,2025-10-16 00:00:00,CMP003,CH02
T010405,C05852,2025-10-20 15:10:00,CMP001,CH01
T010406,C05854,2025-06-24 00:00:00,CMP004,CH02
T010407,C05854,2025-06-28 01:12:00,CMP002,CH01
T010408,C05855,2025-02-09 00:00:00,CMP003,CH02
T010409,C05855,2025-02-10 07:41:00,CMP003,CH02
T010410,C05856,2025-10-01 00:00:00,CMP001,CH01
T010411,C05857,2025-10-31 00:00:00,CMP005,CH03
T010412,C05857,2025-11-02 20:31:00,CMP002,CH01
T010413,C05858,2025-10-13 00:00:00,CMP005,CH03
T010414,C05859,2025-12-19 00:00:00,CMP005,CH03
T010415,C05859,2025-12-24 12:46:00,CMP001,CH01
T010416,C05859,2025-12-30 09:29:00,CMP005,CH03
T010417,C05859,2026-01-01 18:12:00,CMP001,CH01
T010418,C05863,2025-05-18 00:00:00,CMP004,CH02
T010419,C05864,2025-08-09 00:00:00,CMP005,CH03
T010420,C05864,2025-08-12 06:45:00,CMP001,CH01
T010421,C05864,2025-08-13 18:03:00,CMP001,CH01
T010422,C05865,2025-02-21 00:00:00,CMP002,CH01
T010423,C05865,2025-02-23 12:54:00,CMP004,CH02
T010424,C05867,2025-05-07 00:00:00,CMP005,CH03
T010425,C05868,2025-11-21 00:00:00,CMP001,CH01
T010426,C05868,2025-11-27 04:17:00,CMP004,CH02
T010427,C05869,2025-07-08 00:00:00,CMP002,CH01
T010428,C05869,2025-07-10 13:31:00,CMP001,CH01
T010429,C05869,2025-07-17 05:21:00,CMP002,CH01
T010430,C05870,2025-02-22 00:00:00,CMP004,CH02
T010431,C05871,2025-08-10 00:00:00,CMP004,CH02
T010432,C05871,2025-08-12 13:00:00,CMP003,CH02
T010433,C05871,2025-08-16 14:30:00,CMP001,CH01
T010434,C05873,2025-04-30 00:00:00,CMP001,CH01
T010435,C05873,2025-05-07 07:40:00,CMP004,CH02
T010436,C05874,2025-08-08 00:00:00,CMP001,CH01
T010437,C05874,2025-08-13 09:06:00,CMP001,CH01
T010438,C05875,2025-07-02 00:00:00,CMP002,CH01
T010439,C05875,2025-07-06 09:20:00,CMP001,CH01
T010440,C05878,2025-05-10 00:00:00,CMP005,CH03
T010441,C05878,2025-05-12 11:26:00,CMP001,CH01
T010442,C05879,2025-04-12 00:00:00,CMP001,CH01
T010443,C05879,2025-04-13 19:05:00,CMP002,CH01
T010444,C05880,2025-02-10 00:00:00,CMP002,CH01
T010445,C05880,2025-02-17 08:03:00,CMP001,CH01
T010446,C05880,2025-02-22 06:20:00,CMP001,CH01
T010447,C05881,2025-07-06 00:00:00,CMP002,CH01
T010448,C05881,2025-07-08 04:31:00,CMP001,CH01
T010449,C05882,2025-06-04 00:00:00,CMP002,CH01
T010450,C05883,2025-07-17 00:00:00,CMP001,CH01
T010451,C05883,2025-07-24 21:45:00,CMP002,CH01
T010452,C05883,2025-08-01 03:53:00,CMP003,CH02
T010453,C05884,2025-03-26 00:00:00,CMP004,CH02
T010454,C05884,2025-04-01 03:57:00,CMP003,CH02
T010455,C05885,2025-01-07 00:00:00,CMP004,CH02
T010456,C05885,2025-01-14 00:47:00,CMP003,CH02
T010457,C05886,2025-08-18 00:00:00,CMP001,CH01
T010458,C05886,2025-08-22 04:04:00,CMP005,CH03
T010459,C05888,2025-11-27 00:00:00,CMP004,CH02
T010460,C05888,2025-12-01 09:16:00,CMP004,CH02
T010461,C05888,2025-12-02 10:36:00,CMP002,CH01
T010462,C05888,2025-12-05 06:41:00,CMP005,CH03
T010463,C05889,2025-08-02 00:00:00,CMP002,CH01
T010464,C05890,2025-06-02 00:00:00,CMP003,CH02
T010465,C05890,2025-06-09 21:40:00,CMP003,CH02
T010466,C05891,2025-09-15 00:00:00,CMP003,CH02
T010467,C05891,2025-09-17 09:30:00,CMP002,CH01
T010468,C05891,2025-09-21 05:07:00,CMP002,CH01
T010469,C05891,2025-09-27 11:16:00,CMP004,CH02
T010470,C05891,2025-09-30 10:46:00,CMP002,CH01
T010471,C05892,2025-08-15 00:00:00,CMP001,CH01
T010472,C05892,2025-08-18 17:16:00,CMP001,CH01
T010473,C05892,2025-08-21 20:34:00,CMP002,CH01
T010474,C05893,2025-07-19 00:00:00,CMP001,CH01
T010475,C05893,2025-07-22 07:32:00,CMP005,CH03
T010476,C05894,2025-10-20 00:00:00,CMP003,CH02
T010477,C05894,2025-10-26 20:33:00,CMP003,CH02
T010478,C05895,2025-08-24 00:00:00,CMP003,CH02
T010479,C05895,2025-08-27 08:47:00,CMP003,CH02
T010480,C05896,2025-11-08 00:00:00,CMP004,CH02
T010481,C05897,2025-02-05 00:00:00,CMP001,CH01
T010482,C05897,2025-02-06 17:52:00,CMP001,CH01
T010483,C05897,2025-02-12 20:49:00,CMP001,CH01
T010484,C05898,2025-11-28 00:00:00,CMP004,CH02
T010485,C05898,2025-12-02 04:22:00,CMP005,CH03
T010486,C05898,2025-12-09 22:51:00,CMP001,CH01
T010487,C05899,2025-11-23 00:00:00,CMP003,CH02
T010488,C05900,2025-02-18 00:00:00,CMP001,CH01
T010489,C05900,2025-02-21 04:41:00,CMP003,CH02
T010490,C05901,2025-11-09 00:00:00,CMP003,CH02
T010491,C05901,2025-11-15 20:34:00,CMP002,CH01
T010492,C05902,2025-01-19 00:00:00,CMP002,CH01
T010493,C05902,2025-01-21 17:56:00,CMP001,CH01
T010494,C05903,2025-09-23 00:00:00,CMP005,CH03
T010495,C05903,2025-09-24 10:54:00,CMP001,CH01
T010496,C05904,2025-05-04 00:00:00,CMP004,CH02
T010497,C05905,2025-08-08 00:00:00,CMP003,CH02
T010498,C05907,2025-07-04 00:00:00,CMP003,CH02
T010499,C05908,2025-09-25 00:00:00,CMP003,CH02
T010500,C05912,2025-03-18 00:00:00,CMP002,CH01
T010501,C05912,2025-03-23 02:26:00,CMP001,CH01
T010502,C05912,2025-03-29 22:09:00,CMP001,CH01
T010503,C05913,2025-03-07 00:00:00,CMP002,CH01
T010504,C05913,2025-03-09 04:02:00,CMP003,CH02
T010505,C05914,2025-03-10 00:00:00,CMP002,CH01
T010506,C05915,2025-01-20 00:00:00,CMP001,CH01
T010507,C05916,2025-09-23 00:00:00,CMP003,CH02
T010508,C05916,2025-09-25 04:30:00,CMP001,CH01
T010509,C05917,2025-04-25 00:00:00,CMP004,CH02
T010510,C05917,2025-04-29 16:56:00,CMP002,CH01
T010511,C05917,2025-05-04 09:48:00,CMP003,CH02
T010512,C05919,2025-06-29 00:00:00,CMP001,CH01
T010513,C05920,2025-08-22 00:00:00,CMP005,CH03
T010514,C05920,2025-08-28 06:55:00,CMP002,CH01
T010515,C05922,2025-07-27 00:00:00,CMP005,CH03
T010516,C05922,2025-08-03 04:35:00,CMP004,CH02
T010517,C05923,2025-12-30 00:00:00,CMP005,CH03
T010518,C05923,2026-01-04 18:16:00,CMP003,CH02
T010519,C05923,2026-01-11 06:08:00,CMP001,CH01
T010520,C05923,2026-01-13 12:29:00,CMP002,CH01
T010521,C05925,2025-05-20 00:00:00,CMP005,CH03
T010522,C05925,2025-05-25 23:29:00,CMP005,CH03
T010523,C05926,2025-03-19 00:00:00,CMP002,CH01
T010524,C05928,2025-06-09 00:00:00,CMP002,CH01
T010525,C05930,2025-09-08 00:00:00,CMP002,CH01
T010526,C05930,2025-09-14 09:21:00,CMP003,CH02
T010527,C05931,2025-04-27 00:00:00,CMP002,CH01
T010528,C05931,2025-05-04 23:00:00,CMP003,CH02
T010529,C05932,2025-12-27 00:00:00,CMP004,CH02
T010530,C05932,2026-01-01 06:10:00,CMP001,CH01
T010531,C05932,2026-01-06 18:28:00,CMP002,CH01
T010532,C05932,2026-01-11 20:58:00,CMP004,CH02
T010533,C05933,2025-12-30 00:00:00,CMP001,CH01
T010534,C05933,2025-12-31 20:11:00,CMP004,CH02
T010535,C05933,2026-01-04 06:19:00,CMP005,CH03
T010536,C05934,2025-01-27 00:00:00,CMP003,CH02
T010537,C05934,2025-02-02 14:59:00,CMP001,CH01
T010538,C05934,2025-02-09 06:54:00,CMP002,CH01
T010539,C05935,2025-08-31 00:00:00,CMP001,CH01
T010540,C05935,2025-09-02 07:08:00,CMP004,CH02
T010541,C05935,2025-09-04 03:29:00,CMP004,CH02
T010542,C05935,2025-09-09 10:09:00,CMP002,CH01
T010543,C05935,2025-09-10 16:54:00,CMP004,CH02
T010544,C05936,2025-08-08 00:00:00,CMP002,CH01
T010545,C05937,2025-05-30 00:00:00,CMP003,CH02
T010546,C05938,2025-07-20 00:00:00,CMP001,CH01
T010547,C05938,2025-07-25 21:41:00,CMP001,CH01
T010548,C05939,2025-08-10 00:00:00,CMP005,CH03
T010549,C05940,2025-08-26 00:00:00,CMP005,CH03
T010550,C05940,2025-08-27 17:51:00,CMP003,CH02
T010551,C05941,2025-11-16 00:00:00,CMP003,CH02
T010552,C05942,2025-02-13 00:00:00,CMP003,CH02
T010553,C05942,2025-02-20 08:10:00,CMP003,CH02
T010554,C05942,2025-02-24 14:59:00,CMP001,CH01
T010555,C05942,2025-02-28 03:50:00,CMP004,CH02
T010556,C05942,2025-03-06 16:37:00,CMP001,CH01
T010557,C05944,2025-02-01 00:00:00,CMP004,CH02
T010558,C05944,2025-02-07 14:35:00,CMP003,CH02
T010559,C05944,2025-02-08 20:03:00,CMP002,CH01
T010560,C05946,2025-08-06 00:00:00,CMP002,CH01
T010561,C05947,2025-10-10 00:00:00,CMP003,CH02
T010562,C05947,2025-10-12 19:04:00,CMP002,CH01
T010563,C05947,2025-10-15 10:06:00,CMP002,CH01
T010564,C05947,2025-10-16 19:47:00,CMP001,CH01
T010565,C05949,2025-05-02 00:00:00,CMP001,CH01
T010566,C05949,2025-05-04 17:53:00,CMP004,CH02
T010567,C05949,2025-05-06 21:18:00,CMP002,CH01
T010568,C05953,2025-03-13 00:00:00,CMP005,CH03
T010569,C05953,2025-03-19 09:41:00,CMP002,CH01
T010570,C05954,2025-05-11 00:00:00,CMP001,CH01
T010571,C05954,2025-05-16 11:05:00,CMP001,CH01
T010572,C05955,2025-11-03 00:00:00,CMP001,CH01
T010573,C05955,2025-11-04 06:22:00,CMP003,CH02
T010574,C05956,2025-09-02 00:00:00,CMP003,CH02
T010575,C05956,2025-09-09 01:54:00,CMP003,CH02
T010576,C05956,2025-09-14 23:02:00,CMP004,CH02
T010577,C05956,2025-09-17 12:17:00,CMP004,CH02
T010578,C05957,2025-04-30 00:00:00,CMP003,CH02
T010579,C05957,2025-05-01 20:26:00,CMP004,CH02
T010580,C05957,2025-05-04 20:04:00,CMP002,CH01
T010581,C05958,2025-06-30 00:00:00,CMP003,CH02
T010582,C05960,2025-12-05 00:00:00,CMP001,CH01
T010583,C05960,2025-12-11 05:12:00,CMP001,CH01
T010584,C05961,2025-01-15 00:00:00,CMP004,CH02
T010585,C05961,2025-01-16 17:45:00,CMP003,CH02
T010586,C05962,2025-07-26 00:00:00,CMP001,CH01
T010587,C05962,2025-08-01 02:05:00,CMP002,CH01
T010588,C05963,2025-04-18 00:00:00,CMP005,CH03
T010589,C05964,2025-03-24 00:00:00,CMP002,CH01
T010590,C05964,2025-03-28 02:29:00,CMP004,CH02
T010591,C05965,2025-09-20 00:00:00,CMP003,CH02
T010592,C05965,2025-09-22 04:14:00,CMP002,CH01
T010593,C05965,2025-09-25 12:22:00,CMP003,CH02
T010594,C05966,2025-02-13 00:00:00,CMP004,CH02
T010595,C05966,2025-02-19 15:33:00,CMP001,CH01
T010596,C05966,2025-02-23 21:24:00,CMP001,CH01
T010597,C05967,2025-11-30 00:00:00,CMP002,CH01
T010598,C05967,2025-12-04 00:30:00,CMP002,CH01
T010599,C05968,2025-07-29 00:00:00,CMP001,CH01
T010600,C05968,2025-08-01 01:43:00,CMP001,CH01
T010601,C05968,2025-08-04 06:48:00,CMP005,CH03
T010602,C05971,2025-05-15 00:00:00,CMP004,CH02
T010603,C05972,2025-06-14 00:00:00,CMP002,CH01
T010604,C05972,2025-06-19 05:00:00,CMP001,CH01
T010605,C05972,2025-06-24 13:48:00,CMP001,CH01
T010606,C05972,2025-06-26 22:04:00,CMP002,CH01
T010607,C05973,2025-07-28 00:00:00,CMP002,CH01
T010608,C05973,2025-08-04 14:00:00,CMP003,CH02
T010609,C05974,2025-11-08 00:00:00,CMP004,CH02
T010610,C05974,2025-11-15 07:51:00,CMP005,CH03
T010611,C05976,2025-05-05 00:00:00,CMP004,CH02
T010612,C05976,2025-05-09 14:53:00,CMP001,CH01
T010613,C05976,2025-05-15 09:45:00,CMP002,CH01
T010614,C05977,2025-02-03 00:00:00,CMP002,CH01
T010615,C05977,2025-02-04 06:51:00,CMP004,CH02
T010616,C05978,2025-03-22 00:00:00,CMP001,CH01
T010617,C05980,2025-10-23 00:00:00,CMP003,CH02
T010618,C05982,2025-08-30 00:00:00,CMP001,CH01
T010619,C05982,2025-08-31 03:25:00,CMP001,CH01
T010620,C05982,2025-09-05 19:26:00,CMP002,CH01
T010621,C05983,2025-04-03 00:00:00,CMP004,CH02
T010622,C05983,2025-04-04 21:08:00,CMP002,CH01
T010623,C05983,2025-04-06 15:50:00,CMP003,CH02
T010624,C05985,2025-12-29 00:00:00,CMP004,CH02
T010625,C05988,2025-08-30 00:00:00,CMP002,CH01
T010626,C05988,2025-09-03 22:38:00,CMP002,CH01
T010627,C05988,2025-09-08 22:50:00,CMP002,CH01
T010628,C05988,2025-09-16 04:56:00,CMP002,CH01
T010629,C05989,2025-12-23 00:00:00,CMP004,CH02
T010630,C05989,2025-12-28 07:23:00,CMP002,CH01
T010631,C05989,2026-01-01 01:24:00,CMP003,CH02
T010632,C05989,2026-01-05 11:20:00,CMP002,CH01
T010633,C05990,2025-07-29 00:00:00,CMP002,CH01
T010634,C05991,2025-03-20 00:00:00,CMP001,CH01
T010635,C05991,2025-03-23 12:37:00,CMP002,CH01
T010636,C05992,2025-09-30 00:00:00,CMP003,CH02
T010637,C05993,2025-12-27 00:00:00,CMP005,CH03
T010638,C05993,2026-01-02 05:24:00,CMP001,CH01
T010639,C05994,2025-03-22 00:00:00,CMP001,CH01
T010640,C05996,2025-02-27 00:00:00,CMP004,CH02
T010641,C06000,2025-04-17 00:00:00,CMP003,CH02
T010642,C06000,2025-04-18 02:42:00,CMP003,CH02
T010643,C06001,2025-12-22 00:00:00,CMP003,CH02
T010644,C06001,2025-12-25 15:06:00,CMP002,CH01
T010645,C06002,2025-10-27 00:00:00,CMP003,CH02
T010646,C06002,2025-11-01 22:45:00,CMP002,CH01
T010647,C06002,2025-11-06 06:24:00,CMP001,CH01
T010648,C06003,2025-04-01 00:00:00,CMP004,CH02
T010649,C06003,2025-04-02 17:49:00,CMP004,CH02
T010650,C06004,2025-01-20 00:00:00,CMP002,CH01
T010651,C06004,2025-01-27 09:14:00,CMP001,CH01
T010652,C06004,2025-01-29 06:49:00,CMP002,CH01
T010653,C06005,2025-11-13 00:00:00,CMP005,CH03
T010654,C06006,2025-12-29 00:00:00,CMP002,CH01
T010655,C06006,2026-01-04 17:52:00,CMP003,CH02
T010656,C06008,2025-05-27 00:00:00,CMP005,CH03
T010657,C06008,2025-06-02 04:42:00,CMP003,CH02
T010658,C06009,2025-07-08 00:00:00,CMP002,CH01
T010659,C06009,2025-07-12 20:51:00,CMP004,CH02
T010660,C06010,2025-04-30 00:00:00,CMP002,CH01
T010661,C06011,2025-01-27 00:00:00,CMP003,CH02
T010662,C06011,2025-01-31 08:14:00,CMP002,CH01
T010663,C06011,2025-02-06 16:07:00,CMP003,CH02
T010664,C06013,2025-07-31 00:00:00,CMP002,CH01
T010665,C06013,2025-08-01 05:55:00,CMP004,CH02
T010666,C06015,2025-02-05 00:00:00,CMP002,CH01
T010667,C06015,2025-02-11 00:39:00,CMP001,CH01
T010668,C06017,2025-08-16 00:00:00,CMP001,CH01
T010669,C06018,2025-07-29 00:00:00,CMP003,CH02
T010670,C06019,2025-05-23 00:00:00,CMP002,CH01
T010671,C06020,2025-08-08 00:00:00,CMP002,CH01
T010672,C06020,2025-08-11 00:29:00,CMP001,CH01
T010673,C06020,2025-08-13 08:06:00,CMP001,CH01
T010674,C06020,2025-08-16 12:33:00,CMP003,CH02
T010675,C06021,2025-08-16 00:00:00,CMP005,CH03
T010676,C06021,2025-08-20 13:56:00,CMP003,CH02
T010677,C06022,2025-01-04 00:00:00,CMP001,CH01
T010678,C06022,2025-01-07 13:53:00,CMP002,CH01
T010679,C06022,2025-01-11 01:52:00,CMP001,CH01
T010680,C06022,2025-01-17 23:08:00,CMP001,CH01
T010681,C06023,2025-11-01 00:00:00,CMP001,CH01
T010682,C06023,2025-11-05 05:56:00,CMP003,CH02
T010683,C06026,2025-07-05 00:00:00,CMP003,CH02
T010684,C06026,2025-07-07 07:22:00,CMP003,CH02
T010685,C06027,2025-10-13 00:00:00,CMP002,CH01
T010686,C06027,2025-10-18 04:15:00,CMP003,CH02
T010687,C06029,2025-08-30 00:00:00,CMP001,CH01
T010688,C06030,2025-02-08 00:00:00,CMP003,CH02
T010689,C06030,2025-02-09 17:27:00,CMP003,CH02
T010690,C06031,2025-12-17 00:00:00,CMP004,CH02
T010691,C06032,2025-05-22 00:00:00,CMP003,CH02
T010692,C06033,2025-03-10 00:00:00,CMP004,CH02
T010693,C06033,2025-03-13 01:51:00,CMP001,CH01
T010694,C06034,2025-07-08 00:00:00,CMP003,CH02
T010695,C06035,2025-11-11 00:00:00,CMP004,CH02
T010696,C06037,2025-10-08 00:00:00,CMP003,CH02
T010697,C06037,2025-10-10 04:14:00,CMP004,CH02
T010698,C06037,2025-10-13 07:50:00,CMP005,CH03
T010699,C06039,2025-04-07 00:00:00,CMP004,CH02
T010700,C06039,2025-04-10 08:01:00,CMP003,CH02
T010701,C06039,2025-04-18 07:47:00,CMP003,CH02
T010702,C06039,2025-04-25 07:33:00,CMP003,CH02
T010703,C06040,2025-05-01 00:00:00,CMP001,CH01
T010704,C06040,2025-05-03 06:28:00,CMP003,CH02
T010705,C06043,2025-06-17 00:00:00,CMP004,CH02
T010706,C06043,2025-06-18 10:53:00,CMP005,CH03
T010707,C06043,2025-06-21 06:33:00,CMP004,CH02
T010708,C06044,2025-10-19 00:00:00,CMP004,CH02
T010709,C06044,2025-10-20 09:33:00,CMP003,CH02
T010710,C06045,2025-06-25 00:00:00,CMP002,CH01
T010711,C06046,2025-04-04 00:00:00,CMP002,CH01
T010712,C06047,2025-05-31 00:00:00,CMP002,CH01
T010713,C06048,2025-03-13 00:00:00,CMP003,CH02
T010714,C06049,2025-10-04 00:00:00,CMP004,CH02
T010715,C06049,2025-10-09 03:38:00,CMP001,CH01
T010716,C06049,2025-10-12 23:55:00,CMP002,CH01
T010717,C06050,2025-09-08 00:00:00,CMP004,CH02
T010718,C06050,2025-09-13 07:32:00,CMP001,CH01
T010719,C06050,2025-09-16 22:22:00,CMP001,CH01
T010720,C06051,2025-08-09 00:00:00,CMP004,CH02
T010721,C06051,2025-08-12 18:06:00,CMP003,CH02
T010722,C06051,2025-08-14 17:37:00,CMP003,CH02
T010723,C06051,2025-08-18 18:27:00,CMP002,CH01
T010724,C06052,2025-01-11 00:00:00,CMP003,CH02
T010725,C06052,2025-01-17 05:31:00,CMP004,CH02
T010726,C06053,2025-04-04 00:00:00,CMP005,CH03
T010727,C06053,2025-04-07 15:33:00,CMP002,CH01
T010728,C06053,2025-04-12 15:48:00,CMP001,CH01
T010729,C06054,2025-12-24 00:00:00,CMP003,CH02
T010730,C06055,2025-02-04 00:00:00,CMP003,CH02
T010731,C06055,2025-02-08 00:56:00,CMP002,CH01
T010732,C06055,2025-02-13 10:01:00,CMP003,CH02
T010733,C06055,2025-02-18 20:32:00,CMP001,CH01
T010734,C06056,2025-06-24 00:00:00,CMP004,CH02
T010735,C06056,2025-06-30 20:16:00,CMP002,CH01
T010736,C06057,2025-09-18 00:00:00,CMP005,CH03
T010737,C06058,2025-06-28 00:00:00,CMP001,CH01
T010738,C06058,2025-07-05 09:00:00,CMP002,CH01
T010739,C06058,2025-07-09 00:53:00,CMP002,CH01
T010740,C06058,2025-07-11 21:45:00,CMP004,CH02
T010741,C06058,2025-07-13 23:28:00,CMP003,CH02
T010742,C06059,2025-10-26 00:00:00,CMP005,CH03
T010743,C06059,2025-11-02 07:17:00,CMP002,CH01
T010744,C06059,2025-11-05 10:12:00,CMP001,CH01
T010745,C06060,2025-12-08 00:00:00,CMP001,CH01
T010746,C06060,2025-12-12 09:54:00,CMP003,CH02
T010747,C06060,2025-12-15 17:40:00,CMP001,CH01
T010748,C06062,2025-10-31 00:00:00,CMP003,CH02
T010749,C06062,2025-11-04 17:53:00,CMP001,CH01
T010750,C06063,2025-04-06 00:00:00,CMP004,CH02
T010751,C06064,2025-12-26 00:00:00,CMP001,CH01
T010752,C06064,2025-12-28 13:12:00,CMP005,CH03
T010753,C06064,2026-01-03 02:19:00,CMP005,CH03
T010754,C06064,2026-01-07 05:43:00,CMP003,CH02
T010755,C06065,2025-09-27 00:00:00,CMP001,CH01
T010756,C06066,2025-07-03 00:00:00,CMP001,CH01
T010757,C06067,2025-08-21 00:00:00,CMP005,CH03
T010758,C06069,2025-02-06 00:00:00,CMP004,CH02
T010759,C06070,2025-11-19 00:00:00,CMP002,CH01
T010760,C06070,2025-11-24 12:05:00,CMP002,CH01
T010761,C06070,2025-11-27 21:06:00,CMP001,CH01
T010762,C06070,2025-12-02 15:42:00,CMP002,CH01
T010763,C06071,2025-06-24 00:00:00,CMP001,CH01
T010764,C06072,2025-01-07 00:00:00,CMP003,CH02
T010765,C06073,2025-01-21 00:00:00,CMP002,CH01
T010766,C06074,2025-01-04 00:00:00,CMP001,CH01
T010767,C06074,2025-01-09 23:25:00,CMP004,CH02
T010768,C06076,2025-06-05 00:00:00,CMP001,CH01
T010769,C06077,2025-05-23 00:00:00,CMP002,CH01
T010770,C06077,2025-05-30 00:16:00,CMP001,CH01
T010771,C06079,2025-02-08 00:00:00,CMP001,CH01
T010772,C06080,2025-10-15 00:00:00,CMP003,CH02
T010773,C06080,2025-10-17 23:03:00,CMP004,CH02
T010774,C06081,2025-10-09 00:00:00,CMP003,CH02
T010775,C06081,2025-10-13 10:09:00,CMP001,CH01
T010776,C06081,2025-10-18 17:19:00,CMP002,CH01
T010777,C06082,2025-04-23 00:00:00,CMP001,CH01
T010778,C06082,2025-04-25 18:07:00,CMP004,CH02
T010779,C06083,2025-12-01 00:00:00,CMP002,CH01
T010780,C06083,2025-12-06 06:40:00,CMP002,CH01
T010781,C06083,2025-12-08 03:24:00,CMP005,CH03
T010782,C06084,2025-01-07 00:00:00,CMP003,CH02
T010783,C06084,2025-01-12 05:29:00,CMP003,CH02
T010784,C06085,2025-04-20 00:00:00,CMP001,CH01
T010785,C06086,2025-03-14 00:00:00,CMP002,CH01
T010786,C06086,2025-03-19 00:07:00,CMP002,CH01
T010787,C06089,2025-05-23 00:00:00,CMP002,CH01
T010788,C06089,2025-05-26 01:14:00,CMP003,CH02
T010789,C06090,2025-09-21 00:00:00,CMP001,CH01
T010790,C06090,2025-09-25 06:27:00,CMP002,CH01
T010791,C06090,2025-10-01 07:09:00,CMP005,CH03
T010792,C06091,2025-03-31 00:00:00,CMP001,CH01
T010793,C06093,2025-09-29 00:00:00,CMP003,CH02
T010794,C06093,2025-09-30 22:38:00,CMP002,CH01
T010795,C06093,2025-10-02 19:57:00,CMP002,CH01
T010796,C06093,2025-10-06 15:18:00,CMP002,CH01
T010797,C06093,2025-10-09 16:53:00,CMP003,CH02
T010798,C06096,2025-09-09 00:00:00,CMP001,CH01
T010799,C06097,2025-02-17 00:00:00,CMP003,CH02
T010800,C06098,2025-03-09 00:00:00,CMP003,CH02
T010801,C06099,2025-08-03 00:00:00,CMP001,CH01
T010802,C06099,2025-08-10 17:31:00,CMP001,CH01
T010803,C06101,2025-02-21 00:00:00,CMP002,CH01
T010804,C06106,2025-04-12 00:00:00,CMP005,CH03
T010805,C06106,2025-04-18 15:26:00,CMP004,CH02
T010806,C06106,2025-04-21 11:48:00,CMP001,CH01
T010807,C06106,2025-04-24 03:54:00,CMP002,CH01
T010808,C06107,2025-12-27 00:00:00,CMP001,CH01
T010809,C06107,2026-01-02 19:38:00,CMP002,CH01
T010810,C06107,2026-01-06 10:00:00,CMP002,CH01
T010811,C06108,2025-08-12 00:00:00,CMP005,CH03
T010812,C06108,2025-08-18 08:04:00,CMP001,CH01
T010813,C06110,2025-05-21 00:00:00,CMP004,CH02
T010814,C06110,2025-05-23 04:36:00,CMP002,CH01
T010815,C06111,2025-03-12 00:00:00,CMP005,CH03
T010816,C06112,2025-08-20 00:00:00,CMP004,CH02
T010817,C06112,2025-08-21 21:14:00,CMP001,CH01
T010818,C06113,2025-09-14 00:00:00,CMP005,CH03
T010819,C06116,2025-12-14 00:00:00,CMP001,CH01
T010820,C06116,2025-12-20 23:27:00,CMP001,CH01
T010821,C06116,2025-12-27 10:35:00,CMP001,CH01
T010822,C06117,2025-09-26 00:00:00,CMP002,CH01
T010823,C06117,2025-09-27 12:48:00,CMP003,CH02
T010824,C06117,2025-10-04 11:19:00,CMP002,CH01
T010825,C06118,2025-03-13 00:00:00,CMP001,CH01
T010826,C06121,2025-08-29 00:00:00,CMP001,CH01
T010827,C06121,2025-09-02 23:18:00,CMP001,CH01
T010828,C06121,2025-09-07 16:39:00,CMP004,CH02
T010829,C06122,2025-03-28 00:00:00,CMP003,CH02
T010830,C06123,2025-12-27 00:00:00,CMP003,CH02
T010831,C06123,2025-12-31 19:05:00,CMP002,CH01
T010832,C06124,2025-04-19 00:00:00,CMP003,CH02
T010833,C06125,2025-02-15 00:00:00,CMP003,CH02
T010834,C06125,2025-02-16 16:03:00,CMP003,CH02
T010835,C06126,2025-06-13 00:00:00,CMP002,CH01
T010836,C06126,2025-06-15 22:28:00,CMP004,CH02
T010837,C06126,2025-06-22 04:59:00,CMP004,CH02
T010838,C06128,2025-01-18 00:00:00,CMP001,CH01
T010839,C06130,2025-03-23 00:00:00,CMP003,CH02
T010840,C06133,2025-11-06 00:00:00,CMP001,CH01
T010841,C06133,2025-11-10 20:03:00,CMP001,CH01
T010842,C06134,2025-02-06 00:00:00,CMP003,CH02
T010843,C06134,2025-02-12 21:58:00,CMP005,CH03
T010844,C06135,2025-05-05 00:00:00,CMP002,CH01
T010845,C06136,2025-09-23 00:00:00,CMP003,CH02
T010846,C06136,2025-09-25 18:41:00,CMP001,CH01
T010847,C06137,2025-02-12 00:00:00,CMP003,CH02
T010848,C06138,2025-09-06 00:00:00,CMP004,CH02
T010849,C06139,2025-04-23 00:00:00,CMP004,CH02
T010850,C06139,2025-04-24 22:57:00,CMP002,CH01
T010851,C06139,2025-04-29 07:27:00,CMP002,CH01
T010852,C06139,2025-04-30 23:06:00,CMP001,CH01
T010853,C06141,2025-09-05 00:00:00,CMP001,CH01
T010854,C06142,2025-08-16 00:00:00,CMP002,CH01
T010855,C06142,2025-08-23 22:03:00,CMP004,CH02
T010856,C06142,2025-08-28 03:27:00,CMP005,CH03
T010857,C06143,2025-09-30 00:00:00,CMP004,CH02
T010858,C06144,2025-12-27 00:00:00,CMP003,CH02
T010859,C06145,2025-11-04 00:00:00,CMP002,CH01
T010860,C06146,2025-12-14 00:00:00,CMP003,CH02
T010861,C06146,2025-12-17 05:08:00,CMP002,CH01
T010862,C06147,2025-04-13 00:00:00,CMP004,CH02
T010863,C06148,2025-03-22 00:00:00,CMP002,CH01
T010864,C06148,2025-03-25 08:19:00,CMP003,CH02
T010865,C06148,2025-03-26 16:26:00,CMP005,CH03
T010866,C06149,2025-09-29 00:00:00,CMP003,CH02
T010867,C06151,2025-08-21 00:00:00,CMP002,CH01
T010868,C06152,2025-06-12 00:00:00,CMP003,CH02
T010869,C06152,2025-06-16 12:47:00,CMP003,CH02
T010870,C06152,2025-06-18 03:59:00,CMP002,CH01
T010871,C06152,2025-06-25 02:46:00,CMP005,CH03
T010872,C06152,2025-07-02 05:47:00,CMP002,CH01
T010873,C06153,2025-06-30 00:00:00,CMP002,CH01
T010874,C06153,2025-07-01 05:27:00,CMP002,CH01
T010875,C06155,2025-07-31 00:00:00,CMP003,CH02
T010876,C06156,2025-08-17 00:00:00,CMP002,CH01
T010877,C06157,2025-08-22 00:00:00,CMP002,CH01
T010878,C06157,2025-08-23 22:13:00,CMP002,CH01
T010879,C06157,2025-08-31 07:57:00,CMP002,CH01
T010880,C06157,2025-09-07 22:50:00,CMP004,CH02
T010881,C06157,2025-09-14 04:04:00,CMP002,CH01
T010882,C06158,2025-05-07 00:00:00,CMP002,CH01
T010883,C06158,2025-05-11 03:11:00,CMP005,CH03
T010884,C06159,2025-09-10 00:00:00,CMP002,CH01
T010885,C06159,2025-09-14 15:54:00,CMP004,CH02
T010886,C06159,2025-09-21 23:57:00,CMP002,CH01
T010887,C06159,2025-09-25 00:22:00,CMP004,CH02
T010888,C06160,2025-02-13 00:00:00,CMP004,CH02
T010889,C06160,2025-02-18 21:59:00,CMP001,CH01
T010890,C06161,2025-04-01 00:00:00,CMP003,CH02
T010891,C06161,2025-04-03 14:42:00,CMP003,CH02
T010892,C06162,2025-12-15 00:00:00,CMP003,CH02
T010893,C06163,2025-08-29 00:00:00,CMP005,CH03
T010894,C06163,2025-08-31 06:35:00,CMP001,CH01
T010895,C06166,2025-08-26 00:00:00,CMP003,CH02
T010896,C06167,2025-04-14 00:00:00,CMP004,CH02
T010897,C06167,2025-04-21 03:16:00,CMP005,CH03
T010898,C06167,2025-04-23 14:03:00,CMP005,CH03
T010899,C06167,2025-04-26 12:56:00,CMP003,CH02
T010900,C06168,2025-02-06 00:00:00,CMP001,CH01
T010901,C06168,2025-02-13 02:04:00,CMP004,CH02
T010902,C06169,2025-04-28 00:00:00,CMP004,CH02
T010903,C06169,2025-05-03 10:11:00,CMP003,CH02
T010904,C06169,2025-05-08 06:30:00,CMP005,CH03
T010905,C06169,2025-05-12 19:37:00,CMP001,CH01
T010906,C06171,2025-12-08 00:00:00,CMP004,CH02
T010907,C06172,2025-01-05 00:00:00,CMP001,CH01
T010908,C06172,2025-01-06 02:53:00,CMP001,CH01
T010909,C06172,2025-01-13 06:58:00,CMP001,CH01
T010910,C06173,2025-07-31 00:00:00,CMP002,CH01
T010911,C06173,2025-08-04 22:50:00,CMP001,CH01
T010912,C06174,2025-05-29 00:00:00,CMP002,CH01
T010913,C06174,2025-05-31 16:12:00,CMP002,CH01
T010914,C06174,2025-06-02 19:14:00,CMP004,CH02
T010915,C06174,2025-06-10 16:06:00,CMP002,CH01
T010916,C06174,2025-06-14 16:18:00,CMP001,CH01
T010917,C06175,2025-07-08 00:00:00,CMP001,CH01
T010918,C06175,2025-07-13 13:16:00,CMP001,CH01
T010919,C06176,2025-07-09 00:00:00,CMP002,CH01
T010920,C06176,2025-07-16 18:34:00,CMP003,CH02
T010921,C06176,2025-07-19 09:22:00,CMP001,CH01
T010922,C06177,2025-06-19 00:00:00,CMP001,CH01
T010923,C06177,2025-06-22 02:09:00,CMP001,CH01
T010924,C06178,2025-07-03 00:00:00,CMP002,CH01
T010925,C06178,2025-07-09 12:31:00,CMP004,CH02
T010926,C06178,2025-07-10 12:49:00,CMP002,CH01
T010927,C06178,2025-07-17 06:18:00,CMP001,CH01
T010928,C06178,2025-07-18 11:08:00,CMP004,CH02
T010929,C06179,2025-05-21 00:00:00,CMP001,CH01
T010930,C06180,2025-02-07 00:00:00,CMP001,CH01
T010931,C06180,2025-02-08 16:12:00,CMP001,CH01
T010932,C06180,2025-02-11 22:33:00,CMP004,CH02
T010933,C06181,2025-08-18 00:00:00,CMP005,CH03
T010934,C06181,2025-08-19 01:51:00,CMP004,CH02
T010935,C06181,2025-08-23 03:23:00,CMP003,CH02
T010936,C06182,2025-02-13 00:00:00,CMP003,CH02
T010937,C06182,2025-02-17 04:55:00,CMP003,CH02
T010938,C06182,2025-02-24 08:46:00,CMP003,CH02
T010939,C06183,2025-01-15 00:00:00,CMP004,CH02
T010940,C06183,2025-01-19 18:10:00,CMP001,CH01
T010941,C06184,2025-04-12 00:00:00,CMP003,CH02
T010942,C06184,2025-04-16 13:45:00,CMP003,CH02
T010943,C06184,2025-04-19 20:18:00,CMP003,CH02
T010944,C06185,2025-05-17 00:00:00,CMP001,CH01
T010945,C06186,2025-10-12 00:00:00,CMP002,CH01
T010946,C06186,2025-10-13 17:41:00,CMP003,CH02
T010947,C06186,2025-10-16 08:14:00,CMP002,CH01
T010948,C06186,2025-10-24 01:55:00,CMP002,CH01
T010949,C06187,2025-07-16 00:00:00,CMP004,CH02
T010950,C06187,2025-07-20 22:12:00,CMP002,CH01
T010951,C06187,2025-07-26 22:05:00,CMP003,CH02
T010952,C06187,2025-07-31 15:38:00,CMP004,CH02
T010953,C06188,2025-11-03 00:00:00,CMP003,CH02
T010954,C06188,2025-11-07 13:22:00,CMP001,CH01
T010955,C06189,2025-06-05 00:00:00,CMP003,CH02
T010956,C06189,2025-06-10 12:47:00,CMP002,CH01
T010957,C06189,2025-06-18 04:48:00,CMP001,CH01
T010958,C06190,2025-05-26 00:00:00,CMP004,CH02
T010959,C06191,2025-06-05 00:00:00,CMP001,CH01
T010960,C06191,2025-06-06 05:09:00,CMP004,CH02
T010961,C06191,2025-06-07 16:43:00,CMP001,CH01
T010962,C06191,2025-06-13 03:23:00,CMP002,CH01
T010963,C06192,2025-04-25 00:00:00,CMP002,CH01
T010964,C06192,2025-04-29 05:46:00,CMP005,CH03
T010965,C06193,2025-08-15 00:00:00,CMP002,CH01
T010966,C06193,2025-08-22 00:27:00,CMP004,CH02
T010967,C06194,2025-01-03 00:00:00,CMP005,CH03
T010968,C06195,2025-11-12 00:00:00,CMP001,CH01
T010969,C06195,2025-11-16 03:06:00,CMP003,CH02
T010970,C06197,2025-11-08 00:00:00,CMP004,CH02
T010971,C06197,2025-11-12 22:03:00,CMP004,CH02
T010972,C06197,2025-11-19 16:42:00,CMP001,CH01
T010973,C06197,2025-11-21 23:50:00,CMP004,CH02
T010974,C06198,2025-07-24 00:00:00,CMP003,CH02
T010975,C06198,2025-07-30 08:46:00,CMP005,CH03
T010976,C06198,2025-07-31 11:34:00,CMP003,CH02
T010977,C06199,2025-02-15 00:00:00,CMP004,CH02
T010978,C06200,2025-03-28 00:00:00,CMP001,CH01
T010979,C06200,2025-04-01 07:04:00,CMP002,CH01
T010980,C06200,2025-04-08 04:44:00,CMP001,CH01
T010981,C06200,2025-04-13 12:19:00,CMP003,CH02
T010982,C06202,2025-05-23 00:00:00,CMP005,CH03
T010983,C06205,2025-07-22 00:00:00,CMP001,CH01
T010984,C06207,2025-03-13 00:00:00,CMP002,CH01
T010985,C06208,2025-10-25 00:00:00,CMP004,CH02
T010986,C06209,2025-07-12 00:00:00,CMP004,CH02
T010987,C06209,2025-07-17 00:55:00,CMP004,CH02
T010988,C06209,2025-07-20 05:37:00,CMP002,CH01
T010989,C06209,2025-07-22 12:09:00,CMP005,CH03
T010990,C06210,2025-01-14 00:00:00,CMP001,CH01
T010991,C06212,2025-11-20 00:00:00,CMP004,CH02
T010992,C06212,2025-11-27 21:46:00,CMP004,CH02
T010993,C06212,2025-11-29 17:37:00,CMP005,CH03
T010994,C06214,2025-02-03 00:00:00,CMP002,CH01
T010995,C06216,2025-02-27 00:00:00,CMP001,CH01
T010996,C06217,2025-10-08 00:00:00,CMP003,CH02
T010997,C06217,2025-10-11 20:17:00,CMP003,CH02
T010998,C06218,2025-12-19 00:00:00,CMP004,CH02
T010999,C06218,2025-12-22 05:15:00,CMP004,CH02
T011000,C06218,2025-12-28 15:50:00,CMP003,CH02
T011001,C06219,2025-07-15 00:00:00,CMP002,CH01
T011002,C06219,2025-07-16 07:09:00,CMP001,CH01
T011003,C06219,2025-07-22 14:37:00,CMP004,CH02
T011004,C06219,2025-07-29 13:38:00,CMP003,CH02
T011005,C06220,2025-07-20 00:00:00,CMP002,CH01
T011006,C06221,2025-06-18 00:00:00,CMP003,CH02
T011007,C06221,2025-06-20 07:36:00,CMP004,CH02
T011008,C06223,2025-04-07 00:00:00,CMP003,CH02
T011009,C06223,2025-04-14 21:27:00,CMP002,CH01
T011010,C06223,2025-04-22 16:27:00,CMP001,CH01
T011011,C06223,2025-04-27 18:59:00,CMP002,CH01
T011012,C06224,2025-07-18 00:00:00,CMP002,CH01
T011013,C06224,2025-07-23 01:15:00,CMP004,CH02
T011014,C06225,2025-08-27 00:00:00,CMP005,CH03
T011015,C06226,2025-04-14 00:00:00,CMP002,CH01
T011016,C06227,2025-01-15 00:00:00,CMP002,CH01
T011017,C06227,2025-01-19 02:09:00,CMP001,CH01
T011018,C06229,2025-07-31 00:00:00,CMP002,CH01
T011019,C06230,2025-08-11 00:00:00,CMP003,CH02
T011020,C06231,2025-06-23 00:00:00,CMP005,CH03
T011021,C06232,2025-10-09 00:00:00,CMP003,CH02
T011022,C06232,2025-10-13 22:03:00,CMP005,CH03
T011023,C06233,2025-03-06 00:00:00,CMP001,CH01
T011024,C06233,2025-03-07 23:48:00,CMP003,CH02
T011025,C06233,2025-03-14 05:54:00,CMP002,CH01
T011026,C06235,2025-04-13 00:00:00,CMP004,CH02
T011027,C06235,2025-04-18 18:47:00,CMP002,CH01
T011028,C06235,2025-04-25 03:55:00,CMP003,CH02
T011029,C06235,2025-04-26 14:21:00,CMP002,CH01
T011030,C06236,2025-03-29 00:00:00,CMP002,CH01
T011031,C06236,2025-04-01 12:22:00,CMP004,CH02
T011032,C06236,2025-04-07 10:07:00,CMP003,CH02
T011033,C06237,2025-01-20 00:00:00,CMP004,CH02
T011034,C06237,2025-01-24 03:00:00,CMP004,CH02
T011035,C06238,2025-01-11 00:00:00,CMP004,CH02
T011036,C06238,2025-01-14 03:00:00,CMP005,CH03
T011037,C06238,2025-01-15 21:45:00,CMP003,CH02
T011038,C06239,2025-10-13 00:00:00,CMP004,CH02
T011039,C06239,2025-10-15 12:17:00,CMP004,CH02
T011040,C06239,2025-10-18 02:23:00,CMP002,CH01
T011041,C06239,2025-10-22 14:14:00,CMP001,CH01
T011042,C06240,2025-06-20 00:00:00,CMP004,CH02
T011043,C06240,2025-06-21 11:53:00,CMP002,CH01
T011044,C06241,2025-04-05 00:00:00,CMP002,CH01
T011045,C06241,2025-04-09 09:09:00,CMP003,CH02
T011046,C06241,2025-04-15 03:15:00,CMP003,CH02
T011047,C06242,2025-09-09 00:00:00,CMP004,CH02
T011048,C06242,2025-09-13 10:05:00,CMP003,CH02
T011049,C06242,2025-09-16 23:48:00,CMP004,CH02
T011050,C06244,2025-07-22 00:00:00,CMP001,CH01
T011051,C06244,2025-07-24 05:41:00,CMP003,CH02
T011052,C06244,2025-07-29 22:18:00,CMP005,CH03
T011053,C06245,2025-11-10 00:00:00,CMP002,CH01
T011054,C06245,2025-11-16 15:08:00,CMP002,CH01
T011055,C06245,2025-11-19 13:53:00,CMP002,CH01
T011056,C06246,2025-09-15 00:00:00,CMP001,CH01
T011057,C06246,2025-09-21 16:10:00,CMP004,CH02
T011058,C06246,2025-09-23 01:22:00,CMP005,CH03
T011059,C06246,2025-09-30 23:24:00,CMP003,CH02
T011060,C06247,2025-12-01 00:00:00,CMP001,CH01
T011061,C06248,2025-01-16 00:00:00,CMP002,CH01
T011062,C06248,2025-01-22 13:36:00,CMP003,CH02
T011063,C06248,2025-01-24 07:06:00,CMP003,CH02
T011064,C06249,2025-12-03 00:00:00,CMP001,CH01
T011065,C06250,2025-06-18 00:00:00,CMP003,CH02
T011066,C06250,2025-06-25 13:04:00,CMP002,CH01
T011067,C06250,2025-06-27 16:45:00,CMP001,CH01
T011068,C06251,2025-12-06 00:00:00,CMP004,CH02
T011069,C06251,2025-12-11 22:33:00,CMP003,CH02
T011070,C06252,2025-07-20 00:00:00,CMP002,CH01
T011071,C06252,2025-07-24 19:32:00,CMP002,CH01
T011072,C06252,2025-07-31 23:42:00,CMP004,CH02
T011073,C06253,2025-05-28 00:00:00,CMP002,CH01
T011074,C06253,2025-05-31 12:04:00,CMP001,CH01
T011075,C06253,2025-06-06 11:52:00,CMP005,CH03
T011076,C06253,2025-06-10 07:38:00,CMP002,CH01
T011077,C06254,2025-02-12 00:00:00,CMP002,CH01
T011078,C06255,2025-11-26 00:00:00,CMP004,CH02
T011079,C06255,2025-12-02 20:04:00,CMP002,CH01
T011080,C06255,2025-12-05 08:11:00,CMP002,CH01
T011081,C06256,2025-10-05 00:00:00,CMP004,CH02
T011082,C06256,2025-10-07 02:58:00,CMP004,CH02
T011083,C06258,2025-02-26 00:00:00,CMP003,CH02
T011084,C06258,2025-03-05 15:51:00,CMP001,CH01
T011085,C06259,2025-07-21 00:00:00,CMP004,CH02
T011086,C06259,2025-07-22 01:59:00,CMP002,CH01
T011087,C06259,2025-07-26 03:28:00,CMP005,CH03
T011088,C06259,2025-08-01 01:24:00,CMP002,CH01
T011089,C06260,2025-01-30 00:00:00,CMP003,CH02
T011090,C06260,2025-02-03 09:02:00,CMP005,CH03
T011091,C06260,2025-02-04 19:37:00,CMP004,CH02
T011092,C06260,2025-02-11 17:55:00,CMP005,CH03
T011093,C06261,2025-09-15 00:00:00,CMP004,CH02
T011094,C06261,2025-09-19 04:39:00,CMP002,CH01
T011095,C06261,2025-09-21 22:18:00,CMP003,CH02
T011096,C06261,2025-09-23 12:16:00,CMP002,CH01
T011097,C06263,2025-09-01 00:00:00,CMP001,CH01
T011098,C06263,2025-09-04 16:47:00,CMP001,CH01
T011099,C06263,2025-09-07 03:37:00,CMP003,CH02
T011100,C06264,2025-11-15 00:00:00,CMP001,CH01
T011101,C06264,2025-11-17 06:58:00,CMP002,CH01
T011102,C06265,2025-05-11 00:00:00,CMP002,CH01
T011103,C06265,2025-05-16 05:49:00,CMP005,CH03
T011104,C06268,2025-02-27 00:00:00,CMP002,CH01
T011105,C06268,2025-03-02 12:47:00,CMP002,CH01
T011106,C06269,2025-11-10 00:00:00,CMP003,CH02
T011107,C06269,2025-11-12 19:40:00,CMP004,CH02
T011108,C06269,2025-11-16 16:31:00,CMP002,CH01
T011109,C06269,2025-11-21 18:01:00,CMP001,CH01
T011110,C06270,2025-11-20 00:00:00,CMP001,CH01
T011111,C06270,2025-11-21 10:47:00,CMP002,CH01
T011112,C06271,2025-03-19 00:00:00,CMP001,CH01
T011113,C06271,2025-03-25 13:52:00,CMP001,CH01
T011114,C06271,2025-03-28 09:10:00,CMP004,CH02
T011115,C06272,2025-11-18 00:00:00,CMP005,CH03
T011116,C06273,2025-06-15 00:00:00,CMP003,CH02
T011117,C06274,2025-09-13 00:00:00,CMP002,CH01
T011118,C06274,2025-09-14 19:18:00,CMP003,CH02
T011119,C06274,2025-09-22 03:01:00,CMP001,CH01
T011120,C06277,2025-04-18 00:00:00,CMP003,CH02
T011121,C06277,2025-04-25 13:01:00,CMP005,CH03
T011122,C06277,2025-04-28 21:32:00,CMP001,CH01
T011123,C06278,2025-08-23 00:00:00,CMP002,CH01
T011124,C06278,2025-08-30 02:36:00,CMP002,CH01
T011125,C06278,2025-09-05 10:57:00,CMP003,CH02
T011126,C06279,2025-01-20 00:00:00,CMP004,CH02
T011127,C06280,2025-02-13 00:00:00,CMP005,CH03
T011128,C06280,2025-02-16 03:53:00,CMP004,CH02
T011129,C06280,2025-02-20 12:45:00,CMP001,CH01
T011130,C06280,2025-02-27 20:08:00,CMP001,CH01
T011131,C06281,2025-08-25 00:00:00,CMP002,CH01
T011132,C06281,2025-08-31 15:12:00,CMP003,CH02
T011133,C06282,2025-03-03 00:00:00,CMP003,CH02
T011134,C06282,2025-03-06 10:52:00,CMP005,CH03
T011135,C06286,2025-02-17 00:00:00,CMP004,CH02
T011136,C06286,2025-02-22 02:29:00,CMP005,CH03
T011137,C06286,2025-02-25 21:05:00,CMP001,CH01
T011138,C06288,2025-03-25 00:00:00,CMP001,CH01
T011139,C06288,2025-03-31 18:50:00,CMP001,CH01
T011140,C06289,2025-05-16 00:00:00,CMP004,CH02
T011141,C06289,2025-05-17 01:45:00,CMP004,CH02
T011142,C06290,2025-05-02 00:00:00,CMP004,CH02
T011143,C06290,2025-05-03 20:08:00,CMP004,CH02
T011144,C06290,2025-05-08 16:16:00,CMP001,CH01
T011145,C06291,2025-04-30 00:00:00,CMP005,CH03
T011146,C06291,2025-05-07 08:03:00,CMP004,CH02
T011147,C06291,2025-05-11 21:12:00,CMP004,CH02
T011148,C06292,2025-12-05 00:00:00,CMP001,CH01
T011149,C06293,2025-07-30 00:00:00,CMP001,CH01
T011150,C06294,2025-10-07 00:00:00,CMP002,CH01
T011151,C06294,2025-10-09 11:19:00,CMP001,CH01
T011152,C06295,2025-09-29 00:00:00,CMP004,CH02
T011153,C06295,2025-10-06 02:56:00,CMP004,CH02
T011154,C06296,2025-05-23 00:00:00,CMP001,CH01
T011155,C06296,2025-05-30 16:05:00,CMP001,CH01
T011156,C06296,2025-06-04 07:18:00,CMP001,CH01
T011157,C06297,2025-03-28 00:00:00,CMP003,CH02
T011158,C06297,2025-04-02 19:41:00,CMP004,CH02
T011159,C06297,2025-04-05 11:15:00,CMP003,CH02
T011160,C06298,2025-06-28 00:00:00,CMP003,CH02
T011161,C06299,2025-06-17 00:00:00,CMP004,CH02
T011162,C06299,2025-06-23 10:34:00,CMP001,CH01
T011163,C06300,2025-02-25 00:00:00,CMP002,CH01
T011164,C06300,2025-02-28 14:03:00,CMP002,CH01
T011165,C06301,2025-08-27 00:00:00,CMP002,CH01
T011166,C06301,2025-09-02 08:02:00,CMP002,CH01
T011167,C06301,2025-09-09 04:15:00,CMP001,CH01
T011168,C06302,2025-10-06 00:00:00,CMP003,CH02
T011169,C06303,2025-09-26 00:00:00,CMP001,CH01
T011170,C06305,2025-01-19 00:00:00,CMP003,CH02
T011171,C06305,2025-01-21 17:07:00,CMP003,CH02
T011172,C06305,2025-01-22 23:19:00,CMP002,CH01
T011173,C06305,2025-01-29 14:48:00,CMP002,CH01
T011174,C06305,2025-02-05 11:27:00,CMP004,CH02
T011175,C06307,2025-10-05 00:00:00,CMP001,CH01
T011176,C06307,2025-10-10 17:54:00,CMP002,CH01
T011177,C06308,2025-07-29 00:00:00,CMP002,CH01
T011178,C06308,2025-08-05 16:06:00,CMP001,CH01
T011179,C06309,2025-12-20 00:00:00,CMP001,CH01
T011180,C06310,2025-09-13 00:00:00,CMP004,CH02
T011181,C06310,2025-09-17 21:17:00,CMP002,CH01
T011182,C06310,2025-09-24 14:04:00,CMP004,CH02
T011183,C06311,2025-05-07 00:00:00,CMP003,CH02
T011184,C06312,2025-04-03 00:00:00,CMP002,CH01
T011185,C06312,2025-04-07 21:56:00,CMP003,CH02
T011186,C06312,2025-04-12 13:25:00,CMP002,CH01
T011187,C06313,2025-04-03 00:00:00,CMP003,CH02
T011188,C06314,2025-08-13 00:00:00,CMP001,CH01
T011189,C06315,2025-12-11 00:00:00,CMP001,CH01
T011190,C06315,2025-12-17 08:55:00,CMP002,CH01
T011191,C06316,2025-01-10 00:00:00,CMP001,CH01
T011192,C06317,2025-02-07 00:00:00,CMP002,CH01
T011193,C06318,2025-04-04 00:00:00,CMP003,CH02
T011194,C06318,2025-04-10 20:26:00,CMP003,CH02
T011195,C06319,2025-03-03 00:00:00,CMP004,CH02
T011196,C06319,2025-03-09 18:55:00,CMP002,CH01
T011197,C06319,2025-03-14 23:36:00,CMP002,CH01
T011198,C06320,2025-03-02 00:00:00,CMP003,CH02
T011199,C06320,2025-03-08 16:03:00,CMP004,CH02
T011200,C06322,2025-06-15 00:00:00,CMP003,CH02
T011201,C06322,2025-06-21 05:06:00,CMP003,CH02
T011202,C06323,2025-07-30 00:00:00,CMP001,CH01
T011203,C06324,2025-02-27 00:00:00,CMP003,CH02
T011204,C06325,2025-11-01 00:00:00,CMP002,CH01
T011205,C06325,2025-11-03 00:49:00,CMP003,CH02
T011206,C06327,2025-09-05 00:00:00,CMP004,CH02
T011207,C06327,2025-09-10 01:06:00,CMP002,CH01
T011208,C06327,2025-09-13 18:25:00,CMP004,CH02
T011209,C06329,2025-06-27 00:00:00,CMP002,CH01
T011210,C06329,2025-06-28 23:23:00,CMP001,CH01
T011211,C06330,2025-02-21 00:00:00,CMP004,CH02
T011212,C06330,2025-02-24 20:00:00,CMP004,CH02
T011213,C06332,2025-08-19 00:00:00,CMP004,CH02
T011214,C06333,2025-03-08 00:00:00,CMP005,CH03
T011215,C06333,2025-03-13 05:14:00,CMP004,CH02
T011216,C06335,2025-02-24 00:00:00,CMP003,CH02
T011217,C06335,2025-02-27 13:04:00,CMP003,CH02
T011218,C06336,2025-01-13 00:00:00,CMP003,CH02
T011219,C06336,2025-01-17 23:42:00,CMP003,CH02
T011220,C06339,2025-05-10 00:00:00,CMP003,CH02
T011221,C06339,2025-05-11 03:40:00,CMP003,CH02
T011222,C06339,2025-05-17 13:09:00,CMP004,CH02
T011223,C06340,2025-10-27 00:00:00,CMP003,CH02
T011224,C06340,2025-11-02 11:12:00,CMP002,CH01
T011225,C06340,2025-11-06 11:40:00,CMP005,CH03
T011226,C06341,2025-01-28 00:00:00,CMP003,CH02
T011227,C06341,2025-01-31 21:30:00,CMP002,CH01
T011228,C06341,2025-02-07 02:26:00,CMP001,CH01
T011229,C06342,2025-12-18 00:00:00,CMP002,CH01
T011230,C06342,2025-12-22 03:34:00,CMP001,CH01
T011231,C06343,2025-11-18 00:00:00,CMP004,CH02
T011232,C06343,2025-11-24 07:29:00,CMP001,CH01
T011233,C06343,2025-11-28 06:25:00,CMP002,CH01
T011234,C06344,2025-07-25 00:00:00,CMP004,CH02
T011235,C06345,2025-08-24 00:00:00,CMP003,CH02
T011236,C06345,2025-08-29 14:21:00,CMP004,CH02
T011237,C06347,2025-09-17 00:00:00,CMP001,CH01
T011238,C06348,2025-09-14 00:00:00,CMP001,CH01
T011239,C06348,2025-09-19 06:00:00,CMP004,CH02
T011240,C06348,2025-09-20 18:12:00,CMP003,CH02
T011241,C06349,2025-05-20 00:00:00,CMP001,CH01
T011242,C06349,2025-05-27 13:56:00,CMP005,CH03
T011243,C06349,2025-05-29 20:23:00,CMP001,CH01
T011244,C06349,2025-06-06 14:29:00,CMP005,CH03
T011245,C06350,2025-08-11 00:00:00,CMP002,CH01
T011246,C06350,2025-08-13 14:09:00,CMP003,CH02
T011247,C06351,2025-09-16 00:00:00,CMP004,CH02
T011248,C06351,2025-09-19 21:07:00,CMP004,CH02
T011249,C06352,2025-12-12 00:00:00,CMP001,CH01
T011250,C06352,2025-12-13 05:25:00,CMP004,CH02
T011251,C06354,2025-05-29 00:00:00,CMP002,CH01
T011252,C06354,2025-06-03 13:29:00,CMP003,CH02
T011253,C06354,2025-06-05 12:55:00,CMP004,CH02
T011254,C06356,2025-08-04 00:00:00,CMP001,CH01
T011255,C06357,2025-03-19 00:00:00,CMP003,CH02
T011256,C06357,2025-03-21 13:57:00,CMP001,CH01
T011257,C06359,2025-12-05 00:00:00,CMP001,CH01
T011258,C06360,2025-02-07 00:00:00,CMP001,CH01
T011259,C06360,2025-02-10 15:09:00,CMP004,CH02
T011260,C06360,2025-02-12 09:36:00,CMP002,CH01
T011261,C06361,2025-07-18 00:00:00,CMP002,CH01
T011262,C06361,2025-07-19 19:27:00,CMP002,CH01
T011263,C06361,2025-07-24 07:56:00,CMP005,CH03
T011264,C06362,2025-03-30 00:00:00,CMP002,CH01
T011265,C06362,2025-04-04 19:05:00,CMP002,CH01
T011266,C06362,2025-04-10 02:44:00,CMP005,CH03
T011267,C06363,2025-04-23 00:00:00,CMP001,CH01
T011268,C06365,2025-01-19 00:00:00,CMP005,CH03
T011269,C06365,2025-01-22 13:53:00,CMP004,CH02
T011270,C06365,2025-01-24 00:57:00,CMP001,CH01
T011271,C06367,2025-10-12 00:00:00,CMP004,CH02
T011272,C06367,2025-10-14 15:03:00,CMP001,CH01
T011273,C06368,2025-11-10 00:00:00,CMP001,CH01
T011274,C06368,2025-11-14 01:19:00,CMP004,CH02
T011275,C06369,2025-11-27 00:00:00,CMP002,CH01
T011276,C06370,2025-06-05 00:00:00,CMP001,CH01
T011277,C06370,2025-06-06 18:08:00,CMP002,CH01
T011278,C06371,2025-03-22 00:00:00,CMP002,CH01
T011279,C06371,2025-03-25 18:19:00,CMP005,CH03
T011280,C06373,2025-08-26 00:00:00,CMP003,CH02
T011281,C06373,2025-09-02 01:05:00,CMP005,CH03
T011282,C06373,2025-09-04 09:46:00,CMP002,CH01
T011283,C06375,2025-11-12 00:00:00,CMP003,CH02
T011284,C06375,2025-11-14 07:30:00,CMP001,CH01
T011285,C06375,2025-11-20 10:08:00,CMP001,CH01
T011286,C06376,2025-08-22 00:00:00,CMP005,CH03
T011287,C06376,2025-08-26 10:03:00,CMP003,CH02
T011288,C06376,2025-08-28 00:06:00,CMP001,CH01
T011289,C06376,2025-09-03 14:31:00,CMP001,CH01
T011290,C06377,2025-02-22 00:00:00,CMP002,CH01
T011291,C06378,2025-12-30 00:00:00,CMP003,CH02
T011292,C06378,2026-01-02 10:19:00,CMP001,CH01
T011293,C06378,2026-01-09 06:48:00,CMP001,CH01
T011294,C06380,2025-04-14 00:00:00,CMP004,CH02
T011295,C06380,2025-04-21 20:35:00,CMP002,CH01
T011296,C06381,2025-12-05 00:00:00,CMP001,CH01
T011297,C06381,2025-12-08 16:09:00,CMP005,CH03
T011298,C06382,2025-11-09 00:00:00,CMP005,CH03
T011299,C06382,2025-11-16 05:23:00,CMP003,CH02
T011300,C06382,2025-11-23 03:01:00,CMP002,CH01
T011301,C06382,2025-11-28 00:21:00,CMP001,CH01
T011302,C06384,2025-02-13 00:00:00,CMP002,CH01
T011303,C06384,2025-02-16 16:59:00,CMP005,CH03
T011304,C06384,2025-02-19 20:04:00,CMP002,CH01
T011305,C06384,2025-02-21 03:24:00,CMP002,CH01
T011306,C06386,2025-12-13 00:00:00,CMP001,CH01
T011307,C06386,2025-12-19 21:48:00,CMP001,CH01
T011308,C06386,2025-12-24 17:49:00,CMP002,CH01
T011309,C06386,2026-01-01 15:37:00,CMP002,CH01
T011310,C06387,2025-08-12 00:00:00,CMP001,CH01
T011311,C06388,2025-04-20 00:00:00,CMP003,CH02
T011312,C06388,2025-04-21 23:27:00,CMP005,CH03
T011313,C06388,2025-04-28 19:05:00,CMP004,CH02
T011314,C06389,2025-05-05 00:00:00,CMP002,CH01
T011315,C06389,2025-05-11 03:00:00,CMP003,CH02
T011316,C06389,2025-05-17 02:57:00,CMP002,CH01
T011317,C06390,2025-02-03 00:00:00,CMP003,CH02
T011318,C06390,2025-02-10 12:12:00,CMP003,CH02
T011319,C06390,2025-02-17 10:00:00,CMP003,CH02
T011320,C06391,2025-10-06 00:00:00,CMP001,CH01
T011321,C06392,2025-04-12 00:00:00,CMP002,CH01
T011322,C06393,2025-06-19 00:00:00,CMP003,CH02
T011323,C06393,2025-06-20 15:57:00,CMP001,CH01
T011324,C06394,2025-06-29 00:00:00,CMP005,CH03
T011325,C06394,2025-07-05 11:00:00,CMP003,CH02
T011326,C06394,2025-07-07 10:34:00,CMP002,CH01
T011327,C06395,2025-01-30 00:00:00,CMP003,CH02
T011328,C06395,2025-02-01 18:38:00,CMP004,CH02
T011329,C06395,2025-02-04 01:46:00,CMP002,CH01
T011330,C06397,2025-11-27 00:00:00,CMP001,CH01
T011331,C06397,2025-12-02 05:43:00,CMP004,CH02
T011332,C06397,2025-12-05 02:33:00,CMP001,CH01
T011333,C06398,2025-01-04 00:00:00,CMP001,CH01
T011334,C06399,2025-05-07 00:00:00,CMP003,CH02
T011335,C06399,2025-05-09 12:40:00,CMP001,CH01
T011336,C06399,2025-05-11 17:11:00,CMP004,CH02
T011337,C06399,2025-05-18 11:11:00,CMP004,CH02
T011338,C06400,2025-12-02 00:00:00,CMP002,CH01
T011339,C06400,2025-12-06 20:55:00,CMP001,CH01
T011340,C06401,2025-03-03 00:00:00,CMP004,CH02
T011341,C06401,2025-03-10 23:28:00,CMP005,CH03
T011342,C06403,2025-10-13 00:00:00,CMP002,CH01
T011343,C06403,2025-10-20 12:30:00,CMP003,CH02
T011344,C06403,2025-10-23 19:29:00,CMP001,CH01
T011345,C06404,2025-06-29 00:00:00,CMP003,CH02
T011346,C06404,2025-07-03 16:19:00,CMP001,CH01
T011347,C06404,2025-07-04 19:02:00,CMP001,CH01
T011348,C06405,2025-07-24 00:00:00,CMP004,CH02
T011349,C06406,2025-06-17 00:00:00,CMP001,CH01
T011350,C06406,2025-06-18 10:03:00,CMP001,CH01
T011351,C06407,2025-02-27 00:00:00,CMP002,CH01
T011352,C06407,2025-03-06 23:42:00,CMP004,CH02
T011353,C06407,2025-03-12 09:37:00,CMP002,CH01
T011354,C06407,2025-03-17 05:52:00,CMP002,CH01
T011355,C06408,2025-05-04 00:00:00,CMP001,CH01
T011356,C06408,2025-05-07 21:41:00,CMP001,CH01
T011357,C06408,2025-05-11 21:51:00,CMP002,CH01
T011358,C06409,2025-11-12 00:00:00,CMP003,CH02
T011359,C06412,2025-01-14 00:00:00,CMP001,CH01
T011360,C06412,2025-01-19 09:47:00,CMP001,CH01
T011361,C06412,2025-01-25 08:18:00,CMP002,CH01
T011362,C06413,2025-10-19 00:00:00,CMP001,CH01
T011363,C06413,2025-10-25 22:16:00,CMP005,CH03
T011364,C06413,2025-10-31 16:42:00,CMP002,CH01
T011365,C06414,2025-11-20 00:00:00,CMP002,CH01
T011366,C06414,2025-11-26 11:38:00,CMP005,CH03
T011367,C06414,2025-12-02 08:43:00,CMP004,CH02
T011368,C06414,2025-12-06 10:56:00,CMP004,CH02
T011369,C06415,2025-03-16 00:00:00,CMP004,CH02
T011370,C06415,2025-03-19 09:11:00,CMP004,CH02
T011371,C06415,2025-03-20 15:45:00,CMP002,CH01
T011372,C06416,2025-05-05 00:00:00,CMP004,CH02
T011373,C06417,2025-01-26 00:00:00,CMP002,CH01
T011374,C06419,2025-04-08 00:00:00,CMP001,CH01
T011375,C06420,2025-10-25 00:00:00,CMP002,CH01
T011376,C06420,2025-10-30 15:41:00,CMP001,CH01
T011377,C06421,2025-03-20 00:00:00,CMP001,CH01
T011378,C06421,2025-03-27 22:11:00,CMP002,CH01
T011379,C06422,2025-08-10 00:00:00,CMP001,CH01
T011380,C06423,2025-03-01 00:00:00,CMP002,CH01
T011381,C06423,2025-03-06 15:18:00,CMP002,CH01
T011382,C06423,2025-03-10 22:18:00,CMP002,CH01
T011383,C06425,2025-09-07 00:00:00,CMP002,CH01
T011384,C06426,2025-09-08 00:00:00,CMP002,CH01
T011385,C06426,2025-09-10 20:11:00,CMP002,CH01
T011386,C06427,2025-07-17 00:00:00,CMP002,CH01
T011387,C06427,2025-07-24 08:35:00,CMP003,CH02
T011388,C06428,2025-01-05 00:00:00,CMP001,CH01
T011389,C06429,2025-06-08 00:00:00,CMP001,CH01
T011390,C06429,2025-06-11 07:04:00,CMP004,CH02
T011391,C06430,2025-10-15 00:00:00,CMP002,CH01
T011392,C06430,2025-10-20 09:10:00,CMP005,CH03
T011393,C06430,2025-10-23 16:55:00,CMP004,CH02
T011394,C06431,2025-10-28 00:00:00,CMP002,CH01
T011395,C06431,2025-11-04 05:34:00,CMP004,CH02
T011396,C06432,2025-09-17 00:00:00,CMP002,CH01
T011397,C06432,2025-09-23 07:32:00,CMP001,CH01
T011398,C06433,2025-02-05 00:00:00,CMP001,CH01
T011399,C06434,2025-02-16 00:00:00,CMP002,CH01
T011400,C06434,2025-02-21 22:23:00,CMP004,CH02
T011401,C06436,2025-07-27 00:00:00,CMP002,CH01
T011402,C06436,2025-07-31 01:12:00,CMP004,CH02
T011403,C06436,2025-08-02 04:45:00,CMP002,CH01
T011404,C06437,2025-12-08 00:00:00,CMP003,CH02
T011405,C06437,2025-12-15 17:35:00,CMP003,CH02
T011406,C06437,2025-12-18 01:17:00,CMP004,CH02
T011407,C06438,2025-02-05 00:00:00,CMP002,CH01
T011408,C06440,2025-10-10 00:00:00,CMP001,CH01
T011409,C06440,2025-10-13 20:24:00,CMP001,CH01
T011410,C06440,2025-10-20 09:19:00,CMP001,CH01
T011411,C06440,2025-10-24 06:37:00,CMP002,CH01
T011412,C06441,2025-03-04 00:00:00,CMP002,CH01
T011413,C06442,2025-04-28 00:00:00,CMP002,CH01
T011414,C06443,2025-05-24 00:00:00,CMP005,CH03
T011415,C06444,2025-12-16 00:00:00,CMP001,CH01
T011416,C06444,2025-12-17 11:37:00,CMP003,CH02
T011417,C06444,2025-12-20 23:43:00,CMP002,CH01
T011418,C06445,2025-12-28 00:00:00,CMP003,CH02
T011419,C06446,2025-08-05 00:00:00,CMP004,CH02
T011420,C06446,2025-08-09 09:00:00,CMP003,CH02
T011421,C06447,2025-03-20 00:00:00,CMP003,CH02
T011422,C06447,2025-03-24 20:03:00,CMP001,CH01
T011423,C06448,2025-06-01 00:00:00,CMP003,CH02
T011424,C06450,2025-07-02 00:00:00,CMP003,CH02
T011425,C06450,2025-07-07 12:36:00,CMP003,CH02
T011426,C06451,2025-10-05 00:00:00,CMP003,CH02
T011427,C06453,2025-10-05 00:00:00,CMP003,CH02
T011428,C06453,2025-10-08 12:43:00,CMP005,CH03
T011429,C06453,2025-10-11 20:47:00,CMP003,CH02
T011430,C06455,2025-03-15 00:00:00,CMP003,CH02
T011431,C06455,2025-03-16 13:49:00,CMP003,CH02
T011432,C06456,2025-03-03 00:00:00,CMP002,CH01
T011433,C06456,2025-03-05 23:49:00,CMP003,CH02
T011434,C06456,2025-03-13 04:33:00,CMP001,CH01
T011435,C06457,2025-03-15 00:00:00,CMP001,CH01
T011436,C06457,2025-03-21 18:26:00,CMP002,CH01
T011437,C06458,2025-07-09 00:00:00,CMP003,CH02
T011438,C06458,2025-07-15 17:25:00,CMP001,CH01
T011439,C06459,2025-09-29 00:00:00,CMP002,CH01
T011440,C06459,2025-10-04 23:28:00,CMP005,CH03
T011441,C06461,2025-09-04 00:00:00,CMP003,CH02
T011442,C06461,2025-09-07 22:33:00,CMP004,CH02
T011443,C06462,2025-08-10 00:00:00,CMP001,CH01
T011444,C06464,2025-05-14 00:00:00,CMP005,CH03
T011445,C06464,2025-05-16 22:26:00,CMP004,CH02
T011446,C06464,2025-05-21 21:39:00,CMP001,CH01
T011447,C06465,2025-08-02 00:00:00,CMP001,CH01
T011448,C06466,2025-06-07 00:00:00,CMP001,CH01
T011449,C06467,2025-11-19 00:00:00,CMP004,CH02
T011450,C06469,2025-12-31 00:00:00,CMP001,CH01
T011451,C06469,2026-01-03 20:37:00,CMP005,CH03
T011452,C06469,2026-01-07 19:16:00,CMP002,CH01
T011453,C06470,2025-03-15 00:00:00,CMP002,CH01
T011454,C06470,2025-03-20 23:06:00,CMP004,CH02
T011455,C06470,2025-03-23 20:58:00,CMP001,CH01
T011456,C06471,2025-02-11 00:00:00,CMP004,CH02
T011457,C06473,2025-05-11 00:00:00,CMP005,CH03
T011458,C06473,2025-05-14 23:49:00,CMP003,CH02
T011459,C06473,2025-05-16 08:03:00,CMP002,CH01
T011460,C06473,2025-05-21 12:25:00,CMP001,CH01
T011461,C06474,2025-11-06 00:00:00,CMP004,CH02
T011462,C06474,2025-11-11 04:02:00,CMP002,CH01
T011463,C06474,2025-11-12 10:18:00,CMP003,CH02
T011464,C06475,2025-11-14 00:00:00,CMP004,CH02
T011465,C06476,2025-04-07 00:00:00,CMP002,CH01
T011466,C06476,2025-04-10 04:33:00,CMP001,CH01
T011467,C06476,2025-04-17 09:01:00,CMP001,CH01
T011468,C06476,2025-04-18 23:31:00,CMP003,CH02
T011469,C06477,2025-09-03 00:00:00,CMP002,CH01
T011470,C06477,2025-09-05 07:25:00,CMP005,CH03
T011471,C06477,2025-09-06 23:21:00,CMP004,CH02
T011472,C06478,2025-06-09 00:00:00,CMP001,CH01
T011473,C06478,2025-06-11 09:04:00,CMP005,CH03
T011474,C06478,2025-06-17 23:41:00,CMP005,CH03
T011475,C06478,2025-06-25 04:29:00,CMP003,CH02
T011476,C06479,2025-01-19 00:00:00,CMP002,CH01
T011477,C06479,2025-01-22 10:55:00,CMP003,CH02
T011478,C06480,2025-08-30 00:00:00,CMP004,CH02
T011479,C06481,2025-12-11 00:00:00,CMP003,CH02
T011480,C06482,2025-11-26 00:00:00,CMP004,CH02
T011481,C06482,2025-11-29 06:05:00,CMP002,CH01
T011482,C06482,2025-11-30 08:53:00,CMP004,CH02
T011483,C06483,2025-08-30 00:00:00,CMP005,CH03
T011484,C06483,2025-09-06 13:46:00,CMP001,CH01
T011485,C06483,2025-09-13 02:30:00,CMP004,CH02
T011486,C06484,2025-10-05 00:00:00,CMP005,CH03
T011487,C06484,2025-10-08 21:24:00,CMP003,CH02
T011488,C06485,2025-06-15 00:00:00,CMP002,CH01
T011489,C06485,2025-06-19 00:49:00,CMP004,CH02
T011490,C06486,2025-11-20 00:00:00,CMP003,CH02
T011491,C06487,2025-11-19 00:00:00,CMP004,CH02
T011492,C06487,2025-11-24 15:04:00,CMP004,CH02
T011493,C06488,2025-07-30 00:00:00,CMP001,CH01
T011494,C06488,2025-08-06 09:12:00,CMP005,CH03
T011495,C06488,2025-08-08 16:19:00,CMP001,CH01
T011496,C06488,2025-08-11 14:18:00,CMP002,CH01
T011497,C06490,2025-06-13 00:00:00,CMP002,CH01
T011498,C06490,2025-06-18 06:57:00,CMP004,CH02
T011499,C06490,2025-06-25 03:33:00,CMP004,CH02
T011500,C06491,2025-02-15 00:00:00,CMP001,CH01
T011501,C06491,2025-02-16 23:13:00,CMP001,CH01
T011502,C06494,2025-02-06 00:00:00,CMP005,CH03
T011503,C06495,2025-08-25 00:00:00,CMP002,CH01
T011504,C06495,2025-08-26 13:16:00,CMP002,CH01
T011505,C06496,2025-12-26 00:00:00,CMP004,CH02
T011506,C06496,2025-12-30 14:27:00,CMP004,CH02
T011507,C06496,2026-01-05 16:45:00,CMP005,CH03
T011508,C06498,2025-01-12 00:00:00,CMP001,CH01
T011509,C06498,2025-01-15 04:35:00,CMP002,CH01
T011510,C06500,2025-10-13 00:00:00,CMP003,CH02
T011511,C06503,2025-05-16 00:00:00,CMP002,CH01
T011512,C06503,2025-05-17 07:48:00,CMP003,CH02
T011513,C06504,2025-04-03 00:00:00,CMP004,CH02
T011514,C06504,2025-04-10 21:22:00,CMP002,CH01
T011515,C06504,2025-04-15 04:51:00,CMP001,CH01
T011516,C06505,2025-02-21 00:00:00,CMP002,CH01
T011517,C06507,2025-05-25 00:00:00,CMP004,CH02
T011518,C06507,2025-05-27 17:44:00,CMP001,CH01
T011519,C06507,2025-05-28 18:09:00,CMP001,CH01
T011520,C06508,2025-06-30 00:00:00,CMP001,CH01
T011521,C06508,2025-07-07 12:07:00,CMP002,CH01
T011522,C06509,2025-08-28 00:00:00,CMP001,CH01
T011523,C06509,2025-09-03 13:38:00,CMP001,CH01
T011524,C06510,2025-03-16 00:00:00,CMP004,CH02
T011525,C06510,2025-03-17 19:11:00,CMP001,CH01
T011526,C06511,2025-09-27 00:00:00,CMP003,CH02
T011527,C06512,2025-01-12 00:00:00,CMP003,CH02
T011528,C06512,2025-01-17 19:17:00,CMP002,CH01
T011529,C06512,2025-01-20 14:50:00,CMP004,CH02
T011530,C06513,2025-05-12 00:00:00,CMP005,CH03
T011531,C06513,2025-05-17 00:40:00,CMP005,CH03
T011532,C06513,2025-05-23 03:40:00,CMP003,CH02
T011533,C06513,2025-05-24 11:37:00,CMP001,CH01
T011534,C06514,2025-03-17 00:00:00,CMP003,CH02
T011535,C06514,2025-03-19 17:40:00,CMP004,CH02
T011536,C06514,2025-03-22 01:03:00,CMP001,CH01
T011537,C06515,2025-03-11 00:00:00,CMP002,CH01
T011538,C06515,2025-03-12 10:39:00,CMP001,CH01
T011539,C06516,2025-10-06 00:00:00,CMP004,CH02
T011540,C06516,2025-10-12 17:28:00,CMP001,CH01
T011541,C06517,2025-08-14 00:00:00,CMP002,CH01
T011542,C06517,2025-08-18 23:49:00,CMP004,CH02
T011543,C06518,2025-01-06 00:00:00,CMP003,CH02
T011544,C06519,2025-03-09 00:00:00,CMP001,CH01
T011545,C06519,2025-03-10 12:45:00,CMP002,CH01
T011546,C06519,2025-03-13 08:06:00,CMP002,CH01
T011547,C06520,2025-06-08 00:00:00,CMP003,CH02
T011548,C06520,2025-06-15 18:48:00,CMP004,CH02
T011549,C06521,2025-11-24 00:00:00,CMP001,CH01
T011550,C06521,2025-11-30 02:36:00,CMP004,CH02
T011551,C06521,2025-12-06 18:34:00,CMP002,CH01
T011552,C06521,2025-12-08 01:07:00,CMP001,CH01
T011553,C06522,2025-04-15 00:00:00,CMP004,CH02
T011554,C06523,2025-04-15 00:00:00,CMP001,CH01
T011555,C06524,2025-09-30 00:00:00,CMP001,CH01
T011556,C06525,2025-06-14 00:00:00,CMP003,CH02
T011557,C06525,2025-06-19 09:50:00,CMP001,CH01
T011558,C06526,2025-02-02 00:00:00,CMP005,CH03
T011559,C06526,2025-02-06 16:19:00,CMP001,CH01
T011560,C06527,2025-09-25 00:00:00,CMP004,CH02
T011561,C06528,2025-12-14 00:00:00,CMP003,CH02
T011562,C06528,2025-12-15 22:24:00,CMP003,CH02
T011563,C06529,2025-07-07 00:00:00,CMP001,CH01
T011564,C06530,2025-10-31 00:00:00,CMP001,CH01
T011565,C06530,2025-11-06 13:03:00,CMP002,CH01
T011566,C06530,2025-11-12 18:23:00,CMP003,CH02
T011567,C06531,2025-12-15 00:00:00,CMP003,CH02
T011568,C06531,2025-12-16 02:39:00,CMP005,CH03
T011569,C06532,2025-10-22 00:00:00,CMP003,CH02
T011570,C06532,2025-10-28 23:32:00,CMP004,CH02
T011571,C06532,2025-10-31 21:43:00,CMP002,CH01
T011572,C06533,2025-04-30 00:00:00,CMP002,CH01
T011573,C06533,2025-05-02 10:37:00,CMP002,CH01
T011574,C06533,2025-05-03 15:46:00,CMP003,CH02
T011575,C06534,2025-12-31 00:00:00,CMP001,CH01
T011576,C06535,2025-09-14 00:00:00,CMP001,CH01
T011577,C06535,2025-09-15 13:09:00,CMP003,CH02
T011578,C06535,2025-09-21 00:17:00,CMP001,CH01
T011579,C06535,2025-09-22 02:02:00,CMP002,CH01
T011580,C06537,2025-04-04 00:00:00,CMP004,CH02
T011581,C06539,2025-01-12 00:00:00,CMP003,CH02
T011582,C06539,2025-01-15 09:51:00,CMP004,CH02
T011583,C06539,2025-01-22 18:23:00,CMP001,CH01
T011584,C06540,2025-04-04 00:00:00,CMP004,CH02
T011585,C06540,2025-04-09 10:32:00,CMP003,CH02
T011586,C06540,2025-04-12 21:29:00,CMP002,CH01
T011587,C06540,2025-04-18 05:07:00,CMP002,CH01
T011588,C06542,2025-07-03 00:00:00,CMP002,CH01
T011589,C06543,2025-07-11 00:00:00,CMP004,CH02
T011590,C06545,2025-12-13 00:00:00,CMP005,CH03
T011591,C06545,2025-12-20 07:53:00,CMP004,CH02
T011592,C06546,2025-11-01 00:00:00,CMP004,CH02
T011593,C06546,2025-11-05 19:53:00,CMP001,CH01
T011594,C06547,2025-08-11 00:00:00,CMP004,CH02
T011595,C06548,2025-11-04 00:00:00,CMP004,CH02
T011596,C06548,2025-11-08 06:24:00,CMP001,CH01
T011597,C06548,2025-11-15 07:30:00,CMP002,CH01
T011598,C06549,2025-04-13 00:00:00,CMP002,CH01
T011599,C06549,2025-04-19 17:50:00,CMP004,CH02
T011600,C06549,2025-04-21 11:09:00,CMP002,CH01
T011601,C06550,2025-07-02 00:00:00,CMP001,CH01
T011602,C06550,2025-07-03 17:54:00,CMP002,CH01
T011603,C06550,2025-07-05 11:55:00,CMP001,CH01
T011604,C06550,2025-07-07 22:46:00,CMP002,CH01
T011605,C06552,2025-08-26 00:00:00,CMP001,CH01
T011606,C06552,2025-08-27 06:01:00,CMP001,CH01
T011607,C06553,2025-05-06 00:00:00,CMP005,CH03
T011608,C06553,2025-05-09 09:02:00,CMP004,CH02
T011609,C06554,2025-12-15 00:00:00,CMP002,CH01
T011610,C06554,2025-12-22 00:51:00,CMP005,CH03
T011611,C06555,2025-12-17 00:00:00,CMP002,CH01
T011612,C06555,2025-12-23 11:42:00,CMP001,CH01
T011613,C06555,2025-12-30 01:41:00,CMP001,CH01
T011614,C06556,2025-11-14 00:00:00,CMP003,CH02
T011615,C06556,2025-11-17 16:58:00,CMP002,CH01
T011616,C06559,2025-02-05 00:00:00,CMP004,CH02
T011617,C06559,2025-02-08 12:20:00,CMP002,CH01
T011618,C06559,2025-02-10 07:11:00,CMP004,CH02
T011619,C06559,2025-02-12 13:02:00,CMP001,CH01
T011620,C06560,2025-06-30 00:00:00,CMP001,CH01
T011621,C06560,2025-07-03 00:05:00,CMP003,CH02
T011622,C06560,2025-07-04 14:35:00,CMP003,CH02
T011623,C06560,2025-07-10 13:03:00,CMP003,CH02
T011624,C06561,2025-01-17 00:00:00,CMP001,CH01
T011625,C06561,2025-01-21 05:08:00,CMP002,CH01
T011626,C06564,2025-09-10 00:00:00,CMP002,CH01
T011627,C06564,2025-09-11 14:43:00,CMP002,CH01
T011628,C06564,2025-09-17 11:20:00,CMP001,CH01
T011629,C06565,2025-04-24 00:00:00,CMP002,CH01
T011630,C06565,2025-04-25 22:19:00,CMP003,CH02
T011631,C06565,2025-04-29 22:48:00,CMP005,CH03
T011632,C06567,2025-01-27 00:00:00,CMP004,CH02
T011633,C06567,2025-01-31 19:24:00,CMP004,CH02
T011634,C06568,2025-10-13 00:00:00,CMP001,CH01
T011635,C06568,2025-10-14 23:06:00,CMP001,CH01
T011636,C06569,2025-03-23 00:00:00,CMP001,CH01
T011637,C06569,2025-03-30 02:32:00,CMP004,CH02
T011638,C06569,2025-04-04 17:22:00,CMP001,CH01
T011639,C06572,2025-05-11 00:00:00,CMP002,CH01
T011640,C06572,2025-05-12 12:38:00,CMP005,CH03
T011641,C06573,2025-05-14 00:00:00,CMP001,CH01
T011642,C06574,2025-09-24 00:00:00,CMP002,CH01
T011643,C06574,2025-09-25 10:45:00,CMP001,CH01
T011644,C06577,2025-05-30 00:00:00,CMP001,CH01
T011645,C06577,2025-06-01 19:45:00,CMP004,CH02
T011646,C06578,2025-07-14 00:00:00,CMP002,CH01
T011647,C06578,2025-07-17 18:17:00,CMP005,CH03
T011648,C06579,2025-12-10 00:00:00,CMP002,CH01
T011649,C06580,2025-06-21 00:00:00,CMP003,CH02
T011650,C06580,2025-06-27 12:03:00,CMP002,CH01
T011651,C06580,2025-06-30 13:56:00,CMP004,CH02
T011652,C06581,2025-12-07 00:00:00,CMP004,CH02
T011653,C06581,2025-12-14 00:09:00,CMP001,CH01
T011654,C06581,2025-12-18 17:20:00,CMP004,CH02
T011655,C06582,2025-09-19 00:00:00,CMP002,CH01
T011656,C06582,2025-09-26 05:35:00,CMP001,CH01
T011657,C06582,2025-09-30 00:04:00,CMP003,CH02
T011658,C06583,2025-03-18 00:00:00,CMP004,CH02
T011659,C06584,2025-01-17 00:00:00,CMP001,CH01
T011660,C06584,2025-01-19 03:07:00,CMP003,CH02
T011661,C06585,2025-01-23 00:00:00,CMP003,CH02
T011662,C06585,2025-01-26 10:04:00,CMP001,CH01
T011663,C06586,2025-03-30 00:00:00,CMP003,CH02
T011664,C06586,2025-04-01 21:26:00,CMP002,CH01
T011665,C06587,2025-09-01 00:00:00,CMP001,CH01
T011666,C06587,2025-09-04 10:24:00,CMP001,CH01
T011667,C06588,2025-05-12 00:00:00,CMP001,CH01
T011668,C06589,2025-02-22 00:00:00,CMP003,CH02
T011669,C06589,2025-02-25 15:22:00,CMP004,CH02
T011670,C06589,2025-03-05 00:29:00,CMP003,CH02
T011671,C06590,2025-10-22 00:00:00,CMP001,CH01
T011672,C06591,2025-09-27 00:00:00,CMP004,CH02
T011673,C06591,2025-09-29 19:09:00,CMP002,CH01
T011674,C06591,2025-10-06 14:41:00,CMP003,CH02
T011675,C06591,2025-10-14 04:06:00,CMP001,CH01
T011676,C06592,2025-08-16 00:00:00,CMP004,CH02
T011677,C06592,2025-08-23 00:28:00,CMP002,CH01
T011678,C06592,2025-08-30 18:06:00,CMP004,CH02
T011679,C06594,2025-03-20 00:00:00,CMP004,CH02
T011680,C06594,2025-03-22 03:23:00,CMP002,CH01
T011681,C06595,2025-04-06 00:00:00,CMP001,CH01
T011682,C06595,2025-04-10 06:23:00,CMP003,CH02
T011683,C06595,2025-04-13 02:39:00,CMP004,CH02
T011684,C06597,2025-08-19 00:00:00,CMP002,CH01
T011685,C06597,2025-08-22 09:29:00,CMP003,CH02
T011686,C06597,2025-08-28 03:35:00,CMP004,CH02
T011687,C06598,2025-10-02 00:00:00,CMP003,CH02
T011688,C06599,2025-03-02 00:00:00,CMP004,CH02
T011689,C06599,2025-03-04 10:59:00,CMP004,CH02
T011690,C06599,2025-03-06 02:46:00,CMP002,CH01
T011691,C06599,2025-03-08 05:56:00,CMP001,CH01
T011692,C06600,2025-07-31 00:00:00,CMP001,CH01
T011693,C06601,2025-05-04 00:00:00,CMP001,CH01
T011694,C06602,2025-03-10 00:00:00,CMP003,CH02
T011695,C06602,2025-03-11 08:48:00,CMP001,CH01
T011696,C06602,2025-03-16 15:33:00,CMP003,CH02
T011697,C06603,2025-09-05 00:00:00,CMP001,CH01
T011698,C06603,2025-09-10 09:26:00,CMP002,CH01
T011699,C06604,2025-02-26 00:00:00,CMP003,CH02
T011700,C06604,2025-03-03 01:41:00,CMP001,CH01
T011701,C06604,2025-03-05 04:56:00,CMP003,CH02
T011702,C06605,2025-07-02 00:00:00,CMP003,CH02
T011703,C06605,2025-07-04 23:48:00,CMP001,CH01
T011704,C06605,2025-07-09 05:53:00,CMP001,CH01
T011705,C06607,2025-09-08 00:00:00,CMP004,CH02
T011706,C06607,2025-09-12 21:11:00,CMP005,CH03
T011707,C06607,2025-09-18 10:33:00,CMP003,CH02
T011708,C06609,2025-12-29 00:00:00,CMP002,CH01
T011709,C06609,2025-12-30 16:03:00,CMP001,CH01
T011710,C06609,2026-01-07 13:16:00,CMP003,CH02
T011711,C06610,2025-03-22 00:00:00,CMP002,CH01
T011712,C06610,2025-03-28 09:00:00,CMP004,CH02
T011713,C06610,2025-04-01 00:22:00,CMP002,CH01
T011714,C06612,2025-04-26 00:00:00,CMP005,CH03
T011715,C06612,2025-04-28 05:38:00,CMP004,CH02
T011716,C06612,2025-04-30 04:29:00,CMP003,CH02
T011717,C06613,2025-01-04 00:00:00,CMP003,CH02
T011718,C06613,2025-01-05 18:05:00,CMP002,CH01
T011719,C06613,2025-01-11 18:10:00,CMP003,CH02
T011720,C06615,2025-08-26 00:00:00,CMP003,CH02
T011721,C06615,2025-09-02 03:29:00,CMP003,CH02
T011722,C06615,2025-09-06 19:02:00,CMP002,CH01
T011723,C06616,2025-08-12 00:00:00,CMP001,CH01
T011724,C06616,2025-08-13 22:28:00,CMP002,CH01
T011725,C06616,2025-08-20 21:46:00,CMP005,CH03
T011726,C06617,2025-07-13 00:00:00,CMP002,CH01
T011727,C06618,2025-09-04 00:00:00,CMP004,CH02
T011728,C06618,2025-09-07 19:33:00,CMP001,CH01
T011729,C06618,2025-09-12 21:46:00,CMP001,CH01
T011730,C06619,2025-02-18 00:00:00,CMP005,CH03
T011731,C06619,2025-02-23 21:23:00,CMP002,CH01
T011732,C06619,2025-02-27 18:40:00,CMP002,CH01
T011733,C06619,2025-03-02 04:50:00,CMP002,CH01
T011734,C06619,2025-03-03 18:56:00,CMP003,CH02
T011735,C06620,2025-04-12 00:00:00,CMP001,CH01
T011736,C06620,2025-04-15 13:59:00,CMP004,CH02
T011737,C06620,2025-04-18 05:18:00,CMP001,CH01
T011738,C06621,2025-06-14 00:00:00,CMP002,CH01
T011739,C06621,2025-06-16 02:40:00,CMP001,CH01
T011740,C06622,2025-08-05 00:00:00,CMP002,CH01
T011741,C06622,2025-08-07 18:16:00,CMP002,CH01
T011742,C06622,2025-08-13 12:24:00,CMP002,CH01
T011743,C06625,2025-12-02 00:00:00,CMP005,CH03
T011744,C06626,2025-04-22 00:00:00,CMP004,CH02
T011745,C06627,2025-03-16 00:00:00,CMP001,CH01
T011746,C06627,2025-03-22 13:06:00,CMP002,CH01
T011747,C06627,2025-03-25 17:28:00,CMP003,CH02
T011748,C06627,2025-03-27 11:16:00,CMP004,CH02
T011749,C06628,2025-05-03 00:00:00,CMP001,CH01
T011750,C06628,2025-05-06 16:13:00,CMP005,CH03
T011751,C06630,2025-06-29 00:00:00,CMP002,CH01
T011752,C06630,2025-07-01 09:58:00,CMP004,CH02
T011753,C06632,2025-10-02 00:00:00,CMP001,CH01
T011754,C06633,2025-07-25 00:00:00,CMP001,CH01
T011755,C06633,2025-08-01 14:41:00,CMP002,CH01
T011756,C06634,2025-04-08 00:00:00,CMP001,CH01
T011757,C06634,2025-04-14 17:55:00,CMP004,CH02
T011758,C06634,2025-04-17 12:25:00,CMP002,CH01
T011759,C06635,2025-07-19 00:00:00,CMP003,CH02
T011760,C06635,2025-07-20 18:09:00,CMP002,CH01
T011761,C06636,2025-06-30 00:00:00,CMP003,CH02
T011762,C06636,2025-07-07 12:53:00,CMP003,CH02
T011763,C06637,2025-12-03 00:00:00,CMP003,CH02
T011764,C06638,2025-03-03 00:00:00,CMP002,CH01
T011765,C06639,2025-02-24 00:00:00,CMP005,CH03
T011766,C06641,2025-12-31 00:00:00,CMP004,CH02
T011767,C06642,2025-08-29 00:00:00,CMP001,CH01
T011768,C06642,2025-09-01 16:03:00,CMP002,CH01
T011769,C06642,2025-09-03 15:46:00,CMP002,CH01
T011770,C06642,2025-09-04 19:48:00,CMP002,CH01
T011771,C06643,2025-01-29 00:00:00,CMP003,CH02
T011772,C06643,2025-02-02 21:14:00,CMP005,CH03
T011773,C06643,2025-02-07 01:51:00,CMP002,CH01
T011774,C06644,2025-09-03 00:00:00,CMP001,CH01
T011775,C06644,2025-09-07 21:58:00,CMP002,CH01
T011776,C06644,2025-09-12 21:14:00,CMP001,CH01
T011777,C06644,2025-09-17 10:07:00,CMP001,CH01
T011778,C06645,2025-12-15 00:00:00,CMP004,CH02
T011779,C06645,2025-12-22 16:34:00,CMP003,CH02
T011780,C06645,2025-12-30 13:25:00,CMP002,CH01
T011781,C06645,2026-01-05 17:43:00,CMP002,CH01
T011782,C06646,2025-09-19 00:00:00,CMP002,CH01
T011783,C06646,2025-09-26 11:14:00,CMP003,CH02
T011784,C06646,2025-10-02 10:32:00,CMP002,CH01
T011785,C06648,2025-09-10 00:00:00,CMP004,CH02
T011786,C06648,2025-09-14 14:15:00,CMP005,CH03
T011787,C06648,2025-09-18 01:26:00,CMP002,CH01
T011788,C06649,2025-10-04 00:00:00,CMP005,CH03
T011789,C06649,2025-10-06 02:05:00,CMP001,CH01
T011790,C06649,2025-10-11 05:40:00,CMP002,CH01
T011791,C06650,2025-04-20 00:00:00,CMP002,CH01
T011792,C06650,2025-04-25 21:21:00,CMP002,CH01
T011793,C06650,2025-05-02 15:52:00,CMP005,CH03
T011794,C06650,2025-05-03 16:10:00,CMP002,CH01
T011795,C06650,2025-05-08 09:03:00,CMP004,CH02
T011796,C06651,2025-05-01 00:00:00,CMP002,CH01
T011797,C06651,2025-05-08 09:11:00,CMP001,CH01
T011798,C06651,2025-05-13 14:44:00,CMP004,CH02
T011799,C06651,2025-05-20 05:44:00,CMP005,CH03
T011800,C06652,2025-04-18 00:00:00,CMP002,CH01
T011801,C06653,2025-07-26 00:00:00,CMP001,CH01
T011802,C06653,2025-07-28 03:04:00,CMP003,CH02
T011803,C06653,2025-07-30 01:39:00,CMP002,CH01
T011804,C06654,2025-07-31 00:00:00,CMP001,CH01
T011805,C06654,2025-08-06 09:29:00,CMP001,CH01
T011806,C06655,2025-03-06 00:00:00,CMP002,CH01
T011807,C06655,2025-03-10 20:12:00,CMP001,CH01
T011808,C06657,2025-02-18 00:00:00,CMP001,CH01
T011809,C06661,2025-08-11 00:00:00,CMP003,CH02
T011810,C06661,2025-08-14 04:39:00,CMP003,CH02
T011811,C06661,2025-08-21 20:28:00,CMP002,CH01
T011812,C06662,2025-04-10 00:00:00,CMP001,CH01
T011813,C06664,2025-09-22 00:00:00,CMP003,CH02
T011814,C06667,2025-10-13 00:00:00,CMP001,CH01
T011815,C06667,2025-10-19 20:33:00,CMP002,CH01
T011816,C06668,2025-02-06 00:00:00,CMP002,CH01
T011817,C06668,2025-02-11 16:54:00,CMP001,CH01
T011818,C06668,2025-02-15 03:21:00,CMP001,CH01
T011819,C06669,2025-01-27 00:00:00,CMP004,CH02
T011820,C06669,2025-01-30 15:41:00,CMP002,CH01
T011821,C06669,2025-02-06 19:35:00,CMP003,CH02
T011822,C06671,2025-06-14 00:00:00,CMP005,CH03
T011823,C06671,2025-06-17 12:23:00,CMP003,CH02
T011824,C06671,2025-06-23 06:36:00,CMP001,CH01
T011825,C06672,2025-08-10 00:00:00,CMP003,CH02
T011826,C06673,2025-05-19 00:00:00,CMP003,CH02
T011827,C06673,2025-05-26 08:01:00,CMP003,CH02
T011828,C06674,2025-03-17 00:00:00,CMP002,CH01
T011829,C06674,2025-03-21 04:32:00,CMP001,CH01
T011830,C06674,2025-03-28 09:03:00,CMP005,CH03
T011831,C06675,2025-01-13 00:00:00,CMP005,CH03
T011832,C06676,2025-05-12 00:00:00,CMP001,CH01
T011833,C06677,2025-08-31 00:00:00,CMP001,CH01
T011834,C06678,2025-06-25 00:00:00,CMP001,CH01
T011835,C06680,2025-05-30 00:00:00,CMP004,CH02
T011836,C06681,2025-02-17 00:00:00,CMP001,CH01
T011837,C06681,2025-02-22 01:33:00,CMP001,CH01
T011838,C06681,2025-02-28 22:11:00,CMP002,CH01
T011839,C06681,2025-03-07 15:52:00,CMP002,CH01
T011840,C06682,2025-03-12 00:00:00,CMP001,CH01
T011841,C06683,2025-06-09 00:00:00,CMP004,CH02
T011842,C06683,2025-06-11 06:15:00,CMP003,CH02
T011843,C06683,2025-06-19 05:45:00,CMP005,CH03
T011844,C06684,2025-08-04 00:00:00,CMP005,CH03
T011845,C06685,2025-07-12 00:00:00,CMP003,CH02
T011846,C06685,2025-07-13 22:51:00,CMP002,CH01
T011847,C06686,2025-03-05 00:00:00,CMP003,CH02
T011848,C06688,2025-11-09 00:00:00,CMP003,CH02
T011849,C06688,2025-11-16 22:26:00,CMP004,CH02
T011850,C06688,2025-11-18 07:06:00,CMP005,CH03
T011851,C06689,2025-10-19 00:00:00,CMP002,CH01
T011852,C06689,2025-10-25 18:03:00,CMP002,CH01
T011853,C06690,2025-01-21 00:00:00,CMP004,CH02
T011854,C06691,2025-06-13 00:00:00,CMP003,CH02
T011855,C06692,2025-09-11 00:00:00,CMP002,CH01
T011856,C06693,2025-01-14 00:00:00,CMP002,CH01
T011857,C06693,2025-01-17 08:26:00,CMP001,CH01
T011858,C06696,2025-05-11 00:00:00,CMP001,CH01
T011859,C06696,2025-05-18 15:50:00,CMP004,CH02
T011860,C06697,2025-05-13 00:00:00,CMP004,CH02
T011861,C06698,2025-06-23 00:00:00,CMP005,CH03
T011862,C06699,2025-09-15 00:00:00,CMP002,CH01
T011863,C06699,2025-09-18 09:26:00,CMP003,CH02
T011864,C06699,2025-09-19 13:37:00,CMP005,CH03
T011865,C06700,2025-07-19 00:00:00,CMP002,CH01
T011866,C06700,2025-07-20 22:46:00,CMP002,CH01
T011867,C06701,2025-06-23 00:00:00,CMP003,CH02
T011868,C06701,2025-06-25 21:42:00,CMP003,CH02
T011869,C06701,2025-06-29 02:34:00,CMP001,CH01
T011870,C06702,2025-03-20 00:00:00,CMP003,CH02
T011871,C06702,2025-03-22 09:52:00,CMP005,CH03
T011872,C06702,2025-03-29 00:53:00,CMP001,CH01
T011873,C06703,2025-08-02 00:00:00,CMP003,CH02
T011874,C06703,2025-08-06 11:14:00,CMP005,CH03
T011875,C06703,2025-08-07 23:55:00,CMP003,CH02
T011876,C06703,2025-08-10 19:11:00,CMP002,CH01
T011877,C06704,2025-09-05 00:00:00,CMP002,CH01
T011878,C06705,2025-11-15 00:00:00,CMP003,CH02
T011879,C06705,2025-11-20 03:50:00,CMP001,CH01
T011880,C06705,2025-11-22 08:11:00,CMP001,CH01
T011881,C06705,2025-11-29 18:41:00,CMP002,CH01
T011882,C06707,2025-06-07 00:00:00,CMP002,CH01
T011883,C06708,2025-11-06 00:00:00,CMP003,CH02
T011884,C06708,2025-11-12 16:00:00,CMP003,CH02
T011885,C06708,2025-11-16 00:11:00,CMP001,CH01
T011886,C06708,2025-11-20 00:50:00,CMP003,CH02
T011887,C06710,2025-07-22 00:00:00,CMP001,CH01
T011888,C06710,2025-07-28 15:35:00,CMP003,CH02
T011889,C06710,2025-08-01 10:24:00,CMP004,CH02
T011890,C06711,2025-09-07 00:00:00,CMP002,CH01
T011891,C06713,2025-06-29 00:00:00,CMP001,CH01
T011892,C06714,2025-06-23 00:00:00,CMP005,CH03
T011893,C06714,2025-06-28 13:45:00,CMP005,CH03
T011894,C06714,2025-06-29 14:00:00,CMP001,CH01
T011895,C06715,2025-09-07 00:00:00,CMP001,CH01
T011896,C06716,2025-12-19 00:00:00,CMP004,CH02
T011897,C06716,2025-12-22 22:19:00,CMP001,CH01
T011898,C06717,2025-09-08 00:00:00,CMP002,CH01
T011899,C06717,2025-09-14 00:55:00,CMP003,CH02
T011900,C06718,2025-02-21 00:00:00,CMP004,CH02
T011901,C06718,2025-02-22 03:37:00,CMP002,CH01
T011902,C06719,2025-08-03 00:00:00,CMP004,CH02
T011903,C06719,2025-08-07 22:55:00,CMP005,CH03
T011904,C06719,2025-08-11 00:18:00,CMP005,CH03
T011905,C06720,2025-08-25 00:00:00,CMP001,CH01
T011906,C06721,2025-10-17 00:00:00,CMP001,CH01
T011907,C06722,2025-07-29 00:00:00,CMP002,CH01
T011908,C06722,2025-08-02 04:38:00,CMP004,CH02
T011909,C06722,2025-08-07 04:35:00,CMP003,CH02
T011910,C06723,2025-06-07 00:00:00,CMP003,CH02
T011911,C06723,2025-06-08 09:18:00,CMP004,CH02
T011912,C06723,2025-06-15 07:33:00,CMP001,CH01
T011913,C06725,2025-07-27 00:00:00,CMP001,CH01
T011914,C06726,2025-06-04 00:00:00,CMP004,CH02
T011915,C06726,2025-06-11 15:19:00,CMP005,CH03
T011916,C06726,2025-06-17 06:55:00,CMP001,CH01
T011917,C06726,2025-06-21 09:30:00,CMP002,CH01
T011918,C06726,2025-06-27 11:44:00,CMP002,CH01
T011919,C06727,2025-10-25 00:00:00,CMP002,CH01
T011920,C06727,2025-11-01 19:29:00,CMP004,CH02
T011921,C06727,2025-11-07 19:27:00,CMP001,CH01
T011922,C06729,2025-02-21 00:00:00,CMP002,CH01
T011923,C06729,2025-02-25 15:39:00,CMP003,CH02
T011924,C06729,2025-02-28 11:28:00,CMP004,CH02
T011925,C06730,2025-11-01 00:00:00,CMP003,CH02
T011926,C06730,2025-11-04 15:11:00,CMP001,CH01
T011927,C06731,2025-03-04 00:00:00,CMP001,CH01
T011928,C06731,2025-03-09 03:07:00,CMP004,CH02
T011929,C06732,2025-05-05 00:00:00,CMP004,CH02
T011930,C06732,2025-05-12 18:46:00,CMP005,CH03
T011931,C06732,2025-05-14 20:59:00,CMP003,CH02
T011932,C06733,2025-10-22 00:00:00,CMP001,CH01
T011933,C06733,2025-10-29 10:44:00,CMP003,CH02
T011934,C06733,2025-11-05 15:31:00,CMP002,CH01
T011935,C06733,2025-11-08 07:18:00,CMP004,CH02
T011936,C06735,2025-04-06 00:00:00,CMP004,CH02
T011937,C06735,2025-04-11 10:53:00,CMP004,CH02
T011938,C06735,2025-04-12 11:08:00,CMP003,CH02
T011939,C06736,2025-01-22 00:00:00,CMP004,CH02
T011940,C06737,2025-12-03 00:00:00,CMP002,CH01
T011941,C06737,2025-12-04 03:33:00,CMP005,CH03
T011942,C06738,2025-05-06 00:00:00,CMP004,CH02
T011943,C06739,2025-11-28 00:00:00,CMP003,CH02
T011944,C06740,2025-02-27 00:00:00,CMP001,CH01
T011945,C06740,2025-03-03 04:52:00,CMP005,CH03
T011946,C06741,2025-01-11 00:00:00,CMP001,CH01
T011947,C06742,2025-12-09 00:00:00,CMP001,CH01
T011948,C06742,2025-12-16 00:38:00,CMP003,CH02
T011949,C06744,2025-07-17 00:00:00,CMP003,CH02
T011950,C06744,2025-07-18 02:41:00,CMP001,CH01
T011951,C06744,2025-07-20 05:02:00,CMP001,CH01
T011952,C06745,2025-05-13 00:00:00,CMP003,CH02
T011953,C06745,2025-05-18 04:57:00,CMP004,CH02
T011954,C06745,2025-05-24 09:46:00,CMP001,CH01
T011955,C06745,2025-05-28 08:25:00,CMP004,CH02
T011956,C06746,2025-03-27 00:00:00,CMP004,CH02
T011957,C06746,2025-03-31 05:46:00,CMP002,CH01
T011958,C06747,2025-04-30 00:00:00,CMP003,CH02
T011959,C06747,2025-05-04 10:57:00,CMP005,CH03
T011960,C06747,2025-05-09 08:54:00,CMP005,CH03
T011961,C06748,2025-10-06 00:00:00,CMP002,CH01
T011962,C06749,2025-04-30 00:00:00,CMP002,CH01
T011963,C06749,2025-05-05 01:00:00,CMP004,CH02
T011964,C06749,2025-05-07 22:22:00,CMP004,CH02
T011965,C06750,2025-05-18 00:00:00,CMP005,CH03
T011966,C06750,2025-05-24 20:42:00,CMP002,CH01
T011967,C06751,2025-09-09 00:00:00,CMP001,CH01
T011968,C06751,2025-09-15 15:58:00,CMP004,CH02
T011969,C06751,2025-09-22 23:08:00,CMP003,CH02
T011970,C06753,2025-06-20 00:00:00,CMP002,CH01
T011971,C06753,2025-06-23 03:16:00,CMP003,CH02
T011972,C06754,2025-07-08 00:00:00,CMP003,CH02
T011973,C06754,2025-07-10 17:11:00,CMP002,CH01
T011974,C06754,2025-07-12 00:14:00,CMP003,CH02
T011975,C06755,2025-06-08 00:00:00,CMP001,CH01
T011976,C06755,2025-06-11 09:23:00,CMP002,CH01
T011977,C06757,2025-11-29 00:00:00,CMP001,CH01
T011978,C06757,2025-12-03 18:20:00,CMP003,CH02
T011979,C06757,2025-12-10 04:09:00,CMP003,CH02
T011980,C06760,2025-06-04 00:00:00,CMP002,CH01
T011981,C06760,2025-06-11 11:04:00,CMP002,CH01
T011982,C06760,2025-06-13 02:46:00,CMP003,CH02
T011983,C06761,2025-03-12 00:00:00,CMP003,CH02
T011984,C06762,2025-03-06 00:00:00,CMP005,CH03
T011985,C06762,2025-03-09 09:21:00,CMP002,CH01
T011986,C06762,2025-03-11 00:40:00,CMP004,CH02
T011987,C06762,2025-03-18 06:32:00,CMP003,CH02
T011988,C06763,2025-04-11 00:00:00,CMP004,CH02
T011989,C06763,2025-04-16 21:17:00,CMP002,CH01
T011990,C06763,2025-04-17 21:21:00,CMP001,CH01
T011991,C06765,2025-10-23 00:00:00,CMP005,CH03
T011992,C06765,2025-10-27 19:03:00,CMP001,CH01
T011993,C06765,2025-11-03 08:56:00,CMP002,CH01
T011994,C06765,2025-11-08 21:15:00,CMP002,CH01
T011995,C06765,2025-11-15 02:08:00,CMP005,CH03
T011996,C06767,2025-12-16 00:00:00,CMP003,CH02
T011997,C06767,2025-12-23 05:44:00,CMP003,CH02
T011998,C06769,2025-10-25 00:00:00,CMP001,CH01
T011999,C06769,2025-10-28 16:55:00,CMP005,CH03
T012000,C06769,2025-11-03 06:51:00,CMP001,CH01
T012001,C06770,2025-12-07 00:00:00,CMP001,CH01
T012002,C06772,2025-12-11 00:00:00,CMP002,CH01
T012003,C06772,2025-12-14 22:29:00,CMP003,CH02
T012004,C06772,2025-12-20 00:49:00,CMP002,CH01
T012005,C06773,2025-07-08 00:00:00,CMP002,CH01
T012006,C06774,2025-07-10 00:00:00,CMP002,CH01
T012007,C06774,2025-07-14 21:36:00,CMP003,CH02
T012008,C06775,2025-01-30 00:00:00,CMP001,CH01
T012009,C06776,2025-09-23 00:00:00,CMP002,CH01
T012010,C06776,2025-09-29 01:28:00,CMP005,CH03
T012011,C06778,2025-02-04 00:00:00,CMP002,CH01
T012012,C06779,2025-03-10 00:00:00,CMP002,CH01
T012013,C06780,2025-07-08 00:00:00,CMP004,CH02
T012014,C06781,2025-03-16 00:00:00,CMP001,CH01
T012015,C06783,2025-02-16 00:00:00,CMP002,CH01
T012016,C06783,2025-02-19 09:09:00,CMP002,CH01
T012017,C06783,2025-02-26 07:42:00,CMP003,CH02
T012018,C06784,2025-11-11 00:00:00,CMP003,CH02
T012019,C06784,2025-11-17 02:08:00,CMP002,CH01
T012020,C06784,2025-11-19 11:43:00,CMP001,CH01
T012021,C06785,2025-08-03 00:00:00,CMP001,CH01
T012022,C06785,2025-08-08 08:49:00,CMP002,CH01
T012023,C06785,2025-08-15 07:19:00,CMP001,CH01
T012024,C06787,2025-03-10 00:00:00,CMP004,CH02
T012025,C06788,2025-05-29 00:00:00,CMP003,CH02
T012026,C06788,2025-06-02 22:28:00,CMP001,CH01
T012027,C06789,2025-10-29 00:00:00,CMP004,CH02
T012028,C06790,2025-08-15 00:00:00,CMP001,CH01
T012029,C06791,2025-05-15 00:00:00,CMP001,CH01
T012030,C06793,2025-05-28 00:00:00,CMP003,CH02
T012031,C06793,2025-06-03 15:51:00,CMP002,CH01
T012032,C06794,2025-07-04 00:00:00,CMP004,CH02
T012033,C06794,2025-07-08 20:27:00,CMP004,CH02
T012034,C06794,2025-07-16 07:32:00,CMP002,CH01
T012035,C06795,2025-05-14 00:00:00,CMP005,CH03
T012036,C06795,2025-05-19 17:08:00,CMP001,CH01
T012037,C06796,2025-07-29 00:00:00,CMP004,CH02
T012038,C06797,2025-12-01 00:00:00,CMP003,CH02
T012039,C06798,2025-11-19 00:00:00,CMP004,CH02
T012040,C06798,2025-11-20 06:09:00,CMP005,CH03
T012041,C06798,2025-11-22 17:29:00,CMP002,CH01
T012042,C06798,2025-11-28 16:52:00,CMP001,CH01
T012043,C06799,2025-12-28 00:00:00,CMP004,CH02
T012044,C06799,2025-12-31 13:01:00,CMP001,CH01
T012045,C06799,2026-01-05 11:49:00,CMP005,CH03
T012046,C06800,2025-03-14 00:00:00,CMP004,CH02
T012047,C06800,2025-03-19 15:51:00,CMP001,CH01
T012048,C06801,2025-08-17 00:00:00,CMP004,CH02
T012049,C06801,2025-08-24 02:02:00,CMP002,CH01
T012050,C06801,2025-08-31 03:01:00,CMP001,CH01
T012051,C06801,2025-09-07 05:46:00,CMP001,CH01
T012052,C06803,2025-04-19 00:00:00,CMP005,CH03
T012053,C06804,2025-04-25 00:00:00,CMP001,CH01
T012054,C06804,2025-04-29 23:58:00,CMP002,CH01
T012055,C06805,2025-07-24 00:00:00,CMP001,CH01
T012056,C06805,2025-07-26 12:30:00,CMP004,CH02
T012057,C06805,2025-07-27 17:35:00,CMP004,CH02
T012058,C06806,2025-10-26 00:00:00,CMP005,CH03
T012059,C06807,2025-11-22 00:00:00,CMP002,CH01
T012060,C06807,2025-11-25 22:34:00,CMP004,CH02
T012061,C06807,2025-11-28 17:01:00,CMP004,CH02
T012062,C06808,2025-10-29 00:00:00,CMP002,CH01
T012063,C06808,2025-10-30 14:37:00,CMP001,CH01
T012064,C06808,2025-11-06 16:37:00,CMP002,CH01
T012065,C06810,2025-08-24 00:00:00,CMP001,CH01
T012066,C06811,2025-02-09 00:00:00,CMP002,CH01
T012067,C06811,2025-02-16 11:12:00,CMP003,CH02
T012068,C06811,2025-02-20 05:57:00,CMP003,CH02
T012069,C06811,2025-02-24 05:39:00,CMP001,CH01
T012070,C06811,2025-02-28 01:51:00,CMP003,CH02
T012071,C06812,2025-10-13 00:00:00,CMP001,CH01
T012072,C06812,2025-10-16 07:17:00,CMP001,CH01
T012073,C06812,2025-10-20 03:55:00,CMP002,CH01
T012074,C06813,2025-03-29 00:00:00,CMP004,CH02
T012075,C06813,2025-04-04 17:00:00,CMP001,CH01
T012076,C06813,2025-04-12 06:16:00,CMP004,CH02
T012077,C06813,2025-04-16 09:56:00,CMP002,CH01
T012078,C06815,2025-04-19 00:00:00,CMP005,CH03
T012079,C06815,2025-04-25 05:17:00,CMP002,CH01
T012080,C06818,2025-11-06 00:00:00,CMP004,CH02
T012081,C06818,2025-11-11 18:27:00,CMP001,CH01
T012082,C06818,2025-11-17 14:08:00,CMP003,CH02
T012083,C06819,2025-12-30 00:00:00,CMP002,CH01
T012084,C06821,2025-01-28 00:00:00,CMP001,CH01
T012085,C06821,2025-01-31 14:25:00,CMP002,CH01
T012086,C06822,2025-05-20 00:00:00,CMP002,CH01
T012087,C06824,2025-02-16 00:00:00,CMP004,CH02
T012088,C06824,2025-02-18 04:21:00,CMP002,CH01
T012089,C06824,2025-02-25 09:45:00,CMP002,CH01
T012090,C06824,2025-03-04 04:49:00,CMP002,CH01
T012091,C06826,2025-11-07 00:00:00,CMP002,CH01
T012092,C06826,2025-11-09 03:15:00,CMP002,CH01
T012093,C06827,2025-01-10 00:00:00,CMP001,CH01
T012094,C06827,2025-01-12 18:25:00,CMP001,CH01
T012095,C06829,2025-12-31 00:00:00,CMP001,CH01
T012096,C06830,2025-01-06 00:00:00,CMP004,CH02
T012097,C06830,2025-01-08 09:57:00,CMP001,CH01
T012098,C06830,2025-01-12 22:57:00,CMP003,CH02
T012099,C06830,2025-01-18 14:04:00,CMP001,CH01
T012100,C06831,2025-04-21 00:00:00,CMP003,CH02
T012101,C06831,2025-04-24 00:16:00,CMP002,CH01
T012102,C06831,2025-04-25 09:08:00,CMP005,CH03
T012103,C06831,2025-04-27 06:42:00,CMP005,CH03
T012104,C06832,2025-09-29 00:00:00,CMP002,CH01
T012105,C06833,2025-05-08 00:00:00,CMP001,CH01
T012106,C06833,2025-05-14 02:50:00,CMP001,CH01
T012107,C06835,2025-05-05 00:00:00,CMP003,CH02
T012108,C06840,2025-01-07 00:00:00,CMP003,CH02
T012109,C06840,2025-01-13 11:48:00,CMP001,CH01
T012110,C06840,2025-01-18 17:45:00,CMP001,CH01
T012111,C06842,2025-07-11 00:00:00,CMP005,CH03
T012112,C06844,2025-05-21 00:00:00,CMP001,CH01
T012113,C06844,2025-05-28 16:53:00,CMP005,CH03
T012114,C06844,2025-06-03 17:49:00,CMP003,CH02
T012115,C06845,2025-05-16 00:00:00,CMP004,CH02
T012116,C06845,2025-05-20 04:56:00,CMP001,CH01
T012117,C06845,2025-05-27 09:16:00,CMP003,CH02
T012118,C06847,2025-01-14 00:00:00,CMP001,CH01
T012119,C06848,2025-09-03 00:00:00,CMP002,CH01
T012120,C06849,2025-03-05 00:00:00,CMP003,CH02
T012121,C06849,2025-03-09 10:32:00,CMP004,CH02
T012122,C06849,2025-03-13 18:45:00,CMP005,CH03
T012123,C06849,2025-03-19 06:35:00,CMP002,CH01
T012124,C06849,2025-03-20 11:14:00,CMP003,CH02
T012125,C06850,2025-02-27 00:00:00,CMP003,CH02
T012126,C06851,2025-01-05 00:00:00,CMP003,CH02
T012127,C06851,2025-01-09 18:01:00,CMP004,CH02
T012128,C06851,2025-01-13 06:13:00,CMP004,CH02
T012129,C06851,2025-01-14 21:43:00,CMP001,CH01
T012130,C06852,2025-06-22 00:00:00,CMP004,CH02
T012131,C06852,2025-06-24 14:29:00,CMP002,CH01
T012132,C06852,2025-06-27 02:07:00,CMP003,CH02
T012133,C06853,2025-06-11 00:00:00,CMP005,CH03
T012134,C06853,2025-06-17 20:15:00,CMP005,CH03
T012135,C06853,2025-06-25 03:13:00,CMP001,CH01
T012136,C06855,2025-04-11 00:00:00,CMP004,CH02
T012137,C06855,2025-04-14 00:25:00,CMP003,CH02
T012138,C06855,2025-04-19 10:20:00,CMP002,CH01
T012139,C06856,2025-03-24 00:00:00,CMP002,CH01
T012140,C06856,2025-03-27 15:47:00,CMP001,CH01
T012141,C06857,2025-07-21 00:00:00,CMP002,CH01
T012142,C06859,2025-11-25 00:00:00,CMP005,CH03
T012143,C06860,2025-07-12 00:00:00,CMP003,CH02
T012144,C06860,2025-07-14 12:47:00,CMP005,CH03
T012145,C06861,2025-09-03 00:00:00,CMP004,CH02
T012146,C06863,2025-04-15 00:00:00,CMP002,CH01
T012147,C06864,2025-09-12 00:00:00,CMP001,CH01
T012148,C06864,2025-09-18 20:59:00,CMP004,CH02
T012149,C06864,2025-09-22 06:21:00,CMP002,CH01
T012150,C06864,2025-09-25 09:42:00,CMP002,CH01
T012151,C06867,2025-12-24 00:00:00,CMP005,CH03
T012152,C06867,2025-12-28 02:19:00,CMP002,CH01
T012153,C06867,2026-01-02 11:26:00,CMP001,CH01
T012154,C06869,2025-07-01 00:00:00,CMP004,CH02
T012155,C06870,2025-11-22 00:00:00,CMP001,CH01
T012156,C06872,2025-06-26 00:00:00,CMP001,CH01
T012157,C06872,2025-06-29 23:19:00,CMP004,CH02
T012158,C06872,2025-07-06 16:25:00,CMP002,CH01
T012159,C06873,2025-01-18 00:00:00,CMP003,CH02
T012160,C06873,2025-01-23 03:02:00,CMP003,CH02
T012161,C06874,2025-07-02 00:00:00,CMP001,CH01
T012162,C06874,2025-07-06 04:25:00,CMP001,CH01
T012163,C06874,2025-07-12 12:47:00,CMP002,CH01
T012164,C06875,2025-08-02 00:00:00,CMP003,CH02
T012165,C06876,2025-10-01 00:00:00,CMP004,CH02
T012166,C06876,2025-10-04 18:31:00,CMP001,CH01
T012167,C06877,2025-02-13 00:00:00,CMP002,CH01
T012168,C06878,2025-12-12 00:00:00,CMP003,CH02
T012169,C06878,2025-12-16 14:56:00,CMP002,CH01
T012170,C06878,2025-12-22 18:33:00,CMP001,CH01
T012171,C06879,2025-05-07 00:00:00,CMP002,CH01
T012172,C06879,2025-05-10 11:53:00,CMP002,CH01
T012173,C06879,2025-05-18 02:32:00,CMP004,CH02
T012174,C06880,2025-11-02 00:00:00,CMP001,CH01
T012175,C06880,2025-11-06 12:28:00,CMP004,CH02
T012176,C06881,2025-04-14 00:00:00,CMP002,CH01
T012177,C06881,2025-04-16 19:52:00,CMP001,CH01
T012178,C06881,2025-04-24 13:17:00,CMP001,CH01
T012179,C06881,2025-04-30 09:22:00,CMP003,CH02
T012180,C06882,2025-11-25 00:00:00,CMP003,CH02
T012181,C06882,2025-11-29 10:38:00,CMP004,CH02
T012182,C06882,2025-12-06 01:18:00,CMP001,CH01
T012183,C06882,2025-12-09 04:31:00,CMP001,CH01
T012184,C06883,2025-03-15 00:00:00,CMP004,CH02
T012185,C06883,2025-03-19 02:13:00,CMP004,CH02
T012186,C06883,2025-03-24 10:43:00,CMP003,CH02
T012187,C06884,2025-11-21 00:00:00,CMP001,CH01
T012188,C06884,2025-11-26 08:58:00,CMP002,CH01
T012189,C06885,2025-04-05 00:00:00,CMP005,CH03
T012190,C06886,2025-04-03 00:00:00,CMP003,CH02
T012191,C06886,2025-04-08 10:03:00,CMP002,CH01
T012192,C06887,2025-01-04 00:00:00,CMP002,CH01
T012193,C06887,2025-01-11 08:29:00,CMP002,CH01
T012194,C06888,2025-04-25 00:00:00,CMP002,CH01
T012195,C06888,2025-04-26 03:57:00,CMP005,CH03
T012196,C06889,2025-01-23 00:00:00,CMP002,CH01
T012197,C06890,2025-02-02 00:00:00,CMP005,CH03
T012198,C06890,2025-02-04 07:30:00,CMP004,CH02
T012199,C06891,2025-07-05 00:00:00,CMP002,CH01
T012200,C06891,2025-07-12 16:22:00,CMP002,CH01
T012201,C06893,2025-11-13 00:00:00,CMP004,CH02
T012202,C06894,2025-05-26 00:00:00,CMP002,CH01
T012203,C06894,2025-05-30 22:28:00,CMP004,CH02
T012204,C06894,2025-06-06 01:55:00,CMP003,CH02
T012205,C06895,2025-10-17 00:00:00,CMP003,CH02
T012206,C06895,2025-10-18 22:59:00,CMP005,CH03
T012207,C06896,2025-01-08 00:00:00,CMP001,CH01
T012208,C06896,2025-01-09 08:18:00,CMP005,CH03
T012209,C06897,2025-06-25 00:00:00,CMP004,CH02
T012210,C06898,2025-12-09 00:00:00,CMP004,CH02
T012211,C06899,2025-01-13 00:00:00,CMP001,CH01
T012212,C06899,2025-01-19 21:16:00,CMP004,CH02
T012213,C06900,2025-12-24 00:00:00,CMP002,CH01
T012214,C06902,2025-09-03 00:00:00,CMP002,CH01
T012215,C06903,2025-03-14 00:00:00,CMP003,CH02
T012216,C06904,2025-06-01 00:00:00,CMP001,CH01
T012217,C06904,2025-06-06 01:07:00,CMP004,CH02
T012218,C06905,2025-12-28 00:00:00,CMP002,CH01
T012219,C06905,2025-12-30 14:19:00,CMP001,CH01
T012220,C06905,2026-01-02 13:45:00,CMP001,CH01
T012221,C06905,2026-01-05 03:25:00,CMP004,CH02
T012222,C06906,2025-09-20 00:00:00,CMP002,CH01
T012223,C06906,2025-09-27 16:36:00,CMP003,CH02
T012224,C06906,2025-09-30 21:24:00,CMP001,CH01
T012225,C06907,2025-09-15 00:00:00,CMP001,CH01
T012226,C06907,2025-09-21 00:53:00,CMP001,CH01
T012227,C06908,2025-08-08 00:00:00,CMP002,CH01
T012228,C06908,2025-08-11 04:09:00,CMP001,CH01
T012229,C06908,2025-08-13 21:27:00,CMP004,CH02
T012230,C06908,2025-08-15 04:27:00,CMP001,CH01
T012231,C06908,2025-08-18 07:49:00,CMP002,CH01
T012232,C06910,2025-02-02 00:00:00,CMP003,CH02
T012233,C06910,2025-02-08 09:26:00,CMP002,CH01
T012234,C06910,2025-02-11 04:26:00,CMP004,CH02
T012235,C06910,2025-02-14 13:32:00,CMP003,CH02
T012236,C06911,2025-02-09 00:00:00,CMP001,CH01
T012237,C06913,2025-05-14 00:00:00,CMP002,CH01
T012238,C06914,2025-10-02 00:00:00,CMP002,CH01
T012239,C06914,2025-10-08 23:47:00,CMP003,CH02
T012240,C06915,2025-12-29 00:00:00,CMP004,CH02
T012241,C06916,2025-10-18 00:00:00,CMP004,CH02
T012242,C06916,2025-10-24 20:58:00,CMP002,CH01
T012243,C06917,2025-08-22 00:00:00,CMP001,CH01
T012244,C06917,2025-08-28 05:06:00,CMP004,CH02
T012245,C06918,2025-05-13 00:00:00,CMP001,CH01
T012246,C06919,2025-02-12 00:00:00,CMP002,CH01
T012247,C06919,2025-02-19 21:11:00,CMP002,CH01
T012248,C06921,2025-09-18 00:00:00,CMP002,CH01
T012249,C06921,2025-09-19 17:11:00,CMP003,CH02
T012250,C06922,2025-02-25 00:00:00,CMP001,CH01
T012251,C06923,2025-12-15 00:00:00,CMP001,CH01
T012252,C06923,2025-12-21 03:38:00,CMP003,CH02
T012253,C06923,2025-12-26 02:52:00,CMP003,CH02
T012254,C06923,2025-12-29 20:40:00,CMP003,CH02
T012255,C06924,2025-01-19 00:00:00,CMP002,CH01
T012256,C06925,2025-02-03 00:00:00,CMP005,CH03
T012257,C06925,2025-02-10 14:11:00,CMP004,CH02
T012258,C06926,2025-06-10 00:00:00,CMP001,CH01
T012259,C06928,2025-09-15 00:00:00,CMP004,CH02
T012260,C06928,2025-09-21 01:10:00,CMP002,CH01
T012261,C06928,2025-09-25 22:59:00,CMP003,CH02
T012262,C06929,2025-08-30 00:00:00,CMP002,CH01
T012263,C06929,2025-09-01 10:31:00,CMP002,CH01
T012264,C06929,2025-09-08 02:45:00,CMP001,CH01
T012265,C06930,2025-06-14 00:00:00,CMP001,CH01
T012266,C06931,2025-04-21 00:00:00,CMP004,CH02
T012267,C06933,2025-10-09 00:00:00,CMP004,CH02
T012268,C06933,2025-10-15 16:49:00,CMP001,CH01
T012269,C06934,2025-08-04 00:00:00,CMP001,CH01
T012270,C06935,2025-05-25 00:00:00,CMP002,CH01
T012271,C06935,2025-05-28 12:08:00,CMP003,CH02
T012272,C06936,2025-06-23 00:00:00,CMP005,CH03
T012273,C06936,2025-06-25 02:59:00,CMP003,CH02
T012274,C06937,2025-05-30 00:00:00,CMP004,CH02
T012275,C06937,2025-06-05 12:38:00,CMP001,CH01
T012276,C06937,2025-06-11 04:50:00,CMP002,CH01
T012277,C06938,2025-08-09 00:00:00,CMP003,CH02
T012278,C06939,2025-08-30 00:00:00,CMP002,CH01
T012279,C06939,2025-08-31 17:47:00,CMP002,CH01
T012280,C06939,2025-09-06 06:10:00,CMP002,CH01
T012281,C06940,2025-03-16 00:00:00,CMP001,CH01
T012282,C06941,2025-06-02 00:00:00,CMP004,CH02
T012283,C06941,2025-06-06 14:07:00,CMP004,CH02
T012284,C06941,2025-06-13 18:12:00,CMP004,CH02
T012285,C06942,2025-02-13 00:00:00,CMP001,CH01
T012286,C06943,2025-10-30 00:00:00,CMP003,CH02
T012287,C06943,2025-11-05 18:36:00,CMP001,CH01
T012288,C06944,2025-10-07 00:00:00,CMP004,CH02
T012289,C06945,2025-12-10 00:00:00,CMP003,CH02
T012290,C06945,2025-12-17 10:39:00,CMP004,CH02
T012291,C06945,2025-12-24 05:44:00,CMP003,CH02
T012292,C06946,2025-03-18 00:00:00,CMP001,CH01
T012293,C06946,2025-03-25 14:27:00,CMP005,CH03
T012294,C06947,2025-04-27 00:00:00,CMP005,CH03
T012295,C06948,2025-09-26 00:00:00,CMP002,CH01
T012296,C06948,2025-09-30 08:27:00,CMP004,CH02
T012297,C06949,2025-11-28 00:00:00,CMP001,CH01
T012298,C06950,2025-05-02 00:00:00,CMP002,CH01
T012299,C06950,2025-05-03 23:48:00,CMP003,CH02
T012300,C06951,2025-02-05 00:00:00,CMP005,CH03
T012301,C06951,2025-02-06 22:54:00,CMP002,CH01
T012302,C06951,2025-02-13 13:21:00,CMP002,CH01
T012303,C06952,2025-01-18 00:00:00,CMP003,CH02
T012304,C06952,2025-01-22 06:30:00,CMP005,CH03
T012305,C06954,2025-03-19 00:00:00,CMP001,CH01
T012306,C06954,2025-03-22 01:41:00,CMP002,CH01
T012307,C06957,2025-10-08 00:00:00,CMP004,CH02
T012308,C06958,2025-04-21 00:00:00,CMP004,CH02
T012309,C06958,2025-04-24 18:14:00,CMP001,CH01
T012310,C06959,2025-08-15 00:00:00,CMP001,CH01
T012311,C06959,2025-08-16 18:37:00,CMP001,CH01
T012312,C06961,2025-02-09 00:00:00,CMP002,CH01
T012313,C06962,2025-05-27 00:00:00,CMP001,CH01
T012314,C06962,2025-06-03 14:20:00,CMP004,CH02
T012315,C06962,2025-06-08 04:32:00,CMP005,CH03
T012316,C06963,2025-03-05 00:00:00,CMP002,CH01
T012317,C06963,2025-03-09 00:59:00,CMP004,CH02
T012318,C06963,2025-03-13 20:04:00,CMP003,CH02
T012319,C06964,2025-11-14 00:00:00,CMP003,CH02
T012320,C06964,2025-11-20 11:25:00,CMP003,CH02
T012321,C06965,2025-04-14 00:00:00,CMP002,CH01
T012322,C06965,2025-04-15 01:03:00,CMP001,CH01
T012323,C06965,2025-04-18 21:24:00,CMP001,CH01
T012324,C06966,2025-06-08 00:00:00,CMP004,CH02
T012325,C06966,2025-06-10 02:27:00,CMP002,CH01
T012326,C06967,2025-09-02 00:00:00,CMP004,CH02
T012327,C06968,2025-04-12 00:00:00,CMP002,CH01
T012328,C06969,2025-12-01 00:00:00,CMP003,CH02
T012329,C06969,2025-12-03 14:38:00,CMP001,CH01
T012330,C06969,2025-12-08 16:02:00,CMP004,CH02
T012331,C06969,2025-12-14 04:44:00,CMP003,CH02
T012332,C06969,2025-12-17 20:48:00,CMP002,CH01
T012333,C06970,2025-11-10 00:00:00,CMP002,CH01
T012334,C06970,2025-11-12 02:05:00,CMP003,CH02
T012335,C06970,2025-11-18 18:57:00,CMP001,CH01
T012336,C06970,2025-11-20 12:15:00,CMP004,CH02
T012337,C06972,2025-03-02 00:00:00,CMP005,CH03
T012338,C06973,2025-04-04 00:00:00,CMP003,CH02
T012339,C06973,2025-04-10 05:37:00,CMP001,CH01
T012340,C06973,2025-04-13 15:33:00,CMP004,CH02
T012341,C06974,2025-05-25 00:00:00,CMP005,CH03
T012342,C06975,2025-10-29 00:00:00,CMP004,CH02
T012343,C06975,2025-11-04 09:12:00,CMP001,CH01
T012344,C06976,2025-11-09 00:00:00,CMP001,CH01
T012345,C06976,2025-11-10 14:32:00,CMP005,CH03
T012346,C06976,2025-11-16 18:24:00,CMP001,CH01
T012347,C06977,2025-10-13 00:00:00,CMP003,CH02
T012348,C06977,2025-10-18 22:17:00,CMP004,CH02
T012349,C06977,2025-10-20 21:51:00,CMP003,CH02
T012350,C06979,2025-03-24 00:00:00,CMP001,CH01
T012351,C06979,2025-03-31 06:25:00,CMP003,CH02
T012352,C06979,2025-04-03 10:12:00,CMP005,CH03
T012353,C06979,2025-04-07 16:44:00,CMP002,CH01
T012354,C06981,2025-07-05 00:00:00,CMP002,CH01
T012355,C06981,2025-07-12 18:18:00,CMP001,CH01
T012356,C06982,2025-06-04 00:00:00,CMP002,CH01
T012357,C06982,2025-06-08 08:23:00,CMP002,CH01
T012358,C06982,2025-06-10 23:58:00,CMP004,CH02
T012359,C06983,2025-06-16 00:00:00,CMP001,CH01
T012360,C06983,2025-06-23 00:00:00,CMP002,CH01
T012361,C06983,2025-06-26 01:37:00,CMP002,CH01
T012362,C06983,2025-06-27 07:33:00,CMP003,CH02
T012363,C06983,2025-07-03 01:43:00,CMP002,CH01
T012364,C06987,2025-07-18 00:00:00,CMP001,CH01
T012365,C06987,2025-07-25 03:23:00,CMP002,CH01
T012366,C06987,2025-07-29 17:49:00,CMP005,CH03
T012367,C06989,2025-09-14 00:00:00,CMP002,CH01
T012368,C06989,2025-09-18 18:45:00,CMP001,CH01
T012369,C06989,2025-09-25 04:14:00,CMP002,CH01
T012370,C06992,2025-05-05 00:00:00,CMP004,CH02
T012371,C06992,2025-05-11 22:20:00,CMP003,CH02
T012372,C06992,2025-05-13 01:31:00,CMP001,CH01
T012373,C06993,2025-02-22 00:00:00,CMP004,CH02
T012374,C06994,2025-05-01 00:00:00,CMP002,CH01
T012375,C06995,2025-03-19 00:00:00,CMP001,CH01
T012376,C06995,2025-03-26 05:55:00,CMP001,CH01
T012377,C06995,2025-03-29 08:01:00,CMP001,CH01
T012378,C06997,2025-10-17 00:00:00,CMP002,CH01
T012379,C06997,2025-10-18 12:26:00,CMP004,CH02
T012380,C06998,2025-07-22 00:00:00,CMP004,CH02
T012381,C06999,2025-10-08 00:00:00,CMP004,CH02
T012382,C07000,2025-11-25 00:00:00,CMP004,CH02
T012383,C07001,2025-10-02 00:00:00,CMP003,CH02
T012384,C07002,2025-05-15 00:00:00,CMP002,CH01
T012385,C07002,2025-05-16 15:16:00,CMP003,CH02
T012386,C07003,2025-11-07 00:00:00,CMP005,CH03
T012387,C07004,2025-10-24 00:00:00,CMP002,CH01
T012388,C07004,2025-10-26 18:07:00,CMP002,CH01
T012389,C07004,2025-10-28 08:32:00,CMP003,CH02
T012390,C07005,2025-10-13 00:00:00,CMP002,CH01
T012391,C07005,2025-10-19 02:22:00,CMP001,CH01
T012392,C07007,2025-08-02 00:00:00,CMP001,CH01
T012393,C07007,2025-08-09 10:19:00,CMP001,CH01
T012394,C07007,2025-08-17 08:46:00,CMP002,CH01
T012395,C07008,2025-06-05 00:00:00,CMP002,CH01
T012396,C07011,2025-12-15 00:00:00,CMP005,CH03
T012397,C07011,2025-12-20 20:52:00,CMP002,CH01
T012398,C07011,2025-12-28 01:32:00,CMP002,CH01
T012399,C07012,2025-10-02 00:00:00,CMP005,CH03
T012400,C07013,2025-08-26 00:00:00,CMP002,CH01
T012401,C07014,2025-03-15 00:00:00,CMP002,CH01
T012402,C07015,2025-01-13 00:00:00,CMP002,CH01
T012403,C07017,2025-10-22 00:00:00,CMP003,CH02
T012404,C07018,2025-11-26 00:00:00,CMP001,CH01
T012405,C07019,2025-07-21 00:00:00,CMP001,CH01
T012406,C07020,2025-11-03 00:00:00,CMP001,CH01
T012407,C07020,2025-11-10 16:28:00,CMP003,CH02
T012408,C07021,2025-07-31 00:00:00,CMP004,CH02
T012409,C07021,2025-08-01 07:32:00,CMP003,CH02
T012410,C07023,2025-01-21 00:00:00,CMP003,CH02
T012411,C07026,2025-09-30 00:00:00,CMP003,CH02
T012412,C07027,2025-01-10 00:00:00,CMP001,CH01
T012413,C07027,2025-01-16 07:04:00,CMP003,CH02
T012414,C07029,2025-10-12 00:00:00,CMP001,CH01
T012415,C07029,2025-10-17 08:55:00,CMP001,CH01
T012416,C07029,2025-10-19 01:54:00,CMP003,CH02
T012417,C07030,2025-09-13 00:00:00,CMP002,CH01
T012418,C07031,2025-07-28 00:00:00,CMP004,CH02
T012419,C07032,2025-12-20 00:00:00,CMP003,CH02
T012420,C07033,2025-08-13 00:00:00,CMP001,CH01
T012421,C07033,2025-08-17 07:11:00,CMP003,CH02
T012422,C07034,2025-08-25 00:00:00,CMP003,CH02
T012423,C07034,2025-08-29 08:35:00,CMP005,CH03
T012424,C07034,2025-09-04 09:08:00,CMP002,CH01
T012425,C07035,2025-11-04 00:00:00,CMP003,CH02
T012426,C07035,2025-11-08 04:26:00,CMP004,CH02
T012427,C07036,2025-08-11 00:00:00,CMP003,CH02
T012428,C07036,2025-08-18 22:39:00,CMP005,CH03
T012429,C07037,2025-04-02 00:00:00,CMP004,CH02
T012430,C07038,2025-12-24 00:00:00,CMP005,CH03
T012431,C07038,2025-12-29 14:32:00,CMP004,CH02
T012432,C07038,2026-01-03 07:31:00,CMP001,CH01
T012433,C07038,2026-01-06 00:05:00,CMP002,CH01
T012434,C07039,2025-10-19 00:00:00,CMP003,CH02
T012435,C07040,2025-03-04 00:00:00,CMP005,CH03
T012436,C07040,2025-03-07 09:59:00,CMP001,CH01
T012437,C07042,2025-03-29 00:00:00,CMP002,CH01
T012438,C07042,2025-04-02 14:53:00,CMP001,CH01
T012439,C07042,2025-04-08 09:01:00,CMP002,CH01
T012440,C07043,2025-02-03 00:00:00,CMP002,CH01
T012441,C07043,2025-02-06 19:37:00,CMP003,CH02
T012442,C07043,2025-02-08 03:49:00,CMP005,CH03
T012443,C07043,2025-02-13 23:11:00,CMP001,CH01
T012444,C07044,2025-05-02 00:00:00,CMP001,CH01
T012445,C07044,2025-05-08 11:43:00,CMP001,CH01
T012446,C07044,2025-05-12 09:15:00,CMP004,CH02
T012447,C07045,2025-04-29 00:00:00,CMP003,CH02
T012448,C07045,2025-05-04 01:27:00,CMP002,CH01
T012449,C07046,2025-07-06 00:00:00,CMP005,CH03
T012450,C07046,2025-07-11 21:27:00,CMP003,CH02
T012451,C07047,2025-12-09 00:00:00,CMP005,CH03
T012452,C07047,2025-12-13 03:53:00,CMP004,CH02
T012453,C07048,2025-03-06 00:00:00,CMP002,CH01
T012454,C07048,2025-03-13 21:02:00,CMP003,CH02
T012455,C07048,2025-03-20 08:35:00,CMP002,CH01
T012456,C07050,2025-10-16 00:00:00,CMP001,CH01
T012457,C07050,2025-10-20 08:42:00,CMP003,CH02
T012458,C07050,2025-10-23 09:45:00,CMP002,CH01
T012459,C07050,2025-10-30 12:19:00,CMP004,CH02
T012460,C07050,2025-11-05 13:19:00,CMP004,CH02
T012461,C07053,2025-09-13 00:00:00,CMP005,CH03
T012462,C07054,2025-05-03 00:00:00,CMP004,CH02
T012463,C07054,2025-05-05 08:33:00,CMP002,CH01
T012464,C07056,2025-09-19 00:00:00,CMP005,CH03
T012465,C07057,2025-11-18 00:00:00,CMP002,CH01
T012466,C07057,2025-11-22 19:59:00,CMP004,CH02
T012467,C07057,2025-11-28 18:15:00,CMP001,CH01
T012468,C07058,2025-01-15 00:00:00,CMP001,CH01
T012469,C07058,2025-01-21 06:52:00,CMP001,CH01
T012470,C07058,2025-01-28 09:09:00,CMP001,CH01
T012471,C07061,2025-01-29 00:00:00,CMP002,CH01
T012472,C07062,2025-12-31 00:00:00,CMP004,CH02
T012473,C07063,2025-05-20 00:00:00,CMP004,CH02
T012474,C07063,2025-05-26 12:31:00,CMP001,CH01
T012475,C07063,2025-05-30 04:22:00,CMP002,CH01
T012476,C07063,2025-06-01 04:44:00,CMP001,CH01
T012477,C07064,2025-01-19 00:00:00,CMP001,CH01
T012478,C07064,2025-01-25 04:26:00,CMP005,CH03
T012479,C07064,2025-01-31 16:37:00,CMP001,CH01
T012480,C07064,2025-02-01 20:16:00,CMP003,CH02
T012481,C07065,2025-09-03 00:00:00,CMP004,CH02
T012482,C07065,2025-09-09 23:38:00,CMP001,CH01
T012483,C07065,2025-09-11 08:48:00,CMP001,CH01
T012484,C07066,2025-04-25 00:00:00,CMP004,CH02
T012485,C07066,2025-04-28 12:19:00,CMP002,CH01
T012486,C07066,2025-05-05 08:35:00,CMP004,CH02
T012487,C07066,2025-05-12 00:12:00,CMP003,CH02
T012488,C07067,2025-11-03 00:00:00,CMP001,CH01
T012489,C07067,2025-11-04 05:04:00,CMP005,CH03
T012490,C07068,2025-03-08 00:00:00,CMP001,CH01
T012491,C07070,2025-12-15 00:00:00,CMP004,CH02
T012492,C07070,2025-12-18 18:13:00,CMP001,CH01
T012493,C07072,2025-04-14 00:00:00,CMP003,CH02
T012494,C07072,2025-04-18 01:07:00,CMP004,CH02
T012495,C07074,2025-11-24 00:00:00,CMP002,CH01
T012496,C07074,2025-11-28 04:07:00,CMP002,CH01
T012497,C07075,2025-12-14 00:00:00,CMP003,CH02
T012498,C07075,2025-12-21 22:40:00,CMP005,CH03
T012499,C07075,2025-12-25 14:21:00,CMP001,CH01
T012500,C07076,2025-08-04 00:00:00,CMP005,CH03
T012501,C07076,2025-08-05 15:43:00,CMP002,CH01
T012502,C07078,2025-07-24 00:00:00,CMP003,CH02
T012503,C07078,2025-07-31 02:56:00,CMP004,CH02
T012504,C07078,2025-08-06 06:19:00,CMP002,CH01
T012505,C07080,2025-08-22 00:00:00,CMP001,CH01
T012506,C07082,2025-09-06 00:00:00,CMP005,CH03
T012507,C07082,2025-09-12 07:29:00,CMP002,CH01
T012508,C07082,2025-09-13 11:09:00,CMP001,CH01
T012509,C07082,2025-09-20 00:53:00,CMP001,CH01
T012510,C07083,2025-06-23 00:00:00,CMP002,CH01
T012511,C07084,2025-08-07 00:00:00,CMP001,CH01
T012512,C07085,2025-07-09 00:00:00,CMP004,CH02
T012513,C07085,2025-07-12 05:22:00,CMP003,CH02
T012514,C07086,2025-08-19 00:00:00,CMP001,CH01
T012515,C07087,2025-07-18 00:00:00,CMP002,CH01
T012516,C07087,2025-07-25 18:37:00,CMP005,CH03
T012517,C07087,2025-08-01 15:54:00,CMP005,CH03
T012518,C07089,2025-10-25 00:00:00,CMP002,CH01
T012519,C07089,2025-10-30 04:41:00,CMP003,CH02
T012520,C07089,2025-11-01 08:22:00,CMP002,CH01
T012521,C07090,2025-12-19 00:00:00,CMP004,CH02
T012522,C07090,2025-12-21 00:32:00,CMP001,CH01
T012523,C07090,2025-12-27 23:02:00,CMP005,CH03
T012524,C07090,2025-12-30 20:54:00,CMP002,CH01
T012525,C07090,2026-01-05 13:08:00,CMP001,CH01
T012526,C07091,2025-10-28 00:00:00,CMP005,CH03
T012527,C07093,2025-11-02 00:00:00,CMP003,CH02
T012528,C07094,2025-05-31 00:00:00,CMP002,CH01
T012529,C07095,2025-06-23 00:00:00,CMP004,CH02
T012530,C07097,2025-03-29 00:00:00,CMP001,CH01
T012531,C07097,2025-04-04 23:17:00,CMP001,CH01
T012532,C07097,2025-04-06 13:19:00,CMP004,CH02
T012533,C07098,2025-09-06 00:00:00,CMP005,CH03
T012534,C07098,2025-09-09 06:33:00,CMP001,CH01
T012535,C07098,2025-09-13 22:42:00,CMP003,CH02
T012536,C07098,2025-09-18 10:19:00,CMP005,CH03
T012537,C07099,2025-08-27 00:00:00,CMP003,CH02
T012538,C07099,2025-09-03 02:02:00,CMP004,CH02
T012539,C07099,2025-09-05 00:16:00,CMP001,CH01
T012540,C07099,2025-09-09 19:08:00,CMP001,CH01
T012541,C07100,2025-11-18 00:00:00,CMP003,CH02
T012542,C07101,2025-09-16 00:00:00,CMP002,CH01
T012543,C07102,2025-07-12 00:00:00,CMP001,CH01
T012544,C07102,2025-07-15 23:45:00,CMP003,CH02
T012545,C07103,2025-11-24 00:00:00,CMP002,CH01
T012546,C07104,2025-08-24 00:00:00,CMP001,CH01
T012547,C07104,2025-08-29 13:34:00,CMP003,CH02
T012548,C07104,2025-09-01 15:18:00,CMP002,CH01
T012549,C07105,2025-05-31 00:00:00,CMP002,CH01
T012550,C07106,2025-02-13 00:00:00,CMP004,CH02
T012551,C07106,2025-02-14 20:02:00,CMP001,CH01
T012552,C07107,2025-06-24 00:00:00,CMP003,CH02
T012553,C07108,2025-02-20 00:00:00,CMP002,CH01
T012554,C07109,2025-05-24 00:00:00,CMP003,CH02
T012555,C07110,2025-12-24 00:00:00,CMP003,CH02
T012556,C07110,2025-12-26 13:58:00,CMP004,CH02
T012557,C07110,2025-12-28 12:41:00,CMP001,CH01
T012558,C07110,2025-12-31 08:13:00,CMP002,CH01
T012559,C07111,2025-10-06 00:00:00,CMP001,CH01
T012560,C07111,2025-10-11 02:18:00,CMP004,CH02
T012561,C07112,2025-03-27 00:00:00,CMP004,CH02
T012562,C07112,2025-03-31 00:05:00,CMP003,CH02
T012563,C07112,2025-04-01 06:37:00,CMP003,CH02
T012564,C07113,2025-03-09 00:00:00,CMP003,CH02
T012565,C07113,2025-03-11 12:00:00,CMP002,CH01
T012566,C07113,2025-03-16 01:54:00,CMP003,CH02
T012567,C07114,2025-09-10 00:00:00,CMP003,CH02
T012568,C07114,2025-09-15 07:05:00,CMP002,CH01
T012569,C07115,2025-03-31 00:00:00,CMP002,CH01
T012570,C07117,2025-03-24 00:00:00,CMP004,CH02
T012571,C07117,2025-03-27 06:21:00,CMP004,CH02
T012572,C07118,2025-03-07 00:00:00,CMP003,CH02
T012573,C07118,2025-03-11 23:58:00,CMP005,CH03
T012574,C07118,2025-03-18 07:55:00,CMP005,CH03
T012575,C07119,2025-06-19 00:00:00,CMP001,CH01
T012576,C07119,2025-06-22 01:52:00,CMP003,CH02
T012577,C07119,2025-06-23 12:54:00,CMP003,CH02
T012578,C07119,2025-06-26 11:48:00,CMP005,CH03
T012579,C07120,2025-08-20 00:00:00,CMP004,CH02
T012580,C07121,2025-11-30 00:00:00,CMP002,CH01
T012581,C07121,2025-12-07 18:11:00,CMP002,CH01
T012582,C07124,2025-08-07 00:00:00,CMP001,CH01
T012583,C07124,2025-08-10 02:23:00,CMP004,CH02
T012584,C07124,2025-08-11 19:22:00,CMP003,CH02
T012585,C07126,2025-09-17 00:00:00,CMP002,CH01
T012586,C07126,2025-09-18 04:04:00,CMP004,CH02
T012587,C07126,2025-09-23 00:09:00,CMP001,CH01
T012588,C07127,2025-03-21 00:00:00,CMP005,CH03
T012589,C07128,2025-05-24 00:00:00,CMP005,CH03
T012590,C07128,2025-05-30 20:18:00,CMP002,CH01
T012591,C07128,2025-06-07 01:27:00,CMP002,CH01
T012592,C07129,2025-08-19 00:00:00,CMP004,CH02
T012593,C07130,2025-12-24 00:00:00,CMP002,CH01
T012594,C07130,2025-12-27 20:42:00,CMP001,CH01
T012595,C07130,2025-12-29 10:44:00,CMP002,CH01
T012596,C07131,2025-10-21 00:00:00,CMP003,CH02
T012597,C07133,2025-03-31 00:00:00,CMP003,CH02
T012598,C07133,2025-04-05 16:20:00,CMP001,CH01
T012599,C07134,2025-01-02 00:00:00,CMP002,CH01
T012600,C07134,2025-01-04 06:04:00,CMP004,CH02
T012601,C07136,2025-06-30 00:00:00,CMP004,CH02
T012602,C07136,2025-07-03 16:38:00,CMP004,CH02
T012603,C07136,2025-07-07 05:03:00,CMP004,CH02
T012604,C07137,2025-01-13 00:00:00,CMP002,CH01
T012605,C07138,2025-04-29 00:00:00,CMP002,CH01
T012606,C07138,2025-05-02 08:32:00,CMP001,CH01
T012607,C07138,2025-05-06 05:32:00,CMP005,CH03
T012608,C07139,2025-02-10 00:00:00,CMP002,CH01
T012609,C07139,2025-02-17 18:58:00,CMP002,CH01
T012610,C07139,2025-02-24 06:53:00,CMP004,CH02
T012611,C07139,2025-02-26 04:11:00,CMP002,CH01
T012612,C07140,2025-03-29 00:00:00,CMP002,CH01
T012613,C07140,2025-04-04 04:09:00,CMP004,CH02
T012614,C07141,2025-03-20 00:00:00,CMP002,CH01
T012615,C07142,2025-12-26 00:00:00,CMP004,CH02
T012616,C07142,2025-12-29 17:01:00,CMP004,CH02
T012617,C07143,2025-11-22 00:00:00,CMP003,CH02
T012618,C07143,2025-11-28 06:59:00,CMP001,CH01
T012619,C07143,2025-12-01 12:01:00,CMP001,CH01
T012620,C07144,2025-02-16 00:00:00,CMP001,CH01
T012621,C07145,2025-04-13 00:00:00,CMP005,CH03
T012622,C07145,2025-04-15 16:57:00,CMP005,CH03
T012623,C07145,2025-04-20 16:49:00,CMP003,CH02
T012624,C07145,2025-04-27 04:04:00,CMP002,CH01
T012625,C07148,2025-10-24 00:00:00,CMP004,CH02
T012626,C07150,2025-12-03 00:00:00,CMP002,CH01
T012627,C07150,2025-12-04 08:33:00,CMP002,CH01
T012628,C07150,2025-12-09 14:13:00,CMP001,CH01
T012629,C07150,2025-12-16 01:35:00,CMP001,CH01
T012630,C07151,2025-10-27 00:00:00,CMP001,CH01
T012631,C07151,2025-10-30 12:27:00,CMP002,CH01
T012632,C07151,2025-11-01 05:19:00,CMP003,CH02
T012633,C07153,2025-09-28 00:00:00,CMP001,CH01
T012634,C07153,2025-10-04 15:49:00,CMP005,CH03
T012635,C07154,2025-01-08 00:00:00,CMP001,CH01
T012636,C07155,2025-08-01 00:00:00,CMP001,CH01
T012637,C07156,2025-01-14 00:00:00,CMP004,CH02
T012638,C07156,2025-01-19 08:34:00,CMP002,CH01
T012639,C07156,2025-01-24 07:12:00,CMP003,CH02
T012640,C07158,2025-04-25 00:00:00,CMP004,CH02
T012641,C07158,2025-04-30 03:56:00,CMP001,CH01
T012642,C07158,2025-05-01 07:46:00,CMP002,CH01
T012643,C07159,2025-05-22 00:00:00,CMP003,CH02
T012644,C07159,2025-05-26 02:53:00,CMP002,CH01
T012645,C07159,2025-05-27 03:00:00,CMP002,CH01
T012646,C07159,2025-05-29 21:59:00,CMP002,CH01
T012647,C07161,2025-01-05 00:00:00,CMP002,CH01
T012648,C07161,2025-01-11 03:59:00,CMP004,CH02
T012649,C07161,2025-01-12 10:31:00,CMP004,CH02
T012650,C07162,2025-02-07 00:00:00,CMP003,CH02
T012651,C07162,2025-02-13 13:45:00,CMP004,CH02
T012652,C07162,2025-02-15 04:59:00,CMP002,CH01
T012653,C07163,2025-09-08 00:00:00,CMP001,CH01
T012654,C07163,2025-09-12 15:28:00,CMP001,CH01
T012655,C07163,2025-09-14 04:52:00,CMP005,CH03
T012656,C07164,2025-04-02 00:00:00,CMP002,CH01
T012657,C07164,2025-04-05 06:16:00,CMP002,CH01
T012658,C07165,2025-10-01 00:00:00,CMP005,CH03
T012659,C07165,2025-10-07 00:32:00,CMP004,CH02
T012660,C07168,2025-10-22 00:00:00,CMP002,CH01
T012661,C07169,2025-10-01 00:00:00,CMP003,CH02
T012662,C07169,2025-10-08 17:12:00,CMP004,CH02
T012663,C07172,2025-10-11 00:00:00,CMP005,CH03
T012664,C07173,2025-03-28 00:00:00,CMP002,CH01
T012665,C07173,2025-04-04 21:15:00,CMP002,CH01
T012666,C07173,2025-04-08 19:40:00,CMP002,CH01
T012667,C07174,2025-11-19 00:00:00,CMP004,CH02
T012668,C07176,2025-04-08 00:00:00,CMP003,CH02
T012669,C07176,2025-04-12 11:19:00,CMP005,CH03
T012670,C07177,2025-12-17 00:00:00,CMP001,CH01
T012671,C07177,2025-12-20 05:27:00,CMP004,CH02
T012672,C07178,2025-10-17 00:00:00,CMP004,CH02
T012673,C07178,2025-10-19 10:32:00,CMP005,CH03
T012674,C07180,2025-05-17 00:00:00,CMP002,CH01
T012675,C07180,2025-05-18 22:43:00,CMP002,CH01
T012676,C07181,2025-05-26 00:00:00,CMP002,CH01
T012677,C07181,2025-05-29 00:54:00,CMP004,CH02
T012678,C07182,2025-05-15 00:00:00,CMP003,CH02
T012679,C07183,2025-05-11 00:00:00,CMP004,CH02
T012680,C07183,2025-05-15 08:08:00,CMP005,CH03
T012681,C07183,2025-05-19 00:44:00,CMP001,CH01
T012682,C07183,2025-05-26 20:08:00,CMP002,CH01
T012683,C07183,2025-05-30 17:42:00,CMP001,CH01
T012684,C07187,2025-01-12 00:00:00,CMP002,CH01
T012685,C07187,2025-01-16 16:51:00,CMP003,CH02
T012686,C07188,2025-03-03 00:00:00,CMP003,CH02
T012687,C07190,2025-01-31 00:00:00,CMP001,CH01
T012688,C07190,2025-02-01 12:31:00,CMP001,CH01
T012689,C07191,2025-03-06 00:00:00,CMP002,CH01
T012690,C07191,2025-03-11 04:35:00,CMP001,CH01
T012691,C07191,2025-03-18 11:15:00,CMP005,CH03
T012692,C07191,2025-03-20 08:51:00,CMP001,CH01
T012693,C07192,2025-10-13 00:00:00,CMP004,CH02
T012694,C07193,2025-01-13 00:00:00,CMP004,CH02
T012695,C07194,2025-02-04 00:00:00,CMP003,CH02
T012696,C07194,2025-02-07 15:57:00,CMP004,CH02
T012697,C07194,2025-02-15 03:25:00,CMP002,CH01
T012698,C07195,2025-07-27 00:00:00,CMP001,CH01
T012699,C07197,2025-11-01 00:00:00,CMP001,CH01
T012700,C07198,2025-05-24 00:00:00,CMP001,CH01
T012701,C07198,2025-05-30 13:34:00,CMP001,CH01
T012702,C07198,2025-06-07 08:06:00,CMP003,CH02
T012703,C07200,2025-06-22 00:00:00,CMP002,CH01
T012704,C07202,2025-12-21 00:00:00,CMP001,CH01
T012705,C07203,2025-02-11 00:00:00,CMP002,CH01
T012706,C07204,2025-12-18 00:00:00,CMP002,CH01
T012707,C07204,2025-12-21 16:09:00,CMP003,CH02
T012708,C07204,2025-12-27 06:29:00,CMP005,CH03
T012709,C07205,2025-12-16 00:00:00,CMP001,CH01
T012710,C07205,2025-12-23 03:34:00,CMP004,CH02
T012711,C07205,2025-12-29 11:16:00,CMP003,CH02
T012712,C07206,2025-02-14 00:00:00,CMP002,CH01
T012713,C07206,2025-02-18 07:52:00,CMP003,CH02
T012714,C07206,2025-02-20 08:26:00,CMP005,CH03
T012715,C07207,2025-07-13 00:00:00,CMP004,CH02
T012716,C07208,2025-08-30 00:00:00,CMP001,CH01
T012717,C07208,2025-08-31 02:54:00,CMP001,CH01
T012718,C07208,2025-09-05 06:57:00,CMP004,CH02
T012719,C07209,2025-04-07 00:00:00,CMP001,CH01
T012720,C07210,2025-07-09 00:00:00,CMP002,CH01
T012721,C07210,2025-07-15 01:06:00,CMP002,CH01
T012722,C07211,2025-02-25 00:00:00,CMP003,CH02
T012723,C07211,2025-02-28 05:41:00,CMP002,CH01
T012724,C07213,2025-07-28 00:00:00,CMP004,CH02
T012725,C07214,2025-04-15 00:00:00,CMP001,CH01
T012726,C07215,2025-04-18 00:00:00,CMP003,CH02
T012727,C07215,2025-04-24 18:48:00,CMP002,CH01
T012728,C07215,2025-04-29 00:24:00,CMP001,CH01
T012729,C07216,2025-02-04 00:00:00,CMP004,CH02
T012730,C07216,2025-02-09 06:46:00,CMP003,CH02
T012731,C07216,2025-02-15 09:28:00,CMP002,CH01
T012732,C07217,2025-06-23 00:00:00,CMP001,CH01
T012733,C07218,2025-01-06 00:00:00,CMP004,CH02
T012734,C07218,2025-01-09 15:42:00,CMP003,CH02
T012735,C07218,2025-01-16 22:43:00,CMP001,CH01
T012736,C07219,2025-08-17 00:00:00,CMP002,CH01
T012737,C07219,2025-08-22 16:11:00,CMP002,CH01
T012738,C07220,2025-04-21 00:00:00,CMP002,CH01
T012739,C07220,2025-04-25 04:01:00,CMP002,CH01
T012740,C07221,2025-10-29 00:00:00,CMP001,CH01
T012741,C07221,2025-11-01 22:30:00,CMP001,CH01
T012742,C07221,2025-11-05 22:29:00,CMP001,CH01
T012743,C07221,2025-11-08 03:32:00,CMP003,CH02
T012744,C07222,2025-11-11 00:00:00,CMP001,CH01
T012745,C07222,2025-11-12 11:50:00,CMP005,CH03
T012746,C07223,2025-10-31 00:00:00,CMP003,CH02
T012747,C07223,2025-11-02 04:01:00,CMP005,CH03
T012748,C07224,2025-05-21 00:00:00,CMP001,CH01
T012749,C07224,2025-05-26 19:17:00,CMP001,CH01
T012750,C07225,2025-09-24 00:00:00,CMP004,CH02
T012751,C07225,2025-09-26 20:59:00,CMP001,CH01
T012752,C07226,2025-07-21 00:00:00,CMP004,CH02
T012753,C07228,2025-02-05 00:00:00,CMP002,CH01
T012754,C07230,2025-05-05 00:00:00,CMP003,CH02
T012755,C07230,2025-05-07 21:27:00,CMP002,CH01
T012756,C07230,2025-05-12 06:55:00,CMP003,CH02
T012757,C07231,2025-06-21 00:00:00,CMP004,CH02
T012758,C07231,2025-06-22 06:15:00,CMP002,CH01
T012759,C07234,2025-01-25 00:00:00,CMP004,CH02
T012760,C07234,2025-02-01 03:20:00,CMP003,CH02
T012761,C07234,2025-02-05 15:42:00,CMP001,CH01
T012762,C07235,2025-08-21 00:00:00,CMP004,CH02
T012763,C07239,2025-11-08 00:00:00,CMP003,CH02
T012764,C07239,2025-11-10 22:39:00,CMP003,CH02
T012765,C07241,2025-10-29 00:00:00,CMP003,CH02
T012766,C07241,2025-10-30 19:16:00,CMP005,CH03
T012767,C07241,2025-11-06 06:00:00,CMP002,CH01
T012768,C07242,2025-04-22 00:00:00,CMP004,CH02
T012769,C07242,2025-04-27 18:49:00,CMP002,CH01
T012770,C07242,2025-04-30 02:15:00,CMP001,CH01
T012771,C07242,2025-05-01 15:22:00,CMP003,CH02
T012772,C07244,2025-08-28 00:00:00,CMP003,CH02
T012773,C07244,2025-08-29 12:07:00,CMP003,CH02
T012774,C07244,2025-09-06 04:02:00,CMP003,CH02
T012775,C07247,2025-12-12 00:00:00,CMP001,CH01
T012776,C07247,2025-12-16 20:37:00,CMP005,CH03
T012777,C07248,2025-06-18 00:00:00,CMP004,CH02
T012778,C07249,2025-03-26 00:00:00,CMP002,CH01
T012779,C07249,2025-03-30 08:08:00,CMP001,CH01
T012780,C07249,2025-04-06 04:36:00,CMP004,CH02
T012781,C07250,2025-11-21 00:00:00,CMP002,CH01
T012782,C07252,2025-04-09 00:00:00,CMP002,CH01
T012783,C07252,2025-04-12 12:51:00,CMP002,CH01
T012784,C07254,2025-05-15 00:00:00,CMP004,CH02
T012785,C07254,2025-05-19 08:59:00,CMP003,CH02
T012786,C07254,2025-05-21 21:04:00,CMP005,CH03
T012787,C07255,2025-09-20 00:00:00,CMP003,CH02
T012788,C07255,2025-09-24 22:00:00,CMP001,CH01
T012789,C07255,2025-09-27 09:06:00,CMP005,CH03
T012790,C07255,2025-10-02 14:41:00,CMP001,CH01
T012791,C07256,2025-05-08 00:00:00,CMP001,CH01
T012792,C07256,2025-05-11 02:54:00,CMP004,CH02
T012793,C07256,2025-05-18 05:54:00,CMP001,CH01
T012794,C07257,2025-02-06 00:00:00,CMP002,CH01
T012795,C07257,2025-02-12 18:59:00,CMP001,CH01
T012796,C07258,2025-01-01 00:00:00,CMP004,CH02
T012797,C07258,2025-01-06 23:39:00,CMP004,CH02
T012798,C07259,2025-10-17 00:00:00,CMP001,CH01
T012799,C07260,2025-01-07 00:00:00,CMP001,CH01
T012800,C07261,2025-03-25 00:00:00,CMP001,CH01
T012801,C07261,2025-03-28 00:02:00,CMP002,CH01
T012802,C07261,2025-03-30 04:19:00,CMP001,CH01
T012803,C07262,2025-01-12 00:00:00,CMP002,CH01
T012804,C07262,2025-01-19 18:43:00,CMP003,CH02
T012805,C07263,2025-08-11 00:00:00,CMP003,CH02
T012806,C07263,2025-08-17 05:37:00,CMP001,CH01
T012807,C07264,2025-12-29 00:00:00,CMP003,CH02
T012808,C07264,2025-12-30 08:57:00,CMP002,CH01
T012809,C07266,2025-11-22 00:00:00,CMP005,CH03
T012810,C07267,2025-11-15 00:00:00,CMP001,CH01
T012811,C07267,2025-11-20 05:52:00,CMP003,CH02
T012812,C07267,2025-11-24 11:47:00,CMP004,CH02
T012813,C07268,2025-12-24 00:00:00,CMP005,CH03
T012814,C07268,2025-12-27 10:14:00,CMP002,CH01
T012815,C07269,2025-10-05 00:00:00,CMP002,CH01
T012816,C07271,2025-10-02 00:00:00,CMP002,CH01
T012817,C07271,2025-10-05 06:09:00,CMP003,CH02
T012818,C07271,2025-10-09 16:48:00,CMP005,CH03
T012819,C07271,2025-10-11 19:57:00,CMP005,CH03
T012820,C07272,2025-04-01 00:00:00,CMP005,CH03
T012821,C07272,2025-04-06 01:24:00,CMP003,CH02
T012822,C07272,2025-04-09 10:45:00,CMP002,CH01
T012823,C07273,2025-05-20 00:00:00,CMP001,CH01
T012824,C07273,2025-05-27 04:14:00,CMP002,CH01
T012825,C07274,2025-04-04 00:00:00,CMP001,CH01
T012826,C07274,2025-04-10 21:35:00,CMP001,CH01
T012827,C07274,2025-04-17 11:48:00,CMP003,CH02
T012828,C07275,2025-06-03 00:00:00,CMP002,CH01
T012829,C07279,2025-03-17 00:00:00,CMP002,CH01
T012830,C07280,2025-12-16 00:00:00,CMP002,CH01
T012831,C07280,2025-12-21 20:49:00,CMP003,CH02
T012832,C07281,2025-02-28 00:00:00,CMP001,CH01
T012833,C07281,2025-03-06 22:35:00,CMP004,CH02
T012834,C07281,2025-03-13 10:49:00,CMP003,CH02
T012835,C07282,2025-01-22 00:00:00,CMP001,CH01
T012836,C07282,2025-01-24 04:00:00,CMP004,CH02
T012837,C07283,2025-10-13 00:00:00,CMP004,CH02
T012838,C07283,2025-10-18 11:06:00,CMP001,CH01
T012839,C07283,2025-10-24 12:00:00,CMP002,CH01
T012840,C07284,2025-11-21 00:00:00,CMP001,CH01
T012841,C07284,2025-11-27 07:33:00,CMP004,CH02
T012842,C07285,2025-04-22 00:00:00,CMP003,CH02
T012843,C07285,2025-04-29 02:07:00,CMP001,CH01
T012844,C07286,2025-10-14 00:00:00,CMP004,CH02
T012845,C07286,2025-10-15 00:12:00,CMP004,CH02
T012846,C07286,2025-10-20 16:42:00,CMP003,CH02
T012847,C07286,2025-10-23 20:39:00,CMP002,CH01
T012848,C07287,2025-08-06 00:00:00,CMP002,CH01
T012849,C07287,2025-08-07 02:55:00,CMP004,CH02
T012850,C07287,2025-08-11 08:42:00,CMP002,CH01
T012851,C07288,2025-07-07 00:00:00,CMP002,CH01
T012852,C07288,2025-07-09 16:30:00,CMP001,CH01
T012853,C07288,2025-07-14 10:35:00,CMP002,CH01
T012854,C07288,2025-07-17 15:46:00,CMP005,CH03
T012855,C07289,2025-04-13 00:00:00,CMP005,CH03
T012856,C07289,2025-04-19 16:14:00,CMP002,CH01
T012857,C07289,2025-04-26 04:13:00,CMP003,CH02
T012858,C07290,2025-11-09 00:00:00,CMP002,CH01
T012859,C07290,2025-11-11 08:54:00,CMP001,CH01
T012860,C07291,2025-09-06 00:00:00,CMP001,CH01
T012861,C07292,2025-01-13 00:00:00,CMP004,CH02
T012862,C07294,2025-04-25 00:00:00,CMP004,CH02
T012863,C07294,2025-04-26 01:04:00,CMP002,CH01
T012864,C07295,2025-08-09 00:00:00,CMP002,CH01
T012865,C07295,2025-08-10 08:46:00,CMP001,CH01
T012866,C07298,2025-11-12 00:00:00,CMP001,CH01
T012867,C07298,2025-11-15 01:32:00,CMP004,CH02
T012868,C07298,2025-11-16 12:49:00,CMP004,CH02
T012869,C07298,2025-11-18 20:38:00,CMP002,CH01
T012870,C07299,2025-10-09 00:00:00,CMP004,CH02
T012871,C07300,2025-04-01 00:00:00,CMP003,CH02
T012872,C07300,2025-04-07 16:07:00,CMP002,CH01
T012873,C07300,2025-04-14 00:35:00,CMP004,CH02
T012874,C07301,2025-01-05 00:00:00,CMP002,CH01
T012875,C07301,2025-01-09 18:58:00,CMP003,CH02
T012876,C07301,2025-01-16 13:34:00,CMP001,CH01
T012877,C07301,2025-01-20 11:31:00,CMP002,CH01
T012878,C07302,2025-07-18 00:00:00,CMP003,CH02
T012879,C07302,2025-07-24 03:33:00,CMP004,CH02
T012880,C07303,2025-07-18 00:00:00,CMP001,CH01
T012881,C07303,2025-07-24 06:54:00,CMP002,CH01
T012882,C07304,2025-03-02 00:00:00,CMP003,CH02
T012883,C07305,2025-10-21 00:00:00,CMP002,CH01
T012884,C07307,2025-06-06 00:00:00,CMP002,CH01
T012885,C07308,2025-05-18 00:00:00,CMP004,CH02
T012886,C07308,2025-05-22 07:43:00,CMP001,CH01
T012887,C07309,2025-07-20 00:00:00,CMP004,CH02
T012888,C07310,2025-08-08 00:00:00,CMP003,CH02
T012889,C07310,2025-08-12 03:53:00,CMP001,CH01
T012890,C07310,2025-08-19 13:12:00,CMP004,CH02
T012891,C07311,2025-09-10 00:00:00,CMP003,CH02
T012892,C07311,2025-09-17 18:33:00,CMP003,CH02
T012893,C07312,2025-05-30 00:00:00,CMP001,CH01
T012894,C07312,2025-06-01 22:39:00,CMP003,CH02
T012895,C07313,2025-09-24 00:00:00,CMP004,CH02
T012896,C07313,2025-10-01 04:20:00,CMP004,CH02
T012897,C07313,2025-10-06 20:23:00,CMP002,CH01
T012898,C07314,2025-03-27 00:00:00,CMP002,CH01
T012899,C07315,2025-05-07 00:00:00,CMP004,CH02
T012900,C07315,2025-05-14 10:14:00,CMP003,CH02
T012901,C07315,2025-05-17 16:18:00,CMP005,CH03
T012902,C07317,2025-03-08 00:00:00,CMP001,CH01
T012903,C07317,2025-03-14 16:21:00,CMP003,CH02
T012904,C07318,2025-02-02 00:00:00,CMP003,CH02
T012905,C07319,2025-10-28 00:00:00,CMP005,CH03
T012906,C07321,2025-06-02 00:00:00,CMP002,CH01
T012907,C07322,2025-04-06 00:00:00,CMP002,CH01
T012908,C07323,2025-01-02 00:00:00,CMP004,CH02
T012909,C07323,2025-01-07 21:59:00,CMP005,CH03
T012910,C07325,2025-02-22 00:00:00,CMP001,CH01
T012911,C07325,2025-02-23 17:07:00,CMP004,CH02
T012912,C07325,2025-02-28 02:49:00,CMP002,CH01
T012913,C07326,2025-10-07 00:00:00,CMP005,CH03
T012914,C07326,2025-10-11 03:41:00,CMP005,CH03
T012915,C07326,2025-10-19 03:31:00,CMP005,CH03
T012916,C07327,2025-02-17 00:00:00,CMP001,CH01
T012917,C07327,2025-02-23 17:58:00,CMP001,CH01
T012918,C07328,2025-03-01 00:00:00,CMP002,CH01
T012919,C07328,2025-03-05 02:03:00,CMP005,CH03
T012920,C07329,2025-02-01 00:00:00,CMP001,CH01
T012921,C07329,2025-02-05 03:13:00,CMP004,CH02
T012922,C07329,2025-02-06 21:32:00,CMP003,CH02
T012923,C07329,2025-02-13 11:36:00,CMP001,CH01
T012924,C07331,2025-08-09 00:00:00,CMP005,CH03
T012925,C07332,2025-12-26 00:00:00,CMP004,CH02
T012926,C07334,2025-06-29 00:00:00,CMP003,CH02
T012927,C07335,2025-02-01 00:00:00,CMP002,CH01
T012928,C07335,2025-02-07 10:20:00,CMP003,CH02
T012929,C07336,2025-06-19 00:00:00,CMP001,CH01
T012930,C07336,2025-06-22 05:30:00,CMP003,CH02
T012931,C07336,2025-06-28 07:08:00,CMP001,CH01
T012932,C07337,2025-11-17 00:00:00,CMP003,CH02
T012933,C07338,2025-02-03 00:00:00,CMP002,CH01
T012934,C07338,2025-02-05 00:01:00,CMP004,CH02
T012935,C07338,2025-02-06 00:20:00,CMP003,CH02
T012936,C07341,2025-01-23 00:00:00,CMP003,CH02
T012937,C07341,2025-01-25 06:20:00,CMP001,CH01
T012938,C07341,2025-02-02 01:44:00,CMP003,CH02
T012939,C07341,2025-02-08 18:27:00,CMP005,CH03
T012940,C07342,2025-10-31 00:00:00,CMP002,CH01
T012941,C07343,2025-10-05 00:00:00,CMP002,CH01
T012942,C07343,2025-10-12 08:17:00,CMP001,CH01
T012943,C07343,2025-10-19 12:24:00,CMP004,CH02
T012944,C07344,2025-07-15 00:00:00,CMP001,CH01
T012945,C07344,2025-07-17 20:07:00,CMP002,CH01
T012946,C07344,2025-07-23 05:15:00,CMP005,CH03
T012947,C07345,2025-01-08 00:00:00,CMP001,CH01
T012948,C07347,2025-03-23 00:00:00,CMP003,CH02
T012949,C07347,2025-03-24 10:19:00,CMP001,CH01
T012950,C07348,2025-05-07 00:00:00,CMP004,CH02
T012951,C07349,2025-02-28 00:00:00,CMP001,CH01
T012952,C07350,2025-02-13 00:00:00,CMP001,CH01
T012953,C07351,2025-12-26 00:00:00,CMP004,CH02
T012954,C07351,2025-12-30 00:44:00,CMP001,CH01
T012955,C07351,2026-01-03 15:59:00,CMP005,CH03
T012956,C07352,2025-08-20 00:00:00,CMP001,CH01
T012957,C07352,2025-08-22 23:11:00,CMP001,CH01
T012958,C07353,2025-06-06 00:00:00,CMP001,CH01
T012959,C07353,2025-06-08 08:14:00,CMP004,CH02
T012960,C07353,2025-06-15 00:54:00,CMP004,CH02
T012961,C07354,2025-01-29 00:00:00,CMP001,CH01
T012962,C07354,2025-02-02 13:23:00,CMP004,CH02
T012963,C07356,2025-01-14 00:00:00,CMP004,CH02
T012964,C07357,2025-09-04 00:00:00,CMP002,CH01
T012965,C07357,2025-09-07 13:51:00,CMP004,CH02
T012966,C07357,2025-09-12 02:47:00,CMP001,CH01
T012967,C07358,2025-04-09 00:00:00,CMP005,CH03
T012968,C07360,2025-12-22 00:00:00,CMP002,CH01
T012969,C07360,2025-12-23 09:11:00,CMP002,CH01
T012970,C07360,2025-12-29 09:33:00,CMP001,CH01
T012971,C07360,2026-01-05 16:11:00,CMP005,CH03
T012972,C07361,2025-02-26 00:00:00,CMP004,CH02
T012973,C07361,2025-02-27 20:46:00,CMP001,CH01
T012974,C07362,2025-07-30 00:00:00,CMP003,CH02
T012975,C07363,2025-05-04 00:00:00,CMP004,CH02
T012976,C07364,2025-03-14 00:00:00,CMP002,CH01
T012977,C07364,2025-03-21 06:29:00,CMP002,CH01
T012978,C07365,2025-07-01 00:00:00,CMP002,CH01
T012979,C07365,2025-07-06 00:55:00,CMP003,CH02
T012980,C07365,2025-07-12 17:08:00,CMP001,CH01
T012981,C07366,2025-05-17 00:00:00,CMP001,CH01
T012982,C07366,2025-05-21 09:59:00,CMP003,CH02
T012983,C07367,2025-11-07 00:00:00,CMP004,CH02
T012984,C07368,2025-03-16 00:00:00,CMP002,CH01
T012985,C07368,2025-03-21 16:45:00,CMP003,CH02
T012986,C07368,2025-03-22 19:26:00,CMP001,CH01
T012987,C07369,2025-11-08 00:00:00,CMP001,CH01
T012988,C07371,2025-06-05 00:00:00,CMP002,CH01
T012989,C07371,2025-06-06 11:11:00,CMP004,CH02
T012990,C07372,2025-06-22 00:00:00,CMP004,CH02
T012991,C07372,2025-06-29 03:50:00,CMP001,CH01
T012992,C07373,2025-12-07 00:00:00,CMP004,CH02
T012993,C07374,2025-10-14 00:00:00,CMP004,CH02
T012994,C07374,2025-10-15 06:27:00,CMP004,CH02
T012995,C07374,2025-10-22 16:19:00,CMP003,CH02
T012996,C07375,2025-03-08 00:00:00,CMP001,CH01
T012997,C07375,2025-03-10 10:16:00,CMP004,CH02
T012998,C07375,2025-03-18 09:50:00,CMP001,CH01
T012999,C07376,2025-01-16 00:00:00,CMP002,CH01
T013000,C07376,2025-01-20 12:37:00,CMP001,CH01
T013001,C07376,2025-01-26 01:47:00,CMP002,CH01
T013002,C07377,2025-09-01 00:00:00,CMP005,CH03
T013003,C07377,2025-09-02 15:43:00,CMP001,CH01
T013004,C07378,2025-11-23 00:00:00,CMP003,CH02
T013005,C07378,2025-11-28 22:37:00,CMP002,CH01
T013006,C07379,2025-05-18 00:00:00,CMP004,CH02
T013007,C07380,2025-08-28 00:00:00,CMP002,CH01
T013008,C07380,2025-08-29 12:15:00,CMP005,CH03
T013009,C07380,2025-09-06 09:08:00,CMP003,CH02
T013010,C07380,2025-09-11 10:38:00,CMP005,CH03
T013011,C07381,2025-02-01 00:00:00,CMP002,CH01
T013012,C07381,2025-02-03 07:36:00,CMP005,CH03
T013013,C07381,2025-02-05 17:43:00,CMP004,CH02
T013014,C07383,2025-10-25 00:00:00,CMP001,CH01
T013015,C07383,2025-10-27 02:33:00,CMP002,CH01
T013016,C07383,2025-11-01 10:15:00,CMP003,CH02
T013017,C07384,2025-05-11 00:00:00,CMP003,CH02
T013018,C07385,2025-07-19 00:00:00,CMP001,CH01
T013019,C07386,2025-01-22 00:00:00,CMP003,CH02
T013020,C07386,2025-01-27 22:00:00,CMP004,CH02
T013021,C07387,2025-09-23 00:00:00,CMP003,CH02
T013022,C07387,2025-09-30 20:22:00,CMP001,CH01
T013023,C07387,2025-10-06 23:01:00,CMP002,CH01
T013024,C07388,2025-07-20 00:00:00,CMP001,CH01
T013025,C07388,2025-07-26 02:29:00,CMP004,CH02
T013026,C07388,2025-07-30 12:47:00,CMP002,CH01
T013027,C07389,2025-07-05 00:00:00,CMP005,CH03
T013028,C07389,2025-07-09 16:42:00,CMP002,CH01
T013029,C07389,2025-07-11 02:31:00,CMP002,CH01
T013030,C07390,2025-01-30 00:00:00,CMP001,CH01
T013031,C07390,2025-02-05 06:35:00,CMP004,CH02
T013032,C07390,2025-02-10 18:11:00,CMP002,CH01
T013033,C07391,2025-02-16 00:00:00,CMP001,CH01
T013034,C07393,2025-01-29 00:00:00,CMP004,CH02
T013035,C07393,2025-02-03 09:24:00,CMP002,CH01
T013036,C07393,2025-02-07 13:16:00,CMP002,CH01
T013037,C07393,2025-02-14 04:53:00,CMP004,CH02
T013038,C07393,2025-02-20 23:05:00,CMP004,CH02
T013039,C07394,2025-09-26 00:00:00,CMP001,CH01
T013040,C07394,2025-10-02 07:46:00,CMP002,CH01
T013041,C07394,2025-10-05 02:28:00,CMP002,CH01
T013042,C07395,2025-12-05 00:00:00,CMP001,CH01
T013043,C07396,2025-06-08 00:00:00,CMP001,CH01
T013044,C07396,2025-06-09 09:46:00,CMP005,CH03
T013045,C07398,2025-07-29 00:00:00,CMP002,CH01
T013046,C07398,2025-08-03 18:56:00,CMP003,CH02
T013047,C07398,2025-08-09 02:57:00,CMP001,CH01
T013048,C07399,2025-10-24 00:00:00,CMP003,CH02
T013049,C07401,2025-10-13 00:00:00,CMP003,CH02
T013050,C07401,2025-10-15 05:24:00,CMP001,CH01
T013051,C07402,2025-10-04 00:00:00,CMP002,CH01
T013052,C07402,2025-10-09 08:30:00,CMP001,CH01
T013053,C07404,2025-12-07 00:00:00,CMP001,CH01
T013054,C07406,2025-12-24 00:00:00,CMP001,CH01
T013055,C07406,2025-12-30 00:34:00,CMP001,CH01
T013056,C07407,2025-01-09 00:00:00,CMP005,CH03
T013057,C07407,2025-01-13 13:05:00,CMP001,CH01
T013058,C07407,2025-01-15 14:24:00,CMP002,CH01
T013059,C07408,2025-11-29 00:00:00,CMP004,CH02
T013060,C07408,2025-12-06 15:09:00,CMP002,CH01
T013061,C07410,2025-05-31 00:00:00,CMP003,CH02
T013062,C07410,2025-06-05 08:54:00,CMP004,CH02
T013063,C07413,2025-09-24 00:00:00,CMP003,CH02
T013064,C07413,2025-09-26 12:27:00,CMP001,CH01
T013065,C07414,2025-12-28 00:00:00,CMP005,CH03
T013066,C07414,2026-01-01 14:16:00,CMP001,CH01
T013067,C07414,2026-01-08 03:39:00,CMP002,CH01
T013068,C07416,2025-04-02 00:00:00,CMP003,CH02
T013069,C07416,2025-04-09 22:58:00,CMP005,CH03
T013070,C07416,2025-04-11 06:17:00,CMP003,CH02
T013071,C07417,2025-05-19 00:00:00,CMP001,CH01
T013072,C07418,2025-12-19 00:00:00,CMP003,CH02
T013073,C07418,2025-12-23 15:38:00,CMP003,CH02
T013074,C07419,2025-03-05 00:00:00,CMP005,CH03
T013075,C07419,2025-03-08 05:02:00,CMP003,CH02
T013076,C07419,2025-03-13 14:26:00,CMP003,CH02
T013077,C07420,2025-05-12 00:00:00,CMP001,CH01
T013078,C07420,2025-05-19 09:48:00,CMP004,CH02
T013079,C07422,2025-06-04 00:00:00,CMP003,CH02
T013080,C07422,2025-06-10 03:39:00,CMP001,CH01
T013081,C07422,2025-06-12 20:40:00,CMP005,CH03
T013082,C07422,2025-06-17 22:59:00,CMP001,CH01
T013083,C07423,2025-08-16 00:00:00,CMP002,CH01
T013084,C07423,2025-08-17 02:21:00,CMP002,CH01
T013085,C07423,2025-08-21 07:24:00,CMP002,CH01
T013086,C07424,2025-02-10 00:00:00,CMP003,CH02
T013087,C07424,2025-02-16 13:40:00,CMP003,CH02
T013088,C07425,2025-10-20 00:00:00,CMP005,CH03
T013089,C07425,2025-10-24 00:32:00,CMP001,CH01
T013090,C07426,2025-09-27 00:00:00,CMP001,CH01
T013091,C07426,2025-10-02 14:59:00,CMP001,CH01
T013092,C07426,2025-10-09 21:32:00,CMP001,CH01
T013093,C07426,2025-10-15 13:04:00,CMP003,CH02
T013094,C07426,2025-10-22 12:43:00,CMP003,CH02
T013095,C07427,2025-06-23 00:00:00,CMP005,CH03
T013096,C07427,2025-06-28 23:34:00,CMP001,CH01
T013097,C07428,2025-11-07 00:00:00,CMP001,CH01
T013098,C07428,2025-11-11 03:45:00,CMP001,CH01
T013099,C07429,2025-08-30 00:00:00,CMP004,CH02
T013100,C07429,2025-09-06 00:17:00,CMP001,CH01
T013101,C07429,2025-09-08 09:39:00,CMP004,CH02
T013102,C07430,2025-09-29 00:00:00,CMP003,CH02
T013103,C07430,2025-10-06 16:48:00,CMP001,CH01
T013104,C07431,2025-02-28 00:00:00,CMP001,CH01
T013105,C07431,2025-03-04 10:16:00,CMP003,CH02
T013106,C07432,2025-10-01 00:00:00,CMP001,CH01
T013107,C07433,2025-12-17 00:00:00,CMP004,CH02
T013108,C07433,2025-12-23 17:36:00,CMP003,CH02
T013109,C07436,2025-03-21 00:00:00,CMP003,CH02
T013110,C07436,2025-03-24 15:06:00,CMP002,CH01
T013111,C07436,2025-03-30 12:24:00,CMP005,CH03
T013112,C07439,2025-05-26 00:00:00,CMP001,CH01
T013113,C07439,2025-06-01 06:12:00,CMP005,CH03
T013114,C07439,2025-06-06 20:05:00,CMP003,CH02
T013115,C07440,2025-04-15 00:00:00,CMP001,CH01
T013116,C07440,2025-04-19 04:46:00,CMP002,CH01
T013117,C07441,2025-07-30 00:00:00,CMP003,CH02
T013118,C07441,2025-08-01 01:07:00,CMP002,CH01
T013119,C07441,2025-08-05 06:32:00,CMP001,CH01
T013120,C07442,2025-09-03 00:00:00,CMP003,CH02
T013121,C07442,2025-09-06 07:30:00,CMP003,CH02
T013122,C07442,2025-09-14 03:55:00,CMP003,CH02
T013123,C07443,2025-12-19 00:00:00,CMP001,CH01
T013124,C07444,2025-01-10 00:00:00,CMP002,CH01
T013125,C07444,2025-01-14 19:40:00,CMP002,CH01
T013126,C07444,2025-01-20 17:26:00,CMP005,CH03
T013127,C07445,2025-01-14 00:00:00,CMP005,CH03
T013128,C07446,2025-04-03 00:00:00,CMP004,CH02
T013129,C07448,2025-10-12 00:00:00,CMP004,CH02
T013130,C07449,2025-02-11 00:00:00,CMP001,CH01
T013131,C07449,2025-02-15 16:41:00,CMP004,CH02
T013132,C07449,2025-02-21 07:53:00,CMP004,CH02
T013133,C07450,2025-03-18 00:00:00,CMP001,CH01
T013134,C07450,2025-03-19 01:59:00,CMP003,CH02
T013135,C07451,2025-06-30 00:00:00,CMP004,CH02
T013136,C07452,2025-05-08 00:00:00,CMP001,CH01
T013137,C07452,2025-05-10 00:53:00,CMP002,CH01
T013138,C07453,2025-05-28 00:00:00,CMP003,CH02
T013139,C07453,2025-05-29 00:48:00,CMP002,CH01
T013140,C07454,2025-06-19 00:00:00,CMP003,CH02
T013141,C07454,2025-06-26 14:49:00,CMP001,CH01
T013142,C07455,2025-06-08 00:00:00,CMP004,CH02
T013143,C07455,2025-06-12 03:44:00,CMP001,CH01
T013144,C07455,2025-06-16 10:41:00,CMP002,CH01
T013145,C07456,2025-04-10 00:00:00,CMP002,CH01
T013146,C07457,2025-01-04 00:00:00,CMP004,CH02
T013147,C07457,2025-01-09 10:28:00,CMP002,CH01
T013148,C07458,2025-03-29 00:00:00,CMP001,CH01
T013149,C07458,2025-03-30 13:45:00,CMP001,CH01
T013150,C07459,2025-03-15 00:00:00,CMP002,CH01
T013151,C07459,2025-03-22 21:46:00,CMP005,CH03
T013152,C07459,2025-03-30 08:41:00,CMP004,CH02
T013153,C07461,2025-09-21 00:00:00,CMP005,CH03
T013154,C07461,2025-09-27 20:03:00,CMP003,CH02
T013155,C07461,2025-09-29 08:47:00,CMP004,CH02
T013156,C07461,2025-10-03 00:37:00,CMP001,CH01
T013157,C07462,2025-10-09 00:00:00,CMP001,CH01
T013158,C07462,2025-10-16 11:19:00,CMP001,CH01
T013159,C07462,2025-10-21 11:13:00,CMP001,CH01
T013160,C07463,2025-08-13 00:00:00,CMP001,CH01
T013161,C07464,2025-11-14 00:00:00,CMP002,CH01
T013162,C07464,2025-11-21 20:35:00,CMP005,CH03
T013163,C07465,2025-12-17 00:00:00,CMP001,CH01
T013164,C07465,2025-12-24 13:02:00,CMP004,CH02
T013165,C07466,2025-02-02 00:00:00,CMP001,CH01
T013166,C07466,2025-02-09 03:48:00,CMP001,CH01
T013167,C07466,2025-02-14 13:38:00,CMP004,CH02
T013168,C07466,2025-02-21 17:53:00,CMP003,CH02
T013169,C07467,2025-05-27 00:00:00,CMP003,CH02
T013170,C07467,2025-06-02 07:48:00,CMP003,CH02
T013171,C07467,2025-06-07 23:48:00,CMP004,CH02
T013172,C07467,2025-06-10 09:50:00,CMP003,CH02
T013173,C07469,2025-08-28 00:00:00,CMP004,CH02
T013174,C07469,2025-09-02 02:13:00,CMP002,CH01
T013175,C07469,2025-09-05 08:04:00,CMP004,CH02
T013176,C07470,2025-01-12 00:00:00,CMP003,CH02
T013177,C07470,2025-01-15 04:55:00,CMP001,CH01
T013178,C07470,2025-01-22 13:20:00,CMP004,CH02
T013179,C07471,2025-03-25 00:00:00,CMP002,CH01
T013180,C07471,2025-03-26 00:43:00,CMP002,CH01
T013181,C07472,2025-12-10 00:00:00,CMP002,CH01
T013182,C07472,2025-12-16 03:44:00,CMP004,CH02
T013183,C07472,2025-12-21 11:56:00,CMP002,CH01
T013184,C07473,2025-08-01 00:00:00,CMP005,CH03
T013185,C07475,2025-12-05 00:00:00,CMP002,CH01
T013186,C07475,2025-12-12 10:51:00,CMP002,CH01
T013187,C07475,2025-12-18 22:01:00,CMP001,CH01
T013188,C07475,2025-12-22 14:39:00,CMP002,CH01
T013189,C07476,2025-07-06 00:00:00,CMP005,CH03
T013190,C07477,2025-09-07 00:00:00,CMP003,CH02
T013191,C07478,2025-11-10 00:00:00,CMP003,CH02
T013192,C07479,2025-04-10 00:00:00,CMP002,CH01
T013193,C07479,2025-04-14 05:38:00,CMP002,CH01
T013194,C07480,2025-06-30 00:00:00,CMP002,CH01
T013195,C07480,2025-07-03 22:38:00,CMP003,CH02
T013196,C07480,2025-07-08 04:05:00,CMP001,CH01
T013197,C07482,2025-06-21 00:00:00,CMP003,CH02
T013198,C07482,2025-06-22 04:15:00,CMP003,CH02
T013199,C07482,2025-06-24 00:01:00,CMP003,CH02
T013200,C07483,2025-08-22 00:00:00,CMP004,CH02
T013201,C07483,2025-08-24 17:25:00,CMP002,CH01
T013202,C07484,2025-06-17 00:00:00,CMP003,CH02
T013203,C07484,2025-06-20 01:26:00,CMP001,CH01
T013204,C07484,2025-06-25 21:45:00,CMP005,CH03
T013205,C07484,2025-06-28 06:52:00,CMP001,CH01
T013206,C07486,2025-01-09 00:00:00,CMP001,CH01
T013207,C07486,2025-01-15 06:03:00,CMP004,CH02
T013208,C07486,2025-01-22 08:18:00,CMP001,CH01
T013209,C07487,2025-07-29 00:00:00,CMP003,CH02
T013210,C07487,2025-08-03 13:27:00,CMP002,CH01
T013211,C07487,2025-08-08 04:39:00,CMP005,CH03
T013212,C07488,2025-07-02 00:00:00,CMP003,CH02
T013213,C07489,2025-02-11 00:00:00,CMP003,CH02
T013214,C07490,2025-12-03 00:00:00,CMP005,CH03
T013215,C07490,2025-12-04 10:26:00,CMP003,CH02
T013216,C07490,2025-12-07 17:52:00,CMP004,CH02
T013217,C07492,2025-05-12 00:00:00,CMP004,CH02
T013218,C07492,2025-05-18 12:48:00,CMP003,CH02
T013219,C07492,2025-05-21 17:29:00,CMP001,CH01
T013220,C07494,2025-11-12 00:00:00,CMP003,CH02
T013221,C07494,2025-11-13 11:13:00,CMP003,CH02
T013222,C07495,2025-11-17 00:00:00,CMP001,CH01
T013223,C07495,2025-11-20 03:40:00,CMP005,CH03
T013224,C07496,2025-12-13 00:00:00,CMP004,CH02
T013225,C07496,2025-12-16 13:16:00,CMP004,CH02
T013226,C07497,2025-10-14 00:00:00,CMP003,CH02
T013227,C07497,2025-10-16 16:19:00,CMP001,CH01
T013228,C07499,2025-11-19 00:00:00,CMP003,CH02
T013229,C07499,2025-11-23 18:02:00,CMP003,CH02
T013230,C07501,2025-11-25 00:00:00,CMP001,CH01
T013231,C07501,2025-11-30 01:21:00,CMP005,CH03
T013232,C07502,2025-09-19 00:00:00,CMP003,CH02
T013233,C07503,2025-01-01 00:00:00,CMP002,CH01
T013234,C07505,2025-03-23 00:00:00,CMP001,CH01
T013235,C07505,2025-03-25 19:41:00,CMP001,CH01
T013236,C07505,2025-03-27 06:39:00,CMP001,CH01
T013237,C07505,2025-04-01 05:09:00,CMP004,CH02
T013238,C07505,2025-04-04 22:08:00,CMP005,CH03
T013239,C07506,2025-08-17 00:00:00,CMP003,CH02
T013240,C07506,2025-08-24 17:45:00,CMP003,CH02
T013241,C07506,2025-08-27 15:25:00,CMP001,CH01
T013242,C07507,2025-09-05 00:00:00,CMP002,CH01
T013243,C07507,2025-09-11 21:53:00,CMP004,CH02
T013244,C07509,2025-02-21 00:00:00,CMP004,CH02
T013245,C07511,2025-12-27 00:00:00,CMP002,CH01
T013246,C07511,2026-01-01 10:56:00,CMP002,CH01
T013247,C07512,2025-02-01 00:00:00,CMP001,CH01
T013248,C07513,2025-07-18 00:00:00,CMP003,CH02
T013249,C07514,2025-06-20 00:00:00,CMP001,CH01
T013250,C07514,2025-06-21 01:26:00,CMP002,CH01
T013251,C07514,2025-06-25 14:21:00,CMP003,CH02
T013252,C07515,2025-09-28 00:00:00,CMP003,CH02
T013253,C07516,2025-08-29 00:00:00,CMP002,CH01
T013254,C07516,2025-09-05 05:25:00,CMP003,CH02
T013255,C07516,2025-09-09 04:21:00,CMP003,CH02
T013256,C07516,2025-09-14 06:24:00,CMP004,CH02
T013257,C07517,2025-02-02 00:00:00,CMP002,CH01
T013258,C07517,2025-02-08 22:35:00,CMP004,CH02
T013259,C07517,2025-02-16 05:39:00,CMP005,CH03
T013260,C07518,2025-08-01 00:00:00,CMP002,CH01
T013261,C07518,2025-08-07 15:34:00,CMP002,CH01
T013262,C07518,2025-08-13 15:54:00,CMP005,CH03
T013263,C07519,2025-12-07 00:00:00,CMP004,CH02
T013264,C07520,2025-07-03 00:00:00,CMP001,CH01
T013265,C07521,2025-06-05 00:00:00,CMP001,CH01
T013266,C07522,2025-12-05 00:00:00,CMP005,CH03
T013267,C07522,2025-12-12 13:36:00,CMP005,CH03
T013268,C07522,2025-12-17 03:09:00,CMP002,CH01
T013269,C07524,2025-08-28 00:00:00,CMP003,CH02
T013270,C07525,2025-01-07 00:00:00,CMP002,CH01
T013271,C07525,2025-01-14 07:31:00,CMP003,CH02
T013272,C07525,2025-01-21 03:58:00,CMP002,CH01
T013273,C07526,2025-09-04 00:00:00,CMP001,CH01
T013274,C07526,2025-09-09 07:19:00,CMP001,CH01
T013275,C07526,2025-09-11 10:15:00,CMP001,CH01
T013276,C07527,2025-09-04 00:00:00,CMP001,CH01
T013277,C07527,2025-09-09 07:00:00,CMP005,CH03
T013278,C07527,2025-09-15 22:32:00,CMP002,CH01
T013279,C07529,2025-06-27 00:00:00,CMP002,CH01
T013280,C07529,2025-07-03 22:39:00,CMP002,CH01
T013281,C07529,2025-07-06 02:40:00,CMP001,CH01
T013282,C07530,2025-03-07 00:00:00,CMP001,CH01
T013283,C07530,2025-03-14 20:15:00,CMP003,CH02
T013284,C07530,2025-03-17 21:30:00,CMP002,CH01
T013285,C07531,2025-10-14 00:00:00,CMP002,CH01
T013286,C07531,2025-10-17 15:10:00,CMP003,CH02
T013287,C07533,2025-11-02 00:00:00,CMP002,CH01
T013288,C07533,2025-11-08 22:52:00,CMP002,CH01
T013289,C07533,2025-11-15 21:22:00,CMP001,CH01
T013290,C07535,2025-05-28 00:00:00,CMP005,CH03
T013291,C07535,2025-06-01 01:43:00,CMP002,CH01
T013292,C07536,2025-07-29 00:00:00,CMP002,CH01
T013293,C07536,2025-07-30 04:17:00,CMP001,CH01
T013294,C07536,2025-08-06 03:42:00,CMP003,CH02
T013295,C07536,2025-08-13 20:56:00,CMP002,CH01
T013296,C07536,2025-08-17 06:33:00,CMP002,CH01
T013297,C07537,2025-11-02 00:00:00,CMP003,CH02
T013298,C07537,2025-11-03 00:20:00,CMP004,CH02
T013299,C07537,2025-11-05 04:47:00,CMP003,CH02
T013300,C07538,2025-08-11 00:00:00,CMP005,CH03
T013301,C07538,2025-08-13 23:57:00,CMP001,CH01
T013302,C07540,2025-02-16 00:00:00,CMP004,CH02
T013303,C07540,2025-02-21 10:39:00,CMP001,CH01
T013304,C07540,2025-02-26 18:35:00,CMP004,CH02
T013305,C07541,2025-12-25 00:00:00,CMP002,CH01
T013306,C07541,2025-12-30 07:57:00,CMP002,CH01
T013307,C07542,2025-02-09 00:00:00,CMP003,CH02
T013308,C07542,2025-02-16 12:22:00,CMP001,CH01
T013309,C07542,2025-02-22 15:35:00,CMP003,CH02
T013310,C07542,2025-03-01 20:45:00,CMP002,CH01
T013311,C07543,2025-09-19 00:00:00,CMP003,CH02
T013312,C07543,2025-09-26 08:46:00,CMP004,CH02
T013313,C07543,2025-10-01 21:40:00,CMP001,CH01
T013314,C07544,2025-10-07 00:00:00,CMP003,CH02
T013315,C07544,2025-10-10 04:24:00,CMP004,CH02
T013316,C07544,2025-10-15 02:02:00,CMP001,CH01
T013317,C07545,2025-07-01 00:00:00,CMP003,CH02
T013318,C07547,2025-06-02 00:00:00,CMP004,CH02
T013319,C07548,2025-09-29 00:00:00,CMP004,CH02
T013320,C07549,2025-10-01 00:00:00,CMP001,CH01
T013321,C07549,2025-10-08 15:56:00,CMP002,CH01
T013322,C07549,2025-10-10 03:12:00,CMP002,CH01
T013323,C07550,2025-11-19 00:00:00,CMP002,CH01
T013324,C07550,2025-11-24 14:03:00,CMP001,CH01
T013325,C07550,2025-11-25 20:29:00,CMP002,CH01
T013326,C07550,2025-11-28 01:29:00,CMP001,CH01
T013327,C07550,2025-11-30 12:57:00,CMP002,CH01
T013328,C07551,2025-08-17 00:00:00,CMP001,CH01
T013329,C07553,2025-07-02 00:00:00,CMP002,CH01
T013330,C07553,2025-07-05 05:51:00,CMP001,CH01
T013331,C07553,2025-07-07 10:23:00,CMP005,CH03
T013332,C07554,2025-06-14 00:00:00,CMP004,CH02
T013333,C07555,2025-02-18 00:00:00,CMP003,CH02
T013334,C07556,2025-08-25 00:00:00,CMP005,CH03
T013335,C07557,2025-02-24 00:00:00,CMP002,CH01
T013336,C07558,2025-04-25 00:00:00,CMP001,CH01
T013337,C07558,2025-04-26 09:20:00,CMP001,CH01
T013338,C07559,2025-01-24 00:00:00,CMP002,CH01
T013339,C07559,2025-01-27 09:44:00,CMP004,CH02
T013340,C07560,2025-04-23 00:00:00,CMP002,CH01
T013341,C07560,2025-04-26 02:41:00,CMP005,CH03
T013342,C07561,2025-02-22 00:00:00,CMP002,CH01
T013343,C07561,2025-02-27 09:30:00,CMP004,CH02
T013344,C07563,2025-11-04 00:00:00,CMP001,CH01
T013345,C07563,2025-11-06 09:05:00,CMP003,CH02
T013346,C07564,2025-04-13 00:00:00,CMP004,CH02
T013347,C07564,2025-04-15 06:03:00,CMP002,CH01
T013348,C07564,2025-04-19 03:42:00,CMP005,CH03
T013349,C07565,2025-05-04 00:00:00,CMP002,CH01
T013350,C07567,2025-03-20 00:00:00,CMP005,CH03
T013351,C07568,2025-12-04 00:00:00,CMP002,CH01
T013352,C07568,2025-12-10 00:02:00,CMP001,CH01
T013353,C07569,2025-06-25 00:00:00,CMP003,CH02
T013354,C07569,2025-06-29 05:41:00,CMP003,CH02
T013355,C07570,2025-05-07 00:00:00,CMP001,CH01
T013356,C07570,2025-05-13 03:05:00,CMP003,CH02
T013357,C07570,2025-05-18 16:40:00,CMP001,CH01
T013358,C07571,2025-06-15 00:00:00,CMP003,CH02
T013359,C07572,2025-07-17 00:00:00,CMP001,CH01
T013360,C07572,2025-07-20 12:19:00,CMP005,CH03
T013361,C07572,2025-07-23 07:19:00,CMP001,CH01
T013362,C07574,2025-10-22 00:00:00,CMP001,CH01
T013363,C07574,2025-10-26 21:11:00,CMP002,CH01
T013364,C07574,2025-10-29 21:59:00,CMP004,CH02
T013365,C07575,2025-03-29 00:00:00,CMP001,CH01
T013366,C07575,2025-04-03 05:55:00,CMP004,CH02
T013367,C07575,2025-04-06 06:17:00,CMP001,CH01
T013368,C07576,2025-03-08 00:00:00,CMP001,CH01
T013369,C07577,2025-03-20 00:00:00,CMP005,CH03
T013370,C07577,2025-03-25 08:05:00,CMP003,CH02
T013371,C07577,2025-03-28 16:32:00,CMP004,CH02
T013372,C07578,2025-04-06 00:00:00,CMP002,CH01
T013373,C07578,2025-04-12 15:40:00,CMP004,CH02
T013374,C07578,2025-04-16 21:08:00,CMP001,CH01
T013375,C07579,2025-11-10 00:00:00,CMP005,CH03
T013376,C07579,2025-11-17 22:05:00,CMP001,CH01
T013377,C07580,2025-11-26 00:00:00,CMP004,CH02
T013378,C07580,2025-11-28 21:37:00,CMP001,CH01
T013379,C07580,2025-12-06 14:39:00,CMP002,CH01
T013380,C07580,2025-12-09 07:37:00,CMP002,CH01
T013381,C07581,2025-01-24 00:00:00,CMP001,CH01
T013382,C07581,2025-01-26 02:42:00,CMP002,CH01
T013383,C07583,2025-11-24 00:00:00,CMP004,CH02
T013384,C07583,2025-11-28 07:47:00,CMP001,CH01
T013385,C07584,2025-03-12 00:00:00,CMP004,CH02
T013386,C07584,2025-03-16 21:46:00,CMP003,CH02
T013387,C07585,2025-11-19 00:00:00,CMP002,CH01
T013388,C07585,2025-11-25 23:38:00,CMP005,CH03
T013389,C07585,2025-11-28 03:56:00,CMP002,CH01
T013390,C07586,2025-01-19 00:00:00,CMP002,CH01
T013391,C07586,2025-01-21 22:05:00,CMP001,CH01
T013392,C07586,2025-01-24 08:05:00,CMP004,CH02
T013393,C07587,2025-04-22 00:00:00,CMP002,CH01
T013394,C07587,2025-04-27 05:21:00,CMP004,CH02
T013395,C07587,2025-05-01 07:01:00,CMP001,CH01
T013396,C07588,2025-07-09 00:00:00,CMP003,CH02
T013397,C07588,2025-07-16 04:24:00,CMP004,CH02
T013398,C07589,2025-05-01 00:00:00,CMP005,CH03
T013399,C07589,2025-05-04 06:11:00,CMP004,CH02
T013400,C07589,2025-05-06 23:23:00,CMP002,CH01
T013401,C07590,2025-04-05 00:00:00,CMP003,CH02
T013402,C07591,2025-06-04 00:00:00,CMP002,CH01
T013403,C07591,2025-06-07 00:41:00,CMP001,CH01
T013404,C07591,2025-06-10 11:54:00,CMP002,CH01
T013405,C07592,2025-03-28 00:00:00,CMP002,CH01
T013406,C07592,2025-04-03 19:53:00,CMP001,CH01
T013407,C07592,2025-04-05 11:02:00,CMP002,CH01
T013408,C07592,2025-04-08 18:14:00,CMP002,CH01
T013409,C07593,2025-09-30 00:00:00,CMP004,CH02
T013410,C07594,2025-09-08 00:00:00,CMP005,CH03
T013411,C07594,2025-09-15 04:40:00,CMP003,CH02
T013412,C07594,2025-09-17 15:23:00,CMP002,CH01
T013413,C07594,2025-09-23 01:14:00,CMP003,CH02
T013414,C07596,2025-09-12 00:00:00,CMP002,CH01
T013415,C07596,2025-09-16 11:23:00,CMP003,CH02
T013416,C07596,2025-09-21 01:12:00,CMP004,CH02
T013417,C07597,2025-10-23 00:00:00,CMP002,CH01
T013418,C07597,2025-10-24 07:59:00,CMP001,CH01
T013419,C07597,2025-10-30 05:49:00,CMP004,CH02
T013420,C07598,2025-06-21 00:00:00,CMP004,CH02
T013421,C07599,2025-02-25 00:00:00,CMP003,CH02
T013422,C07599,2025-03-03 08:47:00,CMP004,CH02
T013423,C07599,2025-03-06 21:30:00,CMP002,CH01
T013424,C07600,2025-12-10 00:00:00,CMP003,CH02
T013425,C07600,2025-12-13 12:44:00,CMP002,CH01
T013426,C07601,2025-11-28 00:00:00,CMP001,CH01
T013427,C07601,2025-12-05 23:20:00,CMP001,CH01
T013428,C07603,2025-02-27 00:00:00,CMP004,CH02
T013429,C07603,2025-03-01 14:46:00,CMP001,CH01
T013430,C07604,2025-09-04 00:00:00,CMP004,CH02
T013431,C07605,2025-06-02 00:00:00,CMP001,CH01
T013432,C07605,2025-06-07 09:44:00,CMP002,CH01
T013433,C07605,2025-06-11 20:27:00,CMP002,CH01
T013434,C07605,2025-06-18 06:41:00,CMP002,CH01
T013435,C07607,2025-06-29 00:00:00,CMP002,CH01
T013436,C07607,2025-07-02 02:21:00,CMP003,CH02
T013437,C07607,2025-07-05 10:59:00,CMP001,CH01
T013438,C07607,2025-07-11 11:10:00,CMP001,CH01
T013439,C07608,2025-10-06 00:00:00,CMP004,CH02
T013440,C07609,2025-07-12 00:00:00,CMP003,CH02
T013441,C07609,2025-07-13 12:44:00,CMP002,CH01
T013442,C07610,2025-06-08 00:00:00,CMP003,CH02
T013443,C07610,2025-06-15 16:28:00,CMP002,CH01
T013444,C07611,2025-05-23 00:00:00,CMP003,CH02
T013445,C07611,2025-05-24 01:19:00,CMP004,CH02
T013446,C07612,2025-10-23 00:00:00,CMP001,CH01
T013447,C07612,2025-10-29 00:55:00,CMP004,CH02
T013448,C07612,2025-11-02 16:41:00,CMP003,CH02
T013449,C07614,2025-11-05 00:00:00,CMP004,CH02
T013450,C07615,2025-09-13 00:00:00,CMP002,CH01
T013451,C07615,2025-09-18 14:32:00,CMP002,CH01
T013452,C07615,2025-09-21 19:42:00,CMP003,CH02
T013453,C07616,2025-07-27 00:00:00,CMP001,CH01
T013454,C07617,2025-09-08 00:00:00,CMP001,CH01
T013455,C07617,2025-09-13 10:51:00,CMP005,CH03
T013456,C07618,2025-04-16 00:00:00,CMP001,CH01
T013457,C07619,2025-08-01 00:00:00,CMP004,CH02
T013458,C07620,2025-11-24 00:00:00,CMP004,CH02
T013459,C07620,2025-11-28 22:47:00,CMP001,CH01
T013460,C07620,2025-12-04 15:06:00,CMP002,CH01
T013461,C07622,2025-06-24 00:00:00,CMP002,CH01
T013462,C07622,2025-06-25 11:01:00,CMP003,CH02
T013463,C07622,2025-07-02 21:31:00,CMP002,CH01
T013464,C07623,2025-04-11 00:00:00,CMP004,CH02
T013465,C07624,2025-09-30 00:00:00,CMP003,CH02
T013466,C07624,2025-10-06 20:42:00,CMP001,CH01
T013467,C07624,2025-10-09 22:04:00,CMP002,CH01
T013468,C07624,2025-10-17 06:30:00,CMP004,CH02
T013469,C07624,2025-10-20 01:29:00,CMP001,CH01
T013470,C07626,2025-07-04 00:00:00,CMP003,CH02
T013471,C07626,2025-07-07 17:57:00,CMP001,CH01
T013472,C07626,2025-07-12 06:49:00,CMP003,CH02
T013473,C07626,2025-07-18 07:46:00,CMP002,CH01
T013474,C07627,2025-05-23 00:00:00,CMP002,CH01
T013475,C07628,2025-04-27 00:00:00,CMP004,CH02
T013476,C07628,2025-05-02 09:39:00,CMP002,CH01
T013477,C07629,2025-12-20 00:00:00,CMP002,CH01
T013478,C07630,2025-01-18 00:00:00,CMP002,CH01
T013479,C07630,2025-01-19 07:44:00,CMP002,CH01
T013480,C07631,2025-06-12 00:00:00,CMP004,CH02
T013481,C07631,2025-06-15 09:44:00,CMP004,CH02
T013482,C07632,2025-01-27 00:00:00,CMP004,CH02
T013483,C07632,2025-02-02 13:08:00,CMP001,CH01
T013484,C07632,2025-02-08 14:17:00,CMP001,CH01
T013485,C07633,2025-02-15 00:00:00,CMP001,CH01
T013486,C07634,2025-07-30 00:00:00,CMP003,CH02
T013487,C07634,2025-08-02 19:41:00,CMP002,CH01
T013488,C07634,2025-08-05 15:51:00,CMP002,CH01
T013489,C07635,2025-02-23 00:00:00,CMP003,CH02
T013490,C07637,2025-02-13 00:00:00,CMP002,CH01
T013491,C07638,2025-03-07 00:00:00,CMP004,CH02
T013492,C07638,2025-03-08 04:23:00,CMP003,CH02
T013493,C07638,2025-03-15 19:00:00,CMP002,CH01
T013494,C07639,2025-08-19 00:00:00,CMP001,CH01
T013495,C07641,2025-01-08 00:00:00,CMP004,CH02
T013496,C07642,2025-05-20 00:00:00,CMP005,CH03
T013497,C07642,2025-05-27 11:09:00,CMP002,CH01
T013498,C07643,2025-04-19 00:00:00,CMP002,CH01
T013499,C07644,2025-11-26 00:00:00,CMP004,CH02
T013500,C07644,2025-12-01 06:17:00,CMP004,CH02
T013501,C07644,2025-12-05 19:10:00,CMP002,CH01
T013502,C07646,2025-08-21 00:00:00,CMP003,CH02
T013503,C07646,2025-08-25 22:48:00,CMP003,CH02
T013504,C07646,2025-08-31 18:52:00,CMP001,CH01
T013505,C07647,2025-12-22 00:00:00,CMP003,CH02
T013506,C07648,2025-04-21 00:00:00,CMP001,CH01
T013507,C07648,2025-04-25 07:42:00,CMP004,CH02
T013508,C07648,2025-04-27 00:16:00,CMP001,CH01
T013509,C07649,2025-08-24 00:00:00,CMP002,CH01
T013510,C07649,2025-08-30 04:18:00,CMP002,CH01
T013511,C07649,2025-09-05 13:50:00,CMP004,CH02
T013512,C07650,2025-08-07 00:00:00,CMP001,CH01
T013513,C07650,2025-08-11 10:18:00,CMP003,CH02
T013514,C07650,2025-08-18 19:39:00,CMP001,CH01
T013515,C07651,2025-07-31 00:00:00,CMP005,CH03
T013516,C07651,2025-08-02 06:07:00,CMP004,CH02
T013517,C07651,2025-08-04 09:49:00,CMP004,CH02
T013518,C07652,2025-09-23 00:00:00,CMP001,CH01
T013519,C07652,2025-09-25 05:28:00,CMP001,CH01
T013520,C07653,2025-03-28 00:00:00,CMP002,CH01
T013521,C07655,2025-03-30 00:00:00,CMP002,CH01
T013522,C07655,2025-04-01 00:52:00,CMP004,CH02
T013523,C07655,2025-04-06 19:32:00,CMP001,CH01
T013524,C07657,2025-01-08 00:00:00,CMP003,CH02
T013525,C07657,2025-01-14 04:24:00,CMP005,CH03
T013526,C07658,2025-05-06 00:00:00,CMP002,CH01
T013527,C07659,2025-09-25 00:00:00,CMP002,CH01
T013528,C07659,2025-09-30 10:43:00,CMP005,CH03
T013529,C07660,2025-04-17 00:00:00,CMP003,CH02
T013530,C07660,2025-04-18 04:01:00,CMP001,CH01
T013531,C07661,2025-11-06 00:00:00,CMP002,CH01
T013532,C07661,2025-11-09 11:49:00,CMP003,CH02
T013533,C07662,2025-02-14 00:00:00,CMP002,CH01
T013534,C07662,2025-02-18 23:35:00,CMP004,CH02
T013535,C07664,2025-01-29 00:00:00,CMP002,CH01
T013536,C07665,2025-05-06 00:00:00,CMP001,CH01
T013537,C07666,2025-12-08 00:00:00,CMP004,CH02
T013538,C07666,2025-12-10 23:05:00,CMP002,CH01
T013539,C07667,2025-08-28 00:00:00,CMP003,CH02
T013540,C07667,2025-08-30 08:00:00,CMP001,CH01
T013541,C07668,2025-12-13 00:00:00,CMP001,CH01
T013542,C07669,2025-06-23 00:00:00,CMP003,CH02
T013543,C07669,2025-06-24 20:27:00,CMP003,CH02
T013544,C07669,2025-07-02 12:44:00,CMP001,CH01
T013545,C07670,2025-05-05 00:00:00,CMP002,CH01
T013546,C07670,2025-05-07 18:49:00,CMP004,CH02
T013547,C07672,2025-03-02 00:00:00,CMP003,CH02
T013548,C07672,2025-03-09 15:09:00,CMP002,CH01
T013549,C07672,2025-03-12 10:21:00,CMP001,CH01
T013550,C07673,2025-02-05 00:00:00,CMP001,CH01
T013551,C07673,2025-02-07 03:07:00,CMP002,CH01
T013552,C07676,2025-11-18 00:00:00,CMP002,CH01
T013553,C07676,2025-11-21 19:43:00,CMP001,CH01
T013554,C07676,2025-11-26 12:46:00,CMP005,CH03
T013555,C07677,2025-07-21 00:00:00,CMP001,CH01
T013556,C07679,2025-07-11 00:00:00,CMP001,CH01
T013557,C07679,2025-07-15 08:01:00,CMP003,CH02
T013558,C07680,2025-04-22 00:00:00,CMP005,CH03
T013559,C07680,2025-04-23 23:17:00,CMP002,CH01
T013560,C07682,2025-12-11 00:00:00,CMP001,CH01
T013561,C07682,2025-12-18 17:27:00,CMP001,CH01
T013562,C07683,2025-10-17 00:00:00,CMP004,CH02
T013563,C07683,2025-10-24 10:16:00,CMP001,CH01
T013564,C07684,2025-01-13 00:00:00,CMP005,CH03
T013565,C07684,2025-01-17 14:57:00,CMP002,CH01
T013566,C07685,2025-12-16 00:00:00,CMP002,CH01
T013567,C07685,2025-12-21 17:41:00,CMP005,CH03
T013568,C07686,2025-08-21 00:00:00,CMP003,CH02
T013569,C07686,2025-08-23 12:21:00,CMP001,CH01
T013570,C07687,2025-03-29 00:00:00,CMP005,CH03
T013571,C07688,2025-04-29 00:00:00,CMP002,CH01
T013572,C07688,2025-05-01 10:14:00,CMP003,CH02
T013573,C07688,2025-05-05 13:49:00,CMP005,CH03
T013574,C07688,2025-05-07 20:26:00,CMP002,CH01
T013575,C07691,2025-10-19 00:00:00,CMP002,CH01
T013576,C07692,2025-10-31 00:00:00,CMP004,CH02
T013577,C07692,2025-11-07 07:06:00,CMP002,CH01
T013578,C07692,2025-11-14 04:49:00,CMP001,CH01
T013579,C07692,2025-11-15 16:33:00,CMP001,CH01
T013580,C07693,2025-10-18 00:00:00,CMP002,CH01
T013581,C07693,2025-10-20 05:32:00,CMP005,CH03
T013582,C07694,2025-10-13 00:00:00,CMP003,CH02
T013583,C07694,2025-10-17 00:56:00,CMP003,CH02
T013584,C07697,2025-01-26 00:00:00,CMP001,CH01
T013585,C07698,2025-04-24 00:00:00,CMP001,CH01
T013586,C07700,2025-07-22 00:00:00,CMP001,CH01
T013587,C07701,2025-07-25 00:00:00,CMP004,CH02
T013588,C07701,2025-07-27 12:37:00,CMP004,CH02
T013589,C07701,2025-07-31 17:27:00,CMP004,CH02
T013590,C07702,2025-05-27 00:00:00,CMP004,CH02
T013591,C07702,2025-06-03 13:38:00,CMP002,CH01
T013592,C07703,2025-03-22 00:00:00,CMP001,CH01
T013593,C07704,2025-11-23 00:00:00,CMP004,CH02
T013594,C07704,2025-11-29 16:59:00,CMP004,CH02
T013595,C07705,2025-01-03 00:00:00,CMP002,CH01
T013596,C07705,2025-01-08 02:56:00,CMP003,CH02
T013597,C07706,2025-11-14 00:00:00,CMP003,CH02
T013598,C07709,2025-04-18 00:00:00,CMP005,CH03
T013599,C07711,2025-10-23 00:00:00,CMP004,CH02
T013600,C07711,2025-10-27 16:54:00,CMP001,CH01
T013601,C07712,2025-05-23 00:00:00,CMP001,CH01
T013602,C07714,2025-08-08 00:00:00,CMP002,CH01
T013603,C07715,2025-12-18 00:00:00,CMP001,CH01
T013604,C07716,2025-04-12 00:00:00,CMP002,CH01
T013605,C07716,2025-04-18 09:43:00,CMP004,CH02
T013606,C07716,2025-04-24 17:10:00,CMP002,CH01
T013607,C07717,2025-05-16 00:00:00,CMP003,CH02
T013608,C07718,2025-06-08 00:00:00,CMP001,CH01
T013609,C07719,2025-06-21 00:00:00,CMP004,CH02
T013610,C07719,2025-06-25 03:32:00,CMP003,CH02
T013611,C07719,2025-07-02 15:52:00,CMP003,CH02
T013612,C07720,2025-04-25 00:00:00,CMP004,CH02
T013613,C07720,2025-04-30 18:15:00,CMP003,CH02
T013614,C07721,2025-08-29 00:00:00,CMP005,CH03
T013615,C07721,2025-08-31 09:11:00,CMP002,CH01
T013616,C07721,2025-09-05 11:15:00,CMP004,CH02
T013617,C07721,2025-09-12 11:43:00,CMP001,CH01
T013618,C07721,2025-09-18 06:35:00,CMP001,CH01
T013619,C07722,2025-09-07 00:00:00,CMP001,CH01
T013620,C07722,2025-09-10 12:59:00,CMP002,CH01
T013621,C07722,2025-09-13 19:01:00,CMP001,CH01
T013622,C07723,2025-08-18 00:00:00,CMP004,CH02
T013623,C07724,2025-12-04 00:00:00,CMP004,CH02
T013624,C07724,2025-12-06 14:53:00,CMP004,CH02
T013625,C07725,2025-10-20 00:00:00,CMP001,CH01
T013626,C07725,2025-10-25 04:17:00,CMP004,CH02
T013627,C07727,2025-03-14 00:00:00,CMP004,CH02
T013628,C07727,2025-03-16 04:16:00,CMP001,CH01
T013629,C07727,2025-03-17 05:54:00,CMP002,CH01
T013630,C07727,2025-03-18 07:53:00,CMP003,CH02
T013631,C07728,2025-08-28 00:00:00,CMP003,CH02
T013632,C07728,2025-09-01 15:25:00,CMP002,CH01
T013633,C07728,2025-09-05 23:11:00,CMP001,CH01
T013634,C07728,2025-09-08 02:23:00,CMP001,CH01
T013635,C07728,2025-09-12 07:28:00,CMP004,CH02
T013636,C07729,2025-12-19 00:00:00,CMP002,CH01
T013637,C07731,2025-12-09 00:00:00,CMP004,CH02
T013638,C07732,2025-03-19 00:00:00,CMP003,CH02
T013639,C07732,2025-03-23 03:43:00,CMP004,CH02
T013640,C07733,2025-05-23 00:00:00,CMP003,CH02
T013641,C07734,2025-07-22 00:00:00,CMP002,CH01
T013642,C07734,2025-07-26 20:45:00,CMP004,CH02
T013643,C07734,2025-07-28 22:15:00,CMP004,CH02
T013644,C07736,2025-03-18 00:00:00,CMP005,CH03
T013645,C07736,2025-03-22 10:30:00,CMP001,CH01
T013646,C07738,2025-05-21 00:00:00,CMP003,CH02
T013647,C07738,2025-05-23 21:54:00,CMP002,CH01
T013648,C07738,2025-05-27 04:42:00,CMP001,CH01
T013649,C07739,2025-09-07 00:00:00,CMP005,CH03
T013650,C07739,2025-09-10 16:06:00,CMP005,CH03
T013651,C07740,2025-03-16 00:00:00,CMP001,CH01
T013652,C07740,2025-03-21 05:29:00,CMP001,CH01
T013653,C07741,2025-06-01 00:00:00,CMP003,CH02
T013654,C07742,2025-10-15 00:00:00,CMP002,CH01
T013655,C07743,2025-05-09 00:00:00,CMP002,CH01
T013656,C07743,2025-05-15 10:47:00,CMP002,CH01
T013657,C07744,2025-08-28 00:00:00,CMP004,CH02
T013658,C07745,2025-11-11 00:00:00,CMP002,CH01
T013659,C07746,2025-04-04 00:00:00,CMP001,CH01
T013660,C07746,2025-04-06 22:35:00,CMP001,CH01
T013661,C07747,2025-03-06 00:00:00,CMP005,CH03
T013662,C07747,2025-03-08 21:20:00,CMP004,CH02
T013663,C07747,2025-03-16 06:06:00,CMP001,CH01
T013664,C07748,2025-12-30 00:00:00,CMP003,CH02
T013665,C07748,2026-01-04 15:44:00,CMP003,CH02
T013666,C07748,2026-01-08 21:54:00,CMP002,CH01
T013667,C07749,2025-01-27 00:00:00,CMP003,CH02
T013668,C07749,2025-02-03 22:15:00,CMP004,CH02
T013669,C07749,2025-02-09 07:46:00,CMP002,CH01
T013670,C07749,2025-02-13 03:18:00,CMP005,CH03
T013671,C07750,2025-09-21 00:00:00,CMP001,CH01
T013672,C07750,2025-09-28 03:38:00,CMP002,CH01
T013673,C07751,2025-08-13 00:00:00,CMP002,CH01
T013674,C07751,2025-08-14 22:06:00,CMP002,CH01
T013675,C07752,2025-05-15 00:00:00,CMP003,CH02
T013676,C07752,2025-05-21 10:03:00,CMP002,CH01
T013677,C07752,2025-05-27 22:11:00,CMP005,CH03
T013678,C07753,2025-08-02 00:00:00,CMP003,CH02
T013679,C07753,2025-08-09 13:14:00,CMP002,CH01
T013680,C07754,2025-06-16 00:00:00,CMP003,CH02
T013681,C07754,2025-06-19 13:23:00,CMP004,CH02
T013682,C07755,2025-03-16 00:00:00,CMP002,CH01
T013683,C07755,2025-03-21 10:24:00,CMP004,CH02
T013684,C07755,2025-03-24 18:51:00,CMP002,CH01
T013685,C07756,2025-10-27 00:00:00,CMP002,CH01
T013686,C07756,2025-11-01 06:00:00,CMP004,CH02
T013687,C07756,2025-11-02 06:17:00,CMP002,CH01
T013688,C07756,2025-11-06 08:03:00,CMP004,CH02
T013689,C07756,2025-11-14 06:26:00,CMP003,CH02
T013690,C07757,2025-02-22 00:00:00,CMP004,CH02
T013691,C07757,2025-03-01 04:51:00,CMP002,CH01
T013692,C07758,2025-06-19 00:00:00,CMP001,CH01
T013693,C07758,2025-06-23 08:45:00,CMP001,CH01
T013694,C07758,2025-06-30 02:49:00,CMP003,CH02
T013695,C07759,2025-01-08 00:00:00,CMP002,CH01
T013696,C07759,2025-01-13 07:20:00,CMP002,CH01
T013697,C07759,2025-01-19 02:26:00,CMP004,CH02
T013698,C07760,2025-03-04 00:00:00,CMP002,CH01
T013699,C07760,2025-03-05 18:05:00,CMP002,CH01
T013700,C07762,2025-04-10 00:00:00,CMP003,CH02
T013701,C07762,2025-04-12 19:44:00,CMP003,CH02
T013702,C07763,2025-11-11 00:00:00,CMP004,CH02
T013703,C07763,2025-11-13 10:26:00,CMP004,CH02
T013704,C07763,2025-11-15 15:56:00,CMP002,CH01
T013705,C07763,2025-11-18 04:00:00,CMP004,CH02
T013706,C07765,2025-11-26 00:00:00,CMP004,CH02
T013707,C07765,2025-11-29 04:20:00,CMP002,CH01
T013708,C07766,2025-12-04 00:00:00,CMP001,CH01
T013709,C07766,2025-12-07 07:28:00,CMP005,CH03
T013710,C07766,2025-12-13 23:26:00,CMP004,CH02
T013711,C07767,2025-03-12 00:00:00,CMP002,CH01
T013712,C07767,2025-03-14 03:29:00,CMP001,CH01
T013713,C07769,2025-03-02 00:00:00,CMP002,CH01
T013714,C07769,2025-03-05 22:38:00,CMP004,CH02
T013715,C07769,2025-03-09 17:13:00,CMP005,CH03
T013716,C07769,2025-03-17 16:37:00,CMP001,CH01
T013717,C07769,2025-03-25 02:21:00,CMP003,CH02
T013718,C07770,2025-01-22 00:00:00,CMP002,CH01
T013719,C07770,2025-01-24 14:23:00,CMP004,CH02
T013720,C07770,2025-01-31 12:15:00,CMP003,CH02
T013721,C07771,2025-11-20 00:00:00,CMP002,CH01
T013722,C07773,2025-01-06 00:00:00,CMP001,CH01
T013723,C07774,2025-08-26 00:00:00,CMP004,CH02
T013724,C07774,2025-08-28 12:36:00,CMP003,CH02
T013725,C07775,2025-02-19 00:00:00,CMP001,CH01
T013726,C07775,2025-02-21 18:08:00,CMP004,CH02
T013727,C07776,2025-10-29 00:00:00,CMP002,CH01
T013728,C07776,2025-11-04 23:39:00,CMP003,CH02
T013729,C07777,2025-01-03 00:00:00,CMP001,CH01
T013730,C07777,2025-01-06 15:47:00,CMP001,CH01
T013731,C07777,2025-01-07 21:35:00,CMP004,CH02
T013732,C07778,2025-01-24 00:00:00,CMP002,CH01
T013733,C07778,2025-01-25 09:36:00,CMP003,CH02
T013734,C07778,2025-01-29 23:07:00,CMP002,CH01
T013735,C07778,2025-01-31 03:41:00,CMP002,CH01
T013736,C07779,2025-01-16 00:00:00,CMP005,CH03
T013737,C07779,2025-01-18 02:37:00,CMP005,CH03
T013738,C07780,2025-09-01 00:00:00,CMP003,CH02
T013739,C07780,2025-09-03 10:23:00,CMP002,CH01
T013740,C07780,2025-09-07 13:34:00,CMP004,CH02
T013741,C07781,2025-01-26 00:00:00,CMP004,CH02
T013742,C07781,2025-01-28 17:50:00,CMP003,CH02
T013743,C07781,2025-02-03 22:18:00,CMP003,CH02
T013744,C07781,2025-02-06 23:42:00,CMP002,CH01
T013745,C07781,2025-02-14 01:16:00,CMP003,CH02
T013746,C07782,2025-11-27 00:00:00,CMP002,CH01
T013747,C07782,2025-11-28 15:44:00,CMP001,CH01
T013748,C07783,2025-07-05 00:00:00,CMP003,CH02
T013749,C07783,2025-07-09 18:16:00,CMP004,CH02
T013750,C07784,2025-01-16 00:00:00,CMP005,CH03
T013751,C07785,2025-12-10 00:00:00,CMP001,CH01
T013752,C07785,2025-12-13 19:27:00,CMP004,CH02
T013753,C07787,2025-06-26 00:00:00,CMP002,CH01
T013754,C07787,2025-07-02 05:11:00,CMP001,CH01
T013755,C07788,2025-12-25 00:00:00,CMP003,CH02
T013756,C07788,2025-12-27 09:28:00,CMP001,CH01
T013757,C07789,2025-04-23 00:00:00,CMP001,CH01
T013758,C07789,2025-04-24 10:08:00,CMP003,CH02
T013759,C07789,2025-04-29 21:44:00,CMP004,CH02
T013760,C07790,2025-01-19 00:00:00,CMP005,CH03
T013761,C07790,2025-01-24 11:52:00,CMP002,CH01
T013762,C07791,2025-03-12 00:00:00,CMP002,CH01
T013763,C07791,2025-03-17 21:46:00,CMP003,CH02
T013764,C07791,2025-03-19 19:23:00,CMP002,CH01
T013765,C07792,2025-09-05 00:00:00,CMP001,CH01
T013766,C07792,2025-09-09 06:13:00,CMP001,CH01
T013767,C07792,2025-09-11 15:34:00,CMP003,CH02
T013768,C07792,2025-09-18 01:27:00,CMP001,CH01
T013769,C07793,2025-01-22 00:00:00,CMP003,CH02
T013770,C07795,2025-07-30 00:00:00,CMP002,CH01
T013771,C07795,2025-08-02 15:55:00,CMP003,CH02
T013772,C07795,2025-08-06 01:38:00,CMP002,CH01
T013773,C07796,2025-04-26 00:00:00,CMP004,CH02
T013774,C07797,2025-01-24 00:00:00,CMP002,CH01
T013775,C07797,2025-01-27 15:44:00,CMP001,CH01
T013776,C07797,2025-01-28 22:45:00,CMP004,CH02
T013777,C07797,2025-01-30 03:27:00,CMP003,CH02
T013778,C07799,2025-12-22 00:00:00,CMP001,CH01
T013779,C07799,2025-12-25 09:01:00,CMP004,CH02
T013780,C07800,2025-12-30 00:00:00,CMP001,CH01
T013781,C07800,2025-12-31 14:07:00,CMP004,CH02
T013782,C07800,2026-01-06 06:15:00,CMP001,CH01
T013783,C07801,2025-07-12 00:00:00,CMP004,CH02
T013784,C07802,2025-10-06 00:00:00,CMP005,CH03
T013785,C07802,2025-10-07 00:02:00,CMP004,CH02
T013786,C07802,2025-10-12 10:40:00,CMP004,CH02
T013787,C07802,2025-10-15 11:13:00,CMP003,CH02
T013788,C07803,2025-04-22 00:00:00,CMP001,CH01
T013789,C07803,2025-04-26 14:01:00,CMP002,CH01
T013790,C07804,2025-02-27 00:00:00,CMP005,CH03
T013791,C07804,2025-02-28 05:11:00,CMP002,CH01
T013792,C07804,2025-03-03 19:02:00,CMP005,CH03
T013793,C07805,2025-09-18 00:00:00,CMP004,CH02
T013794,C07806,2025-10-13 00:00:00,CMP001,CH01
T013795,C07807,2025-10-16 00:00:00,CMP003,CH02
T013796,C07807,2025-10-23 09:12:00,CMP002,CH01
T013797,C07807,2025-10-30 13:18:00,CMP001,CH01
T013798,C07808,2025-10-12 00:00:00,CMP005,CH03
T013799,C07808,2025-10-15 02:44:00,CMP002,CH01
T013800,C07809,2025-11-15 00:00:00,CMP003,CH02
T013801,C07809,2025-11-17 21:01:00,CMP002,CH01
T013802,C07809,2025-11-24 09:51:00,CMP004,CH02
T013803,C07809,2025-11-29 13:26:00,CMP001,CH01
T013804,C07810,2025-11-02 00:00:00,CMP004,CH02
T013805,C07811,2025-10-28 00:00:00,CMP003,CH02
T013806,C07811,2025-11-04 07:11:00,CMP001,CH01
T013807,C07811,2025-11-11 15:55:00,CMP003,CH02
T013808,C07811,2025-11-15 03:37:00,CMP003,CH02
T013809,C07811,2025-11-23 00:12:00,CMP003,CH02
T013810,C07813,2025-10-12 00:00:00,CMP004,CH02
T013811,C07813,2025-10-19 00:17:00,CMP004,CH02
T013812,C07814,2025-12-28 00:00:00,CMP002,CH01
T013813,C07817,2025-02-13 00:00:00,CMP003,CH02
T013814,C07817,2025-02-20 22:06:00,CMP003,CH02
T013815,C07818,2025-12-04 00:00:00,CMP003,CH02
T013816,C07818,2025-12-08 17:55:00,CMP003,CH02
T013817,C07819,2025-08-26 00:00:00,CMP002,CH01
T013818,C07820,2025-11-13 00:00:00,CMP001,CH01
T013819,C07820,2025-11-15 05:33:00,CMP001,CH01
T013820,C07820,2025-11-21 05:41:00,CMP001,CH01
T013821,C07820,2025-11-24 09:53:00,CMP002,CH01
T013822,C07822,2025-08-23 00:00:00,CMP004,CH02
T013823,C07822,2025-08-24 18:15:00,CMP001,CH01
T013824,C07822,2025-08-31 23:36:00,CMP002,CH01
T013825,C07823,2025-09-21 00:00:00,CMP002,CH01
T013826,C07823,2025-09-25 09:06:00,CMP003,CH02
T013827,C07824,2025-01-13 00:00:00,CMP001,CH01
T013828,C07824,2025-01-14 15:57:00,CMP005,CH03
T013829,C07825,2025-09-25 00:00:00,CMP002,CH01
T013830,C07825,2025-10-02 06:28:00,CMP005,CH03
T013831,C07826,2025-07-11 00:00:00,CMP002,CH01
T013832,C07826,2025-07-17 13:42:00,CMP002,CH01
T013833,C07826,2025-07-22 10:55:00,CMP001,CH01
T013834,C07827,2025-02-21 00:00:00,CMP004,CH02
T013835,C07828,2025-04-06 00:00:00,CMP001,CH01
T013836,C07828,2025-04-08 18:19:00,CMP004,CH02
T013837,C07828,2025-04-16 15:53:00,CMP001,CH01
T013838,C07830,2025-08-08 00:00:00,CMP002,CH01
T013839,C07830,2025-08-11 12:42:00,CMP002,CH01
T013840,C07831,2025-09-22 00:00:00,CMP003,CH02
T013841,C07831,2025-09-23 02:02:00,CMP003,CH02
T013842,C07832,2025-09-09 00:00:00,CMP004,CH02
T013843,C07832,2025-09-12 17:43:00,CMP001,CH01
T013844,C07832,2025-09-14 02:06:00,CMP001,CH01
T013845,C07833,2025-07-29 00:00:00,CMP003,CH02
T013846,C07834,2025-12-17 00:00:00,CMP002,CH01
T013847,C07834,2025-12-22 14:09:00,CMP001,CH01
T013848,C07835,2025-02-18 00:00:00,CMP005,CH03
T013849,C07835,2025-02-21 05:42:00,CMP003,CH02
T013850,C07835,2025-02-26 14:03:00,CMP004,CH02
T013851,C07836,2025-01-04 00:00:00,CMP002,CH01
T013852,C07836,2025-01-08 21:48:00,CMP001,CH01
T013853,C07836,2025-01-10 04:01:00,CMP001,CH01
T013854,C07837,2025-03-12 00:00:00,CMP003,CH02
T013855,C07837,2025-03-17 14:22:00,CMP001,CH01
T013856,C07837,2025-03-21 01:36:00,CMP004,CH02
T013857,C07837,2025-03-27 22:45:00,CMP004,CH02
T013858,C07838,2025-06-04 00:00:00,CMP005,CH03
T013859,C07838,2025-06-07 21:45:00,CMP003,CH02
T013860,C07838,2025-06-09 02:30:00,CMP002,CH01
T013861,C07838,2025-06-13 22:07:00,CMP003,CH02
T013862,C07839,2025-09-02 00:00:00,CMP001,CH01
T013863,C07840,2025-08-12 00:00:00,CMP002,CH01
T013864,C07840,2025-08-16 05:34:00,CMP003,CH02
T013865,C07842,2025-02-16 00:00:00,CMP005,CH03
T013866,C07842,2025-02-21 11:41:00,CMP002,CH01
T013867,C07843,2025-06-27 00:00:00,CMP001,CH01
T013868,C07843,2025-07-04 16:47:00,CMP002,CH01
T013869,C07844,2025-02-09 00:00:00,CMP005,CH03
T013870,C07844,2025-02-10 01:46:00,CMP002,CH01
T013871,C07844,2025-02-16 00:15:00,CMP004,CH02
T013872,C07846,2025-05-07 00:00:00,CMP004,CH02
T013873,C07848,2025-07-31 00:00:00,CMP003,CH02
T013874,C07848,2025-08-02 16:39:00,CMP004,CH02
T013875,C07849,2025-02-28 00:00:00,CMP003,CH02
T013876,C07851,2025-12-21 00:00:00,CMP004,CH02
T013877,C07852,2025-03-04 00:00:00,CMP003,CH02
T013878,C07852,2025-03-06 18:46:00,CMP003,CH02
T013879,C07853,2025-07-22 00:00:00,CMP003,CH02
T013880,C07853,2025-07-28 21:21:00,CMP002,CH01
T013881,C07857,2025-11-01 00:00:00,CMP002,CH01
T013882,C07857,2025-11-02 05:00:00,CMP001,CH01
T013883,C07857,2025-11-04 16:56:00,CMP003,CH02
T013884,C07857,2025-11-09 05:08:00,CMP002,CH01
T013885,C07857,2025-11-11 07:34:00,CMP004,CH02
T013886,C07858,2025-02-03 00:00:00,CMP005,CH03
T013887,C07859,2025-08-25 00:00:00,CMP001,CH01
T013888,C07859,2025-08-29 06:35:00,CMP001,CH01
T013889,C07860,2025-04-20 00:00:00,CMP004,CH02
T013890,C07860,2025-04-21 05:40:00,CMP005,CH03
T013891,C07860,2025-04-23 03:02:00,CMP001,CH01
T013892,C07861,2025-01-21 00:00:00,CMP001,CH01
T013893,C07861,2025-01-25 20:12:00,CMP004,CH02
T013894,C07862,2025-09-04 00:00:00,CMP004,CH02
T013895,C07862,2025-09-06 01:34:00,CMP004,CH02
T013896,C07862,2025-09-07 02:45:00,CMP001,CH01
T013897,C07864,2025-02-09 00:00:00,CMP002,CH01
T013898,C07865,2025-07-29 00:00:00,CMP004,CH02
T013899,C07865,2025-08-03 05:16:00,CMP003,CH02
T013900,C07865,2025-08-05 09:28:00,CMP003,CH02
T013901,C07866,2025-12-28 00:00:00,CMP002,CH01
T013902,C07866,2026-01-02 15:46:00,CMP002,CH01
T013903,C07866,2026-01-05 20:37:00,CMP001,CH01
T013904,C07867,2025-06-08 00:00:00,CMP003,CH02
T013905,C07867,2025-06-14 16:01:00,CMP004,CH02
T013906,C07867,2025-06-16 07:20:00,CMP002,CH01
T013907,C07868,2025-08-06 00:00:00,CMP003,CH02
T013908,C07869,2025-05-26 00:00:00,CMP002,CH01
T013909,C07869,2025-05-31 16:22:00,CMP002,CH01
T013910,C07869,2025-06-04 06:31:00,CMP002,CH01
T013911,C07869,2025-06-07 05:58:00,CMP002,CH01
T013912,C07870,2025-01-03 00:00:00,CMP004,CH02
T013913,C07871,2025-10-25 00:00:00,CMP004,CH02
T013914,C07872,2025-10-27 00:00:00,CMP001,CH01
T013915,C07872,2025-10-29 22:40:00,CMP004,CH02
T013916,C07872,2025-10-31 12:14:00,CMP005,CH03
T013917,C07873,2025-04-04 00:00:00,CMP003,CH02
T013918,C07873,2025-04-09 10:02:00,CMP001,CH01
T013919,C07873,2025-04-16 12:14:00,CMP004,CH02
T013920,C07873,2025-04-21 13:45:00,CMP004,CH02
T013921,C07874,2025-02-14 00:00:00,CMP002,CH01
T013922,C07875,2025-12-30 00:00:00,CMP004,CH02
T013923,C07875,2026-01-05 12:11:00,CMP001,CH01
T013924,C07875,2026-01-09 13:11:00,CMP003,CH02
T013925,C07877,2025-03-31 00:00:00,CMP003,CH02
T013926,C07878,2025-02-27 00:00:00,CMP004,CH02
T013927,C07879,2025-11-07 00:00:00,CMP003,CH02
T013928,C07879,2025-11-10 01:23:00,CMP003,CH02
T013929,C07879,2025-11-15 05:54:00,CMP001,CH01
T013930,C07881,2025-09-25 00:00:00,CMP002,CH01
T013931,C07881,2025-10-01 19:35:00,CMP003,CH02
T013932,C07881,2025-10-07 19:21:00,CMP004,CH02
T013933,C07884,2025-07-02 00:00:00,CMP003,CH02
T013934,C07885,2025-06-20 00:00:00,CMP005,CH03
T013935,C07885,2025-06-21 06:40:00,CMP001,CH01
T013936,C07885,2025-06-28 14:32:00,CMP001,CH01
T013937,C07886,2025-10-28 00:00:00,CMP003,CH02
T013938,C07887,2025-03-09 00:00:00,CMP004,CH02
T013939,C07889,2025-06-28 00:00:00,CMP004,CH02
T013940,C07889,2025-07-02 13:41:00,CMP003,CH02
T013941,C07889,2025-07-07 23:14:00,CMP001,CH01
T013942,C07890,2025-02-16 00:00:00,CMP004,CH02
T013943,C07890,2025-02-22 08:54:00,CMP001,CH01
T013944,C07892,2025-01-21 00:00:00,CMP001,CH01
T013945,C07892,2025-01-27 20:22:00,CMP002,CH01
T013946,C07892,2025-01-30 14:28:00,CMP003,CH02
T013947,C07893,2025-12-25 00:00:00,CMP003,CH02
T013948,C07893,2025-12-29 20:17:00,CMP002,CH01
T013949,C07893,2026-01-01 17:28:00,CMP001,CH01
T013950,C07894,2025-09-13 00:00:00,CMP004,CH02
T013951,C07896,2025-05-06 00:00:00,CMP001,CH01
T013952,C07896,2025-05-12 01:19:00,CMP003,CH02
T013953,C07896,2025-05-17 18:22:00,CMP002,CH01
T013954,C07897,2025-04-14 00:00:00,CMP004,CH02
T013955,C07897,2025-04-16 02:57:00,CMP003,CH02
T013956,C07898,2025-12-31 00:00:00,CMP001,CH01
T013957,C07898,2026-01-03 19:11:00,CMP004,CH02
T013958,C07899,2025-05-06 00:00:00,CMP003,CH02
T013959,C07899,2025-05-09 12:38:00,CMP002,CH01
T013960,C07900,2025-06-12 00:00:00,CMP002,CH01
T013961,C07902,2025-09-21 00:00:00,CMP001,CH01
T013962,C07903,2025-01-16 00:00:00,CMP001,CH01
T013963,C07903,2025-01-17 23:21:00,CMP003,CH02
T013964,C07905,2025-02-25 00:00:00,CMP004,CH02
T013965,C07905,2025-02-28 08:50:00,CMP001,CH01
T013966,C07905,2025-03-08 05:36:00,CMP005,CH03
T013967,C07906,2025-06-22 00:00:00,CMP004,CH02
T013968,C07906,2025-06-23 06:57:00,CMP002,CH01
T013969,C07907,2025-01-09 00:00:00,CMP002,CH01
T013970,C07908,2025-06-10 00:00:00,CMP003,CH02
T013971,C07909,2025-03-30 00:00:00,CMP005,CH03
T013972,C07909,2025-04-02 20:40:00,CMP004,CH02
T013973,C07909,2025-04-04 06:27:00,CMP001,CH01
T013974,C07910,2025-06-06 00:00:00,CMP003,CH02
T013975,C07910,2025-06-11 15:22:00,CMP001,CH01
T013976,C07910,2025-06-17 09:18:00,CMP003,CH02
T013977,C07910,2025-06-19 16:53:00,CMP001,CH01
T013978,C07911,2025-12-25 00:00:00,CMP002,CH01
T013979,C07911,2025-12-27 14:22:00,CMP002,CH01
T013980,C07912,2025-04-11 00:00:00,CMP001,CH01
T013981,C07912,2025-04-17 23:55:00,CMP003,CH02
T013982,C07913,2025-12-28 00:00:00,CMP002,CH01
T013983,C07914,2025-09-27 00:00:00,CMP001,CH01
T013984,C07914,2025-09-29 01:03:00,CMP002,CH01
T013985,C07915,2025-11-10 00:00:00,CMP001,CH01
T013986,C07915,2025-11-11 15:43:00,CMP003,CH02
T013987,C07916,2025-12-20 00:00:00,CMP004,CH02
T013988,C07917,2025-03-25 00:00:00,CMP001,CH01
T013989,C07918,2025-11-03 00:00:00,CMP004,CH02
T013990,C07918,2025-11-05 07:44:00,CMP004,CH02
T013991,C07918,2025-11-07 12:00:00,CMP001,CH01
T013992,C07920,2025-03-14 00:00:00,CMP003,CH02
T013993,C07921,2025-03-16 00:00:00,CMP005,CH03
T013994,C07922,2025-04-20 00:00:00,CMP003,CH02
T013995,C07922,2025-04-21 15:09:00,CMP001,CH01
T013996,C07922,2025-04-24 01:03:00,CMP003,CH02
T013997,C07923,2025-01-31 00:00:00,CMP005,CH03
T013998,C07924,2025-05-25 00:00:00,CMP003,CH02
T013999,C07924,2025-05-30 14:03:00,CMP002,CH01
T014000,C07924,2025-06-03 06:03:00,CMP001,CH01
T014001,C07924,2025-06-08 05:14:00,CMP004,CH02
T014002,C07925,2025-05-10 00:00:00,CMP002,CH01
T014003,C07925,2025-05-12 01:36:00,CMP004,CH02
T014004,C07925,2025-05-17 23:46:00,CMP004,CH02
T014005,C07926,2025-06-28 00:00:00,CMP001,CH01
T014006,C07926,2025-07-04 05:33:00,CMP004,CH02
T014007,C07926,2025-07-06 11:48:00,CMP001,CH01
T014008,C07927,2025-02-25 00:00:00,CMP005,CH03
T014009,C07927,2025-03-04 12:10:00,CMP002,CH01
T014010,C07929,2025-09-21 00:00:00,CMP001,CH01
T014011,C07930,2025-02-02 00:00:00,CMP001,CH01
T014012,C07930,2025-02-09 17:19:00,CMP002,CH01
T014013,C07931,2025-03-27 00:00:00,CMP002,CH01
T014014,C07932,2025-01-28 00:00:00,CMP004,CH02
T014015,C07932,2025-02-03 07:32:00,CMP003,CH02
T014016,C07933,2025-07-08 00:00:00,CMP001,CH01
T014017,C07933,2025-07-14 07:05:00,CMP002,CH01
T014018,C07933,2025-07-20 21:46:00,CMP005,CH03
T014019,C07934,2025-10-02 00:00:00,CMP002,CH01
T014020,C07934,2025-10-06 04:41:00,CMP005,CH03
T014021,C07934,2025-10-07 10:54:00,CMP001,CH01
T014022,C07935,2025-10-23 00:00:00,CMP003,CH02
T014023,C07935,2025-10-28 19:01:00,CMP004,CH02
T014024,C07936,2025-04-23 00:00:00,CMP004,CH02
T014025,C07937,2025-02-20 00:00:00,CMP001,CH01
T014026,C07937,2025-02-22 10:08:00,CMP004,CH02
T014027,C07937,2025-02-26 15:16:00,CMP005,CH03
T014028,C07937,2025-03-03 02:24:00,CMP005,CH03
T014029,C07938,2025-08-03 00:00:00,CMP002,CH01
T014030,C07938,2025-08-06 15:05:00,CMP001,CH01
T014031,C07939,2025-03-23 00:00:00,CMP003,CH02
T014032,C07939,2025-03-29 22:24:00,CMP004,CH02
T014033,C07941,2025-04-20 00:00:00,CMP005,CH03
T014034,C07942,2025-12-06 00:00:00,CMP003,CH02
T014035,C07942,2025-12-13 16:17:00,CMP003,CH02
T014036,C07942,2025-12-19 04:48:00,CMP004,CH02
T014037,C07942,2025-12-23 06:52:00,CMP001,CH01
T014038,C07943,2025-04-12 00:00:00,CMP003,CH02
T014039,C07943,2025-04-19 05:00:00,CMP005,CH03
T014040,C07943,2025-04-24 01:25:00,CMP005,CH03
T014041,C07944,2025-11-06 00:00:00,CMP002,CH01
T014042,C07945,2025-12-23 00:00:00,CMP001,CH01
T014043,C07945,2025-12-27 19:04:00,CMP002,CH01
T014044,C07945,2026-01-02 23:54:00,CMP001,CH01
T014045,C07946,2025-08-08 00:00:00,CMP002,CH01
T014046,C07947,2025-10-05 00:00:00,CMP001,CH01
T014047,C07948,2025-11-01 00:00:00,CMP003,CH02
T014048,C07948,2025-11-08 14:49:00,CMP003,CH02
T014049,C07948,2025-11-15 10:38:00,CMP004,CH02
T014050,C07949,2025-11-12 00:00:00,CMP004,CH02
T014051,C07949,2025-11-16 10:30:00,CMP002,CH01
T014052,C07949,2025-11-21 21:02:00,CMP002,CH01
T014053,C07950,2025-04-27 00:00:00,CMP003,CH02
T014054,C07950,2025-04-30 15:18:00,CMP004,CH02
T014055,C07951,2025-12-24 00:00:00,CMP004,CH02
T014056,C07951,2025-12-26 08:48:00,CMP001,CH01
T014057,C07951,2025-12-29 13:25:00,CMP001,CH01
T014058,C07952,2025-02-25 00:00:00,CMP001,CH01
T014059,C07952,2025-03-03 13:46:00,CMP004,CH02
T014060,C07952,2025-03-11 06:31:00,CMP002,CH01
T014061,C07953,2025-09-08 00:00:00,CMP002,CH01
T014062,C07953,2025-09-12 09:32:00,CMP003,CH02
T014063,C07953,2025-09-18 14:34:00,CMP002,CH01
T014064,C07954,2025-10-15 00:00:00,CMP002,CH01
T014065,C07955,2025-12-17 00:00:00,CMP003,CH02
T014066,C07956,2025-01-10 00:00:00,CMP001,CH01
T014067,C07956,2025-01-16 00:57:00,CMP004,CH02
T014068,C07957,2025-10-16 00:00:00,CMP001,CH01
T014069,C07957,2025-10-19 20:59:00,CMP002,CH01
T014070,C07958,2025-10-20 00:00:00,CMP002,CH01
T014071,C07959,2025-10-28 00:00:00,CMP003,CH02
T014072,C07959,2025-11-03 04:50:00,CMP002,CH01
T014073,C07960,2025-11-07 00:00:00,CMP001,CH01
T014074,C07961,2025-11-08 00:00:00,CMP004,CH02
T014075,C07961,2025-11-15 01:26:00,CMP003,CH02
T014076,C07961,2025-11-22 18:42:00,CMP004,CH02
T014077,C07963,2025-04-15 00:00:00,CMP003,CH02
T014078,C07963,2025-04-18 03:52:00,CMP001,CH01
T014079,C07964,2025-10-19 00:00:00,CMP001,CH01
T014080,C07964,2025-10-20 22:04:00,CMP001,CH01
T014081,C07965,2025-06-08 00:00:00,CMP001,CH01
T014082,C07966,2025-02-18 00:00:00,CMP003,CH02
T014083,C07967,2025-03-06 00:00:00,CMP002,CH01
T014084,C07969,2025-10-22 00:00:00,CMP002,CH01
T014085,C07971,2025-05-31 00:00:00,CMP004,CH02
T014086,C07971,2025-06-07 11:23:00,CMP002,CH01
T014087,C07971,2025-06-13 09:23:00,CMP001,CH01
T014088,C07972,2025-06-12 00:00:00,CMP001,CH01
T014089,C07973,2025-06-03 00:00:00,CMP002,CH01
T014090,C07974,2025-05-06 00:00:00,CMP001,CH01
T014091,C07975,2025-11-12 00:00:00,CMP003,CH02
T014092,C07975,2025-11-16 01:17:00,CMP004,CH02
T014093,C07975,2025-11-18 02:58:00,CMP002,CH01
T014094,C07978,2025-08-21 00:00:00,CMP004,CH02
T014095,C07979,2025-06-29 00:00:00,CMP001,CH01
T014096,C07979,2025-07-04 09:12:00,CMP001,CH01
T014097,C07980,2025-11-29 00:00:00,CMP004,CH02
T014098,C07980,2025-12-02 18:02:00,CMP003,CH02
T014099,C07980,2025-12-07 11:12:00,CMP002,CH01
T014100,C07980,2025-12-13 04:18:00,CMP005,CH03
T014101,C07981,2025-03-16 00:00:00,CMP001,CH01
T014102,C07981,2025-03-22 23:51:00,CMP002,CH01
T014103,C07983,2025-12-10 00:00:00,CMP002,CH01
T014104,C07983,2025-12-17 15:31:00,CMP003,CH02
T014105,C07984,2025-12-25 00:00:00,CMP003,CH02
T014106,C07985,2025-09-05 00:00:00,CMP003,CH02
T014107,C07985,2025-09-06 02:36:00,CMP002,CH01
T014108,C07987,2025-08-21 00:00:00,CMP002,CH01
T014109,C07987,2025-08-23 02:24:00,CMP001,CH01
T014110,C07987,2025-08-30 17:03:00,CMP002,CH01
T014111,C07988,2025-11-12 00:00:00,CMP003,CH02
T014112,C07988,2025-11-15 11:05:00,CMP002,CH01
T014113,C07988,2025-11-18 12:20:00,CMP004,CH02
T014114,C07988,2025-11-21 05:59:00,CMP001,CH01
T014115,C07989,2025-05-04 00:00:00,CMP004,CH02
T014116,C07989,2025-05-08 12:35:00,CMP003,CH02
T014117,C07989,2025-05-09 18:10:00,CMP005,CH03
T014118,C07990,2025-07-07 00:00:00,CMP002,CH01
T014119,C07990,2025-07-10 02:55:00,CMP001,CH01
T014120,C07991,2025-10-25 00:00:00,CMP002,CH01
T014121,C07992,2025-03-19 00:00:00,CMP001,CH01
T014122,C07992,2025-03-22 14:01:00,CMP003,CH02
T014123,C07992,2025-03-26 10:27:00,CMP002,CH01
T014124,C07993,2025-07-26 00:00:00,CMP002,CH01
T014125,C07994,2025-05-22 00:00:00,CMP003,CH02
T014126,C07995,2025-06-03 00:00:00,CMP005,CH03
T014127,C07995,2025-06-08 07:30:00,CMP002,CH01
T014128,C07996,2025-10-13 00:00:00,CMP003,CH02
T014129,C07997,2025-12-31 00:00:00,CMP002,CH01
T014130,C07997,2026-01-05 06:32:00,CMP004,CH02
T014131,C07997,2026-01-12 05:49:00,CMP004,CH02
T014132,C07997,2026-01-13 19:26:00,CMP002,CH01
T014133,C07998,2025-07-23 00:00:00,CMP004,CH02
T014134,C07998,2025-07-30 04:57:00,CMP003,CH02
T014135,C07998,2025-08-04 14:32:00,CMP001,CH01
T014136,C07999,2025-12-18 00:00:00,CMP001,CH01
T014137,C07999,2025-12-25 16:26:00,CMP001,CH01
T014138,C08000,2025-10-14 00:00:00,CMP005,CH03
T014139,C08000,2025-10-15 18:58:00,CMP001,CH01
T014140,C08000,2025-10-23 08:49:00,CMP002,CH01
T014141,C08001,2025-02-01 00:00:00,CMP003,CH02
T014142,C08001,2025-02-02 05:14:00,CMP003,CH02
T014143,C08002,2025-01-24 00:00:00,CMP001,CH01
T014144,C08002,2025-01-25 02:50:00,CMP004,CH02
T014145,C08003,2025-08-10 00:00:00,CMP001,CH01
T014146,C08004,2025-01-14 00:00:00,CMP003,CH02
T014147,C08004,2025-01-16 14:08:00,CMP004,CH02
T014148,C08004,2025-01-20 04:18:00,CMP002,CH01
T014149,C08004,2025-01-27 13:32:00,CMP001,CH01
T014150,C08004,2025-02-01 07:58:00,CMP005,CH03
T014151,C08006,2025-02-01 00:00:00,CMP003,CH02
T014152,C08006,2025-02-08 06:59:00,CMP001,CH01
T014153,C08007,2025-12-16 00:00:00,CMP003,CH02
T014154,C08007,2025-12-20 06:37:00,CMP005,CH03
T014155,C08007,2025-12-23 17:01:00,CMP002,CH01
T014156,C08008,2025-12-09 00:00:00,CMP003,CH02
T014157,C08009,2025-11-04 00:00:00,CMP002,CH01
T014158,C08009,2025-11-05 03:52:00,CMP003,CH02
T014159,C08010,2025-05-24 00:00:00,CMP005,CH03
T014160,C08010,2025-05-29 23:58:00,CMP002,CH01
T014161,C08010,2025-06-06 20:00:00,CMP002,CH01
T014162,C08012,2025-09-25 00:00:00,CMP003,CH02
T014163,C08012,2025-09-28 16:54:00,CMP004,CH02
T014164,C08012,2025-09-29 22:43:00,CMP004,CH02
T014165,C08013,2025-08-28 00:00:00,CMP001,CH01
T014166,C08013,2025-09-04 16:57:00,CMP001,CH01
T014167,C08015,2025-10-17 00:00:00,CMP002,CH01
T014168,C08015,2025-10-24 12:22:00,CMP004,CH02
T014169,C08016,2025-06-23 00:00:00,CMP001,CH01
T014170,C08016,2025-06-26 04:36:00,CMP002,CH01
T014171,C08018,2025-09-01 00:00:00,CMP002,CH01
T014172,C08018,2025-09-07 19:55:00,CMP001,CH01
T014173,C08019,2025-07-13 00:00:00,CMP003,CH02
T014174,C08019,2025-07-18 22:28:00,CMP003,CH02
T014175,C08019,2025-07-26 00:03:00,CMP004,CH02
T014176,C08019,2025-08-02 18:32:00,CMP001,CH01
T014177,C08020,2025-01-28 00:00:00,CMP002,CH01
T014178,C08020,2025-01-30 18:05:00,CMP004,CH02
T014179,C08021,2025-07-17 00:00:00,CMP001,CH01
T014180,C08022,2025-07-23 00:00:00,CMP003,CH02
T014181,C08022,2025-07-30 20:35:00,CMP002,CH01
T014182,C08023,2025-05-27 00:00:00,CMP003,CH02
T014183,C08025,2025-10-05 00:00:00,CMP005,CH03
T014184,C08025,2025-10-12 12:51:00,CMP004,CH02
T014185,C08025,2025-10-14 09:07:00,CMP001,CH01
T014186,C08025,2025-10-19 01:45:00,CMP003,CH02
T014187,C08026,2025-09-22 00:00:00,CMP002,CH01
T014188,C08027,2025-02-07 00:00:00,CMP005,CH03
T014189,C08028,2025-03-04 00:00:00,CMP003,CH02
T014190,C08028,2025-03-08 07:49:00,CMP002,CH01
T014191,C08028,2025-03-15 06:54:00,CMP004,CH02
T014192,C08029,2025-06-13 00:00:00,CMP003,CH02
T014193,C08029,2025-06-18 12:01:00,CMP002,CH01
T014194,C08029,2025-06-26 02:00:00,CMP001,CH01
T014195,C08029,2025-07-01 04:10:00,CMP002,CH01
T014196,C08030,2025-12-11 00:00:00,CMP005,CH03
T014197,C08030,2025-12-13 12:35:00,CMP001,CH01
T014198,C08030,2025-12-21 10:20:00,CMP002,CH01
T014199,C08033,2025-07-23 00:00:00,CMP001,CH01
T014200,C08033,2025-07-29 02:55:00,CMP003,CH02
T014201,C08034,2025-04-19 00:00:00,CMP004,CH02
T014202,C08034,2025-04-22 02:37:00,CMP003,CH02
T014203,C08034,2025-04-26 09:39:00,CMP001,CH01
T014204,C08034,2025-04-30 19:05:00,CMP004,CH02
T014205,C08035,2025-06-03 00:00:00,CMP003,CH02
T014206,C08035,2025-06-09 02:05:00,CMP004,CH02
T014207,C08035,2025-06-12 02:30:00,CMP002,CH01
T014208,C08036,2025-11-01 00:00:00,CMP004,CH02
T014209,C08036,2025-11-04 13:37:00,CMP005,CH03
T014210,C08037,2025-12-20 00:00:00,CMP002,CH01
T014211,C08037,2025-12-27 17:27:00,CMP005,CH03
T014212,C08038,2025-05-27 00:00:00,CMP003,CH02
T014213,C08038,2025-06-03 00:44:00,CMP003,CH02
T014214,C08040,2025-03-20 00:00:00,CMP003,CH02
T014215,C08040,2025-03-22 09:32:00,CMP002,CH01
T014216,C08040,2025-03-28 15:41:00,CMP001,CH01
T014217,C08041,2025-11-26 00:00:00,CMP001,CH01
T014218,C08041,2025-12-01 19:21:00,CMP003,CH02
T014219,C08042,2025-01-17 00:00:00,CMP002,CH01
T014220,C08044,2025-01-08 00:00:00,CMP004,CH02
T014221,C08044,2025-01-09 12:30:00,CMP003,CH02
T014222,C08044,2025-01-14 11:29:00,CMP004,CH02
T014223,C08045,2025-03-19 00:00:00,CMP001,CH01
T014224,C08045,2025-03-25 03:04:00,CMP004,CH02
T014225,C08045,2025-04-01 16:47:00,CMP005,CH03
T014226,C08045,2025-04-04 08:58:00,CMP004,CH02
T014227,C08046,2025-07-20 00:00:00,CMP002,CH01
T014228,C08047,2025-01-03 00:00:00,CMP003,CH02
T014229,C08047,2025-01-09 07:37:00,CMP005,CH03
T014230,C08047,2025-01-17 05:20:00,CMP002,CH01
T014231,C08048,2025-01-20 00:00:00,CMP005,CH03
T014232,C08048,2025-01-25 04:11:00,CMP001,CH01
T014233,C08049,2025-03-24 00:00:00,CMP001,CH01
T014234,C08050,2025-12-22 00:00:00,CMP002,CH01
T014235,C08050,2025-12-24 11:55:00,CMP002,CH01
T014236,C08051,2025-04-18 00:00:00,CMP002,CH01
T014237,C08051,2025-04-23 09:17:00,CMP002,CH01
T014238,C08052,2025-12-24 00:00:00,CMP005,CH03
T014239,C08052,2025-12-31 04:01:00,CMP003,CH02
T014240,C08052,2026-01-05 00:51:00,CMP002,CH01
T014241,C08052,2026-01-08 01:28:00,CMP003,CH02
T014242,C08053,2025-04-19 00:00:00,CMP001,CH01
T014243,C08053,2025-04-25 17:19:00,CMP002,CH01
T014244,C08053,2025-04-30 00:15:00,CMP002,CH01
T014245,C08054,2025-07-18 00:00:00,CMP004,CH02
T014246,C08054,2025-07-25 22:09:00,CMP004,CH02
T014247,C08054,2025-07-28 23:21:00,CMP002,CH01
T014248,C08055,2025-09-27 00:00:00,CMP001,CH01
T014249,C08055,2025-09-28 19:59:00,CMP001,CH01
T014250,C08055,2025-10-02 21:09:00,CMP005,CH03
T014251,C08056,2025-07-26 00:00:00,CMP001,CH01
T014252,C08058,2025-10-09 00:00:00,CMP005,CH03
T014253,C08058,2025-10-13 18:59:00,CMP004,CH02
T014254,C08058,2025-10-17 00:35:00,CMP003,CH02
T014255,C08060,2025-11-02 00:00:00,CMP005,CH03
T014256,C08060,2025-11-06 19:56:00,CMP002,CH01
T014257,C08061,2025-04-28 00:00:00,CMP003,CH02
T014258,C08062,2025-10-08 00:00:00,CMP001,CH01
T014259,C08064,2025-02-13 00:00:00,CMP004,CH02
T014260,C08064,2025-02-14 09:28:00,CMP002,CH01
T014261,C08064,2025-02-15 09:43:00,CMP004,CH02
T014262,C08066,2025-01-14 00:00:00,CMP001,CH01
T014263,C08067,2025-05-14 00:00:00,CMP001,CH01
T014264,C08067,2025-05-18 09:53:00,CMP003,CH02
T014265,C08068,2025-10-19 00:00:00,CMP002,CH01
T014266,C08068,2025-10-24 05:30:00,CMP004,CH02
T014267,C08068,2025-10-27 20:32:00,CMP002,CH01
T014268,C08071,2025-06-19 00:00:00,CMP003,CH02
T014269,C08071,2025-06-24 15:37:00,CMP003,CH02
T014270,C08072,2025-01-31 00:00:00,CMP002,CH01
T014271,C08072,2025-02-06 10:01:00,CMP002,CH01
T014272,C08073,2025-01-05 00:00:00,CMP003,CH02
T014273,C08073,2025-01-08 05:12:00,CMP004,CH02
T014274,C08074,2025-09-22 00:00:00,CMP005,CH03
T014275,C08074,2025-09-26 04:58:00,CMP005,CH03
T014276,C08074,2025-10-02 20:43:00,CMP002,CH01
T014277,C08074,2025-10-08 20:51:00,CMP003,CH02
T014278,C08074,2025-10-12 14:40:00,CMP004,CH02
T014279,C08075,2025-04-06 00:00:00,CMP001,CH01
T014280,C08075,2025-04-07 06:05:00,CMP005,CH03
T014281,C08076,2025-10-18 00:00:00,CMP003,CH02
T014282,C08076,2025-10-25 03:08:00,CMP001,CH01
T014283,C08076,2025-10-29 23:30:00,CMP004,CH02
T014284,C08077,2025-08-18 00:00:00,CMP004,CH02
T014285,C08077,2025-08-21 18:24:00,CMP003,CH02
T014286,C08078,2025-08-09 00:00:00,CMP002,CH01
T014287,C08079,2025-02-23 00:00:00,CMP002,CH01
T014288,C08079,2025-02-25 21:42:00,CMP005,CH03
T014289,C08080,2025-08-02 00:00:00,CMP001,CH01
T014290,C08080,2025-08-06 05:17:00,CMP004,CH02
T014291,C08080,2025-08-09 12:53:00,CMP002,CH01
T014292,C08084,2025-02-02 00:00:00,CMP001,CH01
T014293,C08084,2025-02-08 06:24:00,CMP001,CH01
T014294,C08085,2025-06-04 00:00:00,CMP003,CH02
T014295,C08086,2025-02-17 00:00:00,CMP002,CH01
T014296,C08086,2025-02-22 11:45:00,CMP002,CH01
T014297,C08087,2025-04-17 00:00:00,CMP002,CH01
T014298,C08087,2025-04-18 12:00:00,CMP002,CH01
T014299,C08087,2025-04-26 00:10:00,CMP003,CH02
T014300,C08087,2025-05-02 15:12:00,CMP003,CH02
T014301,C08088,2025-03-13 00:00:00,CMP002,CH01
T014302,C08088,2025-03-16 20:46:00,CMP004,CH02
T014303,C08088,2025-03-21 04:09:00,CMP002,CH01
T014304,C08089,2025-02-12 00:00:00,CMP004,CH02
T014305,C08089,2025-02-19 07:26:00,CMP001,CH01
T014306,C08089,2025-02-23 02:40:00,CMP005,CH03
T014307,C08090,2025-06-18 00:00:00,CMP002,CH01
T014308,C08091,2025-12-20 00:00:00,CMP003,CH02
T014309,C08091,2025-12-21 09:37:00,CMP003,CH02
T014310,C08091,2025-12-24 10:53:00,CMP002,CH01
T014311,C08093,2025-04-04 00:00:00,CMP002,CH01
T014312,C08094,2025-09-09 00:00:00,CMP001,CH01
T014313,C08094,2025-09-14 10:24:00,CMP001,CH01
T014314,C08094,2025-09-20 10:50:00,CMP003,CH02
T014315,C08094,2025-09-22 00:33:00,CMP004,CH02
T014316,C08094,2025-09-28 14:14:00,CMP001,CH01
T014317,C08095,2025-10-25 00:00:00,CMP003,CH02
T014318,C08095,2025-10-30 14:16:00,CMP002,CH01
T014319,C08095,2025-11-04 06:31:00,CMP002,CH01
T014320,C08096,2025-04-08 00:00:00,CMP002,CH01
T014321,C08097,2025-03-11 00:00:00,CMP002,CH01
T014322,C08098,2025-10-25 00:00:00,CMP001,CH01
T014323,C08101,2025-11-28 00:00:00,CMP001,CH01
T014324,C08101,2025-12-03 07:54:00,CMP004,CH02
T014325,C08101,2025-12-05 02:45:00,CMP002,CH01
T014326,C08101,2025-12-07 12:43:00,CMP003,CH02
T014327,C08102,2025-10-25 00:00:00,CMP003,CH02
T014328,C08104,2025-10-10 00:00:00,CMP003,CH02
T014329,C08104,2025-10-16 02:17:00,CMP004,CH02
T014330,C08105,2025-11-03 00:00:00,CMP003,CH02
T014331,C08105,2025-11-10 04:04:00,CMP001,CH01
T014332,C08105,2025-11-11 10:51:00,CMP003,CH02
T014333,C08107,2025-04-22 00:00:00,CMP004,CH02
T014334,C08107,2025-04-26 06:41:00,CMP005,CH03
T014335,C08107,2025-04-29 20:11:00,CMP003,CH02
T014336,C08108,2025-05-12 00:00:00,CMP001,CH01
T014337,C08108,2025-05-17 10:35:00,CMP004,CH02
T014338,C08109,2025-06-12 00:00:00,CMP001,CH01
T014339,C08109,2025-06-18 09:18:00,CMP002,CH01
T014340,C08110,2025-01-18 00:00:00,CMP001,CH01
T014341,C08111,2025-11-16 00:00:00,CMP004,CH02
T014342,C08111,2025-11-21 22:51:00,CMP004,CH02
T014343,C08113,2025-12-08 00:00:00,CMP001,CH01
T014344,C08113,2025-12-15 11:33:00,CMP004,CH02
T014345,C08113,2025-12-19 05:37:00,CMP004,CH02
T014346,C08114,2025-07-14 00:00:00,CMP001,CH01
T014347,C08114,2025-07-16 11:53:00,CMP002,CH01
T014348,C08114,2025-07-23 09:10:00,CMP003,CH02
T014349,C08115,2025-04-21 00:00:00,CMP001,CH01
T014350,C08115,2025-04-23 16:39:00,CMP001,CH01
T014351,C08116,2025-01-31 00:00:00,CMP001,CH01
T014352,C08116,2025-02-07 02:59:00,CMP002,CH01
T014353,C08117,2025-10-14 00:00:00,CMP004,CH02
T014354,C08118,2025-04-18 00:00:00,CMP003,CH02
T014355,C08118,2025-04-19 15:17:00,CMP004,CH02
T014356,C08118,2025-04-25 05:35:00,CMP004,CH02
T014357,C08118,2025-05-02 16:47:00,CMP002,CH01
T014358,C08119,2025-12-09 00:00:00,CMP005,CH03
T014359,C08120,2025-01-25 00:00:00,CMP001,CH01
T014360,C08120,2025-01-31 11:57:00,CMP002,CH01
T014361,C08121,2025-11-18 00:00:00,CMP001,CH01
T014362,C08121,2025-11-25 01:19:00,CMP004,CH02
T014363,C08122,2025-06-01 00:00:00,CMP003,CH02
T014364,C08122,2025-06-03 04:22:00,CMP001,CH01
T014365,C08123,2025-09-05 00:00:00,CMP002,CH01
T014366,C08123,2025-09-09 20:59:00,CMP001,CH01
T014367,C08123,2025-09-11 19:31:00,CMP003,CH02
T014368,C08123,2025-09-18 01:22:00,CMP001,CH01
T014369,C08123,2025-09-23 18:21:00,CMP004,CH02
T014370,C08125,2025-09-21 00:00:00,CMP001,CH01
T014371,C08125,2025-09-25 13:26:00,CMP002,CH01
T014372,C08125,2025-09-27 21:59:00,CMP003,CH02
T014373,C08127,2025-08-07 00:00:00,CMP003,CH02
T014374,C08128,2025-05-10 00:00:00,CMP004,CH02
T014375,C08129,2025-07-09 00:00:00,CMP001,CH01
T014376,C08130,2025-09-13 00:00:00,CMP001,CH01
T014377,C08130,2025-09-20 05:26:00,CMP003,CH02
T014378,C08130,2025-09-27 20:50:00,CMP001,CH01
T014379,C08131,2025-10-05 00:00:00,CMP002,CH01
T014380,C08131,2025-10-06 09:08:00,CMP002,CH01
T014381,C08132,2025-03-28 00:00:00,CMP005,CH03
T014382,C08133,2025-10-12 00:00:00,CMP003,CH02
T014383,C08134,2025-09-11 00:00:00,CMP003,CH02
T014384,C08134,2025-09-15 06:23:00,CMP003,CH02
T014385,C08134,2025-09-18 15:49:00,CMP004,CH02
T014386,C08135,2025-04-28 00:00:00,CMP002,CH01
T014387,C08135,2025-05-01 13:09:00,CMP005,CH03
T014388,C08135,2025-05-06 02:30:00,CMP001,CH01
T014389,C08136,2025-07-14 00:00:00,CMP002,CH01
T014390,C08136,2025-07-16 16:36:00,CMP003,CH02
T014391,C08136,2025-07-23 17:41:00,CMP004,CH02
T014392,C08137,2025-07-19 00:00:00,CMP005,CH03
T014393,C08137,2025-07-23 13:40:00,CMP002,CH01
T014394,C08137,2025-07-30 17:00:00,CMP002,CH01
T014395,C08137,2025-08-05 23:56:00,CMP001,CH01
T014396,C08138,2025-10-21 00:00:00,CMP001,CH01
T014397,C08138,2025-10-28 14:59:00,CMP003,CH02
T014398,C08141,2025-10-15 00:00:00,CMP001,CH01
T014399,C08142,2025-02-18 00:00:00,CMP001,CH01
T014400,C08142,2025-02-20 13:48:00,CMP002,CH01
T014401,C08143,2025-06-24 00:00:00,CMP002,CH01
T014402,C08143,2025-06-29 04:56:00,CMP002,CH01
T014403,C08144,2025-01-25 00:00:00,CMP001,CH01
T014404,C08144,2025-01-31 02:07:00,CMP003,CH02
T014405,C08144,2025-02-01 14:25:00,CMP001,CH01
T014406,C08144,2025-02-09 04:04:00,CMP004,CH02
T014407,C08144,2025-02-13 18:51:00,CMP003,CH02
T014408,C08146,2025-05-27 00:00:00,CMP004,CH02
T014409,C08146,2025-05-29 21:50:00,CMP005,CH03
T014410,C08146,2025-05-31 08:52:00,CMP001,CH01
T014411,C08146,2025-06-05 14:22:00,CMP004,CH02
T014412,C08147,2025-03-31 00:00:00,CMP001,CH01
T014413,C08147,2025-04-06 03:44:00,CMP002,CH01
T014414,C08148,2025-08-26 00:00:00,CMP001,CH01
T014415,C08148,2025-08-27 16:25:00,CMP002,CH01
T014416,C08148,2025-09-02 00:53:00,CMP003,CH02
T014417,C08149,2025-10-12 00:00:00,CMP001,CH01
T014418,C08152,2025-12-31 00:00:00,CMP002,CH01
T014419,C08152,2026-01-05 11:43:00,CMP001,CH01
T014420,C08152,2026-01-13 04:10:00,CMP004,CH02
T014421,C08153,2025-11-21 00:00:00,CMP001,CH01
T014422,C08153,2025-11-24 03:10:00,CMP003,CH02
T014423,C08154,2025-08-01 00:00:00,CMP004,CH02
T014424,C08154,2025-08-05 02:24:00,CMP001,CH01
T014425,C08155,2025-03-04 00:00:00,CMP001,CH01
T014426,C08155,2025-03-10 14:12:00,CMP004,CH02
T014427,C08155,2025-03-13 20:05:00,CMP002,CH01
T014428,C08156,2025-08-15 00:00:00,CMP004,CH02
T014429,C08157,2025-12-26 00:00:00,CMP001,CH01
T014430,C08157,2025-12-31 22:34:00,CMP001,CH01
T014431,C08157,2026-01-08 18:17:00,CMP003,CH02
T014432,C08157,2026-01-15 08:51:00,CMP003,CH02
T014433,C08159,2025-07-18 00:00:00,CMP002,CH01
T014434,C08160,2025-01-12 00:00:00,CMP003,CH02
T014435,C08160,2025-01-17 09:29:00,CMP002,CH01
T014436,C08160,2025-01-21 08:15:00,CMP003,CH02
T014437,C08162,2025-05-08 00:00:00,CMP001,CH01
T014438,C08162,2025-05-12 20:04:00,CMP003,CH02
T014439,C08162,2025-05-18 14:10:00,CMP004,CH02
T014440,C08163,2025-11-27 00:00:00,CMP001,CH01
T014441,C08163,2025-11-29 15:34:00,CMP002,CH01
T014442,C08163,2025-11-30 19:08:00,CMP003,CH02
T014443,C08163,2025-12-04 09:25:00,CMP002,CH01
T014444,C08165,2025-09-29 00:00:00,CMP002,CH01
T014445,C08166,2025-07-31 00:00:00,CMP004,CH02
T014446,C08166,2025-08-05 05:17:00,CMP002,CH01
T014447,C08166,2025-08-10 19:22:00,CMP003,CH02
T014448,C08166,2025-08-16 07:10:00,CMP002,CH01
T014449,C08167,2025-11-21 00:00:00,CMP003,CH02
T014450,C08167,2025-11-23 02:21:00,CMP004,CH02
T014451,C08169,2025-01-01 00:00:00,CMP002,CH01
T014452,C08169,2025-01-03 12:40:00,CMP001,CH01
T014453,C08170,2025-12-30 00:00:00,CMP002,CH01
T014454,C08170,2025-12-31 21:24:00,CMP001,CH01
T014455,C08170,2026-01-07 06:45:00,CMP001,CH01
T014456,C08170,2026-01-10 00:06:00,CMP003,CH02
T014457,C08170,2026-01-15 02:18:00,CMP004,CH02
T014458,C08171,2025-09-12 00:00:00,CMP003,CH02
T014459,C08171,2025-09-19 03:50:00,CMP001,CH01
T014460,C08171,2025-09-25 14:28:00,CMP003,CH02
T014461,C08171,2025-09-29 19:19:00,CMP002,CH01
T014462,C08172,2025-01-28 00:00:00,CMP004,CH02
T014463,C08172,2025-02-03 13:30:00,CMP004,CH02
T014464,C08173,2025-03-06 00:00:00,CMP001,CH01
T014465,C08173,2025-03-11 17:39:00,CMP001,CH01
T014466,C08173,2025-03-14 16:37:00,CMP003,CH02
T014467,C08175,2025-09-30 00:00:00,CMP002,CH01
T014468,C08176,2025-05-21 00:00:00,CMP001,CH01
T014469,C08176,2025-05-25 04:19:00,CMP003,CH02
T014470,C08176,2025-05-31 10:46:00,CMP004,CH02
T014471,C08177,2025-07-07 00:00:00,CMP004,CH02
T014472,C08177,2025-07-11 07:29:00,CMP001,CH01
T014473,C08178,2025-12-15 00:00:00,CMP003,CH02
T014474,C08178,2025-12-19 06:12:00,CMP004,CH02
T014475,C08178,2025-12-25 19:16:00,CMP004,CH02
T014476,C08178,2026-01-01 16:16:00,CMP003,CH02
T014477,C08179,2025-07-11 00:00:00,CMP004,CH02
T014478,C08181,2025-08-22 00:00:00,CMP002,CH01
T014479,C08181,2025-08-24 03:32:00,CMP002,CH01
T014480,C08181,2025-08-29 00:44:00,CMP002,CH01
T014481,C08181,2025-09-05 21:34:00,CMP002,CH01
T014482,C08181,2025-09-13 13:50:00,CMP003,CH02
T014483,C08183,2025-08-30 00:00:00,CMP002,CH01
T014484,C08183,2025-09-01 11:14:00,CMP001,CH01
T014485,C08184,2025-05-14 00:00:00,CMP002,CH01
T014486,C08184,2025-05-19 05:58:00,CMP005,CH03
T014487,C08185,2025-04-26 00:00:00,CMP002,CH01
T014488,C08185,2025-04-27 02:08:00,CMP002,CH01
T014489,C08186,2025-02-17 00:00:00,CMP001,CH01
T014490,C08187,2025-04-21 00:00:00,CMP001,CH01
T014491,C08187,2025-04-22 05:37:00,CMP005,CH03
T014492,C08187,2025-04-27 20:18:00,CMP002,CH01
T014493,C08188,2025-11-22 00:00:00,CMP005,CH03
T014494,C08188,2025-11-28 19:26:00,CMP005,CH03
T014495,C08188,2025-12-05 01:07:00,CMP005,CH03
T014496,C08189,2025-08-12 00:00:00,CMP002,CH01
T014497,C08189,2025-08-16 16:34:00,CMP004,CH02
T014498,C08190,2025-08-08 00:00:00,CMP002,CH01
T014499,C08190,2025-08-09 04:40:00,CMP001,CH01
T014500,C08190,2025-08-13 22:06:00,CMP003,CH02
T014501,C08190,2025-08-17 05:18:00,CMP003,CH02
T014502,C08193,2025-05-15 00:00:00,CMP004,CH02
T014503,C08193,2025-05-18 21:19:00,CMP004,CH02
T014504,C08194,2025-11-02 00:00:00,CMP002,CH01
T014505,C08198,2025-07-23 00:00:00,CMP001,CH01
T014506,C08200,2025-12-23 00:00:00,CMP001,CH01
T014507,C08200,2025-12-28 23:48:00,CMP004,CH02
T014508,C08201,2025-11-24 00:00:00,CMP001,CH01
T014509,C08201,2025-11-26 09:41:00,CMP005,CH03
T014510,C08202,2025-03-18 00:00:00,CMP001,CH01
T014511,C08203,2025-03-14 00:00:00,CMP004,CH02
T014512,C08204,2025-09-18 00:00:00,CMP004,CH02
T014513,C08204,2025-09-23 16:23:00,CMP003,CH02
T014514,C08205,2025-03-14 00:00:00,CMP003,CH02
T014515,C08206,2025-02-28 00:00:00,CMP002,CH01
T014516,C08209,2025-05-09 00:00:00,CMP003,CH02
T014517,C08209,2025-05-15 01:38:00,CMP003,CH02
T014518,C08209,2025-05-17 03:52:00,CMP001,CH01
T014519,C08211,2025-08-01 00:00:00,CMP004,CH02
T014520,C08211,2025-08-07 17:00:00,CMP003,CH02
T014521,C08211,2025-08-10 13:50:00,CMP002,CH01
T014522,C08211,2025-08-15 21:16:00,CMP005,CH03
T014523,C08213,2025-12-09 00:00:00,CMP002,CH01
T014524,C08213,2025-12-13 00:05:00,CMP005,CH03
T014525,C08213,2025-12-20 21:34:00,CMP001,CH01
T014526,C08214,2025-10-21 00:00:00,CMP004,CH02
T014527,C08214,2025-10-26 22:46:00,CMP002,CH01
T014528,C08214,2025-11-02 09:30:00,CMP004,CH02
T014529,C08214,2025-11-04 22:47:00,CMP001,CH01
T014530,C08214,2025-11-10 03:21:00,CMP002,CH01
T014531,C08215,2025-02-11 00:00:00,CMP001,CH01
T014532,C08215,2025-02-17 05:37:00,CMP001,CH01
T014533,C08216,2025-02-12 00:00:00,CMP001,CH01
T014534,C08216,2025-02-17 13:41:00,CMP005,CH03
T014535,C08216,2025-02-22 02:19:00,CMP001,CH01
T014536,C08217,2025-11-04 00:00:00,CMP004,CH02
T014537,C08218,2025-03-25 00:00:00,CMP001,CH01
T014538,C08218,2025-03-31 11:08:00,CMP003,CH02
T014539,C08219,2025-03-08 00:00:00,CMP004,CH02
T014540,C08219,2025-03-13 02:50:00,CMP001,CH01
T014541,C08219,2025-03-15 20:31:00,CMP001,CH01
T014542,C08220,2025-06-22 00:00:00,CMP002,CH01
T014543,C08220,2025-06-28 20:31:00,CMP003,CH02
T014544,C08220,2025-07-03 12:10:00,CMP002,CH01
T014545,C08221,2025-04-28 00:00:00,CMP004,CH02
T014546,C08222,2025-12-14 00:00:00,CMP005,CH03
T014547,C08222,2025-12-15 01:03:00,CMP001,CH01
T014548,C08222,2025-12-18 22:28:00,CMP005,CH03
T014549,C08223,2025-02-18 00:00:00,CMP003,CH02
T014550,C08223,2025-02-19 14:26:00,CMP002,CH01
T014551,C08223,2025-02-26 14:17:00,CMP004,CH02
T014552,C08224,2025-01-24 00:00:00,CMP004,CH02
T014553,C08225,2025-10-16 00:00:00,CMP001,CH01
T014554,C08225,2025-10-21 21:03:00,CMP002,CH01
T014555,C08226,2025-06-29 00:00:00,CMP001,CH01
T014556,C08226,2025-06-30 03:41:00,CMP001,CH01
T014557,C08226,2025-07-04 11:41:00,CMP004,CH02
T014558,C08227,2025-11-24 00:00:00,CMP004,CH02
T014559,C08227,2025-11-28 08:08:00,CMP002,CH01
T014560,C08227,2025-12-05 07:28:00,CMP002,CH01
T014561,C08228,2025-03-19 00:00:00,CMP004,CH02
T014562,C08229,2025-03-19 00:00:00,CMP001,CH01
T014563,C08229,2025-03-25 21:15:00,CMP003,CH02
T014564,C08229,2025-03-29 14:48:00,CMP004,CH02
T014565,C08230,2025-03-07 00:00:00,CMP003,CH02
T014566,C08232,2025-07-11 00:00:00,CMP004,CH02
T014567,C08232,2025-07-13 20:24:00,CMP005,CH03
T014568,C08234,2025-02-28 00:00:00,CMP004,CH02
T014569,C08234,2025-03-02 14:57:00,CMP005,CH03
T014570,C08234,2025-03-05 07:49:00,CMP004,CH02
T014571,C08235,2025-03-21 00:00:00,CMP001,CH01
T014572,C08235,2025-03-26 16:12:00,CMP004,CH02
T014573,C08235,2025-03-30 15:44:00,CMP002,CH01
T014574,C08236,2025-12-02 00:00:00,CMP001,CH01
T014575,C08237,2025-05-13 00:00:00,CMP001,CH01
T014576,C08239,2025-05-01 00:00:00,CMP001,CH01
T014577,C08239,2025-05-04 23:46:00,CMP003,CH02
T014578,C08239,2025-05-06 02:08:00,CMP003,CH02
T014579,C08241,2025-03-22 00:00:00,CMP002,CH01
T014580,C08241,2025-03-28 23:59:00,CMP002,CH01
T014581,C08242,2025-04-23 00:00:00,CMP002,CH01
T014582,C08242,2025-04-27 07:45:00,CMP005,CH03
T014583,C08242,2025-04-29 09:49:00,CMP001,CH01
T014584,C08242,2025-05-06 18:19:00,CMP001,CH01
T014585,C08244,2025-12-03 00:00:00,CMP005,CH03
T014586,C08244,2025-12-08 12:14:00,CMP004,CH02
T014587,C08244,2025-12-10 11:11:00,CMP003,CH02
T014588,C08246,2025-12-22 00:00:00,CMP003,CH02
T014589,C08247,2025-09-09 00:00:00,CMP004,CH02
T014590,C08248,2025-03-29 00:00:00,CMP001,CH01
T014591,C08248,2025-04-05 20:02:00,CMP001,CH01
T014592,C08249,2025-04-26 00:00:00,CMP005,CH03
T014593,C08249,2025-04-28 03:48:00,CMP001,CH01
T014594,C08249,2025-04-29 17:13:00,CMP001,CH01
T014595,C08252,2025-10-28 00:00:00,CMP002,CH01
T014596,C08252,2025-11-02 19:18:00,CMP003,CH02
T014597,C08252,2025-11-05 12:02:00,CMP002,CH01
T014598,C08252,2025-11-12 01:19:00,CMP001,CH01
T014599,C08253,2025-10-30 00:00:00,CMP002,CH01
T014600,C08254,2025-03-26 00:00:00,CMP003,CH02
T014601,C08254,2025-03-28 07:04:00,CMP002,CH01
T014602,C08254,2025-04-01 14:31:00,CMP004,CH02
T014603,C08254,2025-04-09 09:12:00,CMP005,CH03
T014604,C08255,2025-05-14 00:00:00,CMP002,CH01
T014605,C08255,2025-05-15 15:41:00,CMP004,CH02
T014606,C08257,2025-11-15 00:00:00,CMP002,CH01
T014607,C08257,2025-11-19 20:35:00,CMP001,CH01
T014608,C08259,2025-01-28 00:00:00,CMP003,CH02
T014609,C08259,2025-02-01 20:35:00,CMP004,CH02
T014610,C08260,2025-08-03 00:00:00,CMP001,CH01
T014611,C08262,2025-10-01 00:00:00,CMP003,CH02
T014612,C08262,2025-10-02 01:42:00,CMP005,CH03
T014613,C08263,2025-01-03 00:00:00,CMP005,CH03
T014614,C08263,2025-01-06 19:57:00,CMP005,CH03
T014615,C08266,2025-06-11 00:00:00,CMP002,CH01
T014616,C08267,2025-03-20 00:00:00,CMP002,CH01
T014617,C08267,2025-03-23 11:30:00,CMP005,CH03
T014618,C08268,2025-07-26 00:00:00,CMP001,CH01
T014619,C08270,2025-05-23 00:00:00,CMP003,CH02
T014620,C08271,2025-11-30 00:00:00,CMP001,CH01
T014621,C08271,2025-12-02 14:23:00,CMP005,CH03
T014622,C08271,2025-12-07 12:22:00,CMP001,CH01
T014623,C08271,2025-12-08 20:33:00,CMP002,CH01
T014624,C08272,2025-06-05 00:00:00,CMP004,CH02
T014625,C08272,2025-06-06 13:55:00,CMP004,CH02
T014626,C08273,2025-09-29 00:00:00,CMP004,CH02
T014627,C08273,2025-10-04 11:50:00,CMP004,CH02
T014628,C08275,2025-05-16 00:00:00,CMP004,CH02
T014629,C08276,2025-02-03 00:00:00,CMP004,CH02
T014630,C08276,2025-02-08 03:19:00,CMP003,CH02
T014631,C08277,2025-10-15 00:00:00,CMP002,CH01
T014632,C08278,2025-05-24 00:00:00,CMP001,CH01
T014633,C08278,2025-05-30 01:47:00,CMP004,CH02
T014634,C08279,2025-12-08 00:00:00,CMP003,CH02
T014635,C08279,2025-12-15 04:41:00,CMP001,CH01
T014636,C08280,2025-01-11 00:00:00,CMP003,CH02
T014637,C08280,2025-01-17 18:39:00,CMP001,CH01
T014638,C08280,2025-01-23 00:22:00,CMP001,CH01
T014639,C08282,2025-12-13 00:00:00,CMP003,CH02
T014640,C08282,2025-12-18 22:50:00,CMP005,CH03
T014641,C08282,2025-12-20 22:46:00,CMP003,CH02
T014642,C08284,2025-09-03 00:00:00,CMP002,CH01
T014643,C08284,2025-09-07 15:02:00,CMP002,CH01
T014644,C08285,2025-04-18 00:00:00,CMP005,CH03
T014645,C08285,2025-04-19 17:04:00,CMP004,CH02
T014646,C08285,2025-04-26 12:28:00,CMP001,CH01
T014647,C08286,2025-06-11 00:00:00,CMP004,CH02
T014648,C08286,2025-06-12 10:55:00,CMP005,CH03
T014649,C08287,2025-09-04 00:00:00,CMP002,CH01
T014650,C08287,2025-09-08 08:18:00,CMP002,CH01
T014651,C08288,2025-10-19 00:00:00,CMP003,CH02
T014652,C08288,2025-10-22 11:22:00,CMP002,CH01
T014653,C08289,2025-02-05 00:00:00,CMP002,CH01
T014654,C08289,2025-02-06 08:44:00,CMP005,CH03
T014655,C08290,2025-07-17 00:00:00,CMP002,CH01
T014656,C08290,2025-07-23 11:46:00,CMP002,CH01
T014657,C08291,2025-03-16 00:00:00,CMP003,CH02
T014658,C08292,2025-01-29 00:00:00,CMP004,CH02
T014659,C08292,2025-01-31 18:16:00,CMP002,CH01
T014660,C08292,2025-02-04 15:34:00,CMP002,CH01
T014661,C08292,2025-02-11 06:45:00,CMP002,CH01
T014662,C08295,2025-04-19 00:00:00,CMP005,CH03
T014663,C08295,2025-04-22 03:47:00,CMP002,CH01
T014664,C08296,2025-11-11 00:00:00,CMP002,CH01
T014665,C08297,2025-10-28 00:00:00,CMP002,CH01
T014666,C08297,2025-11-01 11:59:00,CMP004,CH02
T014667,C08298,2025-03-10 00:00:00,CMP001,CH01
T014668,C08299,2025-03-17 00:00:00,CMP001,CH01
T014669,C08299,2025-03-22 04:21:00,CMP002,CH01
T014670,C08299,2025-03-27 12:48:00,CMP002,CH01
T014671,C08299,2025-04-04 11:38:00,CMP004,CH02
T014672,C08300,2025-03-20 00:00:00,CMP003,CH02
T014673,C08300,2025-03-23 20:09:00,CMP003,CH02
T014674,C08302,2025-05-06 00:00:00,CMP004,CH02
T014675,C08302,2025-05-11 20:07:00,CMP005,CH03
T014676,C08303,2025-09-17 00:00:00,CMP005,CH03
T014677,C08303,2025-09-22 08:37:00,CMP003,CH02
T014678,C08303,2025-09-30 05:14:00,CMP004,CH02
T014679,C08303,2025-10-04 18:54:00,CMP002,CH01
T014680,C08304,2025-03-08 00:00:00,CMP002,CH01
T014681,C08304,2025-03-13 13:12:00,CMP002,CH01
T014682,C08304,2025-03-21 07:21:00,CMP001,CH01
T014683,C08306,2025-04-27 00:00:00,CMP001,CH01
T014684,C08306,2025-04-30 21:40:00,CMP004,CH02
T014685,C08306,2025-05-03 10:38:00,CMP001,CH01
T014686,C08307,2025-11-04 00:00:00,CMP004,CH02
T014687,C08309,2025-09-20 00:00:00,CMP003,CH02
T014688,C08309,2025-09-26 04:18:00,CMP001,CH01
T014689,C08309,2025-10-03 01:23:00,CMP003,CH02
T014690,C08309,2025-10-06 22:13:00,CMP001,CH01
T014691,C08311,2025-05-27 00:00:00,CMP005,CH03
T014692,C08311,2025-05-28 07:16:00,CMP003,CH02
T014693,C08312,2025-02-14 00:00:00,CMP003,CH02
T014694,C08312,2025-02-16 12:44:00,CMP002,CH01
T014695,C08313,2025-10-21 00:00:00,CMP004,CH02
T014696,C08313,2025-10-26 05:56:00,CMP001,CH01
T014697,C08314,2025-11-09 00:00:00,CMP003,CH02
T014698,C08315,2025-10-21 00:00:00,CMP001,CH01
T014699,C08315,2025-10-22 03:08:00,CMP001,CH01
T014700,C08317,2025-01-16 00:00:00,CMP001,CH01
T014701,C08317,2025-01-17 04:38:00,CMP001,CH01
T014702,C08318,2025-12-19 00:00:00,CMP003,CH02
T014703,C08320,2025-07-15 00:00:00,CMP004,CH02
T014704,C08321,2025-05-18 00:00:00,CMP002,CH01
T014705,C08323,2025-03-06 00:00:00,CMP002,CH01
T014706,C08323,2025-03-07 08:05:00,CMP001,CH01
T014707,C08323,2025-03-11 14:56:00,CMP004,CH02
T014708,C08323,2025-03-18 13:23:00,CMP004,CH02
T014709,C08324,2025-08-10 00:00:00,CMP001,CH01
T014710,C08324,2025-08-13 12:48:00,CMP003,CH02
T014711,C08324,2025-08-15 03:37:00,CMP002,CH01
T014712,C08325,2025-11-15 00:00:00,CMP001,CH01
T014713,C08325,2025-11-16 19:35:00,CMP004,CH02
T014714,C08326,2025-10-06 00:00:00,CMP001,CH01
T014715,C08326,2025-10-12 19:54:00,CMP002,CH01
T014716,C08326,2025-10-19 02:30:00,CMP002,CH01
T014717,C08327,2025-06-03 00:00:00,CMP001,CH01
T014718,C08327,2025-06-04 22:17:00,CMP004,CH02
T014719,C08328,2025-05-21 00:00:00,CMP001,CH01
T014720,C08329,2025-08-15 00:00:00,CMP004,CH02
T014721,C08329,2025-08-17 18:00:00,CMP004,CH02
T014722,C08330,2025-12-04 00:00:00,CMP001,CH01
T014723,C08330,2025-12-10 10:49:00,CMP004,CH02
T014724,C08331,2025-01-29 00:00:00,CMP005,CH03
T014725,C08331,2025-01-30 16:13:00,CMP002,CH01
T014726,C08331,2025-02-03 00:51:00,CMP005,CH03
T014727,C08331,2025-02-10 19:36:00,CMP002,CH01
T014728,C08332,2025-11-29 00:00:00,CMP003,CH02
T014729,C08332,2025-12-05 05:52:00,CMP001,CH01
T014730,C08332,2025-12-12 17:30:00,CMP002,CH01
T014731,C08333,2025-12-30 00:00:00,CMP002,CH01
T014732,C08334,2025-03-27 00:00:00,CMP002,CH01
T014733,C08334,2025-04-01 19:11:00,CMP003,CH02
T014734,C08334,2025-04-06 23:18:00,CMP002,CH01
T014735,C08335,2025-12-05 00:00:00,CMP003,CH02
T014736,C08335,2025-12-10 05:44:00,CMP002,CH01
T014737,C08335,2025-12-15 05:56:00,CMP004,CH02
T014738,C08337,2025-09-20 00:00:00,CMP002,CH01
T014739,C08337,2025-09-24 03:28:00,CMP002,CH01
T014740,C08337,2025-09-26 17:25:00,CMP002,CH01
T014741,C08338,2025-12-10 00:00:00,CMP002,CH01
T014742,C08338,2025-12-15 17:51:00,CMP004,CH02
T014743,C08339,2025-12-22 00:00:00,CMP004,CH02
T014744,C08339,2025-12-27 03:33:00,CMP003,CH02
T014745,C08339,2025-12-31 16:02:00,CMP004,CH02
T014746,C08339,2026-01-03 06:09:00,CMP003,CH02
T014747,C08340,2025-09-15 00:00:00,CMP004,CH02
T014748,C08340,2025-09-18 13:15:00,CMP005,CH03
T014749,C08340,2025-09-26 06:18:00,CMP003,CH02
T014750,C08341,2025-02-09 00:00:00,CMP002,CH01
T014751,C08341,2025-02-11 20:37:00,CMP005,CH03
T014752,C08342,2025-11-10 00:00:00,CMP003,CH02
T014753,C08342,2025-11-11 16:24:00,CMP001,CH01
T014754,C08343,2025-02-18 00:00:00,CMP001,CH01
T014755,C08344,2025-04-10 00:00:00,CMP004,CH02
T014756,C08344,2025-04-16 12:21:00,CMP001,CH01
T014757,C08346,2025-07-14 00:00:00,CMP002,CH01
T014758,C08346,2025-07-17 20:21:00,CMP004,CH02
T014759,C08347,2025-12-28 00:00:00,CMP004,CH02
T014760,C08347,2025-12-30 16:49:00,CMP003,CH02
T014761,C08347,2026-01-01 02:28:00,CMP001,CH01
T014762,C08348,2025-12-31 00:00:00,CMP001,CH01
T014763,C08348,2026-01-03 17:07:00,CMP004,CH02
T014764,C08349,2025-09-02 00:00:00,CMP004,CH02
T014765,C08349,2025-09-07 20:37:00,CMP002,CH01
T014766,C08350,2025-12-21 00:00:00,CMP004,CH02
T014767,C08351,2025-03-09 00:00:00,CMP002,CH01
T014768,C08351,2025-03-15 18:35:00,CMP004,CH02
T014769,C08352,2025-06-09 00:00:00,CMP001,CH01
T014770,C08352,2025-06-10 11:43:00,CMP003,CH02
T014771,C08353,2025-06-28 00:00:00,CMP004,CH02
T014772,C08353,2025-07-05 03:14:00,CMP001,CH01
T014773,C08353,2025-07-11 00:29:00,CMP003,CH02
T014774,C08354,2025-03-27 00:00:00,CMP003,CH02
T014775,C08354,2025-03-28 22:58:00,CMP002,CH01
T014776,C08355,2025-09-17 00:00:00,CMP001,CH01
T014777,C08356,2025-05-07 00:00:00,CMP005,CH03
T014778,C08357,2025-07-22 00:00:00,CMP003,CH02
T014779,C08358,2025-06-12 00:00:00,CMP002,CH01
T014780,C08358,2025-06-19 15:37:00,CMP001,CH01
T014781,C08358,2025-06-27 13:30:00,CMP002,CH01
T014782,C08358,2025-06-29 00:00:00,CMP003,CH02
T014783,C08359,2025-08-16 00:00:00,CMP003,CH02
T014784,C08360,2025-08-06 00:00:00,CMP005,CH03
T014785,C08360,2025-08-08 20:20:00,CMP002,CH01
T014786,C08362,2025-07-14 00:00:00,CMP003,CH02
T014787,C08363,2025-06-16 00:00:00,CMP002,CH01
T014788,C08363,2025-06-17 03:12:00,CMP001,CH01
T014789,C08363,2025-06-18 14:43:00,CMP004,CH02
T014790,C08363,2025-06-24 21:12:00,CMP001,CH01
T014791,C08363,2025-07-01 16:05:00,CMP002,CH01
T014792,C08364,2025-02-27 00:00:00,CMP001,CH01
T014793,C08364,2025-03-06 15:31:00,CMP005,CH03
T014794,C08364,2025-03-11 17:34:00,CMP001,CH01
T014795,C08366,2025-03-14 00:00:00,CMP004,CH02
T014796,C08367,2025-02-27 00:00:00,CMP003,CH02
T014797,C08371,2025-07-20 00:00:00,CMP002,CH01
T014798,C08373,2025-07-06 00:00:00,CMP001,CH01
T014799,C08373,2025-07-08 20:47:00,CMP004,CH02
T014800,C08373,2025-07-13 10:18:00,CMP001,CH01
T014801,C08374,2025-10-18 00:00:00,CMP001,CH01
T014802,C08374,2025-10-19 17:18:00,CMP005,CH03
T014803,C08374,2025-10-27 04:06:00,CMP001,CH01
T014804,C08374,2025-10-28 06:31:00,CMP001,CH01
T014805,C08374,2025-11-03 06:04:00,CMP002,CH01
T014806,C08375,2025-08-11 00:00:00,CMP002,CH01
T014807,C08375,2025-08-14 05:01:00,CMP005,CH03
T014808,C08375,2025-08-16 19:54:00,CMP003,CH02
T014809,C08376,2025-03-31 00:00:00,CMP002,CH01
T014810,C08377,2025-09-13 00:00:00,CMP004,CH02
T014811,C08377,2025-09-17 17:08:00,CMP005,CH03
T014812,C08377,2025-09-24 19:30:00,CMP003,CH02
T014813,C08377,2025-10-02 17:51:00,CMP002,CH01
T014814,C08377,2025-10-08 20:28:00,CMP005,CH03
T014815,C08378,2025-06-07 00:00:00,CMP004,CH02
T014816,C08379,2025-06-30 00:00:00,CMP002,CH01
T014817,C08379,2025-07-07 06:54:00,CMP003,CH02
T014818,C08379,2025-07-09 00:31:00,CMP001,CH01
T014819,C08379,2025-07-15 17:43:00,CMP001,CH01
T014820,C08380,2025-04-11 00:00:00,CMP003,CH02
T014821,C08380,2025-04-17 15:46:00,CMP001,CH01
T014822,C08380,2025-04-23 11:09:00,CMP001,CH01
T014823,C08381,2025-03-04 00:00:00,CMP004,CH02
T014824,C08381,2025-03-06 00:21:00,CMP003,CH02
T014825,C08381,2025-03-08 15:37:00,CMP004,CH02
T014826,C08382,2025-09-26 00:00:00,CMP001,CH01
T014827,C08384,2025-03-17 00:00:00,CMP005,CH03
T014828,C08384,2025-03-23 06:26:00,CMP003,CH02
T014829,C08385,2025-06-03 00:00:00,CMP004,CH02
T014830,C08385,2025-06-05 00:00:00,CMP003,CH02
T014831,C08385,2025-06-06 19:05:00,CMP001,CH01
T014832,C08386,2025-03-28 00:00:00,CMP001,CH01
T014833,C08386,2025-03-31 12:29:00,CMP004,CH02
T014834,C08386,2025-04-08 10:43:00,CMP001,CH01
T014835,C08387,2025-03-06 00:00:00,CMP002,CH01
T014836,C08387,2025-03-12 15:01:00,CMP002,CH01
T014837,C08388,2025-06-10 00:00:00,CMP001,CH01
T014838,C08389,2025-08-06 00:00:00,CMP002,CH01
T014839,C08390,2025-06-10 00:00:00,CMP002,CH01
T014840,C08390,2025-06-17 23:17:00,CMP001,CH01
T014841,C08391,2025-02-12 00:00:00,CMP001,CH01
T014842,C08391,2025-02-18 16:50:00,CMP001,CH01
T014843,C08392,2025-10-22 00:00:00,CMP003,CH02
T014844,C08392,2025-10-29 17:02:00,CMP002,CH01
T014845,C08393,2025-07-06 00:00:00,CMP002,CH01
T014846,C08393,2025-07-08 17:23:00,CMP004,CH02
T014847,C08393,2025-07-16 16:42:00,CMP005,CH03
T014848,C08394,2025-03-02 00:00:00,CMP003,CH02
T014849,C08394,2025-03-05 23:15:00,CMP003,CH02
T014850,C08395,2025-04-06 00:00:00,CMP004,CH02
T014851,C08395,2025-04-07 11:45:00,CMP004,CH02
T014852,C08395,2025-04-14 23:57:00,CMP004,CH02
T014853,C08395,2025-04-16 08:57:00,CMP003,CH02
T014854,C08396,2025-02-13 00:00:00,CMP005,CH03
T014855,C08396,2025-02-17 02:37:00,CMP005,CH03
T014856,C08397,2025-09-15 00:00:00,CMP004,CH02
T014857,C08397,2025-09-21 02:21:00,CMP001,CH01
T014858,C08398,2025-02-23 00:00:00,CMP005,CH03
T014859,C08398,2025-02-24 11:11:00,CMP003,CH02
T014860,C08399,2025-05-22 00:00:00,CMP004,CH02
T014861,C08399,2025-05-28 10:52:00,CMP003,CH02
T014862,C08400,2025-06-08 00:00:00,CMP004,CH02
T014863,C08400,2025-06-15 21:19:00,CMP003,CH02
T014864,C08400,2025-06-20 03:29:00,CMP005,CH03
T014865,C08401,2025-03-15 00:00:00,CMP003,CH02
T014866,C08402,2025-12-31 00:00:00,CMP001,CH01
T014867,C08402,2026-01-06 21:47:00,CMP004,CH02
T014868,C08403,2025-07-08 00:00:00,CMP002,CH01
T014869,C08403,2025-07-09 09:05:00,CMP003,CH02
T014870,C08403,2025-07-11 18:52:00,CMP004,CH02
T014871,C08404,2025-03-19 00:00:00,CMP002,CH01
T014872,C08404,2025-03-24 14:38:00,CMP003,CH02
T014873,C08405,2025-04-01 00:00:00,CMP001,CH01
T014874,C08406,2025-02-08 00:00:00,CMP004,CH02
T014875,C08406,2025-02-10 07:03:00,CMP004,CH02
T014876,C08406,2025-02-15 09:38:00,CMP001,CH01
T014877,C08406,2025-02-23 06:06:00,CMP001,CH01
T014878,C08407,2025-04-30 00:00:00,CMP004,CH02
T014879,C08407,2025-05-04 06:59:00,CMP004,CH02
T014880,C08407,2025-05-11 10:27:00,CMP003,CH02
T014881,C08408,2025-09-09 00:00:00,CMP001,CH01
T014882,C08408,2025-09-14 13:51:00,CMP001,CH01
T014883,C08409,2025-08-14 00:00:00,CMP003,CH02
T014884,C08409,2025-08-20 01:01:00,CMP001,CH01
T014885,C08411,2025-10-03 00:00:00,CMP004,CH02
T014886,C08412,2025-11-15 00:00:00,CMP002,CH01
T014887,C08412,2025-11-18 00:09:00,CMP003,CH02
T014888,C08412,2025-11-20 07:13:00,CMP002,CH01
T014889,C08412,2025-11-23 14:14:00,CMP001,CH01
T014890,C08414,2025-02-06 00:00:00,CMP003,CH02
T014891,C08415,2025-06-28 00:00:00,CMP001,CH01
T014892,C08415,2025-06-30 10:57:00,CMP001,CH01
T014893,C08416,2025-06-07 00:00:00,CMP002,CH01
T014894,C08416,2025-06-13 18:28:00,CMP004,CH02
T014895,C08416,2025-06-19 06:21:00,CMP004,CH02
T014896,C08417,2025-12-23 00:00:00,CMP003,CH02
T014897,C08417,2025-12-26 08:56:00,CMP002,CH01
T014898,C08418,2025-09-29 00:00:00,CMP003,CH02
T014899,C08419,2025-06-10 00:00:00,CMP004,CH02
T014900,C08419,2025-06-13 09:52:00,CMP002,CH01
T014901,C08420,2025-02-02 00:00:00,CMP003,CH02
T014902,C08420,2025-02-04 18:21:00,CMP005,CH03
T014903,C08420,2025-02-06 07:03:00,CMP001,CH01
T014904,C08421,2025-01-25 00:00:00,CMP005,CH03
T014905,C08421,2025-01-30 16:19:00,CMP004,CH02
T014906,C08421,2025-02-07 02:30:00,CMP004,CH02
T014907,C08422,2025-11-06 00:00:00,CMP004,CH02
T014908,C08422,2025-11-11 22:53:00,CMP003,CH02
T014909,C08423,2025-09-05 00:00:00,CMP002,CH01
T014910,C08423,2025-09-08 02:47:00,CMP003,CH02
T014911,C08423,2025-09-11 07:44:00,CMP002,CH01
T014912,C08423,2025-09-15 06:45:00,CMP004,CH02
T014913,C08424,2025-05-30 00:00:00,CMP003,CH02
T014914,C08424,2025-06-01 19:43:00,CMP002,CH01
T014915,C08424,2025-06-07 01:48:00,CMP003,CH02
T014916,C08425,2025-05-04 00:00:00,CMP002,CH01
T014917,C08425,2025-05-06 15:08:00,CMP002,CH01
T014918,C08425,2025-05-11 05:20:00,CMP001,CH01
T014919,C08427,2025-07-15 00:00:00,CMP001,CH01
T014920,C08427,2025-07-20 01:34:00,CMP001,CH01
T014921,C08428,2025-06-25 00:00:00,CMP003,CH02
T014922,C08429,2025-07-12 00:00:00,CMP001,CH01
T014923,C08429,2025-07-18 15:26:00,CMP001,CH01
T014924,C08430,2025-05-23 00:00:00,CMP003,CH02
T014925,C08430,2025-05-30 02:35:00,CMP001,CH01
T014926,C08431,2025-08-16 00:00:00,CMP001,CH01
T014927,C08431,2025-08-23 04:02:00,CMP005,CH03
T014928,C08432,2025-11-03 00:00:00,CMP005,CH03
T014929,C08432,2025-11-09 20:42:00,CMP003,CH02
T014930,C08432,2025-11-12 13:42:00,CMP002,CH01
T014931,C08434,2025-08-23 00:00:00,CMP001,CH01
T014932,C08434,2025-08-28 02:21:00,CMP003,CH02
T014933,C08434,2025-09-03 01:05:00,CMP004,CH02
T014934,C08435,2025-07-05 00:00:00,CMP002,CH01
T014935,C08435,2025-07-08 11:37:00,CMP001,CH01
T014936,C08435,2025-07-11 20:49:00,CMP002,CH01
T014937,C08436,2025-11-10 00:00:00,CMP004,CH02
T014938,C08436,2025-11-14 07:32:00,CMP003,CH02
T014939,C08436,2025-11-21 01:38:00,CMP003,CH02
T014940,C08436,2025-11-28 06:29:00,CMP003,CH02
T014941,C08437,2025-01-17 00:00:00,CMP004,CH02
T014942,C08437,2025-01-19 21:32:00,CMP003,CH02
T014943,C08437,2025-01-21 09:13:00,CMP001,CH01
T014944,C08439,2025-12-04 00:00:00,CMP005,CH03
T014945,C08439,2025-12-06 09:17:00,CMP001,CH01
T014946,C08440,2025-04-02 00:00:00,CMP004,CH02
T014947,C08440,2025-04-06 14:11:00,CMP001,CH01
T014948,C08441,2025-12-02 00:00:00,CMP004,CH02
T014949,C08442,2025-05-07 00:00:00,CMP003,CH02
T014950,C08442,2025-05-08 15:11:00,CMP001,CH01
T014951,C08443,2025-03-03 00:00:00,CMP003,CH02
T014952,C08443,2025-03-08 22:45:00,CMP004,CH02
T014953,C08444,2025-12-02 00:00:00,CMP005,CH03
T014954,C08444,2025-12-07 14:00:00,CMP004,CH02
T014955,C08444,2025-12-11 06:20:00,CMP003,CH02
T014956,C08445,2025-10-10 00:00:00,CMP005,CH03
T014957,C08445,2025-10-12 12:06:00,CMP003,CH02
T014958,C08446,2025-09-05 00:00:00,CMP004,CH02
T014959,C08446,2025-09-06 23:25:00,CMP003,CH02
T014960,C08447,2025-05-16 00:00:00,CMP005,CH03
T014961,C08447,2025-05-23 23:07:00,CMP001,CH01
T014962,C08447,2025-05-27 22:57:00,CMP002,CH01
T014963,C08447,2025-05-30 17:25:00,CMP003,CH02
T014964,C08448,2025-11-09 00:00:00,CMP001,CH01
T014965,C08448,2025-11-15 03:30:00,CMP004,CH02
T014966,C08449,2025-08-13 00:00:00,CMP002,CH01
T014967,C08449,2025-08-20 20:15:00,CMP005,CH03
T014968,C08449,2025-08-22 15:06:00,CMP001,CH01
T014969,C08450,2025-04-26 00:00:00,CMP004,CH02
T014970,C08451,2025-02-12 00:00:00,CMP003,CH02
T014971,C08452,2025-09-07 00:00:00,CMP002,CH01
T014972,C08453,2025-09-08 00:00:00,CMP004,CH02
T014973,C08453,2025-09-12 10:59:00,CMP004,CH02
T014974,C08454,2025-07-24 00:00:00,CMP002,CH01
T014975,C08454,2025-07-31 09:22:00,CMP005,CH03
T014976,C08455,2025-02-28 00:00:00,CMP005,CH03
T014977,C08455,2025-03-01 09:17:00,CMP004,CH02
T014978,C08456,2025-01-01 00:00:00,CMP003,CH02
T014979,C08457,2025-05-28 00:00:00,CMP004,CH02
T014980,C08458,2025-11-13 00:00:00,CMP001,CH01
T014981,C08458,2025-11-15 16:20:00,CMP003,CH02
T014982,C08459,2025-06-24 00:00:00,CMP003,CH02
T014983,C08459,2025-06-29 18:41:00,CMP001,CH01
T014984,C08460,2025-04-14 00:00:00,CMP002,CH01
T014985,C08461,2025-07-25 00:00:00,CMP001,CH01
T014986,C08461,2025-07-28 14:57:00,CMP001,CH01
T014987,C08461,2025-07-30 12:27:00,CMP004,CH02
T014988,C08463,2025-04-14 00:00:00,CMP003,CH02
T014989,C08464,2025-10-25 00:00:00,CMP002,CH01
T014990,C08464,2025-10-29 18:06:00,CMP004,CH02
T014991,C08465,2025-12-05 00:00:00,CMP005,CH03
T014992,C08465,2025-12-07 00:35:00,CMP003,CH02
T014993,C08465,2025-12-12 12:07:00,CMP004,CH02
T014994,C08465,2025-12-15 08:30:00,CMP001,CH01
T014995,C08466,2025-07-09 00:00:00,CMP002,CH01
T014996,C08467,2025-06-02 00:00:00,CMP002,CH01
T014997,C08468,2025-12-05 00:00:00,CMP001,CH01
T014998,C08468,2025-12-10 10:08:00,CMP001,CH01
T014999,C08468,2025-12-14 13:23:00,CMP002,CH01
T015000,C08468,2025-12-18 23:38:00,CMP002,CH01
T015001,C08468,2025-12-22 11:31:00,CMP003,CH02
T015002,C08469,2025-05-08 00:00:00,CMP004,CH02
T015003,C08470,2025-08-05 00:00:00,CMP003,CH02
T015004,C08470,2025-08-12 06:12:00,CMP001,CH01
T015005,C08470,2025-08-15 18:02:00,CMP004,CH02
T015006,C08470,2025-08-18 12:46:00,CMP001,CH01
T015007,C08471,2025-09-11 00:00:00,CMP002,CH01
T015008,C08471,2025-09-16 06:38:00,CMP002,CH01
T015009,C08471,2025-09-22 14:38:00,CMP002,CH01
T015010,C08471,2025-09-25 18:02:00,CMP001,CH01
T015011,C08471,2025-10-01 03:49:00,CMP001,CH01
T015012,C08472,2025-10-13 00:00:00,CMP001,CH01
T015013,C08472,2025-10-19 06:34:00,CMP002,CH01
T015014,C08472,2025-10-25 19:54:00,CMP004,CH02
T015015,C08473,2025-02-05 00:00:00,CMP005,CH03
T015016,C08474,2025-07-27 00:00:00,CMP002,CH01
T015017,C08474,2025-08-02 18:02:00,CMP002,CH01
T015018,C08475,2025-04-01 00:00:00,CMP002,CH01
T015019,C08475,2025-04-03 12:52:00,CMP001,CH01
T015020,C08475,2025-04-07 13:39:00,CMP002,CH01
T015021,C08476,2025-03-31 00:00:00,CMP002,CH01
T015022,C08476,2025-04-07 07:58:00,CMP002,CH01
T015023,C08476,2025-04-14 06:22:00,CMP004,CH02
T015024,C08476,2025-04-17 03:40:00,CMP001,CH01
T015025,C08477,2025-04-29 00:00:00,CMP004,CH02
T015026,C08477,2025-05-05 13:27:00,CMP001,CH01
T015027,C08477,2025-05-09 23:26:00,CMP003,CH02
T015028,C08479,2025-07-26 00:00:00,CMP002,CH01
T015029,C08479,2025-07-31 19:28:00,CMP003,CH02
T015030,C08479,2025-08-04 04:41:00,CMP001,CH01
T015031,C08480,2025-12-12 00:00:00,CMP002,CH01
T015032,C08480,2025-12-13 17:01:00,CMP001,CH01
T015033,C08481,2025-03-28 00:00:00,CMP001,CH01
T015034,C08481,2025-03-29 09:58:00,CMP003,CH02
T015035,C08482,2025-01-28 00:00:00,CMP004,CH02
T015036,C08483,2025-10-02 00:00:00,CMP004,CH02
T015037,C08483,2025-10-04 14:13:00,CMP004,CH02
T015038,C08483,2025-10-12 10:28:00,CMP002,CH01
T015039,C08484,2025-09-02 00:00:00,CMP004,CH02
T015040,C08485,2025-10-08 00:00:00,CMP004,CH02
T015041,C08487,2025-11-02 00:00:00,CMP002,CH01
T015042,C08487,2025-11-06 12:30:00,CMP001,CH01
T015043,C08489,2025-06-07 00:00:00,CMP005,CH03
T015044,C08489,2025-06-12 15:33:00,CMP003,CH02
T015045,C08490,2025-12-28 00:00:00,CMP004,CH02
T015046,C08490,2025-12-30 16:04:00,CMP004,CH02
T015047,C08491,2025-09-09 00:00:00,CMP004,CH02
T015048,C08492,2025-05-20 00:00:00,CMP003,CH02
T015049,C08492,2025-05-22 09:26:00,CMP003,CH02
T015050,C08492,2025-05-23 14:49:00,CMP003,CH02
T015051,C08493,2025-06-04 00:00:00,CMP005,CH03
T015052,C08493,2025-06-05 15:17:00,CMP003,CH02
T015053,C08494,2025-12-30 00:00:00,CMP001,CH01
T015054,C08495,2025-12-20 00:00:00,CMP004,CH02
T015055,C08495,2025-12-22 06:10:00,CMP003,CH02
T015056,C08496,2025-12-04 00:00:00,CMP002,CH01
T015057,C08496,2025-12-05 09:27:00,CMP004,CH02
T015058,C08496,2025-12-12 01:07:00,CMP004,CH02
T015059,C08496,2025-12-14 03:15:00,CMP003,CH02
T015060,C08497,2025-05-08 00:00:00,CMP004,CH02
T015061,C08498,2025-06-25 00:00:00,CMP004,CH02
T015062,C08498,2025-06-28 05:44:00,CMP003,CH02
T015063,C08499,2025-04-10 00:00:00,CMP004,CH02
T015064,C08499,2025-04-12 04:58:00,CMP001,CH01
T015065,C08499,2025-04-13 20:01:00,CMP003,CH02
T015066,C08500,2025-10-11 00:00:00,CMP001,CH01
T015067,C08500,2025-10-15 18:41:00,CMP004,CH02
T015068,C08501,2025-05-17 00:00:00,CMP001,CH01
T015069,C08501,2025-05-24 16:28:00,CMP003,CH02
T015070,C08501,2025-05-26 04:15:00,CMP005,CH03
T015071,C08502,2025-07-17 00:00:00,CMP002,CH01
T015072,C08502,2025-07-22 01:07:00,CMP002,CH01
T015073,C08503,2025-02-21 00:00:00,CMP004,CH02
T015074,C08504,2025-03-28 00:00:00,CMP001,CH01
T015075,C08505,2025-10-22 00:00:00,CMP002,CH01
T015076,C08507,2025-01-14 00:00:00,CMP002,CH01
T015077,C08507,2025-01-18 14:49:00,CMP001,CH01
T015078,C08508,2025-05-12 00:00:00,CMP002,CH01
T015079,C08508,2025-05-15 11:27:00,CMP003,CH02
T015080,C08508,2025-05-17 22:21:00,CMP005,CH03
T015081,C08509,2025-03-05 00:00:00,CMP004,CH02
T015082,C08509,2025-03-10 10:41:00,CMP002,CH01
T015083,C08509,2025-03-15 04:23:00,CMP002,CH01
T015084,C08511,2025-10-12 00:00:00,CMP002,CH01
T015085,C08512,2025-11-17 00:00:00,CMP005,CH03
T015086,C08515,2025-08-13 00:00:00,CMP004,CH02
T015087,C08515,2025-08-14 02:22:00,CMP002,CH01
T015088,C08516,2025-06-09 00:00:00,CMP001,CH01
T015089,C08516,2025-06-15 05:22:00,CMP005,CH03
T015090,C08517,2025-12-09 00:00:00,CMP003,CH02
T015091,C08517,2025-12-13 07:07:00,CMP002,CH01
T015092,C08517,2025-12-15 08:46:00,CMP004,CH02
T015093,C08518,2025-07-25 00:00:00,CMP003,CH02
T015094,C08520,2025-03-08 00:00:00,CMP002,CH01
T015095,C08520,2025-03-13 21:29:00,CMP004,CH02
T015096,C08522,2025-10-15 00:00:00,CMP003,CH02
T015097,C08522,2025-10-19 22:09:00,CMP002,CH01
T015098,C08523,2025-03-12 00:00:00,CMP002,CH01
T015099,C08524,2025-06-25 00:00:00,CMP001,CH01
T015100,C08525,2025-05-08 00:00:00,CMP004,CH02
T015101,C08526,2025-02-06 00:00:00,CMP003,CH02
T015102,C08526,2025-02-07 07:30:00,CMP005,CH03
T015103,C08526,2025-02-12 05:11:00,CMP004,CH02
T015104,C08528,2025-08-18 00:00:00,CMP002,CH01
T015105,C08528,2025-08-20 21:55:00,CMP002,CH01
T015106,C08528,2025-08-24 06:30:00,CMP003,CH02
T015107,C08529,2025-03-06 00:00:00,CMP001,CH01
T015108,C08530,2025-04-14 00:00:00,CMP002,CH01
T015109,C08531,2025-04-02 00:00:00,CMP002,CH01
T015110,C08532,2025-09-09 00:00:00,CMP002,CH01
T015111,C08533,2025-07-06 00:00:00,CMP003,CH02
T015112,C08533,2025-07-09 21:21:00,CMP004,CH02
T015113,C08533,2025-07-14 15:10:00,CMP002,CH01
T015114,C08536,2025-05-05 00:00:00,CMP001,CH01
T015115,C08536,2025-05-07 16:53:00,CMP002,CH01
T015116,C08537,2025-08-22 00:00:00,CMP003,CH02
T015117,C08537,2025-08-25 20:09:00,CMP005,CH03
T015118,C08540,2025-08-16 00:00:00,CMP005,CH03
T015119,C08540,2025-08-18 23:55:00,CMP004,CH02
T015120,C08540,2025-08-25 13:49:00,CMP002,CH01
T015121,C08541,2025-03-12 00:00:00,CMP004,CH02
T015122,C08541,2025-03-19 00:09:00,CMP005,CH03
T015123,C08541,2025-03-23 07:56:00,CMP002,CH01
T015124,C08541,2025-03-29 09:59:00,CMP002,CH01
T015125,C08541,2025-04-05 04:02:00,CMP001,CH01
T015126,C08542,2025-11-18 00:00:00,CMP004,CH02
T015127,C08542,2025-11-24 15:55:00,CMP003,CH02
T015128,C08544,2025-09-04 00:00:00,CMP005,CH03
T015129,C08545,2025-01-18 00:00:00,CMP005,CH03
T015130,C08545,2025-01-24 08:47:00,CMP003,CH02
T015131,C08546,2025-12-03 00:00:00,CMP002,CH01
T015132,C08546,2025-12-08 18:14:00,CMP001,CH01
T015133,C08546,2025-12-12 04:56:00,CMP003,CH02
T015134,C08547,2025-01-29 00:00:00,CMP005,CH03
T015135,C08548,2025-09-06 00:00:00,CMP004,CH02
T015136,C08548,2025-09-10 00:43:00,CMP002,CH01
T015137,C08548,2025-09-14 17:40:00,CMP005,CH03
T015138,C08548,2025-09-21 08:16:00,CMP003,CH02
T015139,C08548,2025-09-28 13:05:00,CMP003,CH02
T015140,C08549,2025-06-14 00:00:00,CMP004,CH02
T015141,C08549,2025-06-16 20:39:00,CMP004,CH02
T015142,C08550,2025-02-02 00:00:00,CMP002,CH01
T015143,C08551,2025-01-04 00:00:00,CMP002,CH01
T015144,C08551,2025-01-07 18:09:00,CMP001,CH01
T015145,C08551,2025-01-10 02:12:00,CMP004,CH02
T015146,C08553,2025-08-04 00:00:00,CMP001,CH01
T015147,C08553,2025-08-11 12:16:00,CMP001,CH01
T015148,C08553,2025-08-15 20:40:00,CMP001,CH01
T015149,C08554,2025-08-06 00:00:00,CMP002,CH01
T015150,C08554,2025-08-11 00:00:00,CMP001,CH01
T015151,C08554,2025-08-12 06:54:00,CMP004,CH02
T015152,C08555,2025-09-16 00:00:00,CMP001,CH01
T015153,C08555,2025-09-20 12:28:00,CMP002,CH01
T015154,C08557,2025-04-15 00:00:00,CMP003,CH02
T015155,C08557,2025-04-21 02:09:00,CMP003,CH02
T015156,C08557,2025-04-26 13:30:00,CMP001,CH01
T015157,C08557,2025-04-30 22:03:00,CMP003,CH02
T015158,C08559,2025-12-19 00:00:00,CMP003,CH02
T015159,C08559,2025-12-26 13:07:00,CMP004,CH02
T015160,C08560,2025-05-20 00:00:00,CMP001,CH01
T015161,C08561,2025-12-11 00:00:00,CMP001,CH01
T015162,C08561,2025-12-18 21:11:00,CMP002,CH01
T015163,C08561,2025-12-22 19:46:00,CMP001,CH01
T015164,C08562,2025-09-11 00:00:00,CMP004,CH02
T015165,C08562,2025-09-16 12:38:00,CMP002,CH01
T015166,C08562,2025-09-22 17:26:00,CMP003,CH02
T015167,C08562,2025-09-27 00:53:00,CMP001,CH01
T015168,C08563,2025-07-01 00:00:00,CMP005,CH03
T015169,C08563,2025-07-04 17:15:00,CMP005,CH03
T015170,C08563,2025-07-10 12:35:00,CMP001,CH01
T015171,C08564,2025-10-18 00:00:00,CMP002,CH01
T015172,C08565,2025-01-17 00:00:00,CMP003,CH02
T015173,C08565,2025-01-23 20:25:00,CMP001,CH01
T015174,C08565,2025-01-29 23:24:00,CMP002,CH01
T015175,C08566,2025-08-20 00:00:00,CMP001,CH01
T015176,C08566,2025-08-23 01:05:00,CMP001,CH01
T015177,C08567,2025-02-18 00:00:00,CMP003,CH02
T015178,C08569,2025-04-13 00:00:00,CMP001,CH01
T015179,C08569,2025-04-18 05:52:00,CMP002,CH01
T015180,C08570,2025-03-22 00:00:00,CMP001,CH01
T015181,C08570,2025-03-27 05:09:00,CMP001,CH01
T015182,C08571,2025-06-16 00:00:00,CMP004,CH02
T015183,C08571,2025-06-19 02:21:00,CMP004,CH02
T015184,C08572,2025-10-13 00:00:00,CMP004,CH02
T015185,C08572,2025-10-16 19:33:00,CMP002,CH01
T015186,C08573,2025-07-29 00:00:00,CMP003,CH02
T015187,C08573,2025-08-03 00:08:00,CMP001,CH01
T015188,C08573,2025-08-05 16:35:00,CMP003,CH02
T015189,C08573,2025-08-12 19:15:00,CMP004,CH02
T015190,C08574,2025-10-17 00:00:00,CMP002,CH01
T015191,C08574,2025-10-22 15:49:00,CMP002,CH01
T015192,C08576,2025-10-25 00:00:00,CMP003,CH02
T015193,C08577,2025-09-25 00:00:00,CMP004,CH02
T015194,C08577,2025-09-29 09:24:00,CMP001,CH01
T015195,C08578,2025-06-02 00:00:00,CMP001,CH01
T015196,C08578,2025-06-08 15:12:00,CMP001,CH01
T015197,C08578,2025-06-09 16:49:00,CMP001,CH01
T015198,C08578,2025-06-12 12:27:00,CMP005,CH03
T015199,C08579,2025-11-08 00:00:00,CMP001,CH01
T015200,C08579,2025-11-09 00:41:00,CMP004,CH02
T015201,C08580,2025-02-27 00:00:00,CMP002,CH01
T015202,C08581,2025-01-26 00:00:00,CMP004,CH02
T015203,C08582,2025-02-08 00:00:00,CMP004,CH02
T015204,C08582,2025-02-14 02:20:00,CMP003,CH02
T015205,C08582,2025-02-17 09:17:00,CMP001,CH01
T015206,C08582,2025-02-22 23:12:00,CMP005,CH03
T015207,C08583,2025-10-22 00:00:00,CMP002,CH01
T015208,C08583,2025-10-29 04:52:00,CMP003,CH02
T015209,C08584,2025-02-23 00:00:00,CMP003,CH02
T015210,C08586,2025-06-21 00:00:00,CMP002,CH01
T015211,C08586,2025-06-26 09:16:00,CMP001,CH01
T015212,C08586,2025-07-02 13:43:00,CMP001,CH01
T015213,C08587,2025-09-02 00:00:00,CMP003,CH02
T015214,C08587,2025-09-09 23:26:00,CMP005,CH03
T015215,C08588,2025-03-25 00:00:00,CMP004,CH02
T015216,C08588,2025-03-29 06:57:00,CMP002,CH01
T015217,C08589,2025-06-20 00:00:00,CMP004,CH02
T015218,C08589,2025-06-26 21:52:00,CMP001,CH01
T015219,C08589,2025-07-03 12:08:00,CMP004,CH02
T015220,C08590,2025-07-31 00:00:00,CMP005,CH03
T015221,C08590,2025-08-07 01:59:00,CMP004,CH02
T015222,C08591,2025-07-01 00:00:00,CMP004,CH02
T015223,C08591,2025-07-07 20:36:00,CMP001,CH01
T015224,C08591,2025-07-14 06:53:00,CMP002,CH01
T015225,C08591,2025-07-18 06:49:00,CMP001,CH01
T015226,C08592,2025-10-29 00:00:00,CMP001,CH01
T015227,C08592,2025-11-02 07:35:00,CMP002,CH01
T015228,C08592,2025-11-07 23:01:00,CMP001,CH01
T015229,C08593,2025-11-15 00:00:00,CMP002,CH01
T015230,C08593,2025-11-20 04:56:00,CMP005,CH03
T015231,C08593,2025-11-21 18:34:00,CMP005,CH03
T015232,C08593,2025-11-27 09:15:00,CMP001,CH01
T015233,C08594,2025-03-21 00:00:00,CMP005,CH03
T015234,C08594,2025-03-26 11:32:00,CMP005,CH03
T015235,C08595,2025-12-21 00:00:00,CMP003,CH02
T015236,C08595,2025-12-25 09:24:00,CMP005,CH03
T015237,C08596,2025-12-15 00:00:00,CMP003,CH02
T015238,C08596,2025-12-19 16:23:00,CMP002,CH01
T015239,C08596,2025-12-23 18:09:00,CMP001,CH01
T015240,C08596,2025-12-31 10:09:00,CMP002,CH01
T015241,C08597,2025-09-30 00:00:00,CMP005,CH03
T015242,C08597,2025-10-06 02:41:00,CMP005,CH03
T015243,C08598,2025-01-03 00:00:00,CMP002,CH01
T015244,C08598,2025-01-07 08:40:00,CMP003,CH02
T015245,C08598,2025-01-13 10:11:00,CMP002,CH01
T015246,C08599,2025-04-06 00:00:00,CMP003,CH02
T015247,C08599,2025-04-08 22:29:00,CMP004,CH02
T015248,C08603,2025-11-10 00:00:00,CMP005,CH03
T015249,C08603,2025-11-15 23:32:00,CMP004,CH02
T015250,C08604,2025-06-08 00:00:00,CMP002,CH01
T015251,C08604,2025-06-12 19:13:00,CMP001,CH01
T015252,C08604,2025-06-20 17:34:00,CMP004,CH02
T015253,C08605,2025-04-22 00:00:00,CMP002,CH01
T015254,C08605,2025-04-29 09:38:00,CMP005,CH03
T015255,C08606,2025-07-11 00:00:00,CMP004,CH02
T015256,C08607,2025-09-20 00:00:00,CMP002,CH01
T015257,C08608,2025-06-29 00:00:00,CMP002,CH01
T015258,C08608,2025-07-03 15:32:00,CMP003,CH02
T015259,C08608,2025-07-06 10:08:00,CMP005,CH03
T015260,C08609,2025-11-07 00:00:00,CMP004,CH02
T015261,C08609,2025-11-08 17:05:00,CMP002,CH01
T015262,C08610,2025-12-04 00:00:00,CMP001,CH01
T015263,C08610,2025-12-05 05:27:00,CMP004,CH02
T015264,C08610,2025-12-07 22:22:00,CMP002,CH01
T015265,C08611,2025-01-03 00:00:00,CMP004,CH02
T015266,C08611,2025-01-09 14:47:00,CMP002,CH01
T015267,C08612,2025-10-09 00:00:00,CMP001,CH01
T015268,C08612,2025-10-10 11:28:00,CMP002,CH01
T015269,C08612,2025-10-13 14:29:00,CMP001,CH01
T015270,C08613,2025-07-19 00:00:00,CMP005,CH03
T015271,C08613,2025-07-20 23:51:00,CMP004,CH02
T015272,C08613,2025-07-26 05:03:00,CMP003,CH02
T015273,C08614,2025-03-09 00:00:00,CMP003,CH02
T015274,C08616,2025-03-23 00:00:00,CMP003,CH02
T015275,C08616,2025-03-25 16:44:00,CMP004,CH02
T015276,C08617,2025-04-30 00:00:00,CMP003,CH02
T015277,C08618,2025-11-07 00:00:00,CMP004,CH02
T015278,C08618,2025-11-13 08:06:00,CMP003,CH02
T015279,C08620,2025-10-02 00:00:00,CMP003,CH02
T015280,C08620,2025-10-04 16:23:00,CMP001,CH01
T015281,C08621,2025-02-22 00:00:00,CMP005,CH03
T015282,C08621,2025-02-25 03:10:00,CMP001,CH01
T015283,C08621,2025-03-03 13:27:00,CMP004,CH02
T015284,C08622,2025-12-03 00:00:00,CMP003,CH02
T015285,C08622,2025-12-04 16:28:00,CMP002,CH01
T015286,C08624,2025-01-31 00:00:00,CMP004,CH02
T015287,C08624,2025-02-01 21:24:00,CMP001,CH01
T015288,C08624,2025-02-05 03:44:00,CMP004,CH02
T015289,C08624,2025-02-10 01:24:00,CMP001,CH01
T015290,C08625,2025-04-04 00:00:00,CMP003,CH02
T015291,C08625,2025-04-05 03:07:00,CMP004,CH02
T015292,C08626,2025-06-01 00:00:00,CMP003,CH02
T015293,C08626,2025-06-08 16:26:00,CMP003,CH02
T015294,C08626,2025-06-14 19:45:00,CMP001,CH01
T015295,C08627,2025-06-26 00:00:00,CMP002,CH01
T015296,C08627,2025-07-01 08:05:00,CMP002,CH01
T015297,C08627,2025-07-09 07:34:00,CMP002,CH01
T015298,C08627,2025-07-11 18:56:00,CMP003,CH02
T015299,C08628,2025-09-13 00:00:00,CMP002,CH01
T015300,C08628,2025-09-20 02:24:00,CMP004,CH02
T015301,C08630,2025-05-17 00:00:00,CMP002,CH01
T015302,C08630,2025-05-22 17:28:00,CMP001,CH01
T015303,C08630,2025-05-23 20:04:00,CMP002,CH01
T015304,C08632,2025-05-08 00:00:00,CMP001,CH01
T015305,C08632,2025-05-14 22:18:00,CMP004,CH02
T015306,C08632,2025-05-17 13:11:00,CMP001,CH01
T015307,C08632,2025-05-21 22:09:00,CMP004,CH02
T015308,C08633,2025-04-19 00:00:00,CMP001,CH01
T015309,C08633,2025-04-26 06:59:00,CMP003,CH02
T015310,C08633,2025-05-01 11:52:00,CMP002,CH01
T015311,C08635,2025-03-28 00:00:00,CMP005,CH03
T015312,C08635,2025-04-03 14:40:00,CMP003,CH02
T015313,C08635,2025-04-09 21:42:00,CMP002,CH01
T015314,C08636,2025-08-27 00:00:00,CMP004,CH02
T015315,C08636,2025-09-03 18:40:00,CMP002,CH01
T015316,C08637,2025-09-11 00:00:00,CMP002,CH01
T015317,C08637,2025-09-14 00:06:00,CMP003,CH02
T015318,C08637,2025-09-20 21:52:00,CMP003,CH02
T015319,C08638,2025-11-10 00:00:00,CMP004,CH02
T015320,C08639,2025-12-22 00:00:00,CMP001,CH01
T015321,C08639,2025-12-28 14:20:00,CMP004,CH02
T015322,C08639,2026-01-01 22:36:00,CMP004,CH02
T015323,C08640,2025-10-08 00:00:00,CMP003,CH02
T015324,C08640,2025-10-14 08:59:00,CMP001,CH01
T015325,C08640,2025-10-18 21:09:00,CMP004,CH02
T015326,C08641,2025-12-23 00:00:00,CMP004,CH02
T015327,C08641,2025-12-29 15:57:00,CMP002,CH01
T015328,C08642,2025-06-08 00:00:00,CMP004,CH02
T015329,C08642,2025-06-10 01:32:00,CMP004,CH02
T015330,C08642,2025-06-17 11:18:00,CMP004,CH02
T015331,C08642,2025-06-25 05:01:00,CMP001,CH01
T015332,C08643,2025-06-20 00:00:00,CMP001,CH01
T015333,C08643,2025-06-25 00:17:00,CMP002,CH01
T015334,C08643,2025-06-26 16:44:00,CMP003,CH02
T015335,C08644,2025-11-18 00:00:00,CMP002,CH01
T015336,C08645,2025-04-03 00:00:00,CMP002,CH01
T015337,C08645,2025-04-06 02:15:00,CMP004,CH02
T015338,C08645,2025-04-12 03:20:00,CMP002,CH01
T015339,C08646,2025-04-15 00:00:00,CMP003,CH02
T015340,C08646,2025-04-19 08:04:00,CMP001,CH01
T015341,C08647,2025-06-24 00:00:00,CMP001,CH01
T015342,C08647,2025-06-25 21:45:00,CMP002,CH01
T015343,C08648,2025-04-14 00:00:00,CMP004,CH02
T015344,C08648,2025-04-18 20:35:00,CMP004,CH02
T015345,C08648,2025-04-22 00:03:00,CMP003,CH02
T015346,C08649,2025-12-23 00:00:00,CMP005,CH03
T015347,C08649,2025-12-26 04:43:00,CMP002,CH01
T015348,C08649,2025-12-30 02:11:00,CMP001,CH01
T015349,C08650,2025-11-22 00:00:00,CMP002,CH01
T015350,C08650,2025-11-29 20:28:00,CMP005,CH03
T015351,C08651,2025-08-21 00:00:00,CMP004,CH02
T015352,C08651,2025-08-27 14:11:00,CMP003,CH02
T015353,C08652,2025-10-03 00:00:00,CMP004,CH02
T015354,C08653,2025-11-11 00:00:00,CMP001,CH01
T015355,C08653,2025-11-16 06:32:00,CMP001,CH01
T015356,C08653,2025-11-20 13:24:00,CMP002,CH01
T015357,C08654,2025-06-20 00:00:00,CMP003,CH02
T015358,C08654,2025-06-25 16:59:00,CMP002,CH01
T015359,C08655,2025-11-21 00:00:00,CMP005,CH03
T015360,C08656,2025-06-09 00:00:00,CMP001,CH01
T015361,C08656,2025-06-13 03:42:00,CMP002,CH01
T015362,C08657,2025-10-19 00:00:00,CMP002,CH01
T015363,C08658,2025-02-15 00:00:00,CMP001,CH01
T015364,C08658,2025-02-20 03:44:00,CMP002,CH01
T015365,C08659,2025-03-16 00:00:00,CMP005,CH03
T015366,C08659,2025-03-21 15:16:00,CMP001,CH01
T015367,C08659,2025-03-25 06:41:00,CMP005,CH03
T015368,C08660,2025-12-08 00:00:00,CMP002,CH01
T015369,C08661,2025-01-23 00:00:00,CMP005,CH03
T015370,C08661,2025-01-25 16:37:00,CMP001,CH01
T015371,C08661,2025-01-30 06:23:00,CMP001,CH01
T015372,C08662,2025-05-23 00:00:00,CMP001,CH01
T015373,C08663,2025-04-12 00:00:00,CMP005,CH03
T015374,C08663,2025-04-18 21:27:00,CMP003,CH02
T015375,C08663,2025-04-20 07:54:00,CMP001,CH01
T015376,C08663,2025-04-24 13:01:00,CMP002,CH01
T015377,C08664,2025-03-17 00:00:00,CMP001,CH01
T015378,C08664,2025-03-24 17:14:00,CMP004,CH02
T015379,C08665,2025-08-03 00:00:00,CMP004,CH02
T015380,C08666,2025-04-10 00:00:00,CMP004,CH02
T015381,C08666,2025-04-15 17:35:00,CMP005,CH03
T015382,C08666,2025-04-16 18:17:00,CMP004,CH02
T015383,C08667,2025-05-23 00:00:00,CMP003,CH02
T015384,C08668,2025-11-01 00:00:00,CMP004,CH02
T015385,C08668,2025-11-06 03:13:00,CMP004,CH02
T015386,C08668,2025-11-09 00:17:00,CMP001,CH01
T015387,C08669,2025-12-11 00:00:00,CMP001,CH01
T015388,C08669,2025-12-16 00:12:00,CMP001,CH01
T015389,C08670,2025-04-24 00:00:00,CMP004,CH02
T015390,C08672,2025-06-14 00:00:00,CMP005,CH03
T015391,C08673,2025-04-04 00:00:00,CMP002,CH01
T015392,C08673,2025-04-09 07:48:00,CMP002,CH01
T015393,C08674,2025-08-03 00:00:00,CMP002,CH01
T015394,C08674,2025-08-06 13:52:00,CMP005,CH03
T015395,C08675,2025-09-29 00:00:00,CMP001,CH01
T015396,C08675,2025-10-01 13:26:00,CMP003,CH02
T015397,C08676,2025-02-12 00:00:00,CMP002,CH01
T015398,C08676,2025-02-18 15:06:00,CMP004,CH02
T015399,C08678,2025-07-19 00:00:00,CMP001,CH01
T015400,C08678,2025-07-25 01:56:00,CMP001,CH01
T015401,C08679,2025-05-16 00:00:00,CMP002,CH01
T015402,C08680,2025-07-09 00:00:00,CMP004,CH02
T015403,C08680,2025-07-10 01:16:00,CMP005,CH03
T015404,C08681,2025-07-29 00:00:00,CMP001,CH01
T015405,C08681,2025-08-02 16:39:00,CMP002,CH01
T015406,C08681,2025-08-04 13:03:00,CMP003,CH02
T015407,C08681,2025-08-07 07:28:00,CMP003,CH02
T015408,C08682,2025-02-09 00:00:00,CMP005,CH03
T015409,C08682,2025-02-11 17:04:00,CMP001,CH01
T015410,C08682,2025-02-15 20:35:00,CMP003,CH02
T015411,C08683,2025-06-28 00:00:00,CMP002,CH01
T015412,C08683,2025-07-05 10:32:00,CMP003,CH02
T015413,C08683,2025-07-10 10:42:00,CMP001,CH01
T015414,C08684,2025-02-24 00:00:00,CMP005,CH03
T015415,C08684,2025-02-27 21:07:00,CMP004,CH02
T015416,C08685,2025-12-12 00:00:00,CMP002,CH01
T015417,C08685,2025-12-16 05:58:00,CMP004,CH02
T015418,C08686,2025-07-04 00:00:00,CMP004,CH02
T015419,C08686,2025-07-11 17:17:00,CMP005,CH03
T015420,C08686,2025-07-19 07:18:00,CMP004,CH02
T015421,C08687,2025-07-07 00:00:00,CMP001,CH01
T015422,C08688,2025-05-26 00:00:00,CMP002,CH01
T015423,C08688,2025-05-31 10:53:00,CMP004,CH02
T015424,C08688,2025-06-03 22:13:00,CMP005,CH03
T015425,C08688,2025-06-08 20:40:00,CMP002,CH01
T015426,C08689,2025-07-03 00:00:00,CMP002,CH01
T015427,C08691,2025-01-27 00:00:00,CMP004,CH02
T015428,C08692,2025-06-27 00:00:00,CMP003,CH02
T015429,C08692,2025-07-01 08:59:00,CMP003,CH02
T015430,C08692,2025-07-04 01:34:00,CMP004,CH02
T015431,C08693,2025-12-29 00:00:00,CMP001,CH01
T015432,C08694,2025-04-16 00:00:00,CMP003,CH02
T015433,C08696,2025-05-15 00:00:00,CMP004,CH02
T015434,C08697,2025-02-14 00:00:00,CMP005,CH03
T015435,C08698,2025-02-15 00:00:00,CMP002,CH01
T015436,C08698,2025-02-21 12:26:00,CMP004,CH02
T015437,C08699,2025-10-19 00:00:00,CMP002,CH01
T015438,C08699,2025-10-21 02:42:00,CMP001,CH01
T015439,C08699,2025-10-27 10:54:00,CMP003,CH02
T015440,C08699,2025-11-01 23:40:00,CMP001,CH01
T015441,C08701,2025-07-14 00:00:00,CMP002,CH01
T015442,C08701,2025-07-16 19:59:00,CMP004,CH02
T015443,C08701,2025-07-19 00:28:00,CMP003,CH02
T015444,C08702,2025-02-03 00:00:00,CMP002,CH01
T015445,C08702,2025-02-09 04:06:00,CMP004,CH02
T015446,C08703,2025-08-06 00:00:00,CMP005,CH03
T015447,C08703,2025-08-11 23:25:00,CMP003,CH02
T015448,C08704,2025-04-02 00:00:00,CMP001,CH01
T015449,C08704,2025-04-06 13:36:00,CMP004,CH02
T015450,C08705,2025-12-10 00:00:00,CMP001,CH01
T015451,C08707,2025-10-17 00:00:00,CMP005,CH03
T015452,C08707,2025-10-21 22:49:00,CMP004,CH02
T015453,C08707,2025-10-26 16:14:00,CMP001,CH01
T015454,C08708,2025-11-24 00:00:00,CMP002,CH01
T015455,C08708,2025-12-01 12:02:00,CMP001,CH01
T015456,C08709,2025-10-09 00:00:00,CMP002,CH01
T015457,C08710,2025-05-12 00:00:00,CMP004,CH02
T015458,C08712,2025-11-05 00:00:00,CMP003,CH02
T015459,C08712,2025-11-10 15:22:00,CMP004,CH02
T015460,C08712,2025-11-14 16:49:00,CMP001,CH01
T015461,C08712,2025-11-20 03:55:00,CMP002,CH01
T015462,C08713,2025-01-25 00:00:00,CMP002,CH01
T015463,C08713,2025-01-31 14:32:00,CMP003,CH02
T015464,C08714,2025-02-18 00:00:00,CMP002,CH01
T015465,C08714,2025-02-19 17:44:00,CMP003,CH02
T015466,C08715,2025-07-05 00:00:00,CMP002,CH01
T015467,C08715,2025-07-11 23:27:00,CMP003,CH02
T015468,C08715,2025-07-16 17:10:00,CMP001,CH01
T015469,C08716,2025-09-29 00:00:00,CMP003,CH02
T015470,C08717,2025-04-19 00:00:00,CMP002,CH01
T015471,C08717,2025-04-22 14:04:00,CMP002,CH01
T015472,C08718,2025-06-25 00:00:00,CMP004,CH02
T015473,C08718,2025-07-02 18:56:00,CMP002,CH01
T015474,C08719,2025-04-02 00:00:00,CMP001,CH01
T015475,C08720,2025-09-18 00:00:00,CMP001,CH01
T015476,C08721,2025-02-14 00:00:00,CMP004,CH02
T015477,C08722,2025-07-21 00:00:00,CMP002,CH01
T015478,C08724,2025-11-14 00:00:00,CMP005,CH03
T015479,C08724,2025-11-21 12:49:00,CMP004,CH02
T015480,C08724,2025-11-22 13:42:00,CMP004,CH02
T015481,C08725,2025-05-16 00:00:00,CMP002,CH01
T015482,C08726,2025-11-18 00:00:00,CMP001,CH01
T015483,C08726,2025-11-19 00:32:00,CMP001,CH01
T015484,C08726,2025-11-23 01:19:00,CMP003,CH02
T015485,C08727,2025-09-11 00:00:00,CMP002,CH01
T015486,C08727,2025-09-16 22:34:00,CMP002,CH01
T015487,C08727,2025-09-18 18:29:00,CMP002,CH01
T015488,C08731,2025-06-19 00:00:00,CMP002,CH01
T015489,C08732,2025-11-10 00:00:00,CMP002,CH01
T015490,C08732,2025-11-14 13:34:00,CMP003,CH02
T015491,C08732,2025-11-20 08:30:00,CMP001,CH01
T015492,C08733,2025-09-27 00:00:00,CMP002,CH01
T015493,C08733,2025-09-28 18:20:00,CMP004,CH02
T015494,C08733,2025-09-29 18:26:00,CMP004,CH02
T015495,C08733,2025-10-06 15:02:00,CMP004,CH02
T015496,C08734,2025-06-30 00:00:00,CMP002,CH01
T015497,C08735,2025-01-22 00:00:00,CMP004,CH02
T015498,C08736,2025-06-15 00:00:00,CMP003,CH02
T015499,C08737,2025-03-30 00:00:00,CMP002,CH01
T015500,C08738,2025-08-20 00:00:00,CMP004,CH02
T015501,C08738,2025-08-21 10:29:00,CMP003,CH02
T015502,C08738,2025-08-27 05:05:00,CMP001,CH01
T015503,C08739,2025-09-02 00:00:00,CMP001,CH01
T015504,C08739,2025-09-06 04:47:00,CMP001,CH01
T015505,C08739,2025-09-11 21:46:00,CMP001,CH01
T015506,C08739,2025-09-14 19:33:00,CMP001,CH01
T015507,C08740,2025-12-22 00:00:00,CMP005,CH03
T015508,C08740,2025-12-27 09:29:00,CMP005,CH03
T015509,C08740,2026-01-02 07:27:00,CMP001,CH01
T015510,C08740,2026-01-04 18:14:00,CMP002,CH01
T015511,C08741,2025-11-09 00:00:00,CMP004,CH02
T015512,C08741,2025-11-14 04:22:00,CMP003,CH02
T015513,C08741,2025-11-22 00:30:00,CMP003,CH02
T015514,C08742,2025-10-18 00:00:00,CMP003,CH02
T015515,C08742,2025-10-25 00:09:00,CMP002,CH01
T015516,C08742,2025-10-27 11:18:00,CMP001,CH01
T015517,C08743,2025-12-10 00:00:00,CMP001,CH01
T015518,C08744,2025-09-05 00:00:00,CMP003,CH02
T015519,C08744,2025-09-11 05:27:00,CMP003,CH02
T015520,C08744,2025-09-15 16:21:00,CMP002,CH01
T015521,C08744,2025-09-21 16:43:00,CMP003,CH02
T015522,C08744,2025-09-27 00:58:00,CMP004,CH02
T015523,C08745,2025-06-04 00:00:00,CMP001,CH01
T015524,C08745,2025-06-08 08:48:00,CMP002,CH01
T015525,C08745,2025-06-10 10:02:00,CMP003,CH02
T015526,C08746,2025-05-08 00:00:00,CMP004,CH02
T015527,C08746,2025-05-10 03:41:00,CMP004,CH02
T015528,C08746,2025-05-15 14:59:00,CMP005,CH03
T015529,C08747,2025-11-23 00:00:00,CMP002,CH01
T015530,C08747,2025-11-25 10:50:00,CMP003,CH02
T015531,C08747,2025-11-28 21:24:00,CMP004,CH02
T015532,C08747,2025-12-05 03:58:00,CMP004,CH02
T015533,C08748,2025-02-15 00:00:00,CMP002,CH01
T015534,C08748,2025-02-18 14:44:00,CMP003,CH02
T015535,C08748,2025-02-24 01:14:00,CMP004,CH02
T015536,C08748,2025-02-28 13:15:00,CMP005,CH03
T015537,C08749,2025-02-09 00:00:00,CMP001,CH01
T015538,C08750,2025-01-25 00:00:00,CMP002,CH01
T015539,C08751,2025-04-25 00:00:00,CMP004,CH02
T015540,C08752,2025-09-24 00:00:00,CMP004,CH02
T015541,C08752,2025-09-29 09:19:00,CMP001,CH01
T015542,C08752,2025-10-03 08:22:00,CMP002,CH01
T015543,C08752,2025-10-09 08:10:00,CMP001,CH01
T015544,C08753,2025-09-01 00:00:00,CMP002,CH01
T015545,C08753,2025-09-04 05:36:00,CMP003,CH02
T015546,C08753,2025-09-08 16:57:00,CMP002,CH01
T015547,C08753,2025-09-11 15:31:00,CMP001,CH01
T015548,C08754,2025-04-05 00:00:00,CMP005,CH03
T015549,C08754,2025-04-11 20:43:00,CMP001,CH01
T015550,C08754,2025-04-16 23:12:00,CMP001,CH01
T015551,C08755,2025-03-11 00:00:00,CMP002,CH01
T015552,C08756,2025-03-30 00:00:00,CMP002,CH01
T015553,C08756,2025-04-03 05:49:00,CMP001,CH01
T015554,C08756,2025-04-07 14:55:00,CMP004,CH02
T015555,C08756,2025-04-09 12:01:00,CMP004,CH02
T015556,C08757,2025-03-01 00:00:00,CMP001,CH01
T015557,C08757,2025-03-05 06:28:00,CMP002,CH01
T015558,C08757,2025-03-12 01:59:00,CMP002,CH01
T015559,C08758,2025-03-31 00:00:00,CMP001,CH01
T015560,C08759,2025-11-10 00:00:00,CMP003,CH02
T015561,C08759,2025-11-16 08:43:00,CMP002,CH01
T015562,C08761,2025-05-24 00:00:00,CMP001,CH01
T015563,C08763,2025-01-09 00:00:00,CMP002,CH01
T015564,C08763,2025-01-11 23:46:00,CMP001,CH01
T015565,C08763,2025-01-19 03:56:00,CMP002,CH01
T015566,C08766,2025-11-28 00:00:00,CMP004,CH02
T015567,C08766,2025-11-30 06:03:00,CMP002,CH01
T015568,C08767,2025-05-09 00:00:00,CMP001,CH01
T015569,C08768,2025-02-19 00:00:00,CMP001,CH01
T015570,C08768,2025-02-26 18:57:00,CMP003,CH02
T015571,C08771,2025-07-06 00:00:00,CMP002,CH01
T015572,C08771,2025-07-11 17:43:00,CMP004,CH02
T015573,C08772,2025-03-13 00:00:00,CMP003,CH02
T015574,C08773,2025-03-16 00:00:00,CMP002,CH01
T015575,C08773,2025-03-19 03:56:00,CMP001,CH01
T015576,C08773,2025-03-20 18:39:00,CMP001,CH01
T015577,C08774,2025-01-09 00:00:00,CMP001,CH01
T015578,C08774,2025-01-10 18:01:00,CMP001,CH01
T015579,C08775,2025-09-02 00:00:00,CMP001,CH01
T015580,C08777,2025-02-08 00:00:00,CMP001,CH01
T015581,C08777,2025-02-11 14:38:00,CMP001,CH01
T015582,C08777,2025-02-19 08:40:00,CMP001,CH01
T015583,C08778,2025-11-20 00:00:00,CMP001,CH01
T015584,C08778,2025-11-27 02:32:00,CMP002,CH01
T015585,C08778,2025-11-28 15:31:00,CMP004,CH02
T015586,C08780,2025-11-16 00:00:00,CMP004,CH02
T015587,C08780,2025-11-17 11:58:00,CMP005,CH03
T015588,C08780,2025-11-19 17:00:00,CMP004,CH02
T015589,C08781,2025-12-12 00:00:00,CMP002,CH01
T015590,C08781,2025-12-15 16:12:00,CMP004,CH02
T015591,C08783,2025-02-13 00:00:00,CMP001,CH01
T015592,C08783,2025-02-20 16:38:00,CMP003,CH02
T015593,C08785,2025-10-20 00:00:00,CMP005,CH03
T015594,C08786,2025-01-12 00:00:00,CMP003,CH02
T015595,C08787,2025-01-04 00:00:00,CMP001,CH01
T015596,C08787,2025-01-05 17:26:00,CMP001,CH01
T015597,C08788,2025-02-27 00:00:00,CMP002,CH01
T015598,C08788,2025-03-03 13:21:00,CMP004,CH02
T015599,C08789,2025-07-27 00:00:00,CMP004,CH02
T015600,C08789,2025-07-30 10:21:00,CMP002,CH01
T015601,C08790,2025-01-19 00:00:00,CMP002,CH01
T015602,C08791,2025-10-09 00:00:00,CMP002,CH01
T015603,C08792,2025-03-24 00:00:00,CMP002,CH01
T015604,C08792,2025-03-31 08:51:00,CMP002,CH01
T015605,C08793,2025-03-16 00:00:00,CMP001,CH01
T015606,C08793,2025-03-22 09:22:00,CMP003,CH02
T015607,C08794,2025-09-06 00:00:00,CMP002,CH01
T015608,C08794,2025-09-13 12:42:00,CMP004,CH02
T015609,C08794,2025-09-17 18:24:00,CMP001,CH01
T015610,C08796,2025-07-01 00:00:00,CMP002,CH01
T015611,C08796,2025-07-05 13:00:00,CMP002,CH01
T015612,C08797,2025-08-20 00:00:00,CMP002,CH01
T015613,C08797,2025-08-27 19:00:00,CMP001,CH01
T015614,C08797,2025-09-01 03:02:00,CMP005,CH03
T015615,C08798,2025-10-21 00:00:00,CMP002,CH01
T015616,C08799,2025-01-20 00:00:00,CMP002,CH01
T015617,C08799,2025-01-27 10:38:00,CMP004,CH02
T015618,C08799,2025-02-04 05:05:00,CMP001,CH01
T015619,C08800,2025-11-17 00:00:00,CMP003,CH02
T015620,C08800,2025-11-21 19:33:00,CMP003,CH02
T015621,C08801,2025-02-27 00:00:00,CMP003,CH02
T015622,C08801,2025-03-05 00:50:00,CMP003,CH02
T015623,C08801,2025-03-10 13:47:00,CMP001,CH01
T015624,C08802,2025-07-01 00:00:00,CMP003,CH02
T015625,C08803,2025-12-15 00:00:00,CMP001,CH01
T015626,C08803,2025-12-17 11:07:00,CMP002,CH01
T015627,C08804,2025-10-27 00:00:00,CMP001,CH01
T015628,C08806,2025-10-19 00:00:00,CMP001,CH01
T015629,C08806,2025-10-21 16:37:00,CMP005,CH03
T015630,C08807,2025-02-25 00:00:00,CMP005,CH03
T015631,C08809,2025-12-09 00:00:00,CMP004,CH02
T015632,C08809,2025-12-11 18:12:00,CMP003,CH02
T015633,C08810,2025-01-17 00:00:00,CMP004,CH02
T015634,C08810,2025-01-18 23:49:00,CMP003,CH02
T015635,C08811,2025-03-31 00:00:00,CMP002,CH01
T015636,C08811,2025-04-05 23:00:00,CMP003,CH02
T015637,C08812,2025-04-14 00:00:00,CMP003,CH02
T015638,C08812,2025-04-17 12:49:00,CMP003,CH02
T015639,C08813,2025-12-12 00:00:00,CMP003,CH02
T015640,C08816,2025-12-03 00:00:00,CMP002,CH01
T015641,C08817,2025-09-23 00:00:00,CMP001,CH01
T015642,C08817,2025-09-24 20:55:00,CMP002,CH01
T015643,C08817,2025-10-01 16:48:00,CMP001,CH01
T015644,C08818,2025-06-08 00:00:00,CMP001,CH01
T015645,C08818,2025-06-12 11:56:00,CMP003,CH02
T015646,C08819,2025-12-05 00:00:00,CMP001,CH01
T015647,C08819,2025-12-11 19:12:00,CMP001,CH01
T015648,C08819,2025-12-16 03:11:00,CMP004,CH02
T015649,C08820,2025-07-25 00:00:00,CMP003,CH02
T015650,C08820,2025-07-27 19:30:00,CMP002,CH01
T015651,C08821,2025-06-29 00:00:00,CMP004,CH02
T015652,C08821,2025-07-05 03:36:00,CMP003,CH02
T015653,C08821,2025-07-07 21:39:00,CMP001,CH01
T015654,C08822,2025-11-10 00:00:00,CMP002,CH01
T015655,C08823,2025-11-25 00:00:00,CMP005,CH03
T015656,C08823,2025-11-28 10:06:00,CMP003,CH02
T015657,C08824,2025-07-11 00:00:00,CMP004,CH02
T015658,C08825,2025-05-03 00:00:00,CMP002,CH01
T015659,C08826,2025-02-24 00:00:00,CMP001,CH01
T015660,C08826,2025-03-01 04:03:00,CMP001,CH01
T015661,C08827,2025-05-02 00:00:00,CMP001,CH01
T015662,C08827,2025-05-03 05:35:00,CMP003,CH02
T015663,C08827,2025-05-09 11:55:00,CMP001,CH01
T015664,C08828,2025-05-01 00:00:00,CMP004,CH02
T015665,C08829,2025-07-04 00:00:00,CMP003,CH02
T015666,C08829,2025-07-11 10:35:00,CMP002,CH01
T015667,C08829,2025-07-14 03:55:00,CMP002,CH01
T015668,C08830,2025-02-26 00:00:00,CMP002,CH01
T015669,C08831,2025-02-04 00:00:00,CMP001,CH01
T015670,C08831,2025-02-06 23:27:00,CMP004,CH02
T015671,C08832,2025-04-08 00:00:00,CMP005,CH03
T015672,C08833,2025-10-01 00:00:00,CMP004,CH02
T015673,C08833,2025-10-06 00:29:00,CMP002,CH01
T015674,C08833,2025-10-09 08:15:00,CMP001,CH01
T015675,C08835,2025-10-21 00:00:00,CMP003,CH02
T015676,C08835,2025-10-28 20:32:00,CMP004,CH02
T015677,C08835,2025-10-30 04:57:00,CMP001,CH01
T015678,C08835,2025-11-04 07:18:00,CMP003,CH02
T015679,C08836,2025-12-24 00:00:00,CMP001,CH01
T015680,C08836,2025-12-25 21:06:00,CMP005,CH03
T015681,C08836,2026-01-01 10:53:00,CMP001,CH01
T015682,C08837,2025-07-18 00:00:00,CMP003,CH02
T015683,C08837,2025-07-19 21:46:00,CMP001,CH01
T015684,C08838,2025-05-03 00:00:00,CMP004,CH02
T015685,C08838,2025-05-04 18:49:00,CMP002,CH01
T015686,C08838,2025-05-10 00:35:00,CMP005,CH03
T015687,C08839,2025-02-14 00:00:00,CMP003,CH02
T015688,C08839,2025-02-15 16:34:00,CMP002,CH01
T015689,C08839,2025-02-18 23:56:00,CMP001,CH01
T015690,C08839,2025-02-25 14:31:00,CMP005,CH03
T015691,C08839,2025-02-28 06:52:00,CMP005,CH03
T015692,C08840,2025-12-14 00:00:00,CMP002,CH01
T015693,C08840,2025-12-19 11:54:00,CMP001,CH01
T015694,C08840,2025-12-22 23:53:00,CMP003,CH02
T015695,C08841,2025-04-10 00:00:00,CMP001,CH01
T015696,C08842,2025-09-03 00:00:00,CMP003,CH02
T015697,C08842,2025-09-10 17:54:00,CMP003,CH02
T015698,C08843,2025-08-16 00:00:00,CMP004,CH02
T015699,C08844,2025-03-24 00:00:00,CMP002,CH01
T015700,C08844,2025-03-31 10:42:00,CMP003,CH02
T015701,C08844,2025-04-01 16:27:00,CMP001,CH01
T015702,C08844,2025-04-05 18:12:00,CMP005,CH03
T015703,C08845,2025-11-28 00:00:00,CMP005,CH03
T015704,C08845,2025-12-05 16:30:00,CMP003,CH02
T015705,C08845,2025-12-10 08:50:00,CMP003,CH02
T015706,C08845,2025-12-17 13:47:00,CMP004,CH02
T015707,C08847,2025-10-13 00:00:00,CMP004,CH02
T015708,C08847,2025-10-17 21:07:00,CMP002,CH01
T015709,C08847,2025-10-23 00:03:00,CMP002,CH01
T015710,C08848,2025-02-15 00:00:00,CMP002,CH01
T015711,C08848,2025-02-21 18:35:00,CMP003,CH02
T015712,C08848,2025-02-22 18:39:00,CMP003,CH02
T015713,C08849,2025-11-19 00:00:00,CMP001,CH01
T015714,C08850,2025-09-06 00:00:00,CMP003,CH02
T015715,C08850,2025-09-11 18:08:00,CMP001,CH01
T015716,C08850,2025-09-13 14:38:00,CMP002,CH01
T015717,C08851,2025-07-20 00:00:00,CMP001,CH01
T015718,C08852,2025-11-20 00:00:00,CMP004,CH02
T015719,C08852,2025-11-21 14:53:00,CMP002,CH01
T015720,C08852,2025-11-29 04:12:00,CMP005,CH03
T015721,C08852,2025-11-30 05:40:00,CMP001,CH01
T015722,C08853,2025-06-25 00:00:00,CMP004,CH02
T015723,C08853,2025-07-02 17:54:00,CMP004,CH02
T015724,C08853,2025-07-10 08:51:00,CMP005,CH03
T015725,C08854,2025-12-01 00:00:00,CMP003,CH02
T015726,C08854,2025-12-02 04:07:00,CMP002,CH01
T015727,C08854,2025-12-07 15:30:00,CMP001,CH01
T015728,C08855,2025-05-29 00:00:00,CMP004,CH02
T015729,C08855,2025-06-03 14:52:00,CMP004,CH02
T015730,C08855,2025-06-06 15:30:00,CMP004,CH02
T015731,C08856,2025-10-24 00:00:00,CMP005,CH03
T015732,C08856,2025-10-25 14:30:00,CMP005,CH03
T015733,C08857,2025-09-05 00:00:00,CMP002,CH01
T015734,C08857,2025-09-12 07:02:00,CMP004,CH02
T015735,C08857,2025-09-13 19:09:00,CMP003,CH02
T015736,C08858,2025-05-24 00:00:00,CMP002,CH01
T015737,C08858,2025-05-27 02:42:00,CMP004,CH02
T015738,C08858,2025-06-02 18:31:00,CMP005,CH03
T015739,C08860,2025-09-19 00:00:00,CMP002,CH01
T015740,C08861,2025-02-24 00:00:00,CMP002,CH01
T015741,C08861,2025-03-03 08:13:00,CMP004,CH02
T015742,C08861,2025-03-04 11:27:00,CMP005,CH03
T015743,C08862,2025-05-27 00:00:00,CMP001,CH01
T015744,C08862,2025-05-29 15:17:00,CMP004,CH02
T015745,C08863,2025-12-27 00:00:00,CMP001,CH01
T015746,C08865,2025-01-10 00:00:00,CMP001,CH01
T015747,C08865,2025-01-13 21:35:00,CMP003,CH02
T015748,C08865,2025-01-18 06:52:00,CMP003,CH02
T015749,C08865,2025-01-19 10:31:00,CMP001,CH01
T015750,C08866,2025-12-29 00:00:00,CMP003,CH02
T015751,C08866,2026-01-02 05:56:00,CMP003,CH02
T015752,C08867,2025-11-22 00:00:00,CMP003,CH02
T015753,C08867,2025-11-27 09:08:00,CMP002,CH01
T015754,C08868,2025-10-26 00:00:00,CMP004,CH02
T015755,C08868,2025-11-02 18:37:00,CMP003,CH02
T015756,C08870,2025-01-04 00:00:00,CMP004,CH02
T015757,C08871,2025-09-25 00:00:00,CMP004,CH02
T015758,C08871,2025-09-29 23:41:00,CMP003,CH02
T015759,C08872,2025-10-22 00:00:00,CMP002,CH01
T015760,C08872,2025-10-27 12:21:00,CMP004,CH02
T015761,C08874,2025-04-07 00:00:00,CMP004,CH02
T015762,C08875,2025-07-27 00:00:00,CMP004,CH02
T015763,C08876,2025-10-13 00:00:00,CMP004,CH02
T015764,C08877,2025-10-02 00:00:00,CMP004,CH02
T015765,C08877,2025-10-07 15:04:00,CMP001,CH01
T015766,C08878,2025-09-28 00:00:00,CMP004,CH02
T015767,C08878,2025-10-01 14:28:00,CMP001,CH01
T015768,C08878,2025-10-09 05:25:00,CMP003,CH02
T015769,C08879,2025-11-20 00:00:00,CMP002,CH01
T015770,C08881,2025-09-02 00:00:00,CMP004,CH02
T015771,C08882,2025-03-22 00:00:00,CMP002,CH01
T015772,C08883,2025-06-25 00:00:00,CMP002,CH01
T015773,C08883,2025-06-27 17:28:00,CMP001,CH01
T015774,C08884,2025-08-18 00:00:00,CMP004,CH02
T015775,C08885,2025-01-05 00:00:00,CMP002,CH01
T015776,C08885,2025-01-08 23:57:00,CMP002,CH01
T015777,C08885,2025-01-13 17:14:00,CMP002,CH01
T015778,C08885,2025-01-21 17:13:00,CMP002,CH01
T015779,C08886,2025-03-11 00:00:00,CMP004,CH02
T015780,C08887,2025-04-04 00:00:00,CMP002,CH01
T015781,C08887,2025-04-06 14:15:00,CMP005,CH03
T015782,C08887,2025-04-09 09:09:00,CMP002,CH01
T015783,C08888,2025-07-05 00:00:00,CMP001,CH01
T015784,C08888,2025-07-07 11:23:00,CMP004,CH02
T015785,C08888,2025-07-15 07:39:00,CMP003,CH02
T015786,C08889,2025-08-26 00:00:00,CMP004,CH02
T015787,C08889,2025-08-27 03:38:00,CMP001,CH01
T015788,C08890,2025-08-09 00:00:00,CMP002,CH01
T015789,C08891,2025-03-22 00:00:00,CMP002,CH01
T015790,C08892,2025-08-12 00:00:00,CMP003,CH02
T015791,C08892,2025-08-15 02:17:00,CMP003,CH02
T015792,C08893,2025-09-15 00:00:00,CMP002,CH01
T015793,C08894,2025-04-24 00:00:00,CMP004,CH02
T015794,C08894,2025-04-27 07:59:00,CMP005,CH03
T015795,C08894,2025-05-01 20:03:00,CMP004,CH02
T015796,C08895,2025-12-31 00:00:00,CMP004,CH02
T015797,C08895,2026-01-06 17:35:00,CMP002,CH01
T015798,C08895,2026-01-11 08:17:00,CMP003,CH02
T015799,C08898,2025-06-29 00:00:00,CMP003,CH02
T015800,C08898,2025-07-06 19:39:00,CMP003,CH02
T015801,C08898,2025-07-14 14:39:00,CMP004,CH02
T015802,C08899,2025-02-22 00:00:00,CMP003,CH02
T015803,C08900,2025-06-21 00:00:00,CMP005,CH03
T015804,C08900,2025-06-26 07:46:00,CMP004,CH02
T015805,C08901,2025-10-22 00:00:00,CMP001,CH01
T015806,C08902,2025-09-10 00:00:00,CMP003,CH02
T015807,C08902,2025-09-15 01:35:00,CMP005,CH03
T015808,C08903,2025-08-29 00:00:00,CMP003,CH02
T015809,C08904,2025-10-10 00:00:00,CMP001,CH01
T015810,C08904,2025-10-11 18:13:00,CMP004,CH02
T015811,C08906,2025-11-18 00:00:00,CMP001,CH01
T015812,C08906,2025-11-19 04:09:00,CMP001,CH01
T015813,C08906,2025-11-26 12:51:00,CMP001,CH01
T015814,C08907,2025-12-07 00:00:00,CMP001,CH01
T015815,C08907,2025-12-11 14:04:00,CMP004,CH02
T015816,C08907,2025-12-19 01:48:00,CMP001,CH01
T015817,C08909,2025-04-29 00:00:00,CMP001,CH01
T015818,C08909,2025-05-05 10:05:00,CMP001,CH01
T015819,C08910,2025-01-25 00:00:00,CMP003,CH02
T015820,C08910,2025-01-27 19:56:00,CMP001,CH01
T015821,C08910,2025-01-31 09:05:00,CMP001,CH01
T015822,C08911,2025-01-18 00:00:00,CMP004,CH02
T015823,C08913,2025-07-05 00:00:00,CMP003,CH02
T015824,C08913,2025-07-08 22:16:00,CMP005,CH03
T015825,C08913,2025-07-11 15:28:00,CMP004,CH02
T015826,C08914,2025-01-21 00:00:00,CMP002,CH01
T015827,C08914,2025-01-23 23:46:00,CMP003,CH02
T015828,C08915,2025-07-28 00:00:00,CMP001,CH01
T015829,C08915,2025-07-30 09:40:00,CMP002,CH01
T015830,C08915,2025-08-05 05:58:00,CMP002,CH01
T015831,C08916,2025-01-10 00:00:00,CMP001,CH01
T015832,C08916,2025-01-14 10:47:00,CMP002,CH01
T015833,C08917,2025-10-04 00:00:00,CMP002,CH01
T015834,C08917,2025-10-08 17:07:00,CMP005,CH03
T015835,C08919,2025-03-06 00:00:00,CMP005,CH03
T015836,C08919,2025-03-09 17:12:00,CMP004,CH02
T015837,C08919,2025-03-15 07:07:00,CMP002,CH01
T015838,C08920,2025-08-30 00:00:00,CMP005,CH03
T015839,C08920,2025-09-03 06:03:00,CMP002,CH01
T015840,C08920,2025-09-09 23:31:00,CMP001,CH01
T015841,C08921,2025-04-21 00:00:00,CMP001,CH01
T015842,C08921,2025-04-26 05:43:00,CMP004,CH02
T015843,C08923,2025-05-08 00:00:00,CMP003,CH02
T015844,C08923,2025-05-15 01:28:00,CMP003,CH02
T015845,C08923,2025-05-22 16:46:00,CMP005,CH03
T015846,C08927,2025-03-26 00:00:00,CMP001,CH01
T015847,C08927,2025-03-29 09:24:00,CMP005,CH03
T015848,C08927,2025-04-04 17:03:00,CMP002,CH01
T015849,C08927,2025-04-10 23:51:00,CMP005,CH03
T015850,C08927,2025-04-16 21:59:00,CMP002,CH01
T015851,C08928,2025-10-19 00:00:00,CMP002,CH01
T015852,C08928,2025-10-21 00:11:00,CMP004,CH02
T015853,C08929,2025-10-15 00:00:00,CMP002,CH01
T015854,C08929,2025-10-18 18:27:00,CMP002,CH01
T015855,C08930,2025-06-09 00:00:00,CMP002,CH01
T015856,C08930,2025-06-15 12:31:00,CMP002,CH01
T015857,C08935,2025-09-19 00:00:00,CMP002,CH01
T015858,C08936,2025-05-08 00:00:00,CMP004,CH02
T015859,C08936,2025-05-14 00:38:00,CMP004,CH02
T015860,C08936,2025-05-19 20:26:00,CMP001,CH01
T015861,C08936,2025-05-21 06:46:00,CMP001,CH01
T015862,C08938,2025-04-14 00:00:00,CMP001,CH01
T015863,C08939,2025-03-25 00:00:00,CMP002,CH01
T015864,C08939,2025-04-01 09:43:00,CMP003,CH02
T015865,C08940,2025-06-24 00:00:00,CMP005,CH03
T015866,C08940,2025-06-27 02:19:00,CMP004,CH02
T015867,C08940,2025-07-02 13:48:00,CMP001,CH01
T015868,C08941,2025-07-13 00:00:00,CMP005,CH03
T015869,C08941,2025-07-19 10:39:00,CMP004,CH02
T015870,C08942,2025-02-10 00:00:00,CMP004,CH02
T015871,C08942,2025-02-15 14:29:00,CMP003,CH02
T015872,C08944,2025-08-22 00:00:00,CMP004,CH02
T015873,C08944,2025-08-28 07:07:00,CMP002,CH01
T015874,C08945,2025-10-30 00:00:00,CMP002,CH01
T015875,C08945,2025-11-06 13:02:00,CMP002,CH01
T015876,C08945,2025-11-13 13:46:00,CMP001,CH01
T015877,C08946,2025-06-11 00:00:00,CMP002,CH01
T015878,C08946,2025-06-13 00:11:00,CMP002,CH01
T015879,C08947,2025-11-15 00:00:00,CMP004,CH02
T015880,C08947,2025-11-18 06:24:00,CMP001,CH01
T015881,C08947,2025-11-21 01:14:00,CMP002,CH01
T015882,C08949,2025-01-23 00:00:00,CMP002,CH01
T015883,C08949,2025-01-25 12:09:00,CMP002,CH01
T015884,C08950,2025-02-23 00:00:00,CMP003,CH02
T015885,C08950,2025-02-24 03:50:00,CMP003,CH02
T015886,C08951,2025-09-30 00:00:00,CMP005,CH03
T015887,C08951,2025-10-06 03:06:00,CMP005,CH03
T015888,C08951,2025-10-10 11:21:00,CMP003,CH02
T015889,C08951,2025-10-18 09:58:00,CMP003,CH02
T015890,C08952,2025-05-16 00:00:00,CMP002,CH01
T015891,C08952,2025-05-22 11:01:00,CMP002,CH01
T015892,C08953,2025-12-03 00:00:00,CMP004,CH02
T015893,C08953,2025-12-06 17:47:00,CMP003,CH02
T015894,C08954,2025-03-31 00:00:00,CMP005,CH03
T015895,C08954,2025-04-05 15:22:00,CMP002,CH01
T015896,C08955,2025-01-14 00:00:00,CMP001,CH01
T015897,C08955,2025-01-18 14:19:00,CMP001,CH01
T015898,C08955,2025-01-23 19:00:00,CMP003,CH02
T015899,C08955,2025-01-30 01:02:00,CMP002,CH01
T015900,C08956,2025-02-03 00:00:00,CMP002,CH01
T015901,C08956,2025-02-05 23:50:00,CMP001,CH01
T015902,C08958,2025-09-05 00:00:00,CMP003,CH02
T015903,C08959,2025-02-19 00:00:00,CMP004,CH02
T015904,C08960,2025-05-16 00:00:00,CMP005,CH03
T015905,C08960,2025-05-18 02:22:00,CMP005,CH03
T015906,C08962,2025-11-24 00:00:00,CMP003,CH02
T015907,C08962,2025-11-29 05:48:00,CMP002,CH01
T015908,C08963,2025-05-08 00:00:00,CMP004,CH02
T015909,C08963,2025-05-13 07:56:00,CMP002,CH01
T015910,C08963,2025-05-14 23:09:00,CMP002,CH01
T015911,C08963,2025-05-18 12:39:00,CMP002,CH01
T015912,C08963,2025-05-22 09:15:00,CMP003,CH02
T015913,C08964,2025-09-02 00:00:00,CMP002,CH01
T015914,C08964,2025-09-07 07:28:00,CMP002,CH01
T015915,C08966,2025-01-30 00:00:00,CMP004,CH02
T015916,C08966,2025-02-02 11:12:00,CMP004,CH02
T015917,C08967,2025-01-29 00:00:00,CMP002,CH01
T015918,C08967,2025-01-31 09:53:00,CMP002,CH01
T015919,C08967,2025-02-03 22:20:00,CMP004,CH02
T015920,C08968,2025-08-16 00:00:00,CMP004,CH02
T015921,C08969,2025-04-04 00:00:00,CMP004,CH02
T015922,C08970,2025-09-15 00:00:00,CMP004,CH02
T015923,C08970,2025-09-22 02:13:00,CMP003,CH02
T015924,C08970,2025-09-24 03:21:00,CMP004,CH02
T015925,C08971,2025-09-03 00:00:00,CMP002,CH01
T015926,C08971,2025-09-05 13:59:00,CMP001,CH01
T015927,C08971,2025-09-08 23:32:00,CMP001,CH01
T015928,C08973,2025-04-21 00:00:00,CMP001,CH01
T015929,C08974,2025-10-02 00:00:00,CMP004,CH02
T015930,C08974,2025-10-03 09:22:00,CMP004,CH02
T015931,C08974,2025-10-10 02:44:00,CMP002,CH01
T015932,C08975,2025-05-29 00:00:00,CMP004,CH02
T015933,C08975,2025-06-02 13:35:00,CMP004,CH02
T015934,C08975,2025-06-08 14:41:00,CMP002,CH01
T015935,C08975,2025-06-12 21:48:00,CMP002,CH01
T015936,C08976,2025-06-07 00:00:00,CMP001,CH01
T015937,C08976,2025-06-12 05:46:00,CMP001,CH01
T015938,C08977,2025-10-02 00:00:00,CMP002,CH01
T015939,C08978,2025-09-11 00:00:00,CMP004,CH02
T015940,C08979,2025-01-29 00:00:00,CMP002,CH01
T015941,C08979,2025-01-30 11:53:00,CMP002,CH01
T015942,C08979,2025-02-05 16:32:00,CMP002,CH01
T015943,C08982,2025-06-19 00:00:00,CMP002,CH01
T015944,C08982,2025-06-23 06:53:00,CMP001,CH01
T015945,C08982,2025-06-26 18:54:00,CMP001,CH01
T015946,C08982,2025-06-29 18:26:00,CMP004,CH02
T015947,C08983,2025-04-05 00:00:00,CMP005,CH03
T015948,C08983,2025-04-10 12:44:00,CMP003,CH02
T015949,C08984,2025-05-15 00:00:00,CMP002,CH01
T015950,C08984,2025-05-17 13:37:00,CMP004,CH02
T015951,C08985,2025-12-31 00:00:00,CMP001,CH01
T015952,C08985,2026-01-04 19:00:00,CMP003,CH02
T015953,C08985,2026-01-07 01:41:00,CMP005,CH03
T015954,C08985,2026-01-09 19:21:00,CMP001,CH01
T015955,C08985,2026-01-14 14:51:00,CMP003,CH02
T015956,C08986,2025-09-21 00:00:00,CMP003,CH02
T015957,C08987,2025-10-14 00:00:00,CMP003,CH02
T015958,C08987,2025-10-21 03:40:00,CMP001,CH01
T015959,C08987,2025-10-24 13:05:00,CMP004,CH02
T015960,C08987,2025-10-31 01:03:00,CMP001,CH01
T015961,C08988,2025-04-25 00:00:00,CMP004,CH02
T015962,C08988,2025-04-30 21:49:00,CMP002,CH01
T015963,C08988,2025-05-06 10:52:00,CMP001,CH01
T015964,C08988,2025-05-08 21:17:00,CMP003,CH02
T015965,C08989,2025-10-29 00:00:00,CMP004,CH02
T015966,C08990,2025-11-08 00:00:00,CMP004,CH02
T015967,C08990,2025-11-15 02:18:00,CMP002,CH01
T015968,C08990,2025-11-20 19:57:00,CMP002,CH01
T015969,C08990,2025-11-28 16:09:00,CMP005,CH03
T015970,C08990,2025-12-03 06:30:00,CMP005,CH03
T015971,C08991,2025-01-21 00:00:00,CMP005,CH03
T015972,C08991,2025-01-26 20:12:00,CMP004,CH02
T015973,C08992,2025-03-07 00:00:00,CMP003,CH02
T015974,C08992,2025-03-12 10:20:00,CMP002,CH01
T015975,C08993,2025-09-30 00:00:00,CMP004,CH02
T015976,C08993,2025-10-04 00:36:00,CMP001,CH01
T015977,C08993,2025-10-10 13:09:00,CMP003,CH02
T015978,C08994,2025-02-21 00:00:00,CMP004,CH02
T015979,C08994,2025-02-24 17:55:00,CMP003,CH02
T015980,C08996,2025-12-21 00:00:00,CMP005,CH03
T015981,C08996,2025-12-28 05:53:00,CMP003,CH02
T015982,C08996,2026-01-02 03:27:00,CMP005,CH03
T015983,C08997,2025-11-04 00:00:00,CMP002,CH01
T015984,C08997,2025-11-10 04:20:00,CMP004,CH02
T015985,C08997,2025-11-12 06:14:00,CMP003,CH02
T015986,C08997,2025-11-13 07:16:00,CMP001,CH01
T015987,C08998,2025-08-20 00:00:00,CMP002,CH01
T015988,C08998,2025-08-21 05:27:00,CMP003,CH02
T015989,C08998,2025-08-22 06:19:00,CMP003,CH02
T015990,C08999,2025-01-24 00:00:00,CMP002,CH01
T015991,C09000,2025-11-09 00:00:00,CMP003,CH02
T015992,C09000,2025-11-12 20:46:00,CMP002,CH01
T015993,C09000,2025-11-17 05:10:00,CMP005,CH03
T015994,C09003,2025-11-14 00:00:00,CMP002,CH01
T015995,C09003,2025-11-15 15:24:00,CMP001,CH01
T015996,C09003,2025-11-21 03:38:00,CMP003,CH02
T015997,C09003,2025-11-26 16:33:00,CMP001,CH01
T015998,C09003,2025-11-30 14:56:00,CMP002,CH01
T015999,C09004,2025-01-18 00:00:00,CMP003,CH02
T016000,C09004,2025-01-23 01:23:00,CMP002,CH01
T016001,C09006,2025-09-25 00:00:00,CMP003,CH02
T016002,C09006,2025-10-02 15:36:00,CMP001,CH01
T016003,C09007,2025-02-11 00:00:00,CMP005,CH03
T016004,C09007,2025-02-16 16:30:00,CMP001,CH01
T016005,C09008,2025-04-29 00:00:00,CMP004,CH02
T016006,C09009,2025-07-06 00:00:00,CMP001,CH01
T016007,C09011,2025-03-17 00:00:00,CMP001,CH01
T016008,C09011,2025-03-23 21:05:00,CMP001,CH01
T016009,C09011,2025-03-28 20:24:00,CMP003,CH02
T016010,C09013,2025-01-27 00:00:00,CMP005,CH03
T016011,C09013,2025-02-02 03:05:00,CMP001,CH01
T016012,C09013,2025-02-05 04:54:00,CMP001,CH01
T016013,C09014,2025-05-14 00:00:00,CMP005,CH03
T016014,C09014,2025-05-17 12:46:00,CMP002,CH01
T016015,C09014,2025-05-24 11:26:00,CMP004,CH02
T016016,C09015,2025-10-09 00:00:00,CMP004,CH02
T016017,C09015,2025-10-14 01:34:00,CMP005,CH03
T016018,C09015,2025-10-16 14:26:00,CMP005,CH03
T016019,C09016,2025-10-05 00:00:00,CMP001,CH01
T016020,C09017,2025-09-18 00:00:00,CMP003,CH02
T016021,C09017,2025-09-24 08:36:00,CMP004,CH02
T016022,C09019,2025-02-04 00:00:00,CMP002,CH01
T016023,C09019,2025-02-11 00:41:00,CMP001,CH01
T016024,C09019,2025-02-14 19:48:00,CMP005,CH03
T016025,C09020,2025-08-19 00:00:00,CMP002,CH01
T016026,C09021,2025-05-13 00:00:00,CMP005,CH03
T016027,C09021,2025-05-19 23:32:00,CMP005,CH03
T016028,C09024,2025-08-27 00:00:00,CMP003,CH02
T016029,C09024,2025-08-29 17:50:00,CMP003,CH02
T016030,C09024,2025-09-02 05:13:00,CMP001,CH01
T016031,C09025,2025-12-17 00:00:00,CMP003,CH02
T016032,C09025,2025-12-19 00:08:00,CMP002,CH01
T016033,C09026,2025-09-25 00:00:00,CMP004,CH02
T016034,C09026,2025-09-28 18:52:00,CMP002,CH01
T016035,C09026,2025-10-05 05:02:00,CMP005,CH03
T016036,C09027,2025-05-27 00:00:00,CMP005,CH03
T016037,C09027,2025-06-02 01:50:00,CMP003,CH02
T016038,C09027,2025-06-07 02:08:00,CMP001,CH01
T016039,C09027,2025-06-13 13:42:00,CMP005,CH03
T016040,C09028,2025-11-04 00:00:00,CMP003,CH02
T016041,C09029,2025-10-12 00:00:00,CMP001,CH01
T016042,C09029,2025-10-16 04:09:00,CMP002,CH01
T016043,C09029,2025-10-17 12:57:00,CMP002,CH01
T016044,C09029,2025-10-19 19:08:00,CMP005,CH03
T016045,C09030,2025-05-25 00:00:00,CMP002,CH01
T016046,C09030,2025-05-30 07:01:00,CMP002,CH01
T016047,C09032,2025-09-07 00:00:00,CMP002,CH01
T016048,C09032,2025-09-13 10:09:00,CMP005,CH03
T016049,C09032,2025-09-17 15:26:00,CMP004,CH02
T016050,C09033,2025-08-29 00:00:00,CMP002,CH01
T016051,C09033,2025-08-30 01:48:00,CMP004,CH02
T016052,C09033,2025-09-04 15:04:00,CMP002,CH01
T016053,C09033,2025-09-05 18:56:00,CMP004,CH02
T016054,C09034,2025-05-01 00:00:00,CMP004,CH02
T016055,C09035,2025-11-28 00:00:00,CMP002,CH01
T016056,C09035,2025-12-01 11:04:00,CMP004,CH02
T016057,C09035,2025-12-08 22:53:00,CMP005,CH03
T016058,C09036,2025-09-21 00:00:00,CMP004,CH02
T016059,C09036,2025-09-22 20:09:00,CMP001,CH01
T016060,C09037,2025-08-20 00:00:00,CMP002,CH01
T016061,C09037,2025-08-22 12:39:00,CMP001,CH01
T016062,C09038,2025-08-09 00:00:00,CMP001,CH01
T016063,C09038,2025-08-11 07:24:00,CMP004,CH02
T016064,C09038,2025-08-13 18:36:00,CMP002,CH01
T016065,C09039,2025-02-01 00:00:00,CMP001,CH01
T016066,C09039,2025-02-07 06:49:00,CMP003,CH02
T016067,C09039,2025-02-13 10:32:00,CMP004,CH02
T016068,C09040,2025-11-07 00:00:00,CMP002,CH01
T016069,C09040,2025-11-08 07:15:00,CMP003,CH02
T016070,C09040,2025-11-15 11:29:00,CMP001,CH01
T016071,C09041,2025-07-25 00:00:00,CMP002,CH01
T016072,C09043,2025-09-10 00:00:00,CMP001,CH01
T016073,C09043,2025-09-15 00:13:00,CMP004,CH02
T016074,C09043,2025-09-16 16:03:00,CMP001,CH01
T016075,C09044,2025-11-14 00:00:00,CMP003,CH02
T016076,C09045,2025-02-02 00:00:00,CMP004,CH02
T016077,C09045,2025-02-08 02:48:00,CMP001,CH01
T016078,C09046,2025-04-19 00:00:00,CMP004,CH02
T016079,C09048,2025-10-23 00:00:00,CMP002,CH01
T016080,C09048,2025-10-28 02:49:00,CMP002,CH01
T016081,C09048,2025-11-04 16:37:00,CMP003,CH02
T016082,C09049,2025-07-16 00:00:00,CMP002,CH01
T016083,C09049,2025-07-23 23:09:00,CMP002,CH01
T016084,C09050,2025-04-23 00:00:00,CMP004,CH02
T016085,C09051,2025-05-22 00:00:00,CMP004,CH02
T016086,C09052,2025-07-11 00:00:00,CMP001,CH01
T016087,C09052,2025-07-14 03:02:00,CMP004,CH02
T016088,C09052,2025-07-16 12:03:00,CMP003,CH02
T016089,C09052,2025-07-19 17:49:00,CMP002,CH01
T016090,C09052,2025-07-26 06:15:00,CMP005,CH03
T016091,C09053,2025-03-05 00:00:00,CMP004,CH02
T016092,C09053,2025-03-07 20:45:00,CMP004,CH02
T016093,C09053,2025-03-13 10:44:00,CMP001,CH01
T016094,C09058,2025-11-17 00:00:00,CMP004,CH02
T016095,C09058,2025-11-18 19:48:00,CMP002,CH01
T016096,C09058,2025-11-21 12:10:00,CMP001,CH01
T016097,C09060,2025-12-29 00:00:00,CMP001,CH01
T016098,C09060,2025-12-30 12:56:00,CMP001,CH01
T016099,C09061,2025-08-14 00:00:00,CMP003,CH02
T016100,C09061,2025-08-18 15:12:00,CMP002,CH01
T016101,C09061,2025-08-22 05:56:00,CMP005,CH03
T016102,C09063,2025-12-11 00:00:00,CMP002,CH01
T016103,C09064,2025-12-10 00:00:00,CMP002,CH01
T016104,C09064,2025-12-15 17:33:00,CMP001,CH01
T016105,C09065,2025-11-15 00:00:00,CMP003,CH02
T016106,C09065,2025-11-19 14:59:00,CMP001,CH01
T016107,C09066,2025-03-26 00:00:00,CMP002,CH01
T016108,C09067,2025-06-13 00:00:00,CMP002,CH01
T016109,C09069,2025-06-29 00:00:00,CMP001,CH01
T016110,C09070,2025-07-29 00:00:00,CMP001,CH01
T016111,C09071,2025-01-03 00:00:00,CMP003,CH02
T016112,C09071,2025-01-08 11:05:00,CMP004,CH02
T016113,C09071,2025-01-12 05:32:00,CMP005,CH03
T016114,C09072,2025-12-26 00:00:00,CMP003,CH02
T016115,C09072,2025-12-29 12:05:00,CMP003,CH02
T016116,C09073,2025-05-27 00:00:00,CMP003,CH02
T016117,C09073,2025-05-29 22:05:00,CMP004,CH02
T016118,C09073,2025-06-06 13:28:00,CMP002,CH01
T016119,C09074,2025-12-04 00:00:00,CMP005,CH03
T016120,C09074,2025-12-05 19:12:00,CMP003,CH02
T016121,C09074,2025-12-11 11:23:00,CMP003,CH02
T016122,C09075,2025-08-31 00:00:00,CMP001,CH01
T016123,C09075,2025-09-07 12:48:00,CMP005,CH03
T016124,C09075,2025-09-13 07:30:00,CMP003,CH02
T016125,C09076,2025-07-30 00:00:00,CMP005,CH03
T016126,C09078,2025-02-22 00:00:00,CMP001,CH01
T016127,C09079,2025-05-19 00:00:00,CMP004,CH02
T016128,C09080,2025-01-01 00:00:00,CMP004,CH02
T016129,C09080,2025-01-03 02:54:00,CMP001,CH01
T016130,C09080,2025-01-11 02:01:00,CMP005,CH03
T016131,C09081,2025-07-23 00:00:00,CMP005,CH03
T016132,C09081,2025-07-30 14:55:00,CMP003,CH02
T016133,C09081,2025-08-06 02:21:00,CMP001,CH01
T016134,C09081,2025-08-08 21:33:00,CMP004,CH02
T016135,C09082,2025-07-26 00:00:00,CMP005,CH03
T016136,C09082,2025-07-28 06:37:00,CMP002,CH01
T016137,C09084,2025-11-04 00:00:00,CMP004,CH02
T016138,C09084,2025-11-11 21:31:00,CMP004,CH02
T016139,C09084,2025-11-16 00:41:00,CMP002,CH01
T016140,C09085,2025-05-12 00:00:00,CMP003,CH02
T016141,C09088,2025-02-25 00:00:00,CMP001,CH01
T016142,C09088,2025-03-04 18:26:00,CMP003,CH02
T016143,C09088,2025-03-06 02:31:00,CMP003,CH02
T016144,C09089,2025-03-15 00:00:00,CMP001,CH01
T016145,C09089,2025-03-19 13:05:00,CMP001,CH01
T016146,C09090,2025-08-19 00:00:00,CMP002,CH01
T016147,C09091,2025-11-27 00:00:00,CMP003,CH02
T016148,C09091,2025-12-04 18:15:00,CMP002,CH01
T016149,C09092,2025-02-10 00:00:00,CMP004,CH02
T016150,C09093,2025-09-29 00:00:00,CMP002,CH01
T016151,C09094,2025-02-28 00:00:00,CMP001,CH01
T016152,C09095,2025-10-24 00:00:00,CMP002,CH01
T016153,C09096,2025-03-07 00:00:00,CMP001,CH01
T016154,C09096,2025-03-09 13:27:00,CMP005,CH03
T016155,C09096,2025-03-12 15:05:00,CMP004,CH02
T016156,C09097,2025-01-28 00:00:00,CMP004,CH02
T016157,C09097,2025-02-03 11:26:00,CMP003,CH02
T016158,C09097,2025-02-09 21:04:00,CMP004,CH02
T016159,C09098,2025-10-07 00:00:00,CMP004,CH02
T016160,C09098,2025-10-10 15:07:00,CMP002,CH01
T016161,C09099,2025-01-24 00:00:00,CMP002,CH01
T016162,C09099,2025-01-30 11:45:00,CMP004,CH02
T016163,C09100,2025-06-08 00:00:00,CMP001,CH01
T016164,C09100,2025-06-12 10:27:00,CMP005,CH03
T016165,C09101,2025-07-18 00:00:00,CMP003,CH02
T016166,C09101,2025-07-25 20:16:00,CMP002,CH01
T016167,C09101,2025-07-27 20:25:00,CMP002,CH01
T016168,C09102,2025-06-07 00:00:00,CMP002,CH01
T016169,C09102,2025-06-11 03:40:00,CMP003,CH02
T016170,C09104,2025-01-20 00:00:00,CMP002,CH01
T016171,C09105,2025-08-26 00:00:00,CMP002,CH01
T016172,C09105,2025-09-02 17:08:00,CMP004,CH02
T016173,C09106,2025-12-29 00:00:00,CMP004,CH02
T016174,C09107,2025-09-02 00:00:00,CMP002,CH01
T016175,C09107,2025-09-09 02:56:00,CMP003,CH02
T016176,C09108,2025-12-20 00:00:00,CMP001,CH01
T016177,C09108,2025-12-27 11:53:00,CMP003,CH02
T016178,C09108,2026-01-03 05:48:00,CMP004,CH02
T016179,C09108,2026-01-07 19:43:00,CMP002,CH01
T016180,C09108,2026-01-11 05:14:00,CMP002,CH01
T016181,C09109,2025-02-11 00:00:00,CMP001,CH01
T016182,C09109,2025-02-18 16:50:00,CMP002,CH01
T016183,C09110,2025-12-16 00:00:00,CMP002,CH01
T016184,C09110,2025-12-22 20:35:00,CMP002,CH01
T016185,C09111,2025-12-05 00:00:00,CMP002,CH01
T016186,C09111,2025-12-08 20:05:00,CMP002,CH01
T016187,C09111,2025-12-10 10:28:00,CMP002,CH01
T016188,C09112,2025-04-09 00:00:00,CMP002,CH01
T016189,C09113,2025-01-09 00:00:00,CMP003,CH02
T016190,C09113,2025-01-10 04:34:00,CMP002,CH01
T016191,C09114,2025-04-14 00:00:00,CMP002,CH01
T016192,C09114,2025-04-18 20:21:00,CMP002,CH01
T016193,C09114,2025-04-24 07:30:00,CMP001,CH01
T016194,C09115,2025-04-24 00:00:00,CMP001,CH01
T016195,C09116,2025-03-20 00:00:00,CMP004,CH02
T016196,C09117,2025-01-14 00:00:00,CMP002,CH01
T016197,C09117,2025-01-19 16:47:00,CMP001,CH01
T016198,C09118,2025-02-20 00:00:00,CMP002,CH01
T016199,C09120,2025-01-08 00:00:00,CMP004,CH02
T016200,C09121,2025-10-04 00:00:00,CMP001,CH01
T016201,C09121,2025-10-09 03:22:00,CMP004,CH02
T016202,C09122,2025-05-22 00:00:00,CMP003,CH02
T016203,C09122,2025-05-26 11:45:00,CMP002,CH01
T016204,C09122,2025-06-03 07:55:00,CMP003,CH02
T016205,C09123,2025-10-26 00:00:00,CMP001,CH01
T016206,C09123,2025-10-31 19:41:00,CMP001,CH01
T016207,C09123,2025-11-06 07:55:00,CMP002,CH01
T016208,C09123,2025-11-08 15:00:00,CMP001,CH01
T016209,C09124,2025-04-01 00:00:00,CMP002,CH01
T016210,C09124,2025-04-08 11:01:00,CMP001,CH01
T016211,C09125,2025-05-24 00:00:00,CMP005,CH03
T016212,C09125,2025-05-31 17:24:00,CMP003,CH02
T016213,C09125,2025-06-01 18:29:00,CMP002,CH01
T016214,C09126,2025-01-25 00:00:00,CMP002,CH01
T016215,C09127,2025-12-02 00:00:00,CMP003,CH02
T016216,C09127,2025-12-07 06:58:00,CMP003,CH02
T016217,C09127,2025-12-14 06:00:00,CMP002,CH01
T016218,C09128,2025-12-23 00:00:00,CMP004,CH02
T016219,C09128,2025-12-24 08:56:00,CMP001,CH01
T016220,C09129,2025-01-19 00:00:00,CMP001,CH01
T016221,C09130,2025-10-07 00:00:00,CMP003,CH02
T016222,C09130,2025-10-14 20:18:00,CMP003,CH02
T016223,C09130,2025-10-16 12:10:00,CMP004,CH02
T016224,C09131,2025-04-11 00:00:00,CMP001,CH01
T016225,C09132,2025-02-16 00:00:00,CMP004,CH02
T016226,C09132,2025-02-19 20:59:00,CMP004,CH02
T016227,C09132,2025-02-22 11:29:00,CMP005,CH03
T016228,C09133,2025-10-19 00:00:00,CMP004,CH02
T016229,C09135,2025-05-17 00:00:00,CMP001,CH01
T016230,C09136,2025-07-02 00:00:00,CMP003,CH02
T016231,C09136,2025-07-06 12:11:00,CMP002,CH01
T016232,C09136,2025-07-11 17:49:00,CMP004,CH02
T016233,C09137,2025-09-25 00:00:00,CMP005,CH03
T016234,C09137,2025-09-28 05:33:00,CMP003,CH02
T016235,C09138,2025-01-21 00:00:00,CMP001,CH01
T016236,C09139,2025-07-03 00:00:00,CMP001,CH01
T016237,C09139,2025-07-06 21:14:00,CMP001,CH01
T016238,C09140,2025-04-28 00:00:00,CMP004,CH02
T016239,C09141,2025-08-08 00:00:00,CMP001,CH01
T016240,C09141,2025-08-09 16:26:00,CMP001,CH01
T016241,C09141,2025-08-12 06:17:00,CMP003,CH02
T016242,C09142,2025-01-07 00:00:00,CMP004,CH02
T016243,C09142,2025-01-11 13:39:00,CMP004,CH02
T016244,C09143,2025-07-08 00:00:00,CMP002,CH01
T016245,C09144,2025-06-22 00:00:00,CMP002,CH01
T016246,C09144,2025-06-24 06:35:00,CMP002,CH01
T016247,C09147,2025-11-08 00:00:00,CMP003,CH02
T016248,C09148,2025-03-03 00:00:00,CMP002,CH01
T016249,C09148,2025-03-09 23:44:00,CMP005,CH03
T016250,C09148,2025-03-15 16:02:00,CMP004,CH02
T016251,C09149,2025-12-08 00:00:00,CMP001,CH01
T016252,C09149,2025-12-11 14:13:00,CMP002,CH01
T016253,C09150,2025-08-09 00:00:00,CMP002,CH01
T016254,C09151,2025-02-22 00:00:00,CMP004,CH02
T016255,C09151,2025-02-26 03:53:00,CMP002,CH01
T016256,C09152,2025-07-07 00:00:00,CMP004,CH02
T016257,C09152,2025-07-08 08:45:00,CMP005,CH03
T016258,C09152,2025-07-12 10:43:00,CMP004,CH02
T016259,C09153,2025-11-24 00:00:00,CMP002,CH01
T016260,C09153,2025-11-25 00:27:00,CMP002,CH01
T016261,C09153,2025-12-01 12:44:00,CMP004,CH02
T016262,C09153,2025-12-08 00:26:00,CMP002,CH01
T016263,C09154,2025-03-26 00:00:00,CMP004,CH02
T016264,C09154,2025-04-01 21:58:00,CMP001,CH01
T016265,C09154,2025-04-06 04:07:00,CMP004,CH02
T016266,C09157,2025-10-13 00:00:00,CMP003,CH02
T016267,C09158,2025-11-18 00:00:00,CMP001,CH01
T016268,C09159,2025-08-03 00:00:00,CMP002,CH01
T016269,C09160,2025-01-13 00:00:00,CMP004,CH02
T016270,C09161,2025-12-26 00:00:00,CMP001,CH01
T016271,C09161,2025-12-31 16:51:00,CMP003,CH02
T016272,C09161,2026-01-07 01:38:00,CMP003,CH02
T016273,C09161,2026-01-09 21:57:00,CMP004,CH02
T016274,C09162,2025-11-25 00:00:00,CMP004,CH02
T016275,C09162,2025-12-02 07:32:00,CMP003,CH02
T016276,C09162,2025-12-08 20:35:00,CMP003,CH02
T016277,C09163,2025-12-05 00:00:00,CMP004,CH02
T016278,C09163,2025-12-08 09:59:00,CMP002,CH01
T016279,C09163,2025-12-11 23:46:00,CMP001,CH01
T016280,C09164,2025-05-17 00:00:00,CMP004,CH02
T016281,C09165,2025-02-13 00:00:00,CMP002,CH01
T016282,C09165,2025-02-20 20:40:00,CMP001,CH01
T016283,C09166,2025-07-22 00:00:00,CMP001,CH01
T016284,C09167,2025-01-07 00:00:00,CMP003,CH02
T016285,C09167,2025-01-10 22:40:00,CMP003,CH02
T016286,C09169,2025-05-17 00:00:00,CMP002,CH01
T016287,C09169,2025-05-22 18:46:00,CMP001,CH01
T016288,C09170,2025-05-12 00:00:00,CMP001,CH01
T016289,C09170,2025-05-16 14:18:00,CMP005,CH03
T016290,C09170,2025-05-19 14:30:00,CMP005,CH03
T016291,C09171,2025-03-06 00:00:00,CMP002,CH01
T016292,C09171,2025-03-13 07:46:00,CMP001,CH01
T016293,C09171,2025-03-21 00:33:00,CMP004,CH02
T016294,C09171,2025-03-27 02:45:00,CMP002,CH01
T016295,C09172,2025-12-06 00:00:00,CMP002,CH01
T016296,C09172,2025-12-07 17:38:00,CMP004,CH02
T016297,C09173,2025-11-16 00:00:00,CMP005,CH03
T016298,C09173,2025-11-21 20:49:00,CMP002,CH01
T016299,C09174,2025-08-06 00:00:00,CMP004,CH02
T016300,C09174,2025-08-08 00:27:00,CMP002,CH01
T016301,C09174,2025-08-13 15:47:00,CMP001,CH01
T016302,C09175,2025-04-09 00:00:00,CMP004,CH02
T016303,C09175,2025-04-11 03:35:00,CMP002,CH01
T016304,C09175,2025-04-12 18:04:00,CMP005,CH03
T016305,C09176,2025-05-29 00:00:00,CMP005,CH03
T016306,C09176,2025-06-04 18:07:00,CMP001,CH01
T016307,C09176,2025-06-08 21:37:00,CMP001,CH01
T016308,C09177,2025-04-02 00:00:00,CMP001,CH01
T016309,C09177,2025-04-03 18:38:00,CMP001,CH01
T016310,C09178,2025-01-01 00:00:00,CMP003,CH02
T016311,C09178,2025-01-05 01:30:00,CMP001,CH01
T016312,C09178,2025-01-11 02:39:00,CMP003,CH02
T016313,C09179,2025-05-26 00:00:00,CMP003,CH02
T016314,C09179,2025-05-29 01:39:00,CMP005,CH03
T016315,C09179,2025-06-02 04:14:00,CMP005,CH03
T016316,C09180,2025-08-01 00:00:00,CMP001,CH01
T016317,C09180,2025-08-06 17:07:00,CMP004,CH02
T016318,C09180,2025-08-12 12:53:00,CMP003,CH02
T016319,C09181,2025-05-12 00:00:00,CMP004,CH02
T016320,C09181,2025-05-19 01:52:00,CMP002,CH01
T016321,C09182,2025-11-23 00:00:00,CMP003,CH02
T016322,C09182,2025-11-24 21:13:00,CMP001,CH01
T016323,C09182,2025-12-02 06:03:00,CMP001,CH01
T016324,C09183,2025-12-15 00:00:00,CMP004,CH02
T016325,C09183,2025-12-17 11:37:00,CMP003,CH02
T016326,C09183,2025-12-21 18:50:00,CMP004,CH02
T016327,C09184,2025-06-02 00:00:00,CMP001,CH01
T016328,C09184,2025-06-03 00:23:00,CMP002,CH01
T016329,C09185,2025-11-09 00:00:00,CMP003,CH02
T016330,C09186,2025-04-27 00:00:00,CMP001,CH01
T016331,C09186,2025-05-03 11:09:00,CMP004,CH02
T016332,C09186,2025-05-04 17:25:00,CMP002,CH01
T016333,C09187,2025-01-30 00:00:00,CMP004,CH02
T016334,C09187,2025-02-01 16:45:00,CMP001,CH01
T016335,C09188,2025-01-19 00:00:00,CMP002,CH01
T016336,C09188,2025-01-25 20:23:00,CMP003,CH02
T016337,C09189,2025-05-16 00:00:00,CMP002,CH01
T016338,C09189,2025-05-20 09:25:00,CMP002,CH01
T016339,C09189,2025-05-24 15:13:00,CMP004,CH02
T016340,C09189,2025-05-26 12:28:00,CMP004,CH02
T016341,C09190,2025-03-19 00:00:00,CMP005,CH03
T016342,C09190,2025-03-24 09:17:00,CMP003,CH02
T016343,C09191,2025-12-23 00:00:00,CMP001,CH01
T016344,C09193,2025-01-03 00:00:00,CMP003,CH02
T016345,C09193,2025-01-04 05:50:00,CMP002,CH01
T016346,C09193,2025-01-07 02:04:00,CMP001,CH01
T016347,C09194,2025-05-05 00:00:00,CMP005,CH03
T016348,C09194,2025-05-06 04:02:00,CMP002,CH01
T016349,C09196,2025-04-17 00:00:00,CMP004,CH02
T016350,C09196,2025-04-23 10:45:00,CMP003,CH02
T016351,C09197,2025-12-16 00:00:00,CMP001,CH01
T016352,C09197,2025-12-20 08:19:00,CMP001,CH01
T016353,C09198,2025-03-22 00:00:00,CMP004,CH02
T016354,C09198,2025-03-23 22:34:00,CMP004,CH02
T016355,C09198,2025-03-29 07:59:00,CMP002,CH01
T016356,C09199,2025-11-01 00:00:00,CMP002,CH01
T016357,C09200,2025-05-21 00:00:00,CMP001,CH01
T016358,C09200,2025-05-27 02:30:00,CMP002,CH01
T016359,C09201,2025-03-26 00:00:00,CMP003,CH02
T016360,C09201,2025-03-31 06:01:00,CMP002,CH01
T016361,C09202,2025-09-29 00:00:00,CMP001,CH01
T016362,C09203,2025-05-15 00:00:00,CMP004,CH02
T016363,C09203,2025-05-22 13:20:00,CMP004,CH02
T016364,C09203,2025-05-26 10:13:00,CMP003,CH02
T016365,C09203,2025-05-28 23:35:00,CMP001,CH01
T016366,C09204,2025-07-17 00:00:00,CMP004,CH02
T016367,C09205,2025-10-16 00:00:00,CMP002,CH01
T016368,C09205,2025-10-21 02:00:00,CMP001,CH01
T016369,C09205,2025-10-23 11:46:00,CMP005,CH03
T016370,C09207,2025-08-21 00:00:00,CMP003,CH02
T016371,C09208,2025-02-06 00:00:00,CMP003,CH02
T016372,C09208,2025-02-09 22:57:00,CMP001,CH01
T016373,C09208,2025-02-11 23:30:00,CMP001,CH01
T016374,C09210,2025-07-30 00:00:00,CMP005,CH03
T016375,C09210,2025-08-02 15:00:00,CMP004,CH02
T016376,C09210,2025-08-10 03:49:00,CMP004,CH02
T016377,C09210,2025-08-13 11:56:00,CMP003,CH02
T016378,C09211,2025-03-09 00:00:00,CMP003,CH02
T016379,C09211,2025-03-15 06:40:00,CMP002,CH01
T016380,C09211,2025-03-17 10:10:00,CMP003,CH02
T016381,C09212,2025-04-22 00:00:00,CMP001,CH01
T016382,C09212,2025-04-25 20:04:00,CMP001,CH01
T016383,C09213,2025-11-01 00:00:00,CMP003,CH02
T016384,C09213,2025-11-06 00:42:00,CMP002,CH01
T016385,C09213,2025-11-10 20:39:00,CMP004,CH02
T016386,C09215,2025-05-13 00:00:00,CMP004,CH02
T016387,C09215,2025-05-18 01:31:00,CMP003,CH02
T016388,C09215,2025-05-19 18:50:00,CMP004,CH02
T016389,C09215,2025-05-21 03:01:00,CMP003,CH02
T016390,C09216,2025-04-22 00:00:00,CMP002,CH01
T016391,C09216,2025-04-23 03:27:00,CMP002,CH01
T016392,C09216,2025-04-25 06:41:00,CMP003,CH02
T016393,C09217,2025-09-11 00:00:00,CMP005,CH03
T016394,C09217,2025-09-16 09:16:00,CMP003,CH02
T016395,C09219,2025-04-14 00:00:00,CMP002,CH01
T016396,C09219,2025-04-18 09:41:00,CMP002,CH01
T016397,C09220,2025-05-18 00:00:00,CMP004,CH02
T016398,C09220,2025-05-22 23:23:00,CMP003,CH02
T016399,C09220,2025-05-30 03:14:00,CMP004,CH02
T016400,C09222,2025-10-15 00:00:00,CMP004,CH02
T016401,C09222,2025-10-21 21:39:00,CMP004,CH02
T016402,C09222,2025-10-29 12:19:00,CMP001,CH01
T016403,C09223,2025-01-10 00:00:00,CMP005,CH03
T016404,C09224,2025-10-29 00:00:00,CMP001,CH01
T016405,C09224,2025-10-31 15:03:00,CMP003,CH02
T016406,C09224,2025-11-04 06:02:00,CMP004,CH02
T016407,C09225,2025-07-18 00:00:00,CMP004,CH02
T016408,C09227,2025-08-04 00:00:00,CMP001,CH01
T016409,C09227,2025-08-08 09:55:00,CMP004,CH02
T016410,C09228,2025-04-25 00:00:00,CMP002,CH01
T016411,C09229,2025-02-21 00:00:00,CMP005,CH03
T016412,C09229,2025-02-25 19:43:00,CMP002,CH01
T016413,C09229,2025-03-01 00:19:00,CMP004,CH02
T016414,C09230,2025-06-08 00:00:00,CMP003,CH02
T016415,C09230,2025-06-11 20:31:00,CMP004,CH02
T016416,C09230,2025-06-12 22:50:00,CMP003,CH02
T016417,C09233,2025-03-25 00:00:00,CMP004,CH02
T016418,C09233,2025-03-30 15:50:00,CMP002,CH01
T016419,C09233,2025-04-05 20:22:00,CMP003,CH02
T016420,C09233,2025-04-07 08:47:00,CMP005,CH03
T016421,C09234,2025-11-20 00:00:00,CMP002,CH01
T016422,C09234,2025-11-22 01:16:00,CMP002,CH01
T016423,C09235,2025-08-09 00:00:00,CMP005,CH03
T016424,C09235,2025-08-14 15:59:00,CMP005,CH03
T016425,C09235,2025-08-20 19:55:00,CMP004,CH02
T016426,C09236,2025-12-04 00:00:00,CMP001,CH01
T016427,C09236,2025-12-11 23:59:00,CMP001,CH01
T016428,C09237,2025-06-03 00:00:00,CMP001,CH01
T016429,C09238,2025-01-19 00:00:00,CMP001,CH01
T016430,C09239,2025-12-24 00:00:00,CMP004,CH02
T016431,C09239,2025-12-26 06:19:00,CMP001,CH01
T016432,C09239,2025-12-30 02:06:00,CMP002,CH01
T016433,C09240,2025-07-28 00:00:00,CMP001,CH01
T016434,C09241,2025-06-20 00:00:00,CMP002,CH01
T016435,C09241,2025-06-26 19:36:00,CMP004,CH02
T016436,C09241,2025-06-28 04:21:00,CMP003,CH02
T016437,C09241,2025-07-06 02:09:00,CMP002,CH01
T016438,C09242,2025-10-23 00:00:00,CMP005,CH03
T016439,C09242,2025-10-26 05:33:00,CMP003,CH02
T016440,C09243,2025-01-25 00:00:00,CMP004,CH02
T016441,C09243,2025-02-01 07:55:00,CMP001,CH01
T016442,C09244,2025-01-22 00:00:00,CMP003,CH02
T016443,C09244,2025-01-24 05:54:00,CMP002,CH01
T016444,C09245,2025-10-25 00:00:00,CMP002,CH01
T016445,C09245,2025-10-27 19:32:00,CMP004,CH02
T016446,C09246,2025-10-26 00:00:00,CMP004,CH02
T016447,C09246,2025-11-02 06:51:00,CMP003,CH02
T016448,C09247,2025-07-13 00:00:00,CMP001,CH01
T016449,C09247,2025-07-20 22:32:00,CMP002,CH01
T016450,C09248,2025-04-03 00:00:00,CMP003,CH02
T016451,C09250,2025-02-07 00:00:00,CMP005,CH03
T016452,C09251,2025-07-23 00:00:00,CMP001,CH01
T016453,C09251,2025-07-29 06:41:00,CMP002,CH01
T016454,C09252,2025-02-07 00:00:00,CMP001,CH01
T016455,C09253,2025-05-19 00:00:00,CMP003,CH02
T016456,C09253,2025-05-20 05:32:00,CMP003,CH02
T016457,C09254,2025-04-27 00:00:00,CMP004,CH02
T016458,C09256,2025-05-29 00:00:00,CMP002,CH01
T016459,C09257,2025-02-26 00:00:00,CMP001,CH01
T016460,C09257,2025-03-02 11:10:00,CMP003,CH02
T016461,C09257,2025-03-05 06:22:00,CMP001,CH01
T016462,C09257,2025-03-13 03:42:00,CMP002,CH01
T016463,C09258,2025-05-31 00:00:00,CMP002,CH01
T016464,C09258,2025-06-05 05:22:00,CMP003,CH02
T016465,C09260,2025-08-20 00:00:00,CMP001,CH01
T016466,C09260,2025-08-23 07:36:00,CMP001,CH01
T016467,C09261,2025-11-21 00:00:00,CMP002,CH01
T016468,C09261,2025-11-26 08:24:00,CMP005,CH03
T016469,C09262,2025-02-27 00:00:00,CMP005,CH03
T016470,C09262,2025-03-04 11:59:00,CMP001,CH01
T016471,C09263,2025-05-18 00:00:00,CMP001,CH01
T016472,C09263,2025-05-22 12:22:00,CMP005,CH03
T016473,C09263,2025-05-28 09:08:00,CMP001,CH01
T016474,C09263,2025-06-03 16:18:00,CMP004,CH02
T016475,C09264,2025-11-28 00:00:00,CMP001,CH01
T016476,C09264,2025-11-29 13:10:00,CMP002,CH01
T016477,C09265,2025-10-03 00:00:00,CMP003,CH02
T016478,C09266,2025-06-30 00:00:00,CMP001,CH01
T016479,C09267,2025-01-20 00:00:00,CMP002,CH01
T016480,C09267,2025-01-24 04:26:00,CMP003,CH02
T016481,C09268,2025-05-12 00:00:00,CMP002,CH01
T016482,C09268,2025-05-13 10:37:00,CMP002,CH01
T016483,C09268,2025-05-16 18:13:00,CMP001,CH01
T016484,C09270,2025-07-06 00:00:00,CMP002,CH01
T016485,C09271,2025-11-19 00:00:00,CMP005,CH03
T016486,C09272,2025-11-21 00:00:00,CMP001,CH01
T016487,C09272,2025-11-25 10:22:00,CMP005,CH03
T016488,C09272,2025-12-03 05:00:00,CMP005,CH03
T016489,C09272,2025-12-10 03:48:00,CMP003,CH02
T016490,C09273,2025-03-10 00:00:00,CMP003,CH02
T016491,C09276,2025-07-02 00:00:00,CMP001,CH01
T016492,C09276,2025-07-09 00:42:00,CMP001,CH01
T016493,C09276,2025-07-10 14:32:00,CMP002,CH01
T016494,C09277,2025-06-01 00:00:00,CMP004,CH02
T016495,C09279,2025-08-22 00:00:00,CMP002,CH01
T016496,C09279,2025-08-27 19:53:00,CMP004,CH02
T016497,C09280,2025-09-18 00:00:00,CMP002,CH01
T016498,C09281,2025-04-23 00:00:00,CMP004,CH02
T016499,C09281,2025-04-24 09:56:00,CMP001,CH01
T016500,C09282,2025-02-05 00:00:00,CMP005,CH03
T016501,C09283,2025-10-21 00:00:00,CMP004,CH02
T016502,C09283,2025-10-28 10:48:00,CMP002,CH01
T016503,C09283,2025-10-31 02:49:00,CMP003,CH02
T016504,C09283,2025-11-05 11:39:00,CMP003,CH02
T016505,C09284,2025-04-19 00:00:00,CMP002,CH01
T016506,C09284,2025-04-20 20:01:00,CMP003,CH02
T016507,C09284,2025-04-25 10:19:00,CMP003,CH02
T016508,C09285,2025-08-22 00:00:00,CMP005,CH03
T016509,C09286,2025-12-11 00:00:00,CMP001,CH01
T016510,C09286,2025-12-17 14:17:00,CMP004,CH02
T016511,C09286,2025-12-19 04:09:00,CMP005,CH03
T016512,C09287,2025-02-17 00:00:00,CMP001,CH01
T016513,C09287,2025-02-21 20:22:00,CMP001,CH01
T016514,C09288,2025-03-31 00:00:00,CMP003,CH02
T016515,C09288,2025-04-05 11:21:00,CMP005,CH03
T016516,C09288,2025-04-06 21:49:00,CMP005,CH03
T016517,C09289,2025-10-09 00:00:00,CMP003,CH02
T016518,C09289,2025-10-13 20:21:00,CMP002,CH01
T016519,C09290,2025-05-14 00:00:00,CMP005,CH03
T016520,C09290,2025-05-16 17:36:00,CMP004,CH02
T016521,C09291,2025-06-21 00:00:00,CMP002,CH01
T016522,C09291,2025-06-26 22:39:00,CMP003,CH02
T016523,C09292,2025-12-29 00:00:00,CMP002,CH01
T016524,C09292,2026-01-05 04:03:00,CMP005,CH03
T016525,C09292,2026-01-11 00:51:00,CMP001,CH01
T016526,C09293,2025-12-08 00:00:00,CMP002,CH01
T016527,C09294,2025-11-28 00:00:00,CMP001,CH01
T016528,C09294,2025-12-04 17:46:00,CMP002,CH01
T016529,C09294,2025-12-08 21:40:00,CMP002,CH01
T016530,C09296,2025-10-13 00:00:00,CMP002,CH01
T016531,C09296,2025-10-18 23:45:00,CMP003,CH02
T016532,C09297,2025-07-11 00:00:00,CMP005,CH03
T016533,C09297,2025-07-13 00:54:00,CMP004,CH02
T016534,C09299,2025-07-21 00:00:00,CMP003,CH02
T016535,C09301,2025-09-27 00:00:00,CMP002,CH01
T016536,C09301,2025-10-02 13:16:00,CMP001,CH01
T016537,C09301,2025-10-09 20:39:00,CMP003,CH02
T016538,C09302,2025-10-30 00:00:00,CMP001,CH01
T016539,C09302,2025-11-05 15:43:00,CMP001,CH01
T016540,C09302,2025-11-12 04:21:00,CMP003,CH02
T016541,C09304,2025-01-30 00:00:00,CMP001,CH01
T016542,C09304,2025-02-02 10:01:00,CMP002,CH01
T016543,C09305,2025-05-15 00:00:00,CMP003,CH02
T016544,C09305,2025-05-21 18:34:00,CMP001,CH01
T016545,C09306,2025-02-20 00:00:00,CMP003,CH02
T016546,C09306,2025-02-24 15:17:00,CMP001,CH01
T016547,C09306,2025-02-25 19:22:00,CMP003,CH02
T016548,C09307,2025-08-01 00:00:00,CMP005,CH03
T016549,C09307,2025-08-04 16:13:00,CMP001,CH01
T016550,C09308,2025-02-14 00:00:00,CMP002,CH01
T016551,C09308,2025-02-16 03:13:00,CMP003,CH02
T016552,C09309,2025-11-25 00:00:00,CMP002,CH01
T016553,C09309,2025-11-26 08:19:00,CMP003,CH02
T016554,C09310,2025-02-04 00:00:00,CMP001,CH01
T016555,C09310,2025-02-09 08:21:00,CMP004,CH02
T016556,C09310,2025-02-14 16:44:00,CMP003,CH02
T016557,C09311,2025-05-23 00:00:00,CMP004,CH02
T016558,C09311,2025-05-26 07:50:00,CMP004,CH02
T016559,C09311,2025-06-01 00:47:00,CMP003,CH02
T016560,C09311,2025-06-04 00:01:00,CMP003,CH02
T016561,C09312,2025-05-27 00:00:00,CMP003,CH02
T016562,C09312,2025-06-01 02:52:00,CMP004,CH02
T016563,C09312,2025-06-07 22:43:00,CMP002,CH01
T016564,C09313,2025-04-20 00:00:00,CMP004,CH02
T016565,C09313,2025-04-25 21:40:00,CMP004,CH02
T016566,C09313,2025-04-30 11:54:00,CMP005,CH03
T016567,C09314,2025-09-27 00:00:00,CMP002,CH01
T016568,C09315,2025-05-29 00:00:00,CMP003,CH02
T016569,C09315,2025-05-30 06:13:00,CMP001,CH01
T016570,C09316,2025-07-15 00:00:00,CMP001,CH01
T016571,C09316,2025-07-17 21:48:00,CMP002,CH01
T016572,C09316,2025-07-24 01:37:00,CMP003,CH02
T016573,C09316,2025-07-28 16:04:00,CMP003,CH02
T016574,C09316,2025-07-31 13:30:00,CMP004,CH02
T016575,C09317,2025-10-23 00:00:00,CMP001,CH01
T016576,C09317,2025-10-28 17:23:00,CMP004,CH02
T016577,C09317,2025-10-30 09:43:00,CMP002,CH01
T016578,C09318,2025-09-16 00:00:00,CMP001,CH01
T016579,C09318,2025-09-18 02:23:00,CMP002,CH01
T016580,C09318,2025-09-19 06:45:00,CMP003,CH02
T016581,C09319,2025-08-25 00:00:00,CMP004,CH02
T016582,C09319,2025-08-27 21:59:00,CMP005,CH03
T016583,C09321,2025-10-26 00:00:00,CMP003,CH02
T016584,C09322,2025-07-10 00:00:00,CMP002,CH01
T016585,C09322,2025-07-11 20:23:00,CMP003,CH02
T016586,C09322,2025-07-13 19:02:00,CMP005,CH03
T016587,C09323,2025-01-08 00:00:00,CMP002,CH01
T016588,C09323,2025-01-15 18:15:00,CMP002,CH01
T016589,C09324,2025-04-25 00:00:00,CMP002,CH01
T016590,C09324,2025-04-27 01:33:00,CMP004,CH02
T016591,C09324,2025-04-29 06:55:00,CMP002,CH01
T016592,C09326,2025-11-24 00:00:00,CMP002,CH01
T016593,C09326,2025-11-25 13:12:00,CMP004,CH02
T016594,C09326,2025-12-02 22:05:00,CMP002,CH01
T016595,C09326,2025-12-07 14:07:00,CMP001,CH01
T016596,C09327,2025-07-30 00:00:00,CMP005,CH03
T016597,C09328,2025-12-03 00:00:00,CMP002,CH01
T016598,C09328,2025-12-04 16:55:00,CMP005,CH03
T016599,C09328,2025-12-11 17:48:00,CMP001,CH01
T016600,C09328,2025-12-18 21:06:00,CMP002,CH01
T016601,C09328,2025-12-20 17:04:00,CMP002,CH01
T016602,C09329,2025-10-10 00:00:00,CMP003,CH02
T016603,C09330,2025-02-07 00:00:00,CMP001,CH01
T016604,C09331,2025-07-31 00:00:00,CMP002,CH01
T016605,C09331,2025-08-07 18:55:00,CMP002,CH01
T016606,C09332,2025-12-10 00:00:00,CMP001,CH01
T016607,C09332,2025-12-14 22:19:00,CMP003,CH02
T016608,C09332,2025-12-18 06:42:00,CMP003,CH02
T016609,C09333,2025-09-17 00:00:00,CMP001,CH01
T016610,C09333,2025-09-19 11:02:00,CMP004,CH02
T016611,C09333,2025-09-23 07:58:00,CMP001,CH01
T016612,C09334,2025-12-16 00:00:00,CMP005,CH03
T016613,C09334,2025-12-21 02:19:00,CMP003,CH02
T016614,C09335,2025-01-14 00:00:00,CMP003,CH02
T016615,C09335,2025-01-19 00:29:00,CMP001,CH01
T016616,C09335,2025-01-20 05:07:00,CMP001,CH01
T016617,C09336,2025-12-14 00:00:00,CMP001,CH01
T016618,C09340,2025-09-24 00:00:00,CMP001,CH01
T016619,C09341,2025-02-25 00:00:00,CMP004,CH02
T016620,C09341,2025-03-02 17:12:00,CMP002,CH01
T016621,C09342,2025-08-06 00:00:00,CMP005,CH03
T016622,C09342,2025-08-12 15:04:00,CMP003,CH02
T016623,C09342,2025-08-16 10:55:00,CMP003,CH02
T016624,C09342,2025-08-20 00:30:00,CMP001,CH01
T016625,C09345,2025-01-27 00:00:00,CMP003,CH02
T016626,C09345,2025-01-30 00:12:00,CMP003,CH02
T016627,C09346,2025-10-20 00:00:00,CMP002,CH01
T016628,C09346,2025-10-22 06:43:00,CMP002,CH01
T016629,C09347,2025-11-10 00:00:00,CMP002,CH01
T016630,C09347,2025-11-12 17:13:00,CMP002,CH01
T016631,C09347,2025-11-17 22:00:00,CMP003,CH02
T016632,C09349,2025-08-18 00:00:00,CMP003,CH02
T016633,C09349,2025-08-22 12:52:00,CMP005,CH03
T016634,C09349,2025-08-23 17:27:00,CMP003,CH02
T016635,C09350,2025-12-23 00:00:00,CMP004,CH02
T016636,C09350,2025-12-28 00:02:00,CMP001,CH01
T016637,C09351,2025-05-29 00:00:00,CMP001,CH01
T016638,C09352,2025-12-08 00:00:00,CMP003,CH02
T016639,C09354,2025-02-28 00:00:00,CMP001,CH01
T016640,C09354,2025-03-03 18:25:00,CMP004,CH02
T016641,C09355,2025-10-01 00:00:00,CMP002,CH01
T016642,C09355,2025-10-08 16:59:00,CMP005,CH03
T016643,C09357,2025-09-29 00:00:00,CMP003,CH02
T016644,C09357,2025-10-05 06:11:00,CMP004,CH02
T016645,C09357,2025-10-09 11:24:00,CMP003,CH02
T016646,C09359,2025-04-05 00:00:00,CMP004,CH02
T016647,C09359,2025-04-08 08:16:00,CMP003,CH02
T016648,C09359,2025-04-13 09:44:00,CMP002,CH01
T016649,C09359,2025-04-16 17:55:00,CMP001,CH01
T016650,C09360,2025-01-23 00:00:00,CMP005,CH03
T016651,C09360,2025-01-29 14:38:00,CMP002,CH01
T016652,C09360,2025-02-05 14:26:00,CMP004,CH02
T016653,C09361,2025-02-20 00:00:00,CMP002,CH01
T016654,C09362,2025-12-12 00:00:00,CMP002,CH01
T016655,C09362,2025-12-17 10:12:00,CMP001,CH01
T016656,C09362,2025-12-21 14:34:00,CMP004,CH02
T016657,C09363,2025-08-08 00:00:00,CMP003,CH02
T016658,C09363,2025-08-11 08:57:00,CMP002,CH01
T016659,C09364,2025-09-05 00:00:00,CMP003,CH02
T016660,C09364,2025-09-09 07:21:00,CMP002,CH01
T016661,C09364,2025-09-12 19:25:00,CMP001,CH01
T016662,C09365,2025-02-15 00:00:00,CMP004,CH02
T016663,C09365,2025-02-17 00:56:00,CMP004,CH02
T016664,C09366,2025-01-15 00:00:00,CMP001,CH01
T016665,C09366,2025-01-17 23:48:00,CMP003,CH02
T016666,C09366,2025-01-24 14:56:00,CMP001,CH01
T016667,C09367,2025-06-27 00:00:00,CMP004,CH02
T016668,C09367,2025-07-04 11:31:00,CMP005,CH03
T016669,C09367,2025-07-10 15:38:00,CMP002,CH01
T016670,C09368,2025-02-02 00:00:00,CMP001,CH01
T016671,C09369,2025-08-08 00:00:00,CMP001,CH01
T016672,C09370,2025-08-28 00:00:00,CMP002,CH01
T016673,C09370,2025-09-04 00:27:00,CMP004,CH02
T016674,C09370,2025-09-07 04:30:00,CMP003,CH02
T016675,C09371,2025-11-30 00:00:00,CMP004,CH02
T016676,C09371,2025-12-07 17:33:00,CMP002,CH01
T016677,C09371,2025-12-10 13:47:00,CMP005,CH03
T016678,C09372,2025-10-16 00:00:00,CMP004,CH02
T016679,C09372,2025-10-21 17:41:00,CMP002,CH01
T016680,C09373,2025-02-01 00:00:00,CMP002,CH01
T016681,C09375,2025-02-05 00:00:00,CMP005,CH03
T016682,C09376,2025-12-14 00:00:00,CMP001,CH01
T016683,C09376,2025-12-19 23:40:00,CMP003,CH02
T016684,C09377,2025-11-05 00:00:00,CMP001,CH01
T016685,C09377,2025-11-09 03:07:00,CMP004,CH02
T016686,C09377,2025-11-15 16:36:00,CMP002,CH01
T016687,C09378,2025-04-17 00:00:00,CMP001,CH01
T016688,C09378,2025-04-23 06:17:00,CMP004,CH02
T016689,C09378,2025-04-24 09:47:00,CMP004,CH02
T016690,C09379,2025-10-17 00:00:00,CMP004,CH02
T016691,C09379,2025-10-19 10:46:00,CMP002,CH01
T016692,C09379,2025-10-23 17:55:00,CMP004,CH02
T016693,C09382,2025-02-03 00:00:00,CMP002,CH01
T016694,C09382,2025-02-07 10:48:00,CMP001,CH01
T016695,C09382,2025-02-14 19:20:00,CMP001,CH01
T016696,C09382,2025-02-19 22:29:00,CMP001,CH01
T016697,C09383,2025-06-23 00:00:00,CMP005,CH03
T016698,C09383,2025-06-28 18:47:00,CMP001,CH01
T016699,C09384,2025-08-27 00:00:00,CMP004,CH02
T016700,C09384,2025-08-29 23:09:00,CMP005,CH03
T016701,C09385,2025-06-27 00:00:00,CMP001,CH01
T016702,C09385,2025-06-30 03:36:00,CMP001,CH01
T016703,C09386,2025-02-18 00:00:00,CMP004,CH02
T016704,C09386,2025-02-22 15:22:00,CMP003,CH02
T016705,C09386,2025-02-28 08:10:00,CMP001,CH01
T016706,C09387,2025-01-27 00:00:00,CMP002,CH01
T016707,C09387,2025-02-01 02:04:00,CMP001,CH01
T016708,C09388,2025-04-04 00:00:00,CMP004,CH02
T016709,C09388,2025-04-05 05:21:00,CMP003,CH02
T016710,C09389,2025-11-18 00:00:00,CMP001,CH01
T016711,C09390,2025-01-12 00:00:00,CMP002,CH01
T016712,C09390,2025-01-13 23:54:00,CMP004,CH02
T016713,C09391,2025-09-18 00:00:00,CMP001,CH01
T016714,C09391,2025-09-25 18:19:00,CMP004,CH02
T016715,C09391,2025-10-01 05:31:00,CMP002,CH01
T016716,C09391,2025-10-08 12:34:00,CMP002,CH01
T016717,C09392,2025-03-19 00:00:00,CMP004,CH02
T016718,C09392,2025-03-21 13:46:00,CMP005,CH03
T016719,C09393,2025-03-24 00:00:00,CMP004,CH02
T016720,C09393,2025-03-25 11:00:00,CMP001,CH01
T016721,C09393,2025-04-02 04:03:00,CMP001,CH01
T016722,C09394,2025-10-09 00:00:00,CMP005,CH03
T016723,C09394,2025-10-10 10:14:00,CMP002,CH01
T016724,C09397,2025-10-29 00:00:00,CMP003,CH02
T016725,C09397,2025-11-05 13:27:00,CMP003,CH02
T016726,C09397,2025-11-11 06:51:00,CMP002,CH01
T016727,C09398,2025-08-10 00:00:00,CMP002,CH01
T016728,C09399,2025-05-08 00:00:00,CMP003,CH02
T016729,C09399,2025-05-12 22:06:00,CMP004,CH02
T016730,C09400,2025-12-08 00:00:00,CMP002,CH01
T016731,C09400,2025-12-09 03:06:00,CMP003,CH02
T016732,C09400,2025-12-15 23:20:00,CMP004,CH02
T016733,C09400,2025-12-20 06:51:00,CMP003,CH02
T016734,C09401,2025-04-06 00:00:00,CMP002,CH01
T016735,C09401,2025-04-12 01:04:00,CMP004,CH02
T016736,C09402,2025-02-18 00:00:00,CMP005,CH03
T016737,C09402,2025-02-22 23:30:00,CMP004,CH02
T016738,C09403,2025-03-03 00:00:00,CMP001,CH01
T016739,C09407,2025-09-28 00:00:00,CMP001,CH01
T016740,C09407,2025-10-03 16:09:00,CMP001,CH01
T016741,C09408,2025-08-23 00:00:00,CMP004,CH02
T016742,C09409,2025-09-28 00:00:00,CMP002,CH01
T016743,C09410,2025-04-24 00:00:00,CMP001,CH01
T016744,C09412,2025-08-11 00:00:00,CMP002,CH01
T016745,C09413,2025-01-06 00:00:00,CMP003,CH02
T016746,C09413,2025-01-12 08:11:00,CMP004,CH02
T016747,C09413,2025-01-17 00:42:00,CMP003,CH02
T016748,C09414,2025-08-30 00:00:00,CMP002,CH01
T016749,C09416,2025-12-17 00:00:00,CMP003,CH02
T016750,C09416,2025-12-21 09:38:00,CMP003,CH02
T016751,C09418,2025-07-23 00:00:00,CMP004,CH02
T016752,C09418,2025-07-30 17:04:00,CMP001,CH01
T016753,C09418,2025-08-04 13:18:00,CMP001,CH01
T016754,C09419,2025-03-29 00:00:00,CMP004,CH02
T016755,C09420,2025-06-21 00:00:00,CMP004,CH02
T016756,C09420,2025-06-23 17:10:00,CMP001,CH01
T016757,C09421,2025-10-15 00:00:00,CMP002,CH01
T016758,C09421,2025-10-22 09:08:00,CMP003,CH02
T016759,C09421,2025-10-26 06:59:00,CMP001,CH01
T016760,C09422,2025-04-27 00:00:00,CMP005,CH03
T016761,C09422,2025-04-30 08:36:00,CMP002,CH01
T016762,C09423,2025-09-22 00:00:00,CMP005,CH03
T016763,C09423,2025-09-28 15:42:00,CMP004,CH02
T016764,C09425,2025-09-27 00:00:00,CMP005,CH03
T016765,C09425,2025-10-02 12:51:00,CMP001,CH01
T016766,C09426,2025-04-15 00:00:00,CMP002,CH01
T016767,C09426,2025-04-21 05:28:00,CMP005,CH03
T016768,C09428,2025-11-21 00:00:00,CMP002,CH01
T016769,C09429,2025-05-04 00:00:00,CMP003,CH02
T016770,C09429,2025-05-10 19:46:00,CMP004,CH02
T016771,C09429,2025-05-15 09:23:00,CMP002,CH01
T016772,C09431,2025-07-01 00:00:00,CMP004,CH02
T016773,C09431,2025-07-02 10:54:00,CMP002,CH01
T016774,C09432,2025-07-02 00:00:00,CMP003,CH02
T016775,C09433,2025-01-14 00:00:00,CMP002,CH01
T016776,C09433,2025-01-15 07:21:00,CMP001,CH01
T016777,C09433,2025-01-20 13:53:00,CMP004,CH02
T016778,C09433,2025-01-21 23:35:00,CMP004,CH02
T016779,C09434,2025-10-12 00:00:00,CMP001,CH01
T016780,C09434,2025-10-18 04:34:00,CMP004,CH02
T016781,C09435,2025-01-08 00:00:00,CMP001,CH01
T016782,C09435,2025-01-11 11:24:00,CMP002,CH01
T016783,C09436,2025-09-29 00:00:00,CMP001,CH01
T016784,C09436,2025-10-03 05:55:00,CMP001,CH01
T016785,C09436,2025-10-07 09:43:00,CMP001,CH01
T016786,C09436,2025-10-10 07:32:00,CMP001,CH01
T016787,C09438,2025-08-13 00:00:00,CMP001,CH01
T016788,C09439,2025-09-24 00:00:00,CMP004,CH02
T016789,C09440,2025-05-31 00:00:00,CMP003,CH02
T016790,C09441,2025-02-04 00:00:00,CMP001,CH01
T016791,C09441,2025-02-06 14:05:00,CMP002,CH01
T016792,C09441,2025-02-10 04:43:00,CMP002,CH01
T016793,C09442,2025-06-22 00:00:00,CMP003,CH02
T016794,C09442,2025-06-25 19:51:00,CMP001,CH01
T016795,C09445,2025-11-17 00:00:00,CMP005,CH03
T016796,C09445,2025-11-24 03:49:00,CMP002,CH01
T016797,C09446,2025-07-15 00:00:00,CMP004,CH02
T016798,C09446,2025-07-17 02:36:00,CMP001,CH01
T016799,C09446,2025-07-21 14:57:00,CMP001,CH01
T016800,C09446,2025-07-22 22:17:00,CMP004,CH02
T016801,C09447,2025-07-03 00:00:00,CMP003,CH02
T016802,C09447,2025-07-10 07:36:00,CMP004,CH02
T016803,C09447,2025-07-17 14:32:00,CMP004,CH02
T016804,C09448,2025-12-24 00:00:00,CMP004,CH02
T016805,C09449,2025-05-30 00:00:00,CMP003,CH02
T016806,C09450,2025-08-08 00:00:00,CMP005,CH03
T016807,C09450,2025-08-15 07:29:00,CMP002,CH01
T016808,C09450,2025-08-22 12:12:00,CMP002,CH01
T016809,C09450,2025-08-24 18:21:00,CMP004,CH02
T016810,C09450,2025-08-31 11:47:00,CMP005,CH03
T016811,C09451,2025-02-04 00:00:00,CMP003,CH02
T016812,C09451,2025-02-10 12:12:00,CMP002,CH01
T016813,C09451,2025-02-15 14:21:00,CMP004,CH02
T016814,C09452,2025-02-19 00:00:00,CMP003,CH02
T016815,C09452,2025-02-22 01:08:00,CMP003,CH02
T016816,C09452,2025-02-25 02:47:00,CMP003,CH02
T016817,C09453,2025-03-20 00:00:00,CMP001,CH01
T016818,C09453,2025-03-21 14:06:00,CMP001,CH01
T016819,C09454,2025-06-13 00:00:00,CMP002,CH01
T016820,C09454,2025-06-15 04:49:00,CMP002,CH01
T016821,C09454,2025-06-21 03:52:00,CMP002,CH01
T016822,C09455,2025-10-12 00:00:00,CMP003,CH02
T016823,C09455,2025-10-16 06:13:00,CMP003,CH02
T016824,C09455,2025-10-18 03:16:00,CMP004,CH02
T016825,C09455,2025-10-22 19:29:00,CMP003,CH02
T016826,C09456,2025-05-18 00:00:00,CMP003,CH02
T016827,C09456,2025-05-20 17:42:00,CMP001,CH01
T016828,C09459,2025-08-06 00:00:00,CMP001,CH01
T016829,C09459,2025-08-07 21:22:00,CMP004,CH02
T016830,C09459,2025-08-15 21:16:00,CMP002,CH01
T016831,C09460,2025-07-22 00:00:00,CMP001,CH01
T016832,C09460,2025-07-27 13:04:00,CMP001,CH01
T016833,C09461,2025-05-15 00:00:00,CMP002,CH01
T016834,C09461,2025-05-18 01:40:00,CMP001,CH01
T016835,C09461,2025-05-19 23:13:00,CMP002,CH01
T016836,C09462,2025-12-31 00:00:00,CMP003,CH02
T016837,C09462,2026-01-06 23:20:00,CMP005,CH03
T016838,C09462,2026-01-10 13:09:00,CMP004,CH02
T016839,C09464,2025-02-05 00:00:00,CMP003,CH02
T016840,C09465,2025-03-08 00:00:00,CMP005,CH03
T016841,C09465,2025-03-09 14:31:00,CMP004,CH02
T016842,C09466,2025-10-07 00:00:00,CMP002,CH01
T016843,C09466,2025-10-09 21:15:00,CMP001,CH01
T016844,C09467,2025-05-24 00:00:00,CMP004,CH02
T016845,C09467,2025-05-26 17:34:00,CMP001,CH01
T016846,C09467,2025-06-01 07:15:00,CMP005,CH03
T016847,C09468,2025-10-10 00:00:00,CMP002,CH01
T016848,C09469,2025-12-22 00:00:00,CMP001,CH01
T016849,C09469,2025-12-29 04:35:00,CMP002,CH01
T016850,C09469,2025-12-30 09:24:00,CMP004,CH02
T016851,C09470,2025-01-20 00:00:00,CMP005,CH03
T016852,C09471,2025-06-09 00:00:00,CMP002,CH01
T016853,C09471,2025-06-15 06:36:00,CMP001,CH01
T016854,C09472,2025-12-11 00:00:00,CMP001,CH01
T016855,C09472,2025-12-14 05:53:00,CMP002,CH01
T016856,C09473,2025-04-16 00:00:00,CMP001,CH01
T016857,C09473,2025-04-23 02:41:00,CMP001,CH01
T016858,C09473,2025-04-25 17:38:00,CMP002,CH01
T016859,C09474,2025-08-11 00:00:00,CMP004,CH02
T016860,C09474,2025-08-16 14:55:00,CMP003,CH02
T016861,C09474,2025-08-20 16:50:00,CMP004,CH02
T016862,C09474,2025-08-28 12:29:00,CMP003,CH02
T016863,C09474,2025-09-03 20:52:00,CMP001,CH01
T016864,C09475,2025-09-03 00:00:00,CMP004,CH02
T016865,C09475,2025-09-08 21:34:00,CMP005,CH03
T016866,C09477,2025-06-05 00:00:00,CMP001,CH01
T016867,C09478,2025-09-22 00:00:00,CMP001,CH01
T016868,C09479,2025-01-05 00:00:00,CMP003,CH02
T016869,C09479,2025-01-06 20:33:00,CMP004,CH02
T016870,C09479,2025-01-09 12:40:00,CMP002,CH01
T016871,C09480,2025-08-08 00:00:00,CMP003,CH02
T016872,C09480,2025-08-13 15:49:00,CMP004,CH02
T016873,C09481,2025-06-24 00:00:00,CMP003,CH02
T016874,C09481,2025-06-30 04:41:00,CMP002,CH01
T016875,C09481,2025-07-07 20:36:00,CMP001,CH01
T016876,C09481,2025-07-13 00:52:00,CMP004,CH02
T016877,C09481,2025-07-20 14:04:00,CMP002,CH01
T016878,C09482,2025-04-22 00:00:00,CMP001,CH01
T016879,C09482,2025-04-23 19:35:00,CMP002,CH01
T016880,C09482,2025-04-27 07:55:00,CMP004,CH02
T016881,C09484,2025-09-30 00:00:00,CMP001,CH01
T016882,C09485,2025-08-05 00:00:00,CMP003,CH02
T016883,C09485,2025-08-10 22:49:00,CMP003,CH02
T016884,C09485,2025-08-14 01:11:00,CMP002,CH01
T016885,C09485,2025-08-15 19:36:00,CMP002,CH01
T016886,C09486,2025-07-29 00:00:00,CMP003,CH02
T016887,C09486,2025-07-30 14:57:00,CMP001,CH01
T016888,C09487,2025-01-14 00:00:00,CMP002,CH01
T016889,C09488,2025-09-23 00:00:00,CMP001,CH01
T016890,C09489,2025-09-21 00:00:00,CMP005,CH03
T016891,C09489,2025-09-26 23:41:00,CMP001,CH01
T016892,C09490,2025-03-27 00:00:00,CMP001,CH01
T016893,C09491,2025-05-26 00:00:00,CMP005,CH03
T016894,C09491,2025-05-31 03:18:00,CMP005,CH03
T016895,C09492,2025-11-23 00:00:00,CMP001,CH01
T016896,C09492,2025-11-27 23:04:00,CMP004,CH02
T016897,C09493,2025-05-11 00:00:00,CMP002,CH01
T016898,C09493,2025-05-15 04:04:00,CMP001,CH01
T016899,C09494,2025-10-01 00:00:00,CMP002,CH01
T016900,C09494,2025-10-08 10:39:00,CMP002,CH01
T016901,C09494,2025-10-16 08:34:00,CMP001,CH01
T016902,C09495,2025-08-03 00:00:00,CMP004,CH02
T016903,C09496,2025-09-11 00:00:00,CMP003,CH02
T016904,C09497,2025-01-15 00:00:00,CMP001,CH01
T016905,C09497,2025-01-21 00:23:00,CMP004,CH02
T016906,C09497,2025-01-27 11:20:00,CMP004,CH02
T016907,C09498,2025-12-11 00:00:00,CMP002,CH01
T016908,C09499,2025-08-20 00:00:00,CMP001,CH01
T016909,C09500,2025-06-02 00:00:00,CMP004,CH02
T016910,C09500,2025-06-09 08:51:00,CMP005,CH03
T016911,C09501,2025-11-12 00:00:00,CMP002,CH01
T016912,C09503,2025-06-16 00:00:00,CMP003,CH02
T016913,C09503,2025-06-19 01:13:00,CMP004,CH02
T016914,C09504,2025-03-29 00:00:00,CMP001,CH01
T016915,C09505,2025-05-04 00:00:00,CMP002,CH01
T016916,C09505,2025-05-05 00:54:00,CMP001,CH01
T016917,C09506,2025-03-19 00:00:00,CMP001,CH01
T016918,C09506,2025-03-26 08:02:00,CMP004,CH02
T016919,C09507,2025-07-21 00:00:00,CMP001,CH01
T016920,C09507,2025-07-24 16:26:00,CMP005,CH03
T016921,C09507,2025-07-29 16:45:00,CMP004,CH02
T016922,C09508,2025-03-02 00:00:00,CMP004,CH02
T016923,C09508,2025-03-04 14:06:00,CMP003,CH02
T016924,C09511,2025-01-19 00:00:00,CMP003,CH02
T016925,C09511,2025-01-23 23:15:00,CMP002,CH01
T016926,C09511,2025-01-25 04:11:00,CMP002,CH01
T016927,C09512,2025-11-05 00:00:00,CMP002,CH01
T016928,C09513,2025-05-13 00:00:00,CMP003,CH02
T016929,C09513,2025-05-15 02:19:00,CMP002,CH01
T016930,C09515,2025-12-16 00:00:00,CMP005,CH03
T016931,C09515,2025-12-23 01:17:00,CMP004,CH02
T016932,C09515,2025-12-24 18:17:00,CMP003,CH02
T016933,C09515,2025-12-30 02:55:00,CMP003,CH02
T016934,C09515,2026-01-05 03:35:00,CMP002,CH01
T016935,C09516,2025-08-29 00:00:00,CMP003,CH02
T016936,C09516,2025-09-01 22:30:00,CMP002,CH01
T016937,C09516,2025-09-05 01:24:00,CMP001,CH01
T016938,C09516,2025-09-09 02:30:00,CMP001,CH01
T016939,C09517,2025-11-19 00:00:00,CMP001,CH01
T016940,C09518,2025-03-10 00:00:00,CMP004,CH02
T016941,C09518,2025-03-16 03:50:00,CMP001,CH01
T016942,C09519,2025-04-28 00:00:00,CMP004,CH02
T016943,C09519,2025-05-03 09:33:00,CMP002,CH01
T016944,C09519,2025-05-08 19:09:00,CMP003,CH02
T016945,C09521,2025-10-01 00:00:00,CMP004,CH02
T016946,C09524,2025-08-12 00:00:00,CMP003,CH02
T016947,C09525,2025-04-15 00:00:00,CMP003,CH02
T016948,C09527,2025-12-18 00:00:00,CMP002,CH01
T016949,C09527,2025-12-25 23:38:00,CMP002,CH01
T016950,C09527,2025-12-30 19:40:00,CMP001,CH01
T016951,C09528,2025-10-20 00:00:00,CMP001,CH01
T016952,C09528,2025-10-21 00:28:00,CMP003,CH02
T016953,C09528,2025-10-28 09:18:00,CMP003,CH02
T016954,C09528,2025-10-31 13:06:00,CMP004,CH02
T016955,C09529,2025-02-23 00:00:00,CMP001,CH01
T016956,C09529,2025-03-01 15:29:00,CMP002,CH01
T016957,C09529,2025-03-06 03:02:00,CMP004,CH02
T016958,C09530,2025-05-21 00:00:00,CMP002,CH01
T016959,C09530,2025-05-27 06:59:00,CMP003,CH02
T016960,C09531,2025-03-30 00:00:00,CMP001,CH01
T016961,C09531,2025-04-03 13:25:00,CMP004,CH02
T016962,C09532,2025-01-28 00:00:00,CMP002,CH01
T016963,C09532,2025-02-02 01:26:00,CMP002,CH01
T016964,C09532,2025-02-06 23:29:00,CMP001,CH01
T016965,C09533,2025-10-26 00:00:00,CMP002,CH01
T016966,C09533,2025-11-02 22:24:00,CMP002,CH01
T016967,C09535,2025-11-19 00:00:00,CMP003,CH02
T016968,C09536,2025-10-31 00:00:00,CMP004,CH02
T016969,C09536,2025-11-05 14:51:00,CMP002,CH01
T016970,C09536,2025-11-09 18:49:00,CMP001,CH01
T016971,C09538,2025-05-25 00:00:00,CMP003,CH02
T016972,C09539,2025-01-02 00:00:00,CMP001,CH01
T016973,C09539,2025-01-04 15:52:00,CMP004,CH02
T016974,C09539,2025-01-08 22:19:00,CMP001,CH01
T016975,C09540,2025-07-18 00:00:00,CMP002,CH01
T016976,C09541,2025-05-05 00:00:00,CMP002,CH01
T016977,C09541,2025-05-12 18:38:00,CMP002,CH01
T016978,C09541,2025-05-18 12:01:00,CMP001,CH01
T016979,C09542,2025-03-26 00:00:00,CMP004,CH02
T016980,C09542,2025-03-29 11:38:00,CMP002,CH01
T016981,C09543,2025-05-07 00:00:00,CMP001,CH01
T016982,C09543,2025-05-14 07:53:00,CMP001,CH01
T016983,C09543,2025-05-21 07:40:00,CMP004,CH02
T016984,C09543,2025-05-28 13:34:00,CMP002,CH01
T016985,C09544,2025-10-15 00:00:00,CMP001,CH01
T016986,C09545,2025-09-14 00:00:00,CMP005,CH03
T016987,C09545,2025-09-20 21:33:00,CMP002,CH01
T016988,C09546,2025-01-09 00:00:00,CMP002,CH01
T016989,C09546,2025-01-12 09:32:00,CMP002,CH01
T016990,C09547,2025-01-16 00:00:00,CMP004,CH02
T016991,C09548,2025-12-20 00:00:00,CMP003,CH02
T016992,C09549,2025-05-23 00:00:00,CMP002,CH01
T016993,C09549,2025-05-26 05:19:00,CMP003,CH02
T016994,C09551,2025-09-01 00:00:00,CMP002,CH01
T016995,C09551,2025-09-04 22:59:00,CMP001,CH01
T016996,C09551,2025-09-06 13:44:00,CMP001,CH01
T016997,C09552,2025-11-21 00:00:00,CMP001,CH01
T016998,C09553,2025-07-24 00:00:00,CMP004,CH02
T016999,C09553,2025-07-28 05:58:00,CMP001,CH01
T017000,C09553,2025-08-04 19:57:00,CMP002,CH01
T017001,C09554,2025-05-20 00:00:00,CMP002,CH01
T017002,C09554,2025-05-22 14:39:00,CMP003,CH02
T017003,C09555,2025-10-29 00:00:00,CMP005,CH03
T017004,C09556,2025-08-18 00:00:00,CMP001,CH01
T017005,C09557,2025-10-10 00:00:00,CMP005,CH03
T017006,C09557,2025-10-15 03:16:00,CMP003,CH02
T017007,C09557,2025-10-18 11:03:00,CMP002,CH01
T017008,C09559,2025-11-25 00:00:00,CMP001,CH01
T017009,C09559,2025-12-02 01:00:00,CMP001,CH01
T017010,C09560,2025-10-27 00:00:00,CMP003,CH02
T017011,C09560,2025-10-30 22:19:00,CMP004,CH02
T017012,C09561,2025-07-27 00:00:00,CMP002,CH01
T017013,C09561,2025-08-02 07:04:00,CMP003,CH02
T017014,C09561,2025-08-07 13:22:00,CMP001,CH01
T017015,C09562,2025-05-10 00:00:00,CMP002,CH01
T017016,C09563,2025-08-01 00:00:00,CMP004,CH02
T017017,C09564,2025-03-18 00:00:00,CMP001,CH01
T017018,C09565,2025-02-02 00:00:00,CMP005,CH03
T017019,C09565,2025-02-08 17:24:00,CMP002,CH01
T017020,C09566,2025-05-10 00:00:00,CMP001,CH01
T017021,C09566,2025-05-14 13:49:00,CMP005,CH03
T017022,C09566,2025-05-21 09:51:00,CMP004,CH02
T017023,C09567,2025-08-19 00:00:00,CMP003,CH02
T017024,C09567,2025-08-25 00:01:00,CMP005,CH03
T017025,C09567,2025-09-01 07:13:00,CMP001,CH01
T017026,C09568,2025-09-04 00:00:00,CMP002,CH01
T017027,C09568,2025-09-05 01:45:00,CMP003,CH02
T017028,C09569,2025-04-19 00:00:00,CMP005,CH03
T017029,C09569,2025-04-24 01:07:00,CMP003,CH02
T017030,C09569,2025-04-27 01:27:00,CMP005,CH03
T017031,C09569,2025-05-04 13:37:00,CMP002,CH01
T017032,C09571,2025-10-19 00:00:00,CMP002,CH01
T017033,C09572,2025-10-18 00:00:00,CMP002,CH01
T017034,C09572,2025-10-21 14:26:00,CMP003,CH02
T017035,C09572,2025-10-23 08:43:00,CMP001,CH01
T017036,C09575,2025-07-08 00:00:00,CMP004,CH02
T017037,C09576,2025-12-19 00:00:00,CMP003,CH02
T017038,C09576,2025-12-23 05:42:00,CMP001,CH01
T017039,C09576,2025-12-28 07:57:00,CMP004,CH02
T017040,C09577,2025-05-14 00:00:00,CMP004,CH02
T017041,C09577,2025-05-21 23:33:00,CMP002,CH01
T017042,C09577,2025-05-26 12:53:00,CMP001,CH01
T017043,C09578,2025-03-24 00:00:00,CMP004,CH02
T017044,C09579,2025-12-22 00:00:00,CMP001,CH01
T017045,C09579,2025-12-28 00:24:00,CMP003,CH02
T017046,C09579,2025-12-30 12:54:00,CMP002,CH01
T017047,C09580,2025-03-01 00:00:00,CMP002,CH01
T017048,C09580,2025-03-02 00:18:00,CMP003,CH02
T017049,C09582,2025-12-30 00:00:00,CMP002,CH01
T017050,C09584,2025-09-13 00:00:00,CMP003,CH02
T017051,C09584,2025-09-15 06:05:00,CMP002,CH01
T017052,C09585,2025-12-14 00:00:00,CMP001,CH01
T017053,C09586,2025-09-21 00:00:00,CMP001,CH01
T017054,C09586,2025-09-28 08:34:00,CMP001,CH01
T017055,C09586,2025-10-01 21:51:00,CMP001,CH01
T017056,C09587,2025-11-10 00:00:00,CMP002,CH01
T017057,C09587,2025-11-13 19:06:00,CMP002,CH01
T017058,C09588,2025-02-22 00:00:00,CMP004,CH02
T017059,C09589,2025-12-22 00:00:00,CMP001,CH01
T017060,C09589,2025-12-28 18:21:00,CMP002,CH01
T017061,C09589,2025-12-30 02:45:00,CMP001,CH01
T017062,C09590,2025-11-19 00:00:00,CMP005,CH03
T017063,C09591,2025-11-01 00:00:00,CMP004,CH02
T017064,C09591,2025-11-03 14:25:00,CMP002,CH01
T017065,C09591,2025-11-06 13:51:00,CMP003,CH02
T017066,C09592,2025-06-01 00:00:00,CMP004,CH02
T017067,C09592,2025-06-04 01:06:00,CMP003,CH02
T017068,C09592,2025-06-10 07:31:00,CMP002,CH01
T017069,C09592,2025-06-13 16:17:00,CMP005,CH03
T017070,C09593,2025-08-08 00:00:00,CMP002,CH01
T017071,C09594,2025-01-24 00:00:00,CMP001,CH01
T017072,C09594,2025-01-29 14:04:00,CMP004,CH02
T017073,C09595,2025-05-14 00:00:00,CMP002,CH01
T017074,C09596,2025-03-26 00:00:00,CMP005,CH03
T017075,C09596,2025-03-29 16:33:00,CMP004,CH02
T017076,C09596,2025-04-03 12:39:00,CMP003,CH02
T017077,C09596,2025-04-10 00:53:00,CMP001,CH01
T017078,C09597,2025-02-08 00:00:00,CMP002,CH01
T017079,C09597,2025-02-12 04:07:00,CMP005,CH03
T017080,C09597,2025-02-19 08:26:00,CMP001,CH01
T017081,C09598,2025-11-07 00:00:00,CMP003,CH02
T017082,C09599,2025-10-14 00:00:00,CMP003,CH02
T017083,C09599,2025-10-20 06:43:00,CMP001,CH01
T017084,C09601,2025-05-13 00:00:00,CMP005,CH03
T017085,C09601,2025-05-18 12:34:00,CMP003,CH02
T017086,C09601,2025-05-22 03:42:00,CMP003,CH02
T017087,C09601,2025-05-27 17:52:00,CMP004,CH02
T017088,C09603,2025-09-10 00:00:00,CMP004,CH02
T017089,C09604,2025-06-25 00:00:00,CMP001,CH01
T017090,C09604,2025-06-30 10:04:00,CMP003,CH02
T017091,C09605,2025-08-26 00:00:00,CMP001,CH01
T017092,C09607,2025-10-06 00:00:00,CMP002,CH01
T017093,C09607,2025-10-09 16:12:00,CMP003,CH02
T017094,C09609,2025-10-14 00:00:00,CMP002,CH01
T017095,C09610,2025-09-05 00:00:00,CMP002,CH01
T017096,C09610,2025-09-06 06:19:00,CMP002,CH01
T017097,C09611,2025-05-06 00:00:00,CMP001,CH01
T017098,C09611,2025-05-07 12:30:00,CMP002,CH01
T017099,C09611,2025-05-11 02:04:00,CMP004,CH02
T017100,C09611,2025-05-18 21:59:00,CMP002,CH01
T017101,C09612,2025-08-27 00:00:00,CMP004,CH02
T017102,C09612,2025-09-01 22:25:00,CMP004,CH02
T017103,C09613,2025-09-30 00:00:00,CMP001,CH01
T017104,C09614,2025-12-01 00:00:00,CMP004,CH02
T017105,C09615,2025-06-04 00:00:00,CMP003,CH02
T017106,C09615,2025-06-11 16:13:00,CMP001,CH01
T017107,C09616,2025-10-26 00:00:00,CMP004,CH02
T017108,C09616,2025-10-30 02:19:00,CMP003,CH02
T017109,C09616,2025-11-05 13:15:00,CMP001,CH01
T017110,C09617,2025-10-22 00:00:00,CMP003,CH02
T017111,C09618,2025-05-13 00:00:00,CMP002,CH01
T017112,C09618,2025-05-18 21:42:00,CMP001,CH01
T017113,C09619,2025-01-10 00:00:00,CMP003,CH02
T017114,C09620,2025-04-13 00:00:00,CMP002,CH01
T017115,C09620,2025-04-17 11:43:00,CMP005,CH03
T017116,C09621,2025-09-20 00:00:00,CMP001,CH01
T017117,C09621,2025-09-27 19:26:00,CMP002,CH01
T017118,C09621,2025-10-01 13:28:00,CMP002,CH01
T017119,C09621,2025-10-07 16:11:00,CMP002,CH01
T017120,C09622,2025-08-10 00:00:00,CMP001,CH01
T017121,C09622,2025-08-14 15:09:00,CMP001,CH01
T017122,C09622,2025-08-20 06:04:00,CMP003,CH02
T017123,C09622,2025-08-26 22:38:00,CMP001,CH01
T017124,C09623,2025-07-20 00:00:00,CMP003,CH02
T017125,C09623,2025-07-22 19:34:00,CMP004,CH02
T017126,C09624,2025-11-03 00:00:00,CMP003,CH02
T017127,C09625,2025-03-24 00:00:00,CMP002,CH01
T017128,C09625,2025-03-30 21:28:00,CMP003,CH02
T017129,C09625,2025-04-07 15:15:00,CMP001,CH01
T017130,C09627,2025-01-29 00:00:00,CMP001,CH01
T017131,C09627,2025-01-30 15:53:00,CMP002,CH01
T017132,C09628,2025-03-27 00:00:00,CMP001,CH01
T017133,C09628,2025-03-31 19:53:00,CMP001,CH01
T017134,C09628,2025-04-03 09:03:00,CMP002,CH01
T017135,C09628,2025-04-10 17:20:00,CMP001,CH01
T017136,C09629,2025-09-25 00:00:00,CMP002,CH01
T017137,C09629,2025-09-29 08:43:00,CMP004,CH02
T017138,C09631,2025-08-23 00:00:00,CMP004,CH02
T017139,C09632,2025-08-08 00:00:00,CMP001,CH01
T017140,C09634,2025-08-19 00:00:00,CMP004,CH02
T017141,C09636,2025-10-23 00:00:00,CMP003,CH02
T017142,C09637,2025-06-10 00:00:00,CMP004,CH02
T017143,C09637,2025-06-11 21:31:00,CMP005,CH03
T017144,C09637,2025-06-16 00:03:00,CMP003,CH02
T017145,C09638,2025-04-01 00:00:00,CMP001,CH01
T017146,C09639,2025-11-30 00:00:00,CMP005,CH03
T017147,C09639,2025-12-04 07:06:00,CMP004,CH02
T017148,C09640,2025-08-15 00:00:00,CMP002,CH01
T017149,C09640,2025-08-19 23:33:00,CMP001,CH01
T017150,C09640,2025-08-24 14:34:00,CMP002,CH01
T017151,C09642,2025-10-14 00:00:00,CMP005,CH03
T017152,C09642,2025-10-21 13:13:00,CMP004,CH02
T017153,C09643,2025-12-31 00:00:00,CMP004,CH02
T017154,C09646,2025-01-28 00:00:00,CMP001,CH01
T017155,C09647,2025-04-25 00:00:00,CMP003,CH02
T017156,C09647,2025-04-30 15:02:00,CMP002,CH01
T017157,C09647,2025-05-05 06:29:00,CMP003,CH02
T017158,C09648,2025-12-12 00:00:00,CMP005,CH03
T017159,C09649,2025-03-25 00:00:00,CMP002,CH01
T017160,C09650,2025-01-06 00:00:00,CMP003,CH02
T017161,C09650,2025-01-11 14:58:00,CMP004,CH02
T017162,C09650,2025-01-14 00:15:00,CMP002,CH01
T017163,C09652,2025-08-31 00:00:00,CMP001,CH01
T017164,C09652,2025-09-05 22:14:00,CMP004,CH02
T017165,C09652,2025-09-09 04:39:00,CMP002,CH01
T017166,C09654,2025-06-12 00:00:00,CMP004,CH02
T017167,C09654,2025-06-18 16:43:00,CMP001,CH01
T017168,C09655,2025-06-13 00:00:00,CMP001,CH01
T017169,C09656,2025-09-07 00:00:00,CMP002,CH01
T017170,C09656,2025-09-11 08:01:00,CMP002,CH01
T017171,C09659,2025-08-28 00:00:00,CMP002,CH01
T017172,C09663,2025-11-19 00:00:00,CMP004,CH02
T017173,C09663,2025-11-23 20:14:00,CMP003,CH02
T017174,C09663,2025-11-27 15:31:00,CMP004,CH02
T017175,C09663,2025-12-03 13:48:00,CMP001,CH01
T017176,C09663,2025-12-04 21:29:00,CMP001,CH01
T017177,C09664,2025-08-28 00:00:00,CMP002,CH01
T017178,C09664,2025-09-02 08:10:00,CMP004,CH02
T017179,C09664,2025-09-09 18:15:00,CMP002,CH01
T017180,C09665,2025-06-19 00:00:00,CMP003,CH02
T017181,C09666,2025-03-05 00:00:00,CMP003,CH02
T017182,C09666,2025-03-09 10:59:00,CMP002,CH01
T017183,C09667,2025-01-31 00:00:00,CMP002,CH01
T017184,C09668,2025-06-23 00:00:00,CMP001,CH01
T017185,C09668,2025-06-24 12:41:00,CMP002,CH01
T017186,C09668,2025-06-27 17:30:00,CMP003,CH02
T017187,C09669,2025-05-06 00:00:00,CMP001,CH01
T017188,C09669,2025-05-08 20:42:00,CMP002,CH01
T017189,C09670,2025-06-19 00:00:00,CMP001,CH01
T017190,C09670,2025-06-24 21:58:00,CMP002,CH01
T017191,C09671,2025-03-08 00:00:00,CMP005,CH03
T017192,C09671,2025-03-12 07:59:00,CMP002,CH01
T017193,C09671,2025-03-15 22:59:00,CMP002,CH01
T017194,C09671,2025-03-23 02:46:00,CMP004,CH02
T017195,C09674,2025-07-28 00:00:00,CMP003,CH02
T017196,C09674,2025-07-31 05:35:00,CMP004,CH02
T017197,C09674,2025-08-02 09:48:00,CMP004,CH02
T017198,C09675,2025-08-12 00:00:00,CMP001,CH01
T017199,C09675,2025-08-18 22:13:00,CMP002,CH01
T017200,C09676,2025-12-15 00:00:00,CMP001,CH01
T017201,C09676,2025-12-22 00:47:00,CMP002,CH01
T017202,C09676,2025-12-25 12:06:00,CMP004,CH02
T017203,C09676,2025-12-31 01:55:00,CMP003,CH02
T017204,C09677,2025-02-01 00:00:00,CMP001,CH01
T017205,C09677,2025-02-02 06:18:00,CMP003,CH02
T017206,C09677,2025-02-04 19:41:00,CMP004,CH02
T017207,C09678,2025-11-26 00:00:00,CMP005,CH03
T017208,C09678,2025-12-01 06:55:00,CMP002,CH01
T017209,C09678,2025-12-07 09:36:00,CMP003,CH02
T017210,C09680,2025-07-24 00:00:00,CMP001,CH01
T017211,C09682,2025-06-19 00:00:00,CMP004,CH02
T017212,C09683,2025-03-27 00:00:00,CMP003,CH02
T017213,C09683,2025-03-31 01:38:00,CMP002,CH01
T017214,C09683,2025-04-01 04:07:00,CMP002,CH01
T017215,C09685,2025-04-15 00:00:00,CMP001,CH01
T017216,C09685,2025-04-21 15:41:00,CMP002,CH01
T017217,C09686,2025-05-05 00:00:00,CMP001,CH01
T017218,C09686,2025-05-12 17:15:00,CMP001,CH01
T017219,C09686,2025-05-16 15:50:00,CMP003,CH02
T017220,C09686,2025-05-19 20:44:00,CMP002,CH01
T017221,C09686,2025-05-22 13:49:00,CMP002,CH01
T017222,C09688,2025-08-11 00:00:00,CMP001,CH01
T017223,C09688,2025-08-12 17:54:00,CMP004,CH02
T017224,C09689,2025-04-05 00:00:00,CMP002,CH01
T017225,C09690,2025-09-12 00:00:00,CMP001,CH01
T017226,C09691,2025-07-07 00:00:00,CMP002,CH01
T017227,C09691,2025-07-08 18:20:00,CMP004,CH02
T017228,C09691,2025-07-13 04:46:00,CMP003,CH02
T017229,C09692,2025-07-12 00:00:00,CMP002,CH01
T017230,C09693,2025-05-17 00:00:00,CMP001,CH01
T017231,C09693,2025-05-22 10:55:00,CMP002,CH01
T017232,C09693,2025-05-24 09:44:00,CMP004,CH02
T017233,C09694,2025-01-09 00:00:00,CMP004,CH02
T017234,C09694,2025-01-13 16:16:00,CMP003,CH02
T017235,C09695,2025-10-22 00:00:00,CMP001,CH01
T017236,C09695,2025-10-25 05:42:00,CMP003,CH02
T017237,C09695,2025-10-30 07:47:00,CMP001,CH01
T017238,C09696,2025-04-21 00:00:00,CMP003,CH02
T017239,C09697,2025-09-07 00:00:00,CMP003,CH02
T017240,C09697,2025-09-14 15:12:00,CMP001,CH01
T017241,C09697,2025-09-17 02:08:00,CMP001,CH01
T017242,C09698,2025-10-24 00:00:00,CMP003,CH02
T017243,C09698,2025-10-25 20:12:00,CMP004,CH02
T017244,C09699,2025-07-27 00:00:00,CMP001,CH01
T017245,C09699,2025-07-30 00:29:00,CMP002,CH01
T017246,C09700,2025-07-22 00:00:00,CMP002,CH01
T017247,C09700,2025-07-23 23:33:00,CMP001,CH01
T017248,C09700,2025-07-28 08:59:00,CMP003,CH02
T017249,C09701,2025-05-07 00:00:00,CMP002,CH01
T017250,C09701,2025-05-12 08:24:00,CMP002,CH01
T017251,C09701,2025-05-19 09:32:00,CMP004,CH02
T017252,C09702,2025-11-24 00:00:00,CMP002,CH01
T017253,C09702,2025-11-25 08:35:00,CMP001,CH01
T017254,C09702,2025-11-30 14:53:00,CMP004,CH02
T017255,C09703,2025-01-16 00:00:00,CMP004,CH02
T017256,C09703,2025-01-19 23:22:00,CMP002,CH01
T017257,C09704,2025-04-05 00:00:00,CMP001,CH01
T017258,C09704,2025-04-06 13:36:00,CMP001,CH01
T017259,C09704,2025-04-08 17:11:00,CMP003,CH02
T017260,C09706,2025-04-22 00:00:00,CMP001,CH01
T017261,C09707,2025-01-26 00:00:00,CMP003,CH02
T017262,C09707,2025-01-30 05:38:00,CMP003,CH02
T017263,C09707,2025-02-05 18:18:00,CMP002,CH01
T017264,C09708,2025-02-23 00:00:00,CMP003,CH02
T017265,C09709,2025-07-11 00:00:00,CMP002,CH01
T017266,C09709,2025-07-16 06:30:00,CMP003,CH02
T017267,C09711,2025-12-28 00:00:00,CMP003,CH02
T017268,C09711,2026-01-01 21:55:00,CMP005,CH03
T017269,C09711,2026-01-04 07:51:00,CMP004,CH02
T017270,C09712,2025-05-03 00:00:00,CMP003,CH02
T017271,C09712,2025-05-08 10:57:00,CMP004,CH02
T017272,C09712,2025-05-10 09:13:00,CMP004,CH02
T017273,C09713,2025-10-08 00:00:00,CMP002,CH01
T017274,C09713,2025-10-10 17:13:00,CMP004,CH02
T017275,C09714,2025-10-12 00:00:00,CMP002,CH01
T017276,C09714,2025-10-19 08:29:00,CMP004,CH02
T017277,C09714,2025-10-25 03:22:00,CMP002,CH01
T017278,C09714,2025-10-31 12:12:00,CMP001,CH01
T017279,C09714,2025-11-01 20:59:00,CMP002,CH01
T017280,C09715,2025-09-06 00:00:00,CMP004,CH02
T017281,C09717,2025-10-14 00:00:00,CMP004,CH02
T017282,C09717,2025-10-21 16:37:00,CMP003,CH02
T017283,C09717,2025-10-28 16:46:00,CMP003,CH02
T017284,C09717,2025-10-30 09:34:00,CMP004,CH02
T017285,C09718,2025-05-11 00:00:00,CMP001,CH01
T017286,C09718,2025-05-17 04:36:00,CMP002,CH01
T017287,C09718,2025-05-22 10:40:00,CMP003,CH02
T017288,C09719,2025-12-10 00:00:00,CMP001,CH01
T017289,C09719,2025-12-17 11:43:00,CMP004,CH02
T017290,C09719,2025-12-25 02:58:00,CMP002,CH01
T017291,C09719,2025-12-27 09:34:00,CMP004,CH02
T017292,C09720,2025-01-21 00:00:00,CMP003,CH02
T017293,C09721,2025-05-06 00:00:00,CMP004,CH02
T017294,C09721,2025-05-13 22:11:00,CMP001,CH01
T017295,C09721,2025-05-15 04:21:00,CMP005,CH03
T017296,C09723,2025-03-03 00:00:00,CMP001,CH01
T017297,C09723,2025-03-10 05:45:00,CMP002,CH01
T017298,C09723,2025-03-14 19:32:00,CMP001,CH01
T017299,C09724,2025-05-08 00:00:00,CMP002,CH01
T017300,C09724,2025-05-12 11:06:00,CMP004,CH02
T017301,C09725,2025-11-03 00:00:00,CMP004,CH02
T017302,C09725,2025-11-10 06:14:00,CMP003,CH02
T017303,C09726,2025-04-26 00:00:00,CMP003,CH02
T017304,C09726,2025-05-01 23:18:00,CMP002,CH01
T017305,C09726,2025-05-03 04:37:00,CMP001,CH01
T017306,C09727,2025-08-17 00:00:00,CMP003,CH02
T017307,C09727,2025-08-22 10:43:00,CMP005,CH03
T017308,C09727,2025-08-23 19:14:00,CMP003,CH02
T017309,C09728,2025-03-29 00:00:00,CMP004,CH02
T017310,C09728,2025-04-05 01:32:00,CMP004,CH02
T017311,C09729,2025-11-21 00:00:00,CMP003,CH02
T017312,C09731,2025-06-15 00:00:00,CMP003,CH02
T017313,C09731,2025-06-21 08:31:00,CMP001,CH01
T017314,C09733,2025-05-12 00:00:00,CMP004,CH02
T017315,C09733,2025-05-14 13:35:00,CMP001,CH01
T017316,C09737,2025-04-22 00:00:00,CMP003,CH02
T017317,C09738,2025-02-10 00:00:00,CMP002,CH01
T017318,C09738,2025-02-12 15:58:00,CMP003,CH02
T017319,C09739,2025-05-22 00:00:00,CMP001,CH01
T017320,C09740,2025-05-11 00:00:00,CMP004,CH02
T017321,C09740,2025-05-15 20:38:00,CMP002,CH01
T017322,C09741,2025-09-27 00:00:00,CMP002,CH01
T017323,C09742,2025-11-14 00:00:00,CMP002,CH01
T017324,C09743,2025-11-18 00:00:00,CMP001,CH01
T017325,C09743,2025-11-20 20:59:00,CMP005,CH03
T017326,C09744,2025-02-19 00:00:00,CMP005,CH03
T017327,C09744,2025-02-20 10:38:00,CMP003,CH02
T017328,C09744,2025-02-27 14:41:00,CMP002,CH01
T017329,C09745,2025-03-07 00:00:00,CMP002,CH01
T017330,C09746,2025-11-07 00:00:00,CMP002,CH01
T017331,C09746,2025-11-10 13:25:00,CMP003,CH02
T017332,C09746,2025-11-17 20:44:00,CMP004,CH02
T017333,C09747,2025-07-02 00:00:00,CMP003,CH02
T017334,C09748,2025-03-30 00:00:00,CMP004,CH02
T017335,C09748,2025-04-04 20:26:00,CMP001,CH01
T017336,C09749,2025-04-24 00:00:00,CMP004,CH02
T017337,C09749,2025-04-29 02:12:00,CMP001,CH01
T017338,C09750,2025-07-15 00:00:00,CMP001,CH01
T017339,C09751,2025-01-15 00:00:00,CMP001,CH01
T017340,C09751,2025-01-19 17:19:00,CMP001,CH01
T017341,C09752,2025-07-02 00:00:00,CMP003,CH02
T017342,C09755,2025-02-25 00:00:00,CMP001,CH01
T017343,C09756,2025-06-06 00:00:00,CMP001,CH01
T017344,C09756,2025-06-10 05:20:00,CMP001,CH01
T017345,C09756,2025-06-12 02:58:00,CMP004,CH02
T017346,C09756,2025-06-15 17:29:00,CMP005,CH03
T017347,C09757,2025-05-03 00:00:00,CMP004,CH02
T017348,C09757,2025-05-07 19:38:00,CMP003,CH02
T017349,C09758,2025-09-06 00:00:00,CMP001,CH01
T017350,C09758,2025-09-11 02:59:00,CMP003,CH02
T017351,C09759,2025-01-18 00:00:00,CMP003,CH02
T017352,C09759,2025-01-22 06:11:00,CMP003,CH02
T017353,C09759,2025-01-28 10:24:00,CMP002,CH01
T017354,C09760,2025-05-28 00:00:00,CMP004,CH02
T017355,C09761,2025-06-14 00:00:00,CMP004,CH02
T017356,C09761,2025-06-17 09:44:00,CMP001,CH01
T017357,C09762,2025-05-05 00:00:00,CMP001,CH01
T017358,C09762,2025-05-07 03:27:00,CMP003,CH02
T017359,C09763,2025-03-31 00:00:00,CMP002,CH01
T017360,C09763,2025-04-01 16:26:00,CMP005,CH03
T017361,C09765,2025-03-25 00:00:00,CMP001,CH01
T017362,C09765,2025-03-31 07:27:00,CMP001,CH01
T017363,C09765,2025-04-01 19:29:00,CMP003,CH02
T017364,C09767,2025-09-01 00:00:00,CMP002,CH01
T017365,C09767,2025-09-07 04:51:00,CMP002,CH01
T017366,C09767,2025-09-10 21:46:00,CMP005,CH03
T017367,C09768,2025-12-28 00:00:00,CMP003,CH02
T017368,C09769,2025-12-31 00:00:00,CMP002,CH01
T017369,C09769,2026-01-04 05:47:00,CMP002,CH01
T017370,C09770,2025-06-15 00:00:00,CMP004,CH02
T017371,C09771,2025-08-08 00:00:00,CMP001,CH01
T017372,C09772,2025-09-22 00:00:00,CMP001,CH01
T017373,C09773,2025-07-12 00:00:00,CMP004,CH02
T017374,C09773,2025-07-15 10:16:00,CMP002,CH01
T017375,C09774,2025-04-10 00:00:00,CMP002,CH01
T017376,C09774,2025-04-13 05:26:00,CMP001,CH01
T017377,C09774,2025-04-18 23:13:00,CMP001,CH01
T017378,C09775,2025-06-12 00:00:00,CMP003,CH02
T017379,C09776,2025-07-12 00:00:00,CMP003,CH02
T017380,C09778,2025-03-28 00:00:00,CMP002,CH01
T017381,C09778,2025-03-29 23:57:00,CMP002,CH01
T017382,C09778,2025-04-02 20:10:00,CMP002,CH01
T017383,C09778,2025-04-09 00:23:00,CMP004,CH02
T017384,C09779,2025-01-02 00:00:00,CMP005,CH03
T017385,C09779,2025-01-05 15:26:00,CMP004,CH02
T017386,C09779,2025-01-11 11:42:00,CMP005,CH03
T017387,C09780,2025-01-14 00:00:00,CMP003,CH02
T017388,C09780,2025-01-21 14:53:00,CMP005,CH03
T017389,C09781,2025-01-24 00:00:00,CMP003,CH02
T017390,C09781,2025-01-27 05:13:00,CMP004,CH02
T017391,C09782,2025-06-21 00:00:00,CMP002,CH01
T017392,C09783,2025-12-29 00:00:00,CMP002,CH01
T017393,C09784,2025-12-01 00:00:00,CMP002,CH01
T017394,C09784,2025-12-04 15:31:00,CMP002,CH01
T017395,C09784,2025-12-09 00:17:00,CMP004,CH02
T017396,C09784,2025-12-14 02:06:00,CMP002,CH01
T017397,C09785,2025-01-06 00:00:00,CMP001,CH01
T017398,C09786,2025-03-06 00:00:00,CMP001,CH01
T017399,C09786,2025-03-11 05:13:00,CMP004,CH02
T017400,C09787,2025-10-06 00:00:00,CMP002,CH01
T017401,C09787,2025-10-11 06:05:00,CMP003,CH02
T017402,C09788,2025-01-31 00:00:00,CMP002,CH01
T017403,C09788,2025-02-05 10:11:00,CMP002,CH01
T017404,C09788,2025-02-09 18:34:00,CMP002,CH01
T017405,C09790,2025-07-29 00:00:00,CMP004,CH02
T017406,C09790,2025-08-04 19:07:00,CMP004,CH02
T017407,C09791,2025-07-10 00:00:00,CMP002,CH01
T017408,C09793,2025-07-07 00:00:00,CMP001,CH01
T017409,C09793,2025-07-14 22:23:00,CMP005,CH03
T017410,C09794,2025-11-28 00:00:00,CMP003,CH02
T017411,C09794,2025-12-05 15:56:00,CMP004,CH02
T017412,C09797,2025-09-24 00:00:00,CMP003,CH02
T017413,C09798,2025-08-26 00:00:00,CMP001,CH01
T017414,C09798,2025-08-29 15:38:00,CMP003,CH02
T017415,C09799,2025-11-10 00:00:00,CMP002,CH01
T017416,C09799,2025-11-13 12:38:00,CMP004,CH02
T017417,C09799,2025-11-20 09:44:00,CMP004,CH02
T017418,C09799,2025-11-25 19:13:00,CMP005,CH03
T017419,C09799,2025-12-01 04:27:00,CMP002,CH01
T017420,C09800,2025-08-30 00:00:00,CMP003,CH02
T017421,C09800,2025-09-03 02:42:00,CMP002,CH01
T017422,C09800,2025-09-09 17:54:00,CMP001,CH01
T017423,C09801,2025-08-08 00:00:00,CMP001,CH01
T017424,C09804,2025-11-21 00:00:00,CMP002,CH01
T017425,C09805,2025-07-24 00:00:00,CMP003,CH02
T017426,C09807,2025-03-28 00:00:00,CMP002,CH01
T017427,C09807,2025-03-30 13:21:00,CMP001,CH01
T017428,C09808,2025-12-13 00:00:00,CMP002,CH01
T017429,C09808,2025-12-14 15:16:00,CMP003,CH02
T017430,C09809,2025-05-08 00:00:00,CMP003,CH02
T017431,C09809,2025-05-12 04:02:00,CMP005,CH03
T017432,C09811,2025-04-24 00:00:00,CMP001,CH01
T017433,C09811,2025-04-25 16:27:00,CMP001,CH01
T017434,C09811,2025-04-27 09:01:00,CMP002,CH01
T017435,C09813,2025-06-18 00:00:00,CMP002,CH01
T017436,C09813,2025-06-25 07:14:00,CMP003,CH02
T017437,C09813,2025-06-28 14:12:00,CMP002,CH01
T017438,C09814,2025-11-27 00:00:00,CMP005,CH03
T017439,C09815,2025-10-03 00:00:00,CMP002,CH01
T017440,C09815,2025-10-06 15:08:00,CMP005,CH03
T017441,C09815,2025-10-11 01:01:00,CMP001,CH01
T017442,C09816,2025-01-31 00:00:00,CMP003,CH02
T017443,C09816,2025-02-05 23:06:00,CMP005,CH03
T017444,C09816,2025-02-11 21:34:00,CMP002,CH01
T017445,C09817,2025-12-21 00:00:00,CMP003,CH02
T017446,C09817,2025-12-26 00:18:00,CMP002,CH01
T017447,C09818,2025-01-23 00:00:00,CMP005,CH03
T017448,C09818,2025-01-29 13:22:00,CMP001,CH01
T017449,C09819,2025-11-01 00:00:00,CMP001,CH01
T017450,C09820,2025-08-26 00:00:00,CMP002,CH01
T017451,C09820,2025-08-30 12:24:00,CMP001,CH01
T017452,C09820,2025-08-31 19:25:00,CMP004,CH02
T017453,C09820,2025-09-06 19:31:00,CMP003,CH02
T017454,C09821,2025-09-30 00:00:00,CMP003,CH02
T017455,C09822,2025-11-03 00:00:00,CMP001,CH01
T017456,C09822,2025-11-07 18:43:00,CMP001,CH01
T017457,C09823,2025-07-11 00:00:00,CMP002,CH01
T017458,C09824,2025-07-02 00:00:00,CMP003,CH02
T017459,C09825,2025-10-04 00:00:00,CMP001,CH01
T017460,C09825,2025-10-05 05:55:00,CMP002,CH01
T017461,C09826,2025-01-17 00:00:00,CMP001,CH01
T017462,C09826,2025-01-20 05:20:00,CMP003,CH02
T017463,C09826,2025-01-27 03:55:00,CMP002,CH01
T017464,C09827,2025-01-20 00:00:00,CMP004,CH02
T017465,C09827,2025-01-21 06:08:00,CMP002,CH01
T017466,C09828,2025-10-27 00:00:00,CMP005,CH03
T017467,C09828,2025-10-30 15:01:00,CMP003,CH02
T017468,C09828,2025-11-04 11:19:00,CMP003,CH02
T017469,C09828,2025-11-11 00:59:00,CMP004,CH02
T017470,C09829,2025-10-10 00:00:00,CMP003,CH02
T017471,C09829,2025-10-13 05:28:00,CMP003,CH02
T017472,C09829,2025-10-21 01:16:00,CMP001,CH01
T017473,C09830,2025-11-28 00:00:00,CMP003,CH02
T017474,C09831,2025-01-29 00:00:00,CMP001,CH01
T017475,C09831,2025-01-30 14:43:00,CMP002,CH01
T017476,C09832,2025-05-26 00:00:00,CMP001,CH01
T017477,C09832,2025-05-31 21:29:00,CMP005,CH03
T017478,C09833,2025-05-06 00:00:00,CMP004,CH02
T017479,C09833,2025-05-10 16:04:00,CMP003,CH02
T017480,C09833,2025-05-15 02:41:00,CMP002,CH01
T017481,C09834,2025-06-04 00:00:00,CMP003,CH02
T017482,C09834,2025-06-06 10:57:00,CMP005,CH03
T017483,C09834,2025-06-13 06:25:00,CMP001,CH01
T017484,C09835,2025-02-11 00:00:00,CMP001,CH01
T017485,C09836,2025-09-04 00:00:00,CMP002,CH01
T017486,C09838,2025-12-28 00:00:00,CMP002,CH01
T017487,C09838,2026-01-04 00:58:00,CMP003,CH02
T017488,C09839,2025-07-14 00:00:00,CMP002,CH01
T017489,C09839,2025-07-20 16:08:00,CMP004,CH02
T017490,C09841,2025-09-15 00:00:00,CMP001,CH01
T017491,C09841,2025-09-22 08:18:00,CMP005,CH03
T017492,C09841,2025-09-30 03:30:00,CMP001,CH01
T017493,C09841,2025-10-05 14:51:00,CMP002,CH01
T017494,C09842,2025-04-07 00:00:00,CMP004,CH02
T017495,C09843,2025-06-11 00:00:00,CMP003,CH02
T017496,C09843,2025-06-18 05:09:00,CMP001,CH01
T017497,C09843,2025-06-23 16:49:00,CMP003,CH02
T017498,C09844,2025-07-31 00:00:00,CMP001,CH01
T017499,C09844,2025-08-07 11:27:00,CMP004,CH02
T017500,C09845,2025-01-24 00:00:00,CMP004,CH02
T017501,C09845,2025-01-31 17:32:00,CMP002,CH01
T017502,C09845,2025-02-06 05:53:00,CMP002,CH01
T017503,C09846,2025-05-21 00:00:00,CMP004,CH02
T017504,C09846,2025-05-25 05:32:00,CMP003,CH02
T017505,C09846,2025-05-27 06:06:00,CMP001,CH01
T017506,C09846,2025-06-03 03:49:00,CMP001,CH01
T017507,C09849,2025-11-19 00:00:00,CMP003,CH02
T017508,C09849,2025-11-20 04:51:00,CMP005,CH03
T017509,C09849,2025-11-24 11:21:00,CMP004,CH02
T017510,C09850,2025-11-27 00:00:00,CMP001,CH01
T017511,C09851,2025-09-12 00:00:00,CMP001,CH01
T017512,C09853,2025-08-16 00:00:00,CMP002,CH01
T017513,C09853,2025-08-17 21:42:00,CMP005,CH03
T017514,C09855,2025-08-14 00:00:00,CMP003,CH02
T017515,C09855,2025-08-19 16:50:00,CMP002,CH01
T017516,C09856,2025-11-09 00:00:00,CMP001,CH01
T017517,C09856,2025-11-16 16:05:00,CMP004,CH02
T017518,C09857,2025-09-20 00:00:00,CMP001,CH01
T017519,C09858,2025-02-27 00:00:00,CMP004,CH02
T017520,C09858,2025-03-05 00:51:00,CMP004,CH02
T017521,C09858,2025-03-09 19:14:00,CMP003,CH02
T017522,C09859,2025-02-23 00:00:00,CMP002,CH01
T017523,C09860,2025-04-28 00:00:00,CMP004,CH02
T017524,C09860,2025-05-03 15:44:00,CMP003,CH02
T017525,C09860,2025-05-05 07:29:00,CMP002,CH01
T017526,C09861,2025-04-05 00:00:00,CMP005,CH03
T017527,C09861,2025-04-11 05:15:00,CMP002,CH01
T017528,C09861,2025-04-18 01:20:00,CMP005,CH03
T017529,C09861,2025-04-21 10:33:00,CMP003,CH02
T017530,C09862,2025-12-09 00:00:00,CMP004,CH02
T017531,C09862,2025-12-14 04:13:00,CMP002,CH01
T017532,C09862,2025-12-20 19:02:00,CMP003,CH02
T017533,C09863,2025-06-22 00:00:00,CMP002,CH01
T017534,C09863,2025-06-25 19:11:00,CMP001,CH01
T017535,C09864,2025-09-04 00:00:00,CMP001,CH01
T017536,C09864,2025-09-10 08:47:00,CMP004,CH02
T017537,C09866,2025-08-10 00:00:00,CMP001,CH01
T017538,C09866,2025-08-12 14:06:00,CMP005,CH03
T017539,C09866,2025-08-19 12:56:00,CMP003,CH02
T017540,C09867,2025-02-06 00:00:00,CMP002,CH01
T017541,C09869,2025-06-17 00:00:00,CMP001,CH01
T017542,C09869,2025-06-22 20:37:00,CMP003,CH02
T017543,C09870,2025-10-28 00:00:00,CMP002,CH01
T017544,C09870,2025-10-31 20:54:00,CMP002,CH01
T017545,C09870,2025-11-05 01:30:00,CMP001,CH01
T017546,C09872,2025-01-27 00:00:00,CMP005,CH03
T017547,C09872,2025-01-31 07:56:00,CMP002,CH01
T017548,C09873,2025-09-21 00:00:00,CMP003,CH02
T017549,C09875,2025-09-03 00:00:00,CMP003,CH02
T017550,C09875,2025-09-08 18:43:00,CMP001,CH01
T017551,C09877,2025-07-03 00:00:00,CMP001,CH01
T017552,C09877,2025-07-04 03:22:00,CMP003,CH02
T017553,C09879,2025-05-29 00:00:00,CMP004,CH02
T017554,C09880,2025-11-27 00:00:00,CMP002,CH01
T017555,C09880,2025-12-03 03:40:00,CMP004,CH02
T017556,C09880,2025-12-05 22:03:00,CMP001,CH01
T017557,C09880,2025-12-08 23:55:00,CMP003,CH02
T017558,C09880,2025-12-16 12:00:00,CMP001,CH01
T017559,C09881,2025-07-04 00:00:00,CMP001,CH01
T017560,C09881,2025-07-10 20:51:00,CMP003,CH02
T017561,C09884,2025-06-27 00:00:00,CMP001,CH01
T017562,C09884,2025-07-04 09:10:00,CMP001,CH01
T017563,C09885,2025-01-28 00:00:00,CMP001,CH01
T017564,C09885,2025-02-03 12:53:00,CMP001,CH01
T017565,C09885,2025-02-06 20:06:00,CMP002,CH01
T017566,C09885,2025-02-11 05:21:00,CMP002,CH01
T017567,C09887,2025-08-17 00:00:00,CMP002,CH01
T017568,C09888,2025-03-26 00:00:00,CMP001,CH01
T017569,C09888,2025-04-01 22:36:00,CMP004,CH02
T017570,C09889,2025-05-24 00:00:00,CMP001,CH01
T017571,C09889,2025-05-30 12:32:00,CMP003,CH02
T017572,C09889,2025-06-01 10:18:00,CMP002,CH01
T017573,C09890,2025-09-07 00:00:00,CMP001,CH01
T017574,C09891,2025-11-28 00:00:00,CMP003,CH02
T017575,C09892,2025-06-19 00:00:00,CMP001,CH01
T017576,C09892,2025-06-20 11:07:00,CMP003,CH02
T017577,C09893,2025-04-15 00:00:00,CMP001,CH01
T017578,C09893,2025-04-21 09:20:00,CMP001,CH01
T017579,C09893,2025-04-22 12:00:00,CMP002,CH01
T017580,C09893,2025-04-28 16:08:00,CMP003,CH02
T017581,C09893,2025-05-02 08:30:00,CMP002,CH01
T017582,C09894,2025-11-23 00:00:00,CMP001,CH01
T017583,C09894,2025-11-27 22:52:00,CMP001,CH01
T017584,C09895,2025-06-26 00:00:00,CMP005,CH03
T017585,C09895,2025-06-28 16:53:00,CMP002,CH01
T017586,C09896,2025-07-12 00:00:00,CMP001,CH01
T017587,C09896,2025-07-15 20:33:00,CMP001,CH01
T017588,C09897,2025-07-14 00:00:00,CMP002,CH01
T017589,C09897,2025-07-15 17:59:00,CMP003,CH02
T017590,C09898,2025-08-23 00:00:00,CMP001,CH01
T017591,C09898,2025-08-26 19:23:00,CMP004,CH02
T017592,C09898,2025-08-28 23:21:00,CMP001,CH01
T017593,C09900,2025-07-09 00:00:00,CMP002,CH01
T017594,C09900,2025-07-11 03:42:00,CMP002,CH01
T017595,C09900,2025-07-15 00:43:00,CMP002,CH01
T017596,C09901,2025-05-15 00:00:00,CMP005,CH03
T017597,C09901,2025-05-19 14:20:00,CMP004,CH02
T017598,C09901,2025-05-22 02:59:00,CMP001,CH01
T017599,C09902,2025-10-25 00:00:00,CMP001,CH01
T017600,C09902,2025-10-26 00:24:00,CMP004,CH02
T017601,C09902,2025-10-30 13:15:00,CMP002,CH01
T017602,C09903,2025-02-19 00:00:00,CMP001,CH01
T017603,C09903,2025-02-24 03:10:00,CMP001,CH01
T017604,C09904,2025-04-20 00:00:00,CMP002,CH01
T017605,C09904,2025-04-26 10:05:00,CMP003,CH02
T017606,C09904,2025-04-28 03:32:00,CMP002,CH01
T017607,C09905,2025-08-09 00:00:00,CMP005,CH03
T017608,C09905,2025-08-14 23:42:00,CMP001,CH01
T017609,C09905,2025-08-20 09:35:00,CMP004,CH02
T017610,C09909,2025-04-14 00:00:00,CMP001,CH01
T017611,C09911,2025-11-19 00:00:00,CMP001,CH01
T017612,C09912,2025-05-15 00:00:00,CMP002,CH01
T017613,C09912,2025-05-17 21:01:00,CMP003,CH02
T017614,C09912,2025-05-23 08:35:00,CMP002,CH01
T017615,C09912,2025-05-25 05:39:00,CMP003,CH02
T017616,C09912,2025-05-28 05:26:00,CMP001,CH01
T017617,C09913,2025-08-28 00:00:00,CMP003,CH02
T017618,C09913,2025-09-04 11:06:00,CMP003,CH02
T017619,C09913,2025-09-08 06:20:00,CMP001,CH01
T017620,C09914,2025-04-26 00:00:00,CMP003,CH02
T017621,C09915,2025-06-28 00:00:00,CMP002,CH01
T017622,C09915,2025-07-03 04:44:00,CMP001,CH01
T017623,C09915,2025-07-06 19:56:00,CMP001,CH01
T017624,C09916,2025-05-20 00:00:00,CMP001,CH01
T017625,C09917,2025-10-24 00:00:00,CMP005,CH03
T017626,C09918,2025-11-07 00:00:00,CMP001,CH01
T017627,C09918,2025-11-11 10:01:00,CMP004,CH02
T017628,C09919,2025-01-23 00:00:00,CMP001,CH01
T017629,C09919,2025-01-27 06:35:00,CMP003,CH02
T017630,C09919,2025-01-28 22:06:00,CMP001,CH01
T017631,C09919,2025-01-30 22:57:00,CMP005,CH03
T017632,C09919,2025-02-01 19:43:00,CMP005,CH03
T017633,C09920,2025-02-13 00:00:00,CMP001,CH01
T017634,C09920,2025-02-14 06:39:00,CMP004,CH02
T017635,C09920,2025-02-17 21:48:00,CMP005,CH03
T017636,C09921,2025-07-10 00:00:00,CMP002,CH01
T017637,C09921,2025-07-17 09:59:00,CMP002,CH01
T017638,C09921,2025-07-23 06:17:00,CMP002,CH01
T017639,C09922,2025-08-22 00:00:00,CMP004,CH02
T017640,C09923,2025-04-03 00:00:00,CMP003,CH02
T017641,C09924,2025-01-01 00:00:00,CMP004,CH02
T017642,C09924,2025-01-07 21:06:00,CMP002,CH01
T017643,C09925,2025-04-06 00:00:00,CMP001,CH01
T017644,C09928,2025-06-13 00:00:00,CMP004,CH02
T017645,C09929,2025-11-19 00:00:00,CMP004,CH02
T017646,C09932,2025-04-01 00:00:00,CMP002,CH01
T017647,C09933,2025-07-19 00:00:00,CMP004,CH02
T017648,C09936,2025-03-30 00:00:00,CMP002,CH01
T017649,C09938,2025-06-22 00:00:00,CMP004,CH02
T017650,C09939,2025-12-23 00:00:00,CMP003,CH02
T017651,C09940,2025-04-12 00:00:00,CMP001,CH01
T017652,C09940,2025-04-13 14:28:00,CMP005,CH03
T017653,C09940,2025-04-18 01:41:00,CMP002,CH01
T017654,C09941,2025-06-02 00:00:00,CMP001,CH01
T017655,C09941,2025-06-04 00:22:00,CMP004,CH02
T017656,C09941,2025-06-07 20:41:00,CMP003,CH02
T017657,C09942,2025-03-16 00:00:00,CMP003,CH02
T017658,C09943,2025-11-18 00:00:00,CMP002,CH01
T017659,C09943,2025-11-19 01:42:00,CMP002,CH01
T017660,C09943,2025-11-26 21:49:00,CMP004,CH02
T017661,C09944,2025-08-07 00:00:00,CMP003,CH02
T017662,C09944,2025-08-08 04:14:00,CMP002,CH01
T017663,C09947,2025-01-15 00:00:00,CMP001,CH01
T017664,C09948,2025-08-20 00:00:00,CMP004,CH02
T017665,C09950,2025-01-05 00:00:00,CMP002,CH01
T017666,C09950,2025-01-06 15:56:00,CMP001,CH01
T017667,C09951,2025-12-15 00:00:00,CMP003,CH02
T017668,C09951,2025-12-16 09:12:00,CMP004,CH02
T017669,C09952,2025-07-04 00:00:00,CMP002,CH01
T017670,C09952,2025-07-11 15:52:00,CMP003,CH02
T017671,C09952,2025-07-15 01:50:00,CMP004,CH02
T017672,C09954,2025-01-22 00:00:00,CMP003,CH02
T017673,C09954,2025-01-23 15:10:00,CMP004,CH02
T017674,C09954,2025-01-27 04:36:00,CMP001,CH01
T017675,C09955,2025-07-04 00:00:00,CMP002,CH01
T017676,C09955,2025-07-09 06:03:00,CMP002,CH01
T017677,C09955,2025-07-15 19:50:00,CMP004,CH02
T017678,C09958,2025-08-30 00:00:00,CMP004,CH02
T017679,C09960,2025-10-20 00:00:00,CMP002,CH01
T017680,C09960,2025-10-27 21:58:00,CMP002,CH01
T017681,C09963,2025-05-29 00:00:00,CMP003,CH02
T017682,C09963,2025-05-30 03:52:00,CMP001,CH01
T017683,C09964,2025-06-12 00:00:00,CMP003,CH02
T017684,C09965,2025-01-29 00:00:00,CMP004,CH02
T017685,C09965,2025-01-30 02:50:00,CMP001,CH01
T017686,C09965,2025-02-06 20:03:00,CMP003,CH02
T017687,C09966,2025-03-31 00:00:00,CMP001,CH01
T017688,C09966,2025-04-06 17:52:00,CMP001,CH01
T017689,C09966,2025-04-10 06:00:00,CMP005,CH03
T017690,C09967,2025-10-25 00:00:00,CMP003,CH02
T017691,C09967,2025-10-26 01:21:00,CMP002,CH01
T017692,C09968,2025-08-26 00:00:00,CMP004,CH02
T017693,C09969,2025-03-08 00:00:00,CMP001,CH01
T017694,C09970,2025-04-27 00:00:00,CMP001,CH01
T017695,C09974,2025-07-16 00:00:00,CMP002,CH01
T017696,C09974,2025-07-17 04:39:00,CMP002,CH01
T017697,C09974,2025-07-19 07:33:00,CMP001,CH01
T017698,C09975,2025-02-21 00:00:00,CMP005,CH03
T017699,C09975,2025-02-25 22:04:00,CMP005,CH03
T017700,C09975,2025-02-28 11:35:00,CMP004,CH02
T017701,C09976,2025-07-17 00:00:00,CMP002,CH01
T017702,C09977,2025-01-19 00:00:00,CMP001,CH01
T017703,C09977,2025-01-23 03:42:00,CMP002,CH01
T017704,C09977,2025-01-27 07:17:00,CMP003,CH02
T017705,C09977,2025-01-29 07:10:00,CMP001,CH01
T017706,C09978,2025-02-17 00:00:00,CMP003,CH02
T017707,C09978,2025-02-24 14:57:00,CMP003,CH02
T017708,C09979,2025-08-26 00:00:00,CMP004,CH02
T017709,C09979,2025-08-29 18:49:00,CMP002,CH01
T017710,C09982,2025-08-07 00:00:00,CMP003,CH02
T017711,C09982,2025-08-11 11:44:00,CMP003,CH02
T017712,C09983,2025-07-19 00:00:00,CMP001,CH01
T017713,C09983,2025-07-20 02:31:00,CMP003,CH02
T017714,C09984,2025-09-18 00:00:00,CMP001,CH01
T017715,C09984,2025-09-19 21:11:00,CMP003,CH02
T017716,C09985,2025-04-19 00:00:00,CMP003,CH02
T017717,C09986,2025-05-02 00:00:00,CMP004,CH02
T017718,C09987,2025-08-22 00:00:00,CMP001,CH01
T017719,C09987,2025-08-26 09:11:00,CMP005,CH03
T017720,C09987,2025-08-29 19:01:00,CMP001,CH01
T017721,C09988,2025-09-04 00:00:00,CMP003,CH02
T017722,C09988,2025-09-07 01:25:00,CMP001,CH01
T017723,C09988,2025-09-12 08:27:00,CMP004,CH02
T017724,C09989,2025-07-19 00:00:00,CMP002,CH01
T017725,C09989,2025-07-24 17:28:00,CMP004,CH02
T017726,C09989,2025-07-27 03:13:00,CMP002,CH01
T017727,C09990,2025-05-19 00:00:00,CMP001,CH01
T017728,C09990,2025-05-23 05:10:00,CMP004,CH02
T017729,C09991,2025-01-04 00:00:00,CMP004,CH02
T017730,C09991,2025-01-05 00:40:00,CMP002,CH01
T017731,C09992,2025-09-28 00:00:00,CMP002,CH01
T017732,C09992,2025-10-03 06:21:00,CMP004,CH02
T017733,C09994,2025-11-29 00:00:00,CMP002,CH01
T017734,C09994,2025-12-01 11:10:00,CMP002,CH01
T017735,C09995,2025-04-13 00:00:00,CMP002,CH01
T017736,C09995,2025-04-19 23:04:00,CMP001,CH01
T017737,C09996,2025-10-05 00:00:00,CMP001,CH01
T017738,C09996,2025-10-10 08:58:00,CMP005,CH03
T017739,C09997,2025-01-31 00:00:00,CMP001,CH01
T017740,C10000,2025-04-25 00:00:00,CMP002,CH01
T017741,C10000,2025-04-27 13:08:00,CMP004,CH02
T017742,C10000,2025-05-03 07:53:00,CMP003,CH02
T017743,C10000,2025-05-05 01:15:00,CMP001,CH01
