booking_id,customer_id,booking_timestamp,booking_value,attributed_campaign_id
B000001,C00002,2025-07-04 04:00:00,348.89,CMP004
B000002,C00002,2025-08-18 11:00:00,401.82,CMP002
B000003,C00002,2025-11-16 13:00:00,484.98,CMP001
B000004,C00006,2025-09-24 20:00:00,168.72,CMP005
B000005,C00006,2025-10-25 03:00:00,366.08,CMP001
B000006,C00006,2025-11-08 08:00:00,206.58,CMP004
B000007,C00006,2025-11-22 10:00:00,304.8,CMP002
B000008,C00007,2025-03-31 04:00:00,246.42,CMP005
B000009,C00008,2025-10-07 06:00:00,236.63,CMP003
B000010,C00009,2025-10-22 10:00:00,240.27,
B000011,C00009,2025-11-12 17:00:00,679.5,CMP003
B000012,C00009,2025-12-04 04:00:00,574.9,CMP001
B000013,C00009,2025-12-18 06:00:00,509.63,CMP004
B000014,C00011,2025-09-03 09:00:00,236.0,CMP002
B000015,C00012,2025-12-23 05:00:00,260.03,CMP005
B000016,C00015,2025-08-08 09:00:00,541.58,
B000017,C00015,2025-08-29 10:00:00,580.57,CMP002
B000018,C00015,2025-10-13 21:00:00,934.09,
B000019,C00016,2025-05-26 01:00:00,347.56,CMP002
B000020,C00016,2025-07-10 03:00:00,438.02,CMP005
B000021,C00016,2025-08-24 08:00:00,256.67,CMP002
B000022,C00016,2025-08-31 15:00:00,505.8,CMP001
B000023,C00017,2025-07-13 03:00:00,497.69,CMP002
B000024,C00018,2025-08-12 16:00:00,656.04,CMP004
B000025,C00019,2025-07-08 02:00:00,412.1,CMP003
B000026,C00020,2025-02-25 04:00:00,184.66,CMP003
B000027,C00020,2025-03-04 11:00:00,211.79,CMP002
B000028,C00020,2025-04-18 18:00:00,282.15,CMP001
B000029,C00022,2025-08-24 13:00:00,694.0,CMP001
B000030,C00023,2025-07-29 17:00:00,367.39,CMP003
B000031,C00024,2025-11-24 15:00:00,265.55,CMP001
B000032,C00024,2025-12-01 23:00:00,117.99,CMP001
B000033,C00025,2025-08-11 11:00:00,336.9,CMP002
B000034,C00025,2025-08-25 15:00:00,278.82,CMP004
B000035,C00025,2025-09-01 23:00:00,273.03,CMP003
B000036,C00025,2025-09-09 04:00:00,349.33,CMP004
B000037,C00028,2025-06-23 03:00:00,189.98,CMP003
B000038,C00029,2025-05-24 08:00:00,122.43,CMP003
B000039,C00029,2025-07-08 13:00:00,587.96,CMP001
B000040,C00029,2025-09-06 19:00:00,252.75,CMP003
B000041,C00030,2025-07-27 16:00:00,196.25,CMP003
B000042,C00030,2025-08-10 17:00:00,149.91,CMP003
B000043,C00030,2025-09-25 03:00:00,115.0,
B000044,C00030,2025-10-16 07:00:00,710.66,
B000045,C00032,2025-05-10 16:00:00,404.54,CMP002
B000046,C00032,2025-05-18 00:00:00,143.77,CMP003
B000047,C00032,2025-06-08 07:00:00,386.28,CMP004
B000048,C00032,2025-07-23 15:00:00,397.94,CMP004
B000049,C00035,2025-12-17 18:00:00,243.22,CMP002
B000050,C00040,2025-05-15 20:00:00,142.31,CMP004
B000051,C00040,2025-08-14 03:00:00,356.78,
B000052,C00040,2025-09-04 15:00:00,151.28,CMP001
B000053,C00040,2025-12-03 17:00:00,698.33,CMP005
B000054,C00041,2025-03-15 13:00:00,278.98,CMP002
B000055,C00042,2025-01-24 12:00:00,195.77,CMP004
B000056,C00043,2025-08-31 08:00:00,586.25,CMP003
B000057,C00045,2025-11-02 04:00:00,509.68,CMP003
B000058,C00046,2025-06-30 12:00:00,473.23,CMP003
B000059,C00046,2025-07-30 16:00:00,643.31,CMP002
B000060,C00046,2025-09-14 00:00:00,486.86,
B000061,C00046,2025-10-05 06:00:00,269.88,CMP001
B000062,C00047,2025-10-28 08:00:00,216.89,
B000063,C00047,2025-12-27 10:00:00,190.13,CMP002
B000064,C00049,2025-06-01 12:00:00,181.05,CMP003
B000065,C00050,2025-12-02 02:00:00,180.82,CMP001
B000066,C00051,2025-11-14 13:00:00,706.44,CMP002
B000067,C00053,2025-06-19 04:00:00,629.81,CMP004
B000068,C00055,2025-02-28 11:00:00,258.61,CMP002
B000069,C00057,2025-05-06 15:00:00,188.29,
B000070,C00058,2025-08-28 20:00:00,348.63,
B000071,C00059,2025-08-07 01:00:00,310.69,CMP005
B000072,C00059,2025-08-21 10:00:00,973.48,CMP002
B000073,C00060,2025-09-28 19:00:00,538.42,CMP004
B000074,C00061,2025-11-30 18:00:00,634.94,
B000075,C00063,2025-03-19 07:00:00,156.68,CMP005
B000076,C00064,2025-11-11 04:00:00,280.8,CMP003
B000077,C00064,2025-12-11 15:00:00,310.79,CMP005
B000078,C00064,2025-12-25 16:00:00,200.43,CMP002
B000079,C00068,2025-06-24 13:00:00,449.75,CMP002
B000080,C00070,2025-03-07 08:00:00,461.16,CMP001
B000081,C00070,2025-04-06 13:00:00,774.76,CMP003
B000082,C00070,2025-05-06 23:00:00,165.57,CMP004
B000083,C00074,2025-04-20 20:00:00,355.39,CMP003
B000084,C00075,2025-11-02 09:00:00,144.78,CMP003
B000085,C00075,2025-11-09 21:00:00,331.42,CMP001
B000086,C00075,2025-11-24 03:00:00,521.17,CMP001
B000087,C00080,2025-05-26 15:00:00,377.97,CMP003
B000088,C00080,2025-07-11 01:00:00,100.0,CMP004
B000089,C00080,2025-07-25 07:00:00,120.05,CMP003
B000090,C00080,2025-10-23 12:00:00,127.37,CMP001
B000091,C00083,2025-10-24 08:00:00,1128.37,CMP005
B000092,C00087,2025-09-30 18:00:00,275.42,CMP001
B000093,C00087,2025-10-07 20:00:00,173.73,CMP001
B000094,C00087,2025-10-15 06:00:00,341.22,CMP001
B000095,C00088,2025-12-03 11:00:00,218.68,CMP003
B000096,C00090,2025-07-28 02:00:00,389.87,CMP002
B000097,C00090,2025-08-27 11:00:00,281.39,CMP002
B000098,C00090,2025-09-10 17:00:00,393.76,CMP002
B000099,C00090,2025-09-18 05:00:00,773.51,CMP001
B000100,C00092,2025-09-15 06:00:00,265.21,CMP001
B000101,C00092,2025-09-29 10:00:00,226.07,CMP001
B000102,C00094,2025-06-06 01:00:00,175.53,CMP001
B000103,C00097,2025-02-19 19:00:00,346.58,
B000104,C00097,2025-05-20 23:00:00,450.89,
B000105,C00097,2025-08-19 05:00:00,218.3,
B000106,C00097,2025-10-03 16:00:00,479.66,CMP001
B000107,C00098,2025-12-25 09:00:00,372.14,CMP001
B000108,C00099,2025-03-13 07:00:00,280.7,CMP003
B000109,C00102,2025-10-10 05:00:00,697.4,CMP001
B000110,C00102,2025-12-09 13:00:00,100.0,CMP002
B000111,C00102,2025-12-23 17:00:00,128.19,CMP004
B000112,C00103,2025-05-02 17:00:00,506.24,CMP004
B000113,C00104,2025-12-06 09:00:00,303.74,CMP003
B000114,C00105,2025-07-02 04:00:00,113.03,
B000115,C00108,2025-08-10 17:00:00,200.29,CMP003
B000116,C00108,2025-09-09 21:00:00,451.52,CMP004
B000117,C00108,2025-10-01 00:00:00,153.31,CMP001
B000118,C00108,2025-10-08 02:00:00,694.21,CMP001
B000119,C00113,2025-03-22 05:00:00,319.53,
B000120,C00113,2025-05-21 07:00:00,233.14,CMP001
B000121,C00113,2025-06-20 17:00:00,756.49,CMP002
B000122,C00113,2025-07-05 04:00:00,263.82,CMP005
B000123,C00115,2025-04-28 11:00:00,249.68,CMP003
B000124,C00116,2025-05-31 01:00:00,186.07,CMP001
B000125,C00116,2025-06-21 13:00:00,144.74,CMP005
B000126,C00116,2025-07-05 17:00:00,174.77,CMP001
B000127,C00116,2025-07-12 20:00:00,534.81,CMP002
B000128,C00117,2025-04-01 07:00:00,542.64,
B000129,C00117,2025-06-30 18:00:00,235.78,CMP001
B000130,C00118,2025-10-23 14:00:00,423.05,CMP003
B000131,C00119,2025-12-08 20:00:00,142.52,CMP005
B000132,C00120,2025-02-11 14:00:00,641.42,CMP005
B000133,C00120,2025-03-14 02:00:00,100.0,CMP002
B000134,C00121,2025-05-13 01:00:00,240.24,CMP003
B000135,C00122,2025-10-20 15:00:00,100.0,CMP001
B000136,C00122,2025-11-11 00:00:00,136.25,CMP001
B000137,C00123,2025-09-01 14:00:00,175.4,CMP003
B000138,C00124,2025-05-25 06:00:00,311.81,CMP003
B000139,C00124,2025-06-15 08:00:00,833.65,
B000140,C00124,2025-09-13 15:00:00,210.78,
B000141,C00125,2025-08-02 11:00:00,1081.82,CMP005
B000142,C00125,2025-08-23 14:00:00,618.63,CMP002
B000143,C00128,2025-10-22 11:00:00,301.25,CMP003
B000144,C00129,2025-10-13 15:00:00,364.38,CMP001
B000145,C00132,2025-11-28 02:00:00,172.42,CMP001
B000146,C00134,2025-11-15 20:00:00,153.96,CMP001
B000147,C00135,2025-10-13 11:00:00,1610.38,CMP004
B000148,C00135,2025-11-03 20:00:00,1047.83,CMP004
B000149,C00136,2025-10-23 18:00:00,320.76,CMP002
B000150,C00136,2025-10-30 22:00:00,129.14,CMP001
B000151,C00136,2025-12-15 08:00:00,615.8,CMP004
B000152,C00137,2025-04-13 19:00:00,244.97,CMP001
B000153,C00137,2025-05-13 21:00:00,160.57,CMP005
B000154,C00137,2025-06-04 08:00:00,565.41,CMP004
B000155,C00137,2025-06-18 09:00:00,116.81,CMP003
B000156,C00140,2025-12-01 14:00:00,266.51,
B000157,C00142,2025-03-28 20:00:00,763.48,CMP001
B000158,C00143,2025-12-09 18:00:00,103.73,CMP001
B000159,C00145,2025-06-09 11:00:00,100.0,
B000160,C00147,2025-08-26 09:00:00,100.0,CMP003
B000161,C00151,2025-11-28 03:00:00,616.44,
B000162,C00152,2025-03-22 17:00:00,726.46,
B000163,C00154,2025-03-18 04:00:00,1030.5,CMP004
B000164,C00155,2025-02-23 04:00:00,439.75,CMP002
B000165,C00155,2025-04-24 13:00:00,354.23,
B000166,C00157,2025-09-21 07:00:00,191.04,CMP001
B000167,C00157,2025-11-20 09:00:00,129.27,CMP002
B000168,C00161,2025-07-19 08:00:00,296.6,CMP004
B000169,C00161,2025-07-26 20:00:00,169.53,CMP003
B000170,C00161,2025-10-25 06:00:00,412.49,CMP004
B000171,C00161,2025-12-09 16:00:00,586.79,CMP002
B000172,C00162,2025-03-05 08:00:00,110.37,CMP001
B000173,C00162,2025-05-04 17:00:00,1115.44,CMP002
B000174,C00162,2025-08-02 20:00:00,316.08,CMP002
B000175,C00163,2025-04-21 20:00:00,307.26,
B000176,C00164,2025-04-06 09:00:00,265.12,CMP001
B000177,C00164,2025-04-13 21:00:00,860.77,CMP004
B000178,C00165,2025-05-08 01:00:00,279.82,CMP002
B000179,C00166,2025-12-01 20:00:00,378.65,CMP004
B000180,C00167,2025-08-21 10:00:00,472.11,
B000181,C00169,2025-10-10 04:00:00,100.0,CMP001
B000182,C00169,2025-10-24 16:00:00,261.33,CMP001
B000183,C00170,2025-02-21 08:00:00,198.04,CMP005
B000184,C00173,2025-04-06 19:00:00,146.1,CMP002
B000185,C00175,2025-10-12 09:00:00,153.75,CMP004
B000186,C00177,2025-04-07 07:00:00,787.74,CMP005
B000187,C00179,2025-11-30 02:00:00,268.44,
B000188,C00180,2025-09-04 19:00:00,676.61,
B000189,C00182,2025-02-18 15:00:00,302.05,CMP003
B000190,C00188,2025-04-23 18:00:00,120.02,CMP004
B000191,C00189,2025-06-30 07:00:00,226.12,
B000192,C00189,2025-07-14 08:00:00,122.89,CMP004
B000193,C00189,2025-07-21 19:00:00,361.09,CMP004
B000194,C00190,2025-05-20 01:00:00,302.24,CMP001
B000195,C00192,2025-08-03 06:00:00,183.43,CMP002
B000196,C00194,2025-06-16 11:00:00,217.56,CMP002
B000197,C00194,2025-06-30 18:00:00,376.12,CMP001
B000198,C00194,2025-07-15 03:00:00,134.95,CMP002
B000199,C00194,2025-09-13 06:00:00,100.0,CMP001
B000200,C00196,2025-02-16 07:00:00,181.36,CMP005
B000201,C00197,2025-06-12 11:00:00,483.73,CMP001
B000202,C00197,2025-07-12 14:00:00,127.19,CMP004
B000203,C00197,2025-07-26 17:00:00,292.48,CMP004
B000204,C00197,2025-08-26 03:00:00,245.57,CMP003
B000205,C00198,2025-10-15 12:00:00,217.77,
B000206,C00198,2025-11-14 13:00:00,211.86,CMP005
B000207,C00200,2025-12-27 12:00:00,425.56,CMP001
B000208,C00204,2025-10-02 06:00:00,109.67,CMP001
B000209,C00206,2025-03-01 03:00:00,670.7,CMP004
B000210,C00206,2025-03-08 10:00:00,211.22,CMP002
B000211,C00206,2025-04-07 12:00:00,515.37,CMP001
B000212,C00206,2025-04-21 21:00:00,484.75,CMP003
B000213,C00209,2025-12-19 01:00:00,241.2,CMP001
B000214,C00210,2025-07-13 18:00:00,399.11,CMP002
B000215,C00211,2025-09-26 09:00:00,241.59,CMP005
B000216,C00212,2025-11-20 19:00:00,241.5,CMP002
B000217,C00213,2025-02-12 11:00:00,254.95,CMP002
B000218,C00213,2025-03-14 20:00:00,428.19,CMP001
B000219,C00213,2025-06-13 00:00:00,211.42,CMP001
B000220,C00215,2025-11-05 07:00:00,370.09,CMP002
B000221,C00219,2025-12-09 14:00:00,101.66,CMP001
B000222,C00223,2025-09-15 08:00:00,250.02,
B000223,C00224,2025-11-29 05:00:00,711.59,CMP001
B000224,C00226,2025-08-26 01:00:00,100.0,CMP004
B000225,C00227,2025-04-10 19:00:00,100.0,CMP001
B000226,C00227,2025-06-09 20:00:00,243.51,CMP003
B000227,C00229,2025-02-15 02:00:00,100.0,CMP004
B000228,C00233,2025-09-20 01:00:00,244.93,
B000229,C00238,2025-02-27 07:00:00,336.44,CMP003
B000230,C00238,2025-03-20 17:00:00,118.67,CMP002
B000231,C00239,2025-06-07 06:00:00,629.25,CMP001
B000232,C00242,2025-06-28 03:00:00,320.81,
B000233,C00243,2025-12-01 08:00:00,391.31,CMP001
B000234,C00244,2025-04-02 20:00:00,670.8,
B000235,C00244,2025-04-09 21:00:00,494.38,CMP004
B000236,C00248,2025-12-20 14:00:00,529.32,CMP001
B000237,C00250,2025-05-14 15:00:00,274.25,CMP004
B000238,C00250,2025-06-13 16:00:00,173.84,CMP004
B000239,C00250,2025-07-05 00:00:00,525.79,CMP005
B000240,C00250,2025-08-04 03:00:00,100.0,CMP002
B000241,C00257,2025-11-15 01:00:00,547.21,
B000242,C00258,2025-11-10 14:00:00,209.29,CMP005
B000243,C00258,2025-11-25 02:00:00,688.75,CMP001
B000244,C00258,2025-12-02 12:00:00,221.13,CMP001
B000245,C00260,2025-10-19 14:00:00,240.0,CMP002
B000246,C00260,2025-11-09 20:00:00,153.16,CMP001
B000247,C00262,2025-07-03 15:00:00,450.09,CMP005
B000248,C00262,2025-08-18 00:00:00,185.41,CMP002
B000249,C00262,2025-11-16 12:00:00,405.52,CMP002
B000250,C00263,2025-10-21 16:00:00,255.09,CMP001
B000251,C00265,2025-03-15 03:00:00,106.1,CMP004
B000252,C00265,2025-04-29 13:00:00,155.24,CMP004
B000253,C00267,2025-07-24 10:00:00,133.56,
B000254,C00272,2025-08-15 20:00:00,154.8,CMP003
B000255,C00273,2025-09-23 03:00:00,770.93,CMP004
B000256,C00274,2025-08-18 15:00:00,134.11,CMP003
B000257,C00274,2025-11-16 23:00:00,112.15,
B000258,C00274,2025-12-17 00:00:00,151.52,CMP002
B000259,C00275,2025-11-28 18:00:00,324.81,CMP002
B000260,C00276,2025-01-22 13:00:00,255.28,CMP001
B000261,C00277,2025-11-27 19:00:00,386.82,CMP004
B000262,C00279,2025-06-20 09:00:00,100.0,CMP004
B000263,C00280,2025-09-02 09:00:00,137.94,CMP002
B000264,C00280,2025-09-09 11:00:00,328.21,CMP002
B000265,C00282,2025-06-08 18:00:00,470.84,CMP004
B000266,C00283,2025-06-29 15:00:00,269.34,
B000267,C00287,2025-09-10 12:00:00,147.55,CMP004
B000268,C00287,2025-11-09 14:00:00,389.51,CMP003
B000269,C00288,2025-11-25 10:00:00,175.76,CMP001
B000270,C00289,2025-09-03 12:00:00,568.0,CMP003
B000271,C00289,2025-10-04 00:00:00,222.27,CMP001
B000272,C00289,2025-10-25 02:00:00,367.65,CMP005
B000273,C00289,2025-11-01 10:00:00,329.18,CMP002
B000274,C00293,2025-07-06 06:00:00,235.48,CMP002
B000275,C00294,2025-05-06 08:00:00,540.87,CMP003
B000276,C00294,2025-05-13 10:00:00,964.56,CMP004
B000277,C00294,2025-06-03 20:00:00,552.93,CMP001
B000278,C00297,2025-09-21 15:00:00,524.32,CMP002
B000279,C00298,2025-03-11 08:00:00,608.24,CMP001
B000280,C00300,2025-08-13 15:00:00,433.18,
B000281,C00302,2025-12-29 05:00:00,199.65,CMP001
B000282,C00303,2025-03-06 06:00:00,206.49,CMP002
B000283,C00303,2025-05-05 10:00:00,279.02,
B000284,C00303,2025-08-03 21:00:00,516.16,
B000285,C00304,2025-06-08 20:00:00,1456.37,CMP002
B000286,C00304,2025-07-09 08:00:00,436.14,CMP002
B000287,C00304,2025-08-23 16:00:00,256.7,CMP005
B000288,C00306,2025-05-05 17:00:00,200.73,CMP001
B000289,C00306,2025-05-13 01:00:00,156.5,CMP005
B000290,C00307,2025-04-09 10:00:00,369.17,CMP002
B000291,C00307,2025-05-24 12:00:00,162.52,CMP003
B000292,C00307,2025-05-31 21:00:00,582.14,CMP002
B000293,C00309,2025-05-29 10:00:00,666.22,
B000294,C00310,2025-04-19 09:00:00,193.65,CMP003
B000295,C00310,2025-06-03 18:00:00,274.15,CMP001
B000296,C00310,2025-06-24 22:00:00,401.92,CMP002
B000297,C00312,2025-04-08 03:00:00,374.79,CMP001
B000298,C00319,2025-08-01 03:00:00,594.31,
B000299,C00320,2025-12-24 14:00:00,929.26,CMP001
B000300,C00321,2025-12-05 11:00:00,540.56,
B000301,C00322,2025-07-19 12:00:00,555.41,CMP001
B000302,C00322,2025-09-02 23:00:00,252.64,CMP003
B000303,C00324,2025-11-07 18:00:00,494.45,CMP001
B000304,C00327,2025-08-07 09:00:00,109.64,CMP005
B000305,C00329,2025-09-18 05:00:00,100.0,CMP003
B000306,C00331,2025-07-17 19:00:00,352.25,
B000307,C00335,2025-07-02 18:00:00,1264.6,CMP001
B000308,C00335,2025-07-16 20:00:00,269.38,CMP001
B000309,C00335,2025-08-31 08:00:00,323.86,CMP005
B000310,C00340,2025-02-15 01:00:00,172.4,CMP004
B000311,C00342,2025-05-02 16:00:00,258.66,CMP001
B000312,C00342,2025-06-01 22:00:00,367.21,CMP001
B000313,C00342,2025-06-23 01:00:00,1114.36,
B000314,C00344,2025-12-06 15:00:00,391.02,CMP003
B000315,C00345,2025-07-09 20:00:00,475.91,CMP002
B000316,C00348,2025-08-25 10:00:00,180.14,CMP003
B000317,C00349,2025-06-28 10:00:00,752.6,CMP003
B000318,C00349,2025-07-05 22:00:00,184.72,CMP004
B000319,C00349,2025-07-20 10:00:00,256.34,CMP001
B000320,C00350,2025-12-08 19:00:00,177.48,CMP001
B000321,C00351,2025-09-27 20:00:00,213.2,
B000322,C00351,2025-11-12 00:00:00,198.09,
B000323,C00352,2025-03-18 14:00:00,741.6,CMP003
B000324,C00353,2025-09-23 13:00:00,187.23,CMP003
B000325,C00354,2025-06-16 15:00:00,120.87,CMP001
B000326,C00354,2025-07-31 20:00:00,348.65,CMP002
B000327,C00355,2025-07-21 13:00:00,142.75,CMP002
B000328,C00355,2025-08-04 17:00:00,1020.9,CMP003
B000329,C00356,2025-11-23 16:00:00,131.24,CMP002
B000330,C00357,2025-11-26 06:00:00,191.97,
B000331,C00362,2025-11-29 04:00:00,313.98,CMP001
B000332,C00364,2025-06-02 16:00:00,371.84,CMP004
B000333,C00365,2025-06-23 14:00:00,164.94,CMP002
B000334,C00371,2025-06-18 17:00:00,259.0,CMP001
B000335,C00371,2025-07-18 23:00:00,416.01,CMP008
B000336,C00371,2025-09-02 00:00:00,381.64,
B000337,C00371,2025-09-16 02:00:00,316.25,CMP004
B000338,C00372,2025-03-13 02:00:00,584.45,CMP002
B000339,C00372,2025-04-27 07:00:00,100.0,
B000340,C00372,2025-06-11 16:00:00,425.5,
B000341,C00374,2025-12-28 02:00:00,244.61,CMP001
B000342,C00378,2025-07-15 06:00:00,640.99,CMP004
B000343,C00382,2025-02-19 06:00:00,203.33,CMP001
B000344,C00382,2025-02-26 10:00:00,1086.06,CMP005
B000345,C00382,2025-03-12 18:00:00,316.8,CMP001
B000346,C00386,2025-06-14 05:00:00,338.52,
B000347,C00386,2025-06-21 17:00:00,447.25,CMP002
B000348,C00387,2025-08-14 01:00:00,218.91,CMP004
B000349,C00387,2025-08-28 05:00:00,146.69,CMP003
B000350,C00387,2025-11-26 16:00:00,463.24,
B000351,C00388,2025-12-11 14:00:00,636.56,CMP001
B000352,C00389,2025-11-16 02:00:00,142.63,
B000353,C00391,2025-11-26 17:00:00,203.41,CMP005
B000354,C00393,2025-02-20 02:00:00,126.99,CMP001
B000355,C00394,2025-04-20 05:00:00,170.56,CMP001
B000356,C00395,2025-04-25 10:00:00,901.2,CMP001
B000357,C00395,2025-05-02 22:00:00,655.29,CMP001
B000358,C00395,2025-05-24 03:00:00,773.39,CMP002
B000359,C00396,2025-07-08 08:00:00,378.21,CMP001
B000360,C00399,2025-01-15 14:00:00,281.79,CMP001
B000361,C00400,2025-12-30 12:00:00,521.31,CMP001
B000362,C00401,2025-07-01 15:00:00,183.25,CMP003
B000363,C00401,2025-09-29 21:00:00,612.18,
B000364,C00401,2025-11-29 02:00:00,484.22,
B000365,C00402,2025-06-18 07:00:00,195.55,CMP001
B000366,C00402,2025-09-16 09:00:00,321.78,CMP004
B000367,C00402,2025-10-31 17:00:00,684.7,CMP003
B000368,C00402,2025-11-08 04:00:00,140.41,CMP003
B000369,C00404,2025-03-22 19:00:00,393.28,
B000370,C00404,2025-04-06 02:00:00,182.89,CMP002
B000371,C00404,2025-04-13 13:00:00,327.29,CMP003
B000372,C00405,2025-05-28 05:00:00,508.19,CMP001
B000373,C00405,2025-07-12 06:00:00,397.37,CMP003
B000374,C00406,2025-12-26 16:00:00,179.15,CMP004
B000375,C00407,2025-05-16 18:00:00,366.64,CMP002
B000376,C00407,2025-06-30 20:00:00,655.59,CMP002
B000377,C00407,2025-07-15 00:00:00,222.47,CMP001
B000378,C00411,2025-04-14 11:00:00,267.81,CMP003
B000379,C00412,2025-12-19 15:00:00,292.79,CMP001
B000380,C00414,2025-09-13 12:00:00,426.14,CMP001
B000381,C00414,2025-10-04 20:00:00,504.87,CMP002
B000382,C00414,2025-10-26 02:00:00,651.41,CMP001
B000383,C00416,2025-09-07 12:00:00,100.0,
B000384,C00417,2025-11-04 13:00:00,100.0,CMP001
B000385,C00417,2025-11-11 21:00:00,123.49,CMP002
B000386,C00424,2025-03-12 10:00:00,816.99,CMP002
B000387,C00426,2025-12-13 11:00:00,413.36,CMP004
B000388,C00427,2025-05-02 11:00:00,356.63,CMP002
B000389,C00427,2025-05-23 17:00:00,289.16,CMP005
B000390,C00428,2025-12-16 02:00:00,443.98,CMP001
B000391,C00429,2025-06-15 15:00:00,151.25,CMP004
B000392,C00429,2025-09-14 00:00:00,100.0,CMP002
B000393,C00429,2025-11-13 04:00:00,1007.75,
B000394,C00429,2025-12-04 09:00:00,270.52,CMP001
B000395,C00433,2025-08-02 09:00:00,107.41,CMP001
B000396,C00433,2025-08-09 15:00:00,611.83,CMP001
B000397,C00434,2025-03-24 16:00:00,362.01,CMP001
B000398,C00436,2025-11-02 01:00:00,100.0,CMP003
B000399,C00436,2025-12-17 06:00:00,1825.53,
B000400,C00437,2025-08-21 10:00:00,266.68,CMP003
B000401,C00439,2025-02-27 04:00:00,186.16,CMP002
B000402,C00439,2025-04-28 08:00:00,175.33,CMP002
B000403,C00439,2025-05-19 16:00:00,162.03,CMP004
B000404,C00439,2025-08-18 03:00:00,467.16,CMP005
B000405,C00441,2025-08-29 18:00:00,266.4,CMP002
B000406,C00441,2025-09-12 23:00:00,447.14,CMP003
B000407,C00441,2025-09-20 02:00:00,208.43,CMP001
B000408,C00443,2025-10-26 02:00:00,100.0,CMP002
B000409,C00444,2025-03-11 02:00:00,135.27,CMP003
B000410,C00444,2025-04-25 03:00:00,356.36,
B000411,C00444,2025-06-24 05:00:00,391.9,CMP001
B000412,C00447,2025-02-22 12:00:00,193.99,CMP003
B000413,C00448,2025-10-22 19:00:00,100.0,CMP003
B000414,C00448,2025-11-06 01:00:00,227.4,CMP002
B000415,C00451,2025-01-28 15:00:00,582.83,CMP004
B000416,C00451,2025-02-28 02:00:00,265.23,CMP004
B000417,C00454,2025-10-22 01:00:00,498.02,CMP001
B000418,C00454,2025-12-06 11:00:00,307.67,CMP001
B000419,C00454,2025-12-27 12:00:00,100.0,CMP004
B000420,C00455,2025-08-11 08:00:00,929.84,CMP001
B000421,C00456,2025-03-08 08:00:00,100.0,CMP001
B000422,C00458,2025-04-19 14:00:00,105.77,CMP002
B000423,C00458,2025-05-10 23:00:00,285.37,CMP001
B000424,C00458,2025-05-18 11:00:00,296.8,CMP005
B000425,C00458,2025-07-17 14:00:00,100.0,CMP001
B000426,C00459,2025-06-15 08:00:00,139.68,CMP001
B000427,C00459,2025-08-14 12:00:00,152.19,
B000428,C00459,2025-10-13 21:00:00,395.58,CMP002
B000429,C00460,2025-07-13 02:00:00,100.0,CMP001
B000430,C00460,2025-10-11 10:00:00,340.94,CMP003
B000431,C00464,2025-11-13 14:00:00,242.42,CMP004
B000432,C00466,2025-05-29 12:00:00,345.67,CMP001
B000433,C00468,2025-11-16 13:00:00,223.66,CMP002
B000434,C00470,2025-07-28 08:00:00,166.8,CMP005
B000435,C00470,2025-08-04 16:00:00,100.0,CMP003
B000436,C00471,2025-12-03 01:00:00,630.79,CMP001
B000437,C00473,2025-08-28 09:00:00,443.52,CMP002
B000438,C00474,2025-07-15 08:00:00,180.49,CMP004
B000439,C00476,2025-08-11 13:00:00,202.57,CMP003
B000440,C00476,2025-09-10 18:00:00,136.04,CMP004
B000441,C00478,2025-08-31 06:00:00,194.36,CMP001
B000442,C00478,2025-10-30 07:00:00,632.22,CMP004
B000443,C00482,2025-12-22 17:00:00,533.65,CMP001
B000444,C00484,2025-11-10 05:00:00,473.93,CMP002
B000445,C00484,2025-12-01 17:00:00,206.84,CMP004
B000446,C00488,2025-09-29 04:00:00,790.69,
B000447,C00488,2025-10-13 08:00:00,250.97,CMP001
B000448,C00490,2025-04-26 16:00:00,478.74,CMP001
B000449,C00490,2025-05-11 01:00:00,201.09,CMP004
B000450,C00492,2025-03-13 14:00:00,551.01,CMP002
B000451,C00492,2025-04-13 02:00:00,276.2,
B000452,C00492,2025-04-20 09:00:00,100.0,CMP003
B000453,C00493,2025-05-25 13:00:00,170.89,CMP003
B000454,C00493,2025-06-15 16:00:00,351.17,CMP002
B000455,C00495,2025-02-25 09:00:00,238.35,CMP002
B000456,C00495,2025-04-11 11:00:00,221.6,CMP001
B000457,C00497,2025-08-24 04:00:00,664.22,CMP004
B000458,C00499,2025-10-28 13:00:00,313.98,CMP001
B000459,C00500,2025-02-14 13:00:00,305.5,CMP004
B000460,C00502,2025-07-21 01:00:00,482.44,CMP002
B000461,C00503,2025-04-04 09:00:00,242.83,CMP001
B000462,C00503,2025-04-25 12:00:00,512.59,CMP001
B000463,C00503,2025-05-09 19:00:00,301.82,CMP001
B000464,C00503,2025-08-07 23:00:00,298.81,CMP003
B000465,C00506,2025-09-10 09:00:00,370.41,CMP002
B000466,C00506,2025-10-01 19:00:00,226.84,CMP002
B000467,C00507,2025-06-11 01:00:00,100.0,CMP003
B000468,C00507,2025-07-11 12:00:00,690.95,CMP001
B000469,C00507,2025-08-25 20:00:00,549.86,CMP002
B000470,C00508,2025-03-21 15:00:00,1186.94,CMP003
B000471,C00508,2025-04-21 00:00:00,186.23,CMP004
B000472,C00508,2025-07-20 01:00:00,620.49,
B000473,C00508,2025-09-18 12:00:00,339.87,CMP002
B000474,C00510,2025-09-05 20:00:00,343.17,CMP003
B000475,C00511,2025-06-05 02:00:00,314.9,CMP005
B000476,C00512,2025-11-19 09:00:00,576.29,CMP003
B000477,C00513,2025-06-01 17:00:00,414.38,
B000478,C00516,2025-05-23 16:00:00,386.64,CMP001
B000479,C00518,2025-10-07 11:00:00,522.94,CMP004
B000480,C00518,2025-12-06 13:00:00,229.12,CMP002
B000481,C00518,2025-12-27 18:00:00,115.1,CMP001
B000482,C00519,2025-09-27 19:00:00,239.64,CMP002
B000483,C00521,2025-10-20 16:00:00,1059.53,CMP002
B000484,C00521,2025-11-10 23:00:00,159.64,CMP001
B000485,C00523,2025-02-21 14:00:00,948.97,CMP001
B000486,C00523,2025-03-23 18:00:00,186.06,CMP005
B000487,C00524,2025-08-22 10:00:00,412.7,CMP001
B000488,C00524,2025-09-05 14:00:00,235.98,CMP002
B000489,C00524,2025-10-06 02:00:00,197.41,CMP001
B000490,C00524,2025-10-20 09:00:00,118.8,CMP001
B000491,C00525,2025-07-11 03:00:00,577.29,CMP004
B000492,C00525,2025-07-18 04:00:00,952.42,CMP001
B000493,C00525,2025-08-01 15:00:00,415.83,CMP001
B000494,C00525,2025-09-30 21:00:00,100.0,
B000495,C00527,2025-10-15 08:00:00,148.15,CMP001
B000496,C00529,2025-10-01 18:00:00,133.25,CMP005
B000497,C00530,2025-08-09 06:00:00,1079.6,CMP004
B000498,C00534,2025-02-01 12:00:00,1255.05,CMP005
B000499,C00534,2025-05-02 21:00:00,195.9,CMP001
B000500,C00539,2025-05-15 18:00:00,995.22,CMP003
B000501,C00540,2025-08-18 16:00:00,359.53,CMP004
B000502,C00540,2025-10-17 20:00:00,596.5,
B000503,C00540,2025-12-17 04:00:00,774.51,
B000504,C00544,2025-04-09 17:00:00,532.71,CMP003
B000505,C00544,2025-06-08 19:00:00,449.59,CMP004
B000506,C00547,2025-03-12 01:00:00,289.29,CMP002
B000507,C00547,2025-03-19 08:00:00,162.86,CMP004
B000508,C00548,2025-04-01 09:00:00,205.18,CMP003
B000509,C00548,2025-04-08 19:00:00,504.46,CMP002
B000510,C00548,2025-07-08 05:00:00,235.71,
B000511,C00549,2025-06-19 10:00:00,675.24,CMP004
B000512,C00550,2025-09-23 17:00:00,148.56,
B000513,C00552,2025-08-25 16:00:00,1198.61,CMP004
B000514,C00552,2025-09-24 17:00:00,100.0,CMP002
B000515,C00552,2025-10-02 04:00:00,177.79,CMP002
B000516,C00552,2025-10-23 06:00:00,527.9,CMP001
B000517,C00553,2025-07-01 06:00:00,482.39,CMP001
B000518,C00553,2025-08-15 16:00:00,130.38,CMP003
B000519,C00556,2025-07-03 14:00:00,402.85,CMP001
B000520,C00559,2025-04-13 07:00:00,320.55,CMP003
B000521,C00559,2025-05-28 18:00:00,252.59,CMP001
B000522,C00559,2025-08-27 05:00:00,1124.85,CMP004
B000523,C00562,2025-12-12 01:00:00,248.83,CMP002
B000524,C00564,2025-11-25 19:00:00,152.87,CMP004
B000525,C00565,2025-09-02 02:00:00,318.42,CMP002
B000526,C00565,2025-11-01 09:00:00,204.64,CMP005
B000527,C00565,2025-12-16 13:00:00,141.61,CMP001
B000528,C00568,2025-08-01 09:00:00,302.67,CMP004
B000529,C00569,2025-06-20 14:00:00,294.92,CMP005
B000530,C00569,2025-07-20 21:00:00,268.58,CMP002
B000531,C00569,2025-08-20 02:00:00,389.25,CMP001
B000532,C00569,2025-09-10 09:00:00,236.07,CMP003
B000533,C00571,2025-11-16 12:00:00,371.23,CMP002
B000534,C00571,2025-12-31 21:00:00,195.89,CMP001
B000535,C00572,2025-12-17 16:00:00,119.93,CMP002
B000536,C00576,2025-04-25 05:00:00,125.19,CMP003
B000537,C00577,2025-02-21 20:00:00,215.09,CMP004
B000538,C00577,2025-03-15 04:00:00,451.98,CMP002
B000539,C00578,2025-11-04 02:00:00,417.95,CMP002
B000540,C00579,2025-05-13 14:00:00,304.76,CMP003
B000541,C00581,2025-07-25 09:00:00,256.49,CMP002
B000542,C00585,2025-12-17 11:00:00,399.45,CMP001
B000543,C00586,2025-11-02 19:00:00,332.61,CMP001
B000544,C00587,2025-07-21 12:00:00,100.0,CMP001
B000545,C00587,2025-08-20 22:00:00,542.38,CMP001
B000546,C00587,2025-09-20 05:00:00,123.44,CMP001
B000547,C00587,2025-10-11 17:00:00,182.96,CMP001
B000548,C00588,2025-07-30 15:00:00,496.08,CMP005
B000549,C00588,2025-09-28 18:00:00,100.0,
B000550,C00588,2025-10-12 20:00:00,1190.48,CMP001
B000551,C00588,2025-12-12 08:00:00,384.71,CMP001
B000552,C00589,2025-10-06 19:00:00,162.88,
B000553,C00589,2025-10-27 20:00:00,164.89,CMP002
B000554,C00589,2025-11-18 00:00:00,203.15,CMP004
B000555,C00593,2025-08-12 18:00:00,199.1,
B000556,C00594,2025-03-19 12:00:00,1323.73,CMP004
B000557,C00594,2025-05-18 13:00:00,215.01,CMP003
B000558,C00595,2025-09-03 19:00:00,327.55,CMP004
B000559,C00598,2025-02-25 04:00:00,286.2,CMP002
B000560,C00598,2025-04-26 11:00:00,456.28,CMP001
B000561,C00598,2025-06-25 22:00:00,244.36,CMP003
B000562,C00598,2025-08-25 04:00:00,135.6,CMP001
B000563,C00601,2025-12-01 05:00:00,123.63,CMP001
B000564,C00602,2025-06-01 08:00:00,264.37,CMP002
B000565,C00602,2025-07-01 13:00:00,745.46,CMP002
B000566,C00602,2025-08-15 19:00:00,356.61,CMP004
B000567,C00602,2025-08-30 04:00:00,402.59,CMP005
B000568,C00604,2025-05-01 15:00:00,306.58,CMP001
B000569,C00606,2025-03-28 12:00:00,353.27,CMP001
B000570,C00606,2025-05-12 23:00:00,261.06,
B000571,C00609,2025-02-13 03:00:00,626.63,CMP004
B000572,C00612,2025-01-24 11:00:00,113.83,CMP003
B000573,C00613,2025-03-16 17:00:00,216.41,
B000574,C00613,2025-03-24 00:00:00,368.67,CMP005
B000575,C00613,2025-04-14 08:00:00,270.04,CMP002
B000576,C00613,2025-05-05 18:00:00,359.04,CMP002
B000577,C00614,2025-08-20 18:00:00,418.99,CMP001
B000578,C00614,2025-08-28 06:00:00,198.08,CMP004
B000579,C00616,2025-08-05 06:00:00,168.35,CMP003
B000580,C00616,2025-09-19 13:00:00,122.65,CMP001
B000581,C00616,2025-10-10 17:00:00,138.96,CMP004
B000582,C00617,2025-04-12 11:00:00,574.76,CMP004
B000583,C00618,2025-05-13 18:00:00,331.35,CMP001
B000584,C00621,2025-09-17 14:00:00,149.33,CMP001
B000585,C00621,2025-11-16 20:00:00,158.46,CMP003
B000586,C00622,2025-02-05 02:00:00,100.0,CMP004
B000587,C00623,2025-10-31 15:00:00,659.58,CMP002
B000588,C00623,2025-11-30 19:00:00,227.52,CMP003
B000589,C00624,2025-08-27 06:00:00,100.0,CMP003
B000590,C00625,2025-10-04 17:00:00,264.33,CMP004
B000591,C00627,2025-02-22 14:00:00,352.47,CMP003
B000592,C00627,2025-04-08 21:00:00,115.12,
B000593,C00627,2025-07-08 09:00:00,170.99,CMP008
B000594,C00627,2025-10-06 17:00:00,595.58,
B000595,C00628,2025-05-03 07:00:00,435.92,CMP003
B000596,C00628,2025-06-17 13:00:00,365.52,CMP001
B000597,C00628,2025-07-17 20:00:00,1398.82,CMP002
B000598,C00628,2025-09-01 07:00:00,138.59,CMP002
B000599,C00629,2025-07-16 12:00:00,424.28,
B000600,C00631,2025-07-11 12:00:00,1354.37,CMP005
B000601,C00631,2025-09-09 17:00:00,493.72,CMP005
B000602,C00634,2025-10-05 07:00:00,361.49,CMP005
B000603,C00634,2025-10-12 19:00:00,392.04,CMP004
B000604,C00634,2025-11-26 20:00:00,399.62,CMP001
B000605,C00636,2025-12-31 03:00:00,332.37,CMP003
B000606,C00638,2025-06-14 15:00:00,255.29,
B000607,C00638,2025-09-13 00:00:00,336.1,
B000608,C00638,2025-10-04 04:00:00,515.37,CMP003
B000609,C00639,2025-06-25 13:00:00,306.05,CMP004
B000610,C00639,2025-08-09 14:00:00,188.24,CMP001
B000611,C00639,2025-08-16 17:00:00,164.99,
B000612,C00639,2025-10-01 04:00:00,408.6,CMP003
B000613,C00640,2025-09-14 13:00:00,100.0,CMP002
B000614,C00641,2025-03-19 09:00:00,323.16,CMP004
B000615,C00642,2025-06-24 06:00:00,932.05,CMP002
B000616,C00642,2025-07-24 07:00:00,617.53,CMP004
B000617,C00644,2025-12-25 17:00:00,318.86,CMP004
B000618,C00646,2025-03-31 10:00:00,100.0,
B000619,C00646,2025-04-14 18:00:00,245.95,CMP004
B000620,C00646,2025-05-15 01:00:00,559.61,CMP001
B000621,C00647,2025-04-14 03:00:00,270.06,
B000622,C00647,2025-04-21 09:00:00,1184.34,CMP001
B000623,C00647,2025-05-21 21:00:00,216.73,CMP003
B000624,C00647,2025-08-20 04:00:00,672.35,
B000625,C00648,2025-08-30 03:00:00,1466.88,CMP001
B000626,C00649,2025-10-21 02:00:00,473.56,CMP004
B000627,C00650,2025-11-11 17:00:00,345.54,CMP001
B000628,C00652,2025-08-03 13:00:00,306.57,CMP004
B000629,C00652,2025-08-10 14:00:00,170.55,CMP005
B000630,C00652,2025-11-08 22:00:00,146.77,CMP001
B000631,C00652,2025-11-15 23:00:00,111.41,
B000632,C00654,2025-03-10 02:00:00,100.0,CMP001
B000633,C00654,2025-06-08 04:00:00,394.54,CMP001
B000634,C00654,2025-09-06 14:00:00,496.2,
B000635,C00655,2025-11-13 12:00:00,194.26,CMP004
B000636,C00657,2025-06-17 19:00:00,250.88,CMP001
B000637,C00657,2025-08-02 02:00:00,571.36,CMP001
B000638,C00657,2025-09-01 03:00:00,334.61,CMP002
B000639,C00657,2025-10-16 06:00:00,342.58,CMP003
B000640,C00658,2025-09-21 18:00:00,524.97,CMP003
B000641,C00659,2025-03-13 19:00:00,100.0,CMP005
B000642,C00659,2025-03-20 23:00:00,204.36,CMP003
B000643,C00661,2025-06-07 02:00:00,994.85,
B000644,C00662,2025-08-17 02:00:00,277.06,CMP001
B000645,C00662,2025-09-16 10:00:00,212.03,CMP003
B000646,C00662,2025-10-16 13:00:00,413.13,CMP002
B000647,C00664,2025-12-27 13:00:00,781.49,CMP004
B000648,C00665,2025-12-09 19:00:00,720.46,CMP003
B000649,C00665,2025-12-17 02:00:00,160.44,CMP004
B000650,C00667,2025-05-15 14:00:00,475.88,CMP002
B000651,C00667,2025-07-15 02:00:00,100.0,
B000652,C00669,2025-08-16 08:00:00,883.93,CMP003
B000653,C00670,2025-04-29 08:00:00,197.37,CMP003
B000654,C00672,2025-12-20 19:00:00,698.86,CMP005
B000655,C00673,2025-03-26 19:00:00,397.28,CMP004
B000656,C00676,2025-08-12 05:00:00,100.0,CMP002
B000657,C00678,2025-11-15 20:00:00,238.23,CMP005
B000658,C00678,2025-12-31 08:00:00,641.59,
B000659,C00679,2025-03-20 13:00:00,422.49,
B000660,C00679,2025-04-19 22:00:00,147.31,CMP002
B000661,C00679,2025-04-27 04:00:00,100.63,CMP004
B000662,C00679,2025-07-26 11:00:00,619.5,
B000663,C00680,2025-11-26 09:00:00,504.13,CMP004
B000664,C00681,2025-03-06 09:00:00,334.86,CMP001
B000665,C00684,2025-07-18 13:00:00,535.94,CMP005
B000666,C00689,2025-08-05 05:00:00,443.52,
B000667,C00689,2025-08-26 12:00:00,251.93,CMP005
B000668,C00689,2025-10-25 22:00:00,1802.1,CMP001
B000669,C00690,2025-08-20 19:00:00,417.6,CMP004
B000670,C00692,2025-07-19 09:00:00,341.89,CMP004
B000671,C00692,2025-09-02 15:00:00,208.01,CMP004
B000672,C00693,2025-04-29 15:00:00,520.01,CMP003
B000673,C00696,2025-08-28 18:00:00,200.58,CMP002
B000674,C00697,2025-08-28 03:00:00,205.24,CMP002
B000675,C00697,2025-11-26 08:00:00,295.64,
B000676,C00700,2025-02-20 16:00:00,223.88,CMP004
B000677,C00701,2025-01-29 05:00:00,216.84,CMP001
B000678,C00701,2025-02-28 12:00:00,173.28,CMP002
B000679,C00701,2025-04-14 19:00:00,219.08,CMP003
B000680,C00701,2025-05-06 05:00:00,309.13,CMP004
B000681,C00702,2025-10-05 20:00:00,436.07,CMP001
B000682,C00702,2025-10-12 22:00:00,247.92,CMP002
B000683,C00703,2025-08-03 16:00:00,497.1,
B000684,C00705,2025-12-11 03:00:00,297.81,CMP001
B000685,C00706,2025-03-12 05:00:00,227.52,CMP001
B000686,C00708,2025-12-02 11:00:00,263.32,CMP002
B000687,C00711,2025-04-25 20:00:00,210.69,
B000688,C00713,2025-03-17 06:00:00,126.88,CMP003
B000689,C00713,2025-05-16 10:00:00,132.52,
B000690,C00715,2025-05-13 04:00:00,306.95,CMP004
B000691,C00716,2025-04-30 01:00:00,362.76,CMP004
B000692,C00719,2025-07-14 08:00:00,100.0,CMP003
B000693,C00722,2025-07-03 04:00:00,211.79,CMP002
B000694,C00726,2025-12-09 08:00:00,1006.22,
B000695,C00729,2025-12-10 03:00:00,292.71,CMP003
B000696,C00732,2025-10-04 15:00:00,671.06,
B000697,C00735,2025-06-24 10:00:00,687.44,CMP001
B000698,C00735,2025-08-08 13:00:00,202.91,
B000699,C00735,2025-09-22 23:00:00,310.5,CMP004
B000700,C00735,2025-11-22 00:00:00,326.29,CMP001
B000701,C00736,2025-02-15 06:00:00,668.14,CMP003
B000702,C00737,2025-07-06 20:00:00,494.29,CMP002
B000703,C00737,2025-07-21 07:00:00,205.09,CMP001
B000704,C00737,2025-08-20 12:00:00,602.85,CMP005
B000705,C00738,2025-04-13 10:00:00,314.49,CMP003
B000706,C00739,2025-10-06 16:00:00,456.94,CMP001
B000707,C00739,2025-10-27 21:00:00,410.36,
B000708,C00740,2025-11-21 07:00:00,242.99,CMP004
B000709,C00741,2025-02-27 17:00:00,681.82,CMP001
B000710,C00742,2025-12-01 01:00:00,193.2,
B000711,C00743,2025-07-26 17:00:00,264.02,CMP001
B000712,C00744,2025-10-15 13:00:00,491.42,CMP004
B000713,C00745,2025-03-14 18:00:00,631.23,
B000714,C00748,2025-05-21 17:00:00,241.21,
B000715,C00751,2025-12-26 16:00:00,238.82,CMP003
B000716,C00752,2025-08-31 13:00:00,349.39,CMP005
B000717,C00752,2025-09-07 19:00:00,865.44,CMP003
B000718,C00754,2025-07-25 05:00:00,100.0,CMP001
B000719,C00755,2025-03-05 10:00:00,126.83,CMP001
B000720,C00757,2025-06-25 13:00:00,201.56,
B000721,C00757,2025-09-23 23:00:00,247.24,
B000722,C00759,2025-06-03 07:00:00,135.77,CMP003
B000723,C00759,2025-07-18 15:00:00,496.02,CMP005
B000724,C00759,2025-10-16 19:00:00,245.5,
B000725,C00760,2025-12-11 03:00:00,122.28,CMP005
B000726,C00761,2025-11-26 10:00:00,171.95,
B000727,C00762,2025-07-20 18:00:00,995.58,CMP005
B000728,C00764,2025-08-01 03:00:00,516.36,CMP005
B000729,C00764,2025-08-08 11:00:00,303.03,CMP001
B000730,C00764,2025-10-07 14:00:00,109.61,CMP003
B000731,C00764,2025-10-21 22:00:00,348.09,CMP002
B000732,C00765,2025-12-23 17:00:00,329.43,
B000733,C00766,2025-08-06 06:00:00,190.74,CMP003
B000734,C00766,2025-09-05 07:00:00,222.42,CMP003
B000735,C00768,2025-08-01 17:00:00,177.63,CMP004
B000736,C00768,2025-08-31 22:00:00,254.24,CMP002
B000737,C00768,2025-10-01 03:00:00,248.57,CMP001
B000738,C00768,2025-12-30 09:00:00,689.99,CMP004
B000739,C00773,2025-09-16 05:00:00,737.26,CMP004
B000740,C00773,2025-09-30 07:00:00,1047.04,CMP002
B000741,C00776,2025-07-27 18:00:00,128.96,CMP005
B000742,C00776,2025-08-18 02:00:00,171.9,CMP002
B000743,C00776,2025-11-16 06:00:00,342.8,CMP004
B000744,C00776,2025-11-23 11:00:00,439.99,CMP001
B000745,C00777,2025-10-20 14:00:00,376.47,
B000746,C00778,2025-04-13 13:00:00,401.89,CMP001
B000747,C00778,2025-05-04 22:00:00,241.21,CMP003
B000748,C00779,2025-06-19 07:00:00,181.73,CMP004
B000749,C00785,2025-08-05 19:00:00,783.67,CMP004
B000750,C00785,2025-08-13 04:00:00,499.19,CMP002
B000751,C00785,2025-08-27 09:00:00,254.14,CMP001
B000752,C00785,2025-10-11 20:00:00,413.71,
B000753,C00786,2025-04-26 17:00:00,544.99,CMP001
B000754,C00786,2025-05-18 05:00:00,373.46,CMP003
B000755,C00786,2025-06-08 08:00:00,158.9,CMP001
B000756,C00787,2025-12-29 07:00:00,541.17,CMP002
B000757,C00789,2025-02-11 13:00:00,208.05,CMP005
B000758,C00789,2025-03-13 20:00:00,273.13,CMP001
B000759,C00789,2025-04-13 04:00:00,247.42,CMP004
B000760,C00791,2025-09-19 03:00:00,100.0,CMP002
B000761,C00792,2025-09-25 09:00:00,139.62,CMP003
B000762,C00792,2025-11-09 10:00:00,448.9,CMP003
B000763,C00793,2025-06-29 16:00:00,487.78,CMP001
B000764,C00794,2025-10-13 20:00:00,464.23,CMP003
B000765,C00796,2025-10-28 02:00:00,359.21,CMP004
B000766,C00797,2025-10-04 01:00:00,229.88,CMP005
B000767,C00800,2025-05-02 14:00:00,854.89,
B000768,C00801,2025-03-29 03:00:00,157.47,CMP005
B000769,C00802,2025-02-03 03:00:00,547.76,CMP003
B000770,C00803,2025-08-15 20:00:00,325.9,CMP002
B000771,C00804,2025-03-31 08:00:00,461.35,CMP003
B000772,C00805,2025-10-28 20:00:00,658.51,CMP002
B000773,C00805,2025-12-28 00:00:00,256.26,CMP003
B000774,C00806,2025-06-27 04:00:00,196.92,CMP003
B000775,C00806,2025-07-18 08:00:00,367.43,CMP002
B000776,C00806,2025-09-01 15:00:00,341.84,CMP002
B000777,C00806,2025-09-15 20:00:00,1000.24,CMP005
B000778,C00808,2025-10-03 12:00:00,184.15,CMP003
B000779,C00808,2025-11-17 16:00:00,286.61,CMP002
B000780,C00811,2025-07-24 20:00:00,382.58,CMP002
B000781,C00813,2025-11-07 14:00:00,262.84,CMP002
B000782,C00813,2025-12-22 23:00:00,1452.15,
B000783,C00815,2025-08-30 18:00:00,271.76,CMP003
B000784,C00818,2025-04-13 20:00:00,182.65,CMP002
B000785,C00820,2025-10-08 13:00:00,846.02,CMP003
B000786,C00821,2025-04-07 07:00:00,759.48,
B000787,C00821,2025-04-28 15:00:00,132.83,CMP003
B000788,C00821,2025-05-12 23:00:00,237.58,CMP001
B000789,C00821,2025-06-12 05:00:00,518.2,CMP008
B000790,C00822,2025-10-26 09:00:00,515.3,CMP004
B000791,C00823,2025-02-20 13:00:00,251.36,CMP005
B000792,C00824,2025-02-26 09:00:00,102.89,
B000793,C00824,2025-05-27 21:00:00,534.89,
B000794,C00824,2025-06-11 02:00:00,129.52,CMP001
B000795,C00824,2025-07-11 10:00:00,105.12,CMP003
B000796,C00825,2025-04-29 09:00:00,660.63,CMP003
B000797,C00827,2025-04-13 13:00:00,228.81,
B000798,C00828,2025-06-17 09:00:00,246.74,CMP005
B000799,C00830,2025-12-29 12:00:00,100.0,CMP004
B000800,C00833,2025-01-18 16:00:00,312.48,CMP004
B000801,C00834,2025-12-02 07:00:00,145.41,CMP003
B000802,C00835,2025-04-16 19:00:00,100.0,CMP003
B000803,C00840,2025-07-18 08:00:00,252.89,CMP005
B000804,C00843,2025-08-28 02:00:00,404.7,
B000805,C00843,2025-11-26 03:00:00,283.7,CMP005
B000806,C00843,2025-12-03 08:00:00,513.9,CMP001
B000807,C00844,2025-03-24 01:00:00,240.54,CMP002
B000808,C00844,2025-05-23 04:00:00,241.51,CMP001
B000809,C00844,2025-08-21 13:00:00,262.96,CMP001
B000810,C00845,2025-07-31 07:00:00,269.46,CMP001
B000811,C00846,2025-03-01 13:00:00,100.0,
B000812,C00846,2025-04-15 21:00:00,201.27,CMP001
B000813,C00846,2025-04-29 22:00:00,781.59,CMP001
B000814,C00847,2025-03-01 03:00:00,148.31,CMP005
B000815,C00848,2025-12-12 16:00:00,437.56,CMP002
B000816,C00849,2025-12-09 11:00:00,161.99,CMP001
B000817,C00852,2025-12-19 19:00:00,672.34,CMP004
B000818,C00858,2025-05-18 03:00:00,213.62,CMP004
B000819,C00858,2025-06-08 11:00:00,568.12,
B000820,C00859,2025-05-20 17:00:00,597.36,
B000821,C00859,2025-05-27 23:00:00,673.59,
B000822,C00859,2025-07-27 02:00:00,264.17,CMP002
B000823,C00859,2025-08-26 03:00:00,1827.94,CMP005
B000824,C00860,2025-07-18 11:00:00,259.38,CMP003
B000825,C00864,2025-04-20 18:00:00,375.51,CMP004
B000826,C00864,2025-05-05 04:00:00,263.94,CMP002
B000827,C00864,2025-05-19 14:00:00,174.93,CMP004
B000828,C00865,2025-03-02 09:00:00,195.0,CMP003
B000829,C00867,2025-08-03 04:00:00,548.5,CMP003
B000830,C00867,2025-09-02 13:00:00,272.97,CMP004
B000831,C00867,2025-11-01 22:00:00,429.98,
B000832,C00868,2025-09-10 12:00:00,274.65,CMP001
B000833,C00869,2025-08-22 17:00:00,146.67,CMP003
B000834,C00869,2025-10-21 22:00:00,234.43,CMP002
B000835,C00871,2025-10-21 07:00:00,464.66,CMP002
B000836,C00872,2025-11-22 12:00:00,277.59,CMP003
B000837,C00874,2025-03-31 10:00:00,217.93,CMP001
B000838,C00876,2025-07-21 06:00:00,311.28,CMP003
B000839,C00876,2025-08-04 08:00:00,748.01,CMP002
B000840,C00877,2025-07-09 13:00:00,471.17,CMP005
B000841,C00877,2025-09-07 15:00:00,218.38,
B000842,C00877,2025-09-29 03:00:00,670.48,CMP001
B000843,C00877,2025-10-20 08:00:00,784.55,CMP002
B000844,C00879,2025-09-25 19:00:00,330.33,
B000845,C00880,2025-09-03 02:00:00,203.41,CMP005
B000846,C00881,2025-02-25 01:00:00,108.64,CMP003
B000847,C00882,2025-08-25 02:00:00,155.02,CMP002
B000848,C00886,2025-10-10 02:00:00,927.11,CMP004
B000849,C00888,2025-02-17 13:00:00,838.93,CMP001
B000850,C00889,2025-12-07 13:00:00,390.15,CMP003
B000851,C00890,2025-10-10 02:00:00,870.59,CMP003
B000852,C00890,2025-10-24 05:00:00,145.52,CMP001
B000853,C00890,2025-11-14 06:00:00,573.48,CMP004
B000854,C00891,2025-02-18 02:00:00,682.52,CMP002
B000855,C00892,2025-12-07 12:00:00,217.59,CMP002
B000856,C00893,2025-08-05 17:00:00,156.64,CMP002
B000857,C00893,2025-09-05 03:00:00,277.49,CMP002
B000858,C00893,2025-12-04 12:00:00,518.29,CMP002
B000859,C00894,2025-03-08 11:00:00,100.0,CMP001
B000860,C00895,2025-12-26 18:00:00,190.99,CMP001
B000861,C00900,2025-05-23 14:00:00,622.88,CMP002
B000862,C00900,2025-05-30 23:00:00,100.0,CMP003
B000863,C00900,2025-06-21 10:00:00,280.55,CMP002
B000864,C00900,2025-08-05 19:00:00,363.38,
B000865,C00901,2025-02-11 19:00:00,309.49,CMP001
B000866,C00903,2025-12-07 20:00:00,227.07,CMP002
B000867,C00905,2025-06-13 17:00:00,282.07,CMP001
B000868,C00908,2025-03-18 10:00:00,304.72,CMP004
B000869,C00908,2025-05-17 12:00:00,512.87,CMP001
B000870,C00908,2025-05-31 23:00:00,188.61,CMP003
B000871,C00909,2025-09-14 02:00:00,192.72,CMP001
B000872,C00912,2025-07-13 12:00:00,661.14,CMP004
B000873,C00912,2025-10-11 16:00:00,239.82,CMP002
B000874,C00912,2025-11-25 18:00:00,673.75,CMP004
B000875,C00914,2025-11-23 05:00:00,229.15,CMP003
B000876,C00915,2025-06-29 15:00:00,515.24,CMP001
B000877,C00921,2025-10-10 19:00:00,579.23,CMP001
B000878,C00923,2025-09-11 05:00:00,168.78,
B000879,C00923,2025-12-10 10:00:00,1218.61,CMP002
B000880,C00923,2025-12-24 18:00:00,395.02,CMP001
B000881,C00925,2025-02-24 10:00:00,349.16,CMP002
B000882,C00926,2025-09-21 10:00:00,400.85,CMP003
B000883,C00927,2025-09-26 04:00:00,275.4,CMP005
B000884,C00927,2025-11-25 14:00:00,219.91,
B000885,C00929,2025-02-21 05:00:00,188.99,CMP003
B000886,C00933,2025-11-07 01:00:00,269.19,CMP002
B000887,C00934,2025-05-27 01:00:00,255.1,CMP002
B000888,C00935,2025-05-03 05:00:00,289.47,
B000889,C00935,2025-06-02 11:00:00,203.83,CMP002
B000890,C00936,2025-03-21 07:00:00,182.12,CMP001
B000891,C00936,2025-05-20 08:00:00,149.81,
B000892,C00937,2025-10-23 11:00:00,401.86,
B000893,C00938,2025-04-24 12:00:00,367.15,CMP003
B000894,C00940,2025-11-22 12:00:00,725.62,
B000895,C00941,2025-03-24 07:00:00,100.0,CMP002
B000896,C00942,2025-12-29 14:00:00,270.3,
B000897,C00943,2025-07-15 01:00:00,100.0,
B000898,C00943,2025-08-29 03:00:00,121.56,CMP002
B000899,C00943,2025-10-28 04:00:00,232.78,CMP002
B000900,C00944,2025-06-17 12:00:00,396.17,CMP001
B000901,C00945,2025-03-01 19:00:00,280.7,CMP001
B000902,C00946,2025-05-09 13:00:00,1037.67,CMP002
B000903,C00946,2025-06-08 14:00:00,539.89,CMP001
B000904,C00946,2025-07-23 23:00:00,345.85,CMP005
B000905,C00947,2025-11-06 02:00:00,148.69,CMP003
B000906,C00947,2025-12-21 06:00:00,336.8,
B000907,C00949,2025-11-15 06:00:00,267.66,CMP005
B000908,C00949,2025-12-30 18:00:00,102.15,CMP002
B000909,C00958,2025-09-27 07:00:00,711.11,CMP002
B000910,C00960,2025-10-04 02:00:00,382.56,CMP003
B000911,C00960,2025-11-18 13:00:00,278.54,CMP003
B000912,C00963,2025-05-26 20:00:00,189.03,
B000913,C00963,2025-06-26 05:00:00,510.84,CMP008
B000914,C00963,2025-07-10 17:00:00,1097.94,CMP001
B000915,C00963,2025-08-24 21:00:00,141.8,CMP002
B000916,C00965,2025-07-01 10:00:00,100.0,CMP002
B000917,C00967,2025-04-02 16:00:00,120.36,CMP002
B000918,C00967,2025-05-02 21:00:00,272.25,CMP004
B000919,C00967,2025-08-01 08:00:00,1032.32,CMP004
B000920,C00969,2025-07-28 14:00:00,247.89,
B000921,C00971,2025-07-03 11:00:00,318.73,CMP004
B000922,C00972,2025-03-09 16:00:00,193.88,CMP003
B000923,C00975,2025-04-16 20:00:00,332.82,CMP004
B000924,C00976,2025-12-02 15:00:00,388.81,CMP004
B000925,C00977,2025-05-01 13:00:00,468.42,CMP005
B000926,C00978,2025-11-09 19:00:00,363.4,CMP005
B000927,C00979,2025-10-25 11:00:00,213.52,
B000928,C00979,2025-11-15 22:00:00,106.62,
B000929,C00981,2025-03-04 13:00:00,653.34,CMP004
B000930,C00981,2025-03-11 22:00:00,241.4,CMP003
B000931,C00982,2025-09-27 04:00:00,441.02,CMP002
B000932,C00982,2025-12-26 07:00:00,449.31,CMP002
B000933,C00984,2025-08-16 05:00:00,165.25,CMP005
B000934,C00984,2025-08-30 08:00:00,534.57,CMP002
B000935,C00984,2025-09-13 12:00:00,288.47,CMP001
B000936,C00984,2025-10-04 13:00:00,109.83,CMP004
B000937,C00985,2025-06-20 17:00:00,833.29,CMP002
B000938,C00985,2025-07-04 18:00:00,218.73,CMP002
B000939,C00985,2025-10-03 00:00:00,426.65,CMP003
B000940,C00987,2025-07-25 15:00:00,300.71,
B000941,C00988,2025-03-07 12:00:00,100.0,CMP002
B000942,C00988,2025-03-21 19:00:00,400.87,CMP003
B000943,C00989,2025-06-19 09:00:00,124.24,
B000944,C00991,2025-08-28 12:00:00,189.16,CMP002
B000945,C00991,2025-09-18 15:00:00,145.37,CMP001
B000946,C00991,2025-09-26 02:00:00,304.97,CMP002
B000947,C00992,2025-12-06 04:00:00,479.32,CMP002
B000948,C00992,2025-12-20 10:00:00,100.17,CMP004
B000949,C00994,2025-09-04 01:00:00,530.76,
B000950,C00994,2025-11-03 03:00:00,194.09,CMP005
B000951,C00996,2025-12-13 02:00:00,340.17,CMP001
B000952,C00997,2025-03-21 06:00:00,1073.18,CMP003
B000953,C00998,2025-03-28 14:00:00,150.48,CMP001
B000954,C00998,2025-05-13 02:00:00,893.62,CMP002
B000955,C00998,2025-05-27 06:00:00,207.58,CMP004
B000956,C00998,2025-06-26 07:00:00,366.75,CMP004
B000957,C01001,2025-06-10 16:00:00,134.24,CMP004
B000958,C01001,2025-06-25 02:00:00,158.09,CMP001
B000959,C01001,2025-07-25 13:00:00,438.8,CMP001
B000960,C01001,2025-08-15 23:00:00,352.49,CMP002
B000961,C01003,2025-03-02 01:00:00,423.89,CMP005
B000962,C01003,2025-04-16 08:00:00,212.15,CMP002
B000963,C01007,2025-04-08 01:00:00,392.67,CMP001
B000964,C01007,2025-06-07 13:00:00,246.81,CMP004
B000965,C01008,2025-11-21 01:00:00,338.84,CMP003
B000966,C01008,2025-12-05 03:00:00,228.95,CMP001
B000967,C01008,2025-12-26 09:00:00,456.58,CMP001
B000968,C01010,2025-06-17 10:00:00,144.61,CMP004
B000969,C01010,2025-07-17 15:00:00,219.94,CMP002
B000970,C01010,2025-08-16 22:00:00,253.54,CMP001
B000971,C01011,2025-09-26 06:00:00,177.9,CMP001
B000972,C01016,2025-09-10 01:00:00,268.72,CMP004
B000973,C01018,2025-11-18 14:00:00,282.65,CMP005
B000974,C01018,2025-11-26 01:00:00,137.59,CMP003
B000975,C01018,2025-12-26 13:00:00,120.91,CMP002
B000976,C01021,2025-02-10 01:00:00,316.72,CMP001
B000977,C01021,2025-03-27 02:00:00,112.91,CMP003
B000978,C01021,2025-06-25 09:00:00,253.21,
B000979,C01022,2025-04-17 06:00:00,684.4,CMP001
B000980,C01026,2025-12-17 07:00:00,332.83,CMP003
B000981,C01027,2025-03-19 01:00:00,376.03,CMP003
B000982,C01027,2025-05-03 06:00:00,715.2,CMP002
B000983,C01027,2025-05-10 13:00:00,106.2,CMP004
B000984,C01027,2025-06-09 23:00:00,229.27,CMP004
B000985,C01029,2025-05-10 17:00:00,209.14,CMP004
B000986,C01029,2025-05-25 00:00:00,423.25,
B000987,C01033,2025-11-02 11:00:00,469.71,CMP001
B000988,C01035,2025-10-26 04:00:00,328.87,CMP004
B000989,C01036,2025-06-19 10:00:00,583.23,CMP004
B000990,C01037,2025-09-19 18:00:00,305.62,CMP003
B000991,C01038,2025-07-08 02:00:00,346.22,CMP001
B000992,C01043,2025-06-09 07:00:00,273.65,CMP001
B000993,C01044,2025-07-23 10:00:00,100.0,CMP004
B000994,C01045,2025-06-09 19:00:00,184.91,CMP003
B000995,C01045,2025-07-09 20:00:00,358.77,CMP002
B000996,C01052,2025-08-01 04:00:00,512.68,CMP004
B000997,C01052,2025-09-30 14:00:00,483.43,
B000998,C01052,2025-10-15 01:00:00,1208.88,CMP003
B000999,C01055,2025-02-22 15:00:00,840.08,CMP003
B001000,C01056,2025-09-15 17:00:00,148.02,CMP001
B001001,C01056,2025-10-15 23:00:00,290.77,CMP004
B001002,C01056,2025-12-15 09:00:00,100.0,
B001003,C01057,2025-09-13 12:00:00,465.58,CMP001
B001004,C01057,2025-10-28 21:00:00,100.0,CMP001
B001005,C01061,2025-12-05 19:00:00,186.15,CMP002
B001006,C01062,2025-03-26 09:00:00,387.42,
B001007,C01062,2025-04-16 21:00:00,574.9,CMP003
B001008,C01062,2025-07-16 03:00:00,236.97,
B001009,C01062,2025-10-14 09:00:00,267.94,
B001010,C01064,2025-05-31 12:00:00,337.09,CMP004
B001011,C01065,2025-09-03 05:00:00,550.18,CMP005
B001012,C01066,2025-09-13 19:00:00,370.41,CMP004
B001013,C01066,2025-09-20 22:00:00,683.88,CMP005
B001014,C01066,2025-12-20 00:00:00,141.33,
B001015,C01067,2025-05-05 04:00:00,560.17,
B001016,C01067,2025-08-03 05:00:00,331.91,CMP004
B001017,C01068,2025-11-21 01:00:00,287.64,CMP004
B001018,C01068,2025-12-05 04:00:00,298.64,CMP001
B001019,C01068,2025-12-19 13:00:00,822.31,CMP003
B001020,C01069,2025-04-27 15:00:00,422.87,CMP001
B001021,C01069,2025-06-27 01:00:00,261.85,CMP002
B001022,C01069,2025-08-11 04:00:00,337.95,CMP003
B001023,C01069,2025-10-10 16:00:00,359.98,CMP002
B001024,C01070,2025-09-09 16:00:00,256.14,CMP003
B001025,C01070,2025-10-24 22:00:00,163.07,
B001026,C01070,2025-12-24 00:00:00,163.13,
B001027,C01072,2025-07-26 04:00:00,686.38,CMP001
B001028,C01075,2025-06-21 19:00:00,1022.19,
B001029,C01075,2025-09-20 06:00:00,361.0,
B001030,C01077,2025-05-08 12:00:00,131.03,
B001031,C01077,2025-05-30 00:00:00,322.8,CMP005
B001032,C01079,2025-02-18 18:00:00,184.64,CMP002
B001033,C01079,2025-03-12 02:00:00,278.22,CMP002
B001034,C01080,2025-09-07 20:00:00,383.27,CMP004
B001035,C01081,2025-04-28 12:00:00,221.39,CMP005
B001036,C01081,2025-05-28 14:00:00,196.28,CMP004
B001037,C01081,2025-06-04 16:00:00,341.26,CMP002
B001038,C01081,2025-07-04 21:00:00,245.66,CMP003
B001039,C01083,2025-02-05 16:00:00,241.17,CMP001
B001040,C01083,2025-02-19 20:00:00,190.17,CMP001
B001041,C01084,2025-11-25 03:00:00,157.85,CMP004
B001042,C01085,2025-07-11 02:00:00,215.05,CMP002
B001043,C01085,2025-07-25 11:00:00,994.29,CMP002
B001044,C01085,2025-08-24 17:00:00,191.44,CMP002
B001045,C01085,2025-09-14 20:00:00,269.63,CMP002
B001046,C01087,2025-10-25 09:00:00,171.71,CMP002
B001047,C01087,2025-11-01 12:00:00,333.41,CMP002
B001048,C01088,2025-04-28 19:00:00,100.0,
B001049,C01089,2025-09-11 15:00:00,440.83,CMP001
B001050,C01093,2025-07-04 15:00:00,415.7,CMP002
B001051,C01093,2025-07-25 16:00:00,636.68,CMP002
B001052,C01094,2025-11-11 15:00:00,166.85,CMP001
B001053,C01095,2025-04-19 11:00:00,205.29,
B001054,C01095,2025-06-18 19:00:00,938.56,
B001055,C01095,2025-08-02 21:00:00,282.06,
B001056,C01095,2025-08-17 08:00:00,217.59,CMP003
B001057,C01096,2025-12-14 12:00:00,297.14,CMP002
B001058,C01099,2025-03-26 06:00:00,150.1,CMP002
B001059,C01100,2025-03-22 07:00:00,191.18,CMP001
B001060,C01101,2025-06-12 12:00:00,349.07,CMP003
B001061,C01101,2025-07-27 14:00:00,252.97,CMP003
B001062,C01101,2025-10-25 22:00:00,317.75,CMP001
B001063,C01103,2025-06-18 19:00:00,434.44,CMP004
B001064,C01104,2025-07-18 09:00:00,223.21,CMP004
B001065,C01106,2025-12-12 01:00:00,100.0,CMP001
B001066,C01109,2025-05-06 16:00:00,214.65,
B001067,C01110,2025-11-14 19:00:00,587.01,
B001068,C01114,2025-05-10 19:00:00,178.65,CMP002
B001069,C01114,2025-05-31 23:00:00,349.73,CMP002
B001070,C01117,2025-12-24 03:00:00,154.54,CMP002
B001071,C01119,2025-09-25 15:00:00,256.27,CMP004
B001072,C01119,2025-10-02 22:00:00,419.44,CMP001
B001073,C01121,2025-06-03 10:00:00,267.32,CMP005
B001074,C01122,2025-11-20 04:00:00,523.15,CMP002
B001075,C01123,2025-04-09 13:00:00,469.08,CMP001
B001076,C01123,2025-04-24 00:00:00,202.42,CMP001
B001077,C01123,2025-05-24 02:00:00,433.07,CMP003
B001078,C01129,2025-04-12 08:00:00,199.44,CMP001
B001079,C01130,2025-11-21 20:00:00,127.36,CMP002
B001080,C01132,2025-11-05 14:00:00,813.94,
B001081,C01133,2025-09-29 15:00:00,439.19,CMP004
B001082,C01133,2025-10-06 22:00:00,200.52,CMP002
B001083,C01134,2025-02-21 03:00:00,177.98,CMP004
B001084,C01135,2025-10-28 11:00:00,249.17,CMP003
B001085,C01135,2025-11-04 21:00:00,234.46,CMP001
B001086,C01136,2025-12-15 03:00:00,602.93,CMP004
B001087,C01138,2025-07-01 04:00:00,104.09,CMP001
B001088,C01138,2025-07-31 11:00:00,134.71,CMP002
B001089,C01138,2025-08-14 20:00:00,768.05,CMP003
B001090,C01139,2025-09-08 20:00:00,146.41,CMP002
B001091,C01139,2025-10-09 05:00:00,144.57,CMP005
B001092,C01139,2025-10-30 15:00:00,332.66,CMP001
B001093,C01141,2025-11-06 10:00:00,120.44,CMP001
B001094,C01141,2025-12-21 15:00:00,300.65,CMP002
B001095,C01142,2025-08-25 17:00:00,227.63,
B001096,C01142,2025-09-09 03:00:00,266.21,CMP001
B001097,C01143,2025-02-16 06:00:00,180.42,CMP004
B001098,C01144,2025-02-16 02:00:00,391.23,CMP002
B001099,C01145,2025-03-28 10:00:00,308.39,
B001100,C01145,2025-04-27 16:00:00,404.91,CMP004
B001101,C01145,2025-06-27 01:00:00,184.18,CMP003
B001102,C01146,2025-09-13 08:00:00,416.91,CMP004
B001103,C01146,2025-11-12 14:00:00,583.93,CMP002
B001104,C01146,2025-12-04 02:00:00,356.82,CMP005
B001105,C01146,2025-12-25 06:00:00,968.32,CMP001
B001106,C01147,2025-09-09 01:00:00,146.46,CMP002
B001107,C01149,2025-12-12 07:00:00,142.26,CMP002
B001108,C01150,2025-08-21 06:00:00,525.85,CMP002
B001109,C01154,2025-10-27 01:00:00,402.34,CMP002
B001110,C01155,2025-08-21 09:00:00,100.0,CMP003
B001111,C01155,2025-09-20 11:00:00,131.46,CMP001
B001112,C01155,2025-10-20 12:00:00,581.03,CMP005
B001113,C01155,2025-10-27 17:00:00,664.12,CMP001
B001114,C01159,2025-01-31 19:00:00,519.69,CMP005
B001115,C01159,2025-04-02 02:00:00,296.94,
B001116,C01159,2025-04-09 03:00:00,274.18,CMP003
B001117,C01159,2025-07-08 08:00:00,206.54,
B001118,C01160,2025-10-22 12:00:00,800.26,
B001119,C01160,2025-12-07 00:00:00,442.96,
B001120,C01161,2025-10-30 06:00:00,268.73,CMP001
B001121,C01163,2025-05-18 14:00:00,677.77,CMP002
B001122,C01171,2025-03-04 14:00:00,405.48,CMP002
B001123,C01173,2025-05-27 06:00:00,119.9,CMP002
B001124,C01173,2025-08-25 15:00:00,754.67,
B001125,C01173,2025-10-24 19:00:00,529.28,CMP004
B001126,C01173,2025-12-24 02:00:00,309.24,
B001127,C01175,2025-06-07 09:00:00,100.0,CMP004
B001128,C01175,2025-09-05 20:00:00,159.76,
B001129,C01175,2025-10-21 02:00:00,328.51,CMP002
B001130,C01175,2025-10-28 14:00:00,245.97,CMP001
B001131,C01176,2025-12-11 03:00:00,382.54,
B001132,C01177,2025-12-09 02:00:00,118.2,
B001133,C01179,2025-05-02 01:00:00,296.54,CMP001
B001134,C01181,2025-07-15 18:00:00,371.19,CMP008
B001135,C01181,2025-08-30 04:00:00,514.35,CMP002
B001136,C01181,2025-11-28 10:00:00,270.73,CMP003
B001137,C01183,2025-04-15 03:00:00,199.18,CMP002
B001138,C01184,2025-09-18 09:00:00,432.85,CMP004
B001139,C01184,2025-10-02 12:00:00,870.84,CMP004
B001140,C01184,2025-10-23 14:00:00,243.14,CMP002
B001141,C01186,2025-12-21 04:00:00,335.37,CMP002
B001142,C01187,2025-11-16 12:00:00,370.42,CMP003
B001143,C01188,2025-08-30 04:00:00,543.92,CMP002
B001144,C01189,2025-07-05 12:00:00,1315.23,CMP003
B001145,C01194,2025-10-26 16:00:00,188.73,CMP001
B001146,C01194,2025-12-26 00:00:00,114.74,CMP002
B001147,C01195,2025-08-21 06:00:00,122.27,CMP001
B001148,C01197,2025-06-15 03:00:00,827.13,CMP001
B001149,C01199,2025-10-01 08:00:00,100.0,CMP001
B001150,C01200,2025-03-24 11:00:00,271.52,
B001151,C01200,2025-05-08 18:00:00,521.84,CMP002
B001152,C01200,2025-05-15 23:00:00,300.41,CMP002
B001153,C01200,2025-05-30 00:00:00,1114.92,CMP003
B001154,C01202,2025-08-10 19:00:00,1126.16,CMP002
B001155,C01203,2025-11-13 01:00:00,182.89,CMP003
B001156,C01204,2025-03-21 12:00:00,629.12,CMP002
B001157,C01205,2025-11-12 03:00:00,299.25,CMP005
B001158,C01207,2025-04-25 18:00:00,615.23,CMP005
B001159,C01209,2025-02-11 18:00:00,281.7,CMP002
B001160,C01209,2025-05-13 05:00:00,100.0,
B001161,C01210,2025-05-03 19:00:00,375.32,CMP002
B001162,C01214,2025-05-05 05:00:00,611.93,CMP001
B001163,C01214,2025-07-04 10:00:00,382.29,CMP002
B001164,C01215,2025-06-25 07:00:00,233.33,
B001165,C01216,2025-06-27 12:00:00,223.8,CMP003
B001166,C01216,2025-07-11 18:00:00,278.19,CMP001
B001167,C01220,2025-09-06 16:00:00,378.45,CMP002
B001168,C01221,2025-10-13 12:00:00,161.75,CMP001
B001169,C01221,2025-12-12 20:00:00,160.35,CMP001
B001170,C01224,2025-03-05 20:00:00,804.25,CMP002
B001171,C01224,2025-04-20 05:00:00,296.5,
B001172,C01224,2025-07-19 13:00:00,293.26,
B001173,C01224,2025-08-18 19:00:00,502.69,CMP004
B001174,C01226,2025-02-15 15:00:00,365.05,CMP004
B001175,C01227,2025-11-16 20:00:00,326.51,CMP003
B001176,C01228,2025-08-23 20:00:00,261.57,CMP002
B001177,C01228,2025-09-06 21:00:00,186.14,CMP001
B001178,C01228,2025-09-14 02:00:00,205.5,CMP003
B001179,C01228,2025-10-05 08:00:00,469.71,CMP004
B001180,C01233,2025-08-15 15:00:00,478.84,CMP001
B001181,C01233,2025-08-23 00:00:00,363.91,CMP005
B001182,C01233,2025-09-22 10:00:00,660.69,CMP002
B001183,C01233,2025-11-21 21:00:00,495.23,
B001184,C01234,2025-11-05 11:00:00,307.76,CMP005
B001185,C01234,2025-12-20 13:00:00,570.7,
B001186,C01238,2025-11-08 05:00:00,745.78,
B001187,C01239,2025-11-18 06:00:00,250.18,CMP001
B001188,C01240,2025-02-27 09:00:00,123.09,CMP001
B001189,C01241,2025-03-20 11:00:00,143.25,
B001190,C01243,2025-02-22 09:00:00,100.0,CMP004
B001191,C01246,2025-06-09 12:00:00,812.25,CMP003
B001192,C01246,2025-08-08 18:00:00,607.08,CMP003
B001193,C01246,2025-09-23 06:00:00,356.96,CMP001
B001194,C01246,2025-10-23 18:00:00,370.48,CMP002
B001195,C01247,2025-07-28 05:00:00,101.95,CMP002
B001196,C01254,2025-10-16 06:00:00,231.47,CMP005
B001197,C01255,2025-02-13 12:00:00,448.8,CMP001
B001198,C01256,2025-12-31 09:00:00,329.64,CMP003
B001199,C01260,2025-10-09 17:00:00,100.0,CMP005
B001200,C01261,2025-08-04 05:00:00,459.36,CMP003
B001201,C01261,2025-09-03 06:00:00,492.42,CMP002
B001202,C01264,2025-06-07 16:00:00,874.98,CMP004
B001203,C01265,2025-06-21 01:00:00,209.36,CMP001
B001204,C01265,2025-07-21 02:00:00,562.31,CMP003
B001205,C01265,2025-08-04 03:00:00,285.17,CMP001
B001206,C01266,2025-04-12 13:00:00,653.24,CMP004
B001207,C01268,2025-04-04 16:00:00,378.35,CMP005
B001208,C01268,2025-07-04 03:00:00,160.09,CMP002
B001209,C01268,2025-10-02 04:00:00,303.89,
B001210,C01268,2025-11-01 12:00:00,934.15,CMP004
B001211,C01270,2025-03-14 19:00:00,153.18,CMP004
B001212,C01270,2025-04-28 22:00:00,468.98,CMP002
B001213,C01270,2025-06-28 02:00:00,109.23,
B001214,C01270,2025-09-26 07:00:00,204.84,CMP004
B001215,C01272,2025-10-12 13:00:00,441.28,CMP004
B001216,C01276,2025-03-08 03:00:00,694.9,CMP003
B001217,C01278,2025-09-23 15:00:00,116.46,CMP005
B001218,C01279,2025-02-24 12:00:00,288.42,CMP003
B001219,C01280,2025-06-21 07:00:00,245.8,CMP003
B001220,C01280,2025-08-20 18:00:00,192.65,CMP001
B001221,C01280,2025-11-19 00:00:00,142.04,CMP002
B001222,C01280,2025-11-26 10:00:00,350.96,CMP003
B001223,C01281,2025-10-23 16:00:00,368.55,CMP004
B001224,C01282,2025-05-29 02:00:00,250.0,CMP002
B001225,C01283,2025-07-31 10:00:00,142.24,
B001226,C01283,2025-08-30 18:00:00,462.35,CMP005
B001227,C01286,2025-03-23 09:00:00,394.16,CMP002
B001228,C01286,2025-04-22 11:00:00,146.87,CMP003
B001229,C01289,2025-11-23 11:00:00,490.16,
B001230,C01294,2025-09-27 10:00:00,221.71,CMP001
B001231,C01294,2025-12-26 22:00:00,157.9,
B001232,C01296,2025-12-01 15:00:00,263.52,CMP002
B001233,C01298,2025-06-27 18:00:00,548.48,CMP003
B001234,C01298,2025-07-18 19:00:00,193.01,CMP004
B001235,C01298,2025-08-02 01:00:00,347.65,CMP004
B001236,C01299,2025-06-28 02:00:00,608.48,
B001237,C01299,2025-08-27 05:00:00,301.62,
B001238,C01299,2025-09-03 13:00:00,100.0,CMP001
B001239,C01300,2025-10-10 17:00:00,511.71,
B001240,C01301,2025-08-28 10:00:00,611.47,CMP002
B001241,C01302,2025-08-05 16:00:00,293.98,CMP005
B001242,C01304,2025-08-26 13:00:00,158.19,CMP001
B001243,C01305,2025-12-09 14:00:00,231.3,CMP003
B001244,C01306,2025-06-19 18:00:00,228.16,
B001245,C01306,2025-07-04 06:00:00,403.8,CMP008
B001246,C01306,2025-07-25 10:00:00,296.29,CMP004
B001247,C01307,2025-04-10 18:00:00,185.89,CMP004
B001248,C01310,2025-07-27 19:00:00,532.21,CMP004
B001249,C01311,2025-03-13 12:00:00,572.1,CMP002
B001250,C01311,2025-03-20 14:00:00,404.82,CMP001
B001251,C01311,2025-06-19 00:00:00,100.74,
B001252,C01313,2025-06-11 15:00:00,261.71,CMP003
B001253,C01317,2025-03-04 04:00:00,414.74,CMP005
B001254,C01318,2025-10-25 13:00:00,441.55,
B001255,C01319,2025-12-03 02:00:00,371.01,CMP002
B001256,C01326,2025-05-17 19:00:00,149.33,CMP002
B001257,C01327,2025-07-19 17:00:00,574.46,CMP004
B001258,C01328,2025-04-01 15:00:00,329.84,
B001259,C01328,2025-05-31 19:00:00,204.58,
B001260,C01328,2025-07-01 05:00:00,865.97,CMP004
B001261,C01330,2025-07-26 09:00:00,120.71,
B001262,C01331,2025-04-01 12:00:00,430.38,
B001263,C01331,2025-05-02 00:00:00,301.55,CMP004
B001264,C01331,2025-06-01 12:00:00,203.52,CMP004
B001265,C01331,2025-07-31 17:00:00,1306.97,CMP004
B001266,C01332,2025-06-11 04:00:00,310.25,CMP002
B001267,C01332,2025-06-25 15:00:00,209.96,CMP003
B001268,C01333,2025-09-26 16:00:00,236.72,CMP005
B001269,C01334,2025-06-02 01:00:00,450.71,
B001270,C01334,2025-06-09 06:00:00,453.56,CMP002
B001271,C01334,2025-08-08 12:00:00,175.2,CMP004
B001272,C01335,2025-04-01 17:00:00,100.0,
B001273,C01335,2025-04-15 18:00:00,277.61,CMP005
B001274,C01335,2025-06-15 05:00:00,225.91,CMP004
B001275,C01338,2025-07-23 14:00:00,283.64,CMP005
B001276,C01339,2025-08-29 20:00:00,102.07,
B001277,C01339,2025-09-13 00:00:00,249.8,CMP001
B001278,C01340,2025-12-15 15:00:00,307.5,CMP001
B001279,C01341,2025-04-13 19:00:00,249.49,CMP002
B001280,C01342,2025-12-06 01:00:00,285.12,CMP001
B001281,C01342,2025-12-13 06:00:00,119.32,CMP002
B001282,C01344,2025-04-24 17:00:00,105.53,CMP003
B001283,C01347,2025-12-10 13:00:00,100.0,CMP002
B001284,C01349,2025-08-01 12:00:00,704.45,CMP001
B001285,C01351,2025-10-15 12:00:00,133.26,CMP003
B001286,C01351,2025-11-29 16:00:00,123.22,CMP001
B001287,C01352,2025-10-17 19:00:00,707.76,CMP003
B001288,C01354,2025-05-24 15:00:00,289.25,CMP005
B001289,C01358,2025-03-25 10:00:00,304.97,
B001290,C01358,2025-06-23 13:00:00,435.47,
B001291,C01358,2025-07-14 23:00:00,1308.76,CMP001
B001292,C01359,2025-05-12 17:00:00,126.77,
B001293,C01360,2025-03-28 01:00:00,375.05,CMP001
B001294,C01363,2025-08-02 18:00:00,416.25,CMP004
B001295,C01363,2025-10-31 21:00:00,437.09,CMP001
B001296,C01365,2025-02-12 12:00:00,123.5,CMP004
B001297,C01369,2025-06-25 11:00:00,421.64,CMP004
B001298,C01371,2025-11-25 08:00:00,740.38,CMP001
B001299,C01372,2025-12-26 04:00:00,275.9,CMP004
B001300,C01373,2025-08-12 06:00:00,337.89,CMP002
B001301,C01375,2025-10-05 14:00:00,230.59,CMP003
B001302,C01376,2025-02-27 06:00:00,173.91,CMP003
B001303,C01376,2025-03-06 07:00:00,252.77,CMP004
B001304,C01376,2025-04-05 15:00:00,421.78,CMP003
B001305,C01378,2025-11-09 11:00:00,406.63,CMP004
B001306,C01378,2025-11-16 21:00:00,144.31,CMP003
B001307,C01378,2025-12-08 03:00:00,519.62,CMP002
B001308,C01379,2025-11-23 14:00:00,455.53,CMP001
B001309,C01379,2025-12-07 22:00:00,159.31,CMP001
B001310,C01382,2025-10-25 04:00:00,139.5,
B001311,C01383,2025-01-22 10:00:00,376.62,CMP002
B001312,C01384,2025-06-28 02:00:00,573.65,CMP002
B001313,C01384,2025-07-28 05:00:00,214.71,CMP005
B001314,C01384,2025-08-18 15:00:00,100.0,
B001315,C01384,2025-09-18 00:00:00,811.57,CMP002
B001316,C01385,2025-03-18 19:00:00,321.23,CMP003
B001317,C01385,2025-05-18 01:00:00,319.35,
B001318,C01385,2025-07-02 03:00:00,161.11,CMP001
B001319,C01385,2025-08-01 11:00:00,230.86,CMP003
B001320,C01386,2025-04-29 08:00:00,407.67,CMP003
B001321,C01386,2025-06-13 14:00:00,164.14,CMP002
B001322,C01386,2025-06-20 17:00:00,218.46,CMP008
B001323,C01387,2025-07-29 09:00:00,183.95,CMP002
B001324,C01387,2025-09-12 12:00:00,567.5,CMP001
B001325,C01389,2025-07-20 15:00:00,320.92,CMP003
B001326,C01390,2025-09-07 02:00:00,284.98,CMP003
B001327,C01390,2025-10-07 08:00:00,112.12,CMP004
B001328,C01391,2025-09-19 13:00:00,440.84,CMP001
B001329,C01391,2025-10-20 01:00:00,152.89,CMP001
B001330,C01391,2025-11-19 04:00:00,532.07,CMP002
B001331,C01392,2025-07-12 19:00:00,198.77,CMP002
B001332,C01394,2025-08-16 10:00:00,100.0,CMP002
B001333,C01395,2025-12-21 01:00:00,452.89,CMP001
B001334,C01397,2025-11-17 18:00:00,118.66,CMP001
B001335,C01397,2025-11-25 06:00:00,551.56,CMP002
B001336,C01398,2025-12-12 13:00:00,239.31,CMP001
B001337,C01399,2025-10-08 17:00:00,143.1,CMP002
B001338,C01400,2025-09-06 09:00:00,448.38,CMP003
B001339,C01401,2025-05-11 15:00:00,298.29,CMP001
B001340,C01402,2025-08-18 16:00:00,198.81,CMP003
B001341,C01402,2025-11-16 21:00:00,457.4,CMP003
B001342,C01403,2025-11-20 02:00:00,979.41,CMP002
B001343,C01403,2025-11-27 14:00:00,665.87,CMP002
B001344,C01403,2025-12-18 19:00:00,138.71,CMP002
B001345,C01404,2025-10-07 13:00:00,282.32,CMP003
B001346,C01404,2025-10-14 19:00:00,427.43,CMP003
B001347,C01405,2025-09-17 17:00:00,275.93,
B001348,C01405,2025-10-01 22:00:00,856.94,CMP001
B001349,C01405,2025-10-23 00:00:00,182.53,CMP001
B001350,C01406,2025-05-11 03:00:00,108.44,CMP002
B001351,C01406,2025-06-25 12:00:00,299.1,
B001352,C01406,2025-07-10 00:00:00,159.21,CMP005
B001353,C01408,2025-02-14 06:00:00,100.0,CMP002
B001354,C01410,2025-07-29 19:00:00,654.49,CMP004
B001355,C01411,2025-03-14 11:00:00,321.24,CMP003
B001356,C01411,2025-04-13 23:00:00,471.41,CMP001
B001357,C01415,2025-11-22 09:00:00,586.34,CMP001
B001358,C01416,2025-08-02 15:00:00,745.26,CMP001
B001359,C01416,2025-08-24 02:00:00,111.99,CMP002
B001360,C01416,2025-09-23 13:00:00,427.58,CMP003
B001361,C01419,2025-06-27 11:00:00,239.04,CMP001
B001362,C01421,2025-03-31 19:00:00,659.71,CMP002
B001363,C01422,2025-06-02 15:00:00,417.94,CMP002
B001364,C01423,2025-05-09 13:00:00,444.99,CMP005
B001365,C01423,2025-08-07 18:00:00,288.42,
B001366,C01423,2025-09-22 00:00:00,129.68,CMP003
B001367,C01423,2025-11-21 06:00:00,470.35,CMP004
B001368,C01426,2025-11-25 10:00:00,225.92,CMP001
B001369,C01427,2025-04-24 03:00:00,295.69,CMP002
B001370,C01430,2025-05-10 17:00:00,296.99,
B001371,C01431,2025-10-17 16:00:00,219.34,CMP001
B001372,C01431,2025-10-31 17:00:00,233.85,CMP001
B001373,C01431,2025-12-15 23:00:00,431.0,CMP002
B001374,C01432,2025-06-04 18:00:00,266.84,CMP005
B001375,C01432,2025-08-04 03:00:00,234.65,CMP002
B001376,C01432,2025-08-11 04:00:00,231.13,CMP001
B001377,C01432,2025-09-01 11:00:00,606.76,CMP002
B001378,C01434,2025-07-12 08:00:00,224.31,CMP004
B001379,C01434,2025-07-19 17:00:00,478.21,CMP005
B001380,C01434,2025-10-17 18:00:00,215.39,
B001381,C01434,2025-11-08 00:00:00,310.39,CMP002
B001382,C01435,2025-09-21 10:00:00,205.54,CMP005
B001383,C01437,2025-09-29 11:00:00,166.1,CMP002
B001384,C01438,2025-09-12 15:00:00,629.29,CMP001
B001385,C01439,2025-09-22 17:00:00,211.15,CMP001
B001386,C01441,2025-03-19 19:00:00,507.28,CMP005
B001387,C01443,2025-06-26 03:00:00,387.67,CMP004
B001388,C01443,2025-07-26 10:00:00,673.53,CMP002
B001389,C01443,2025-08-09 21:00:00,381.62,CMP003
B001390,C01443,2025-08-31 09:00:00,756.1,CMP005
B001391,C01444,2025-07-16 09:00:00,602.8,CMP003
B001392,C01446,2025-10-31 13:00:00,466.85,
B001393,C01448,2025-07-13 14:00:00,600.82,CMP005
B001394,C01448,2025-08-12 21:00:00,392.69,CMP002
B001395,C01449,2025-07-26 13:00:00,866.68,CMP004
B001396,C01450,2025-03-04 10:00:00,127.53,CMP002
B001397,C01451,2025-09-13 04:00:00,287.12,CMP003
B001398,C01452,2025-08-25 14:00:00,277.0,CMP004
B001399,C01454,2025-06-14 01:00:00,601.03,CMP005
B001400,C01456,2025-08-12 02:00:00,141.7,CMP004
B001401,C01456,2025-10-11 05:00:00,474.51,
B001402,C01457,2025-04-04 15:00:00,254.07,CMP002
B001403,C01458,2025-04-18 09:00:00,140.76,CMP001
B001404,C01458,2025-07-17 21:00:00,131.46,CMP003
B001405,C01459,2025-05-18 02:00:00,151.01,CMP003
B001406,C01460,2025-12-01 07:00:00,362.44,CMP004
B001407,C01462,2025-08-28 12:00:00,200.38,CMP001
B001408,C01464,2025-05-01 11:00:00,159.69,CMP005
B001409,C01465,2025-10-26 08:00:00,111.65,CMP003
B001410,C01465,2025-11-16 18:00:00,153.4,CMP004
B001411,C01465,2025-11-30 19:00:00,171.03,CMP003
B001412,C01466,2025-06-12 12:00:00,148.7,CMP001
B001413,C01466,2025-06-20 00:00:00,457.54,CMP001
B001414,C01466,2025-07-04 03:00:00,336.67,CMP001
B001415,C01470,2025-11-03 20:00:00,543.51,CMP001
B001416,C01470,2025-11-11 06:00:00,104.07,CMP001
B001417,C01474,2025-06-13 11:00:00,402.57,CMP002
B001418,C01474,2025-06-27 19:00:00,276.17,CMP002
B001419,C01475,2025-04-13 14:00:00,240.26,CMP002
B001420,C01480,2025-04-18 05:00:00,265.2,CMP002
B001421,C01481,2025-06-15 11:00:00,166.48,CMP003
B001422,C01481,2025-07-15 13:00:00,169.88,CMP001
B001423,C01484,2025-04-02 07:00:00,656.84,CMP003
B001424,C01485,2025-06-07 20:00:00,184.0,CMP001
B001425,C01486,2025-07-18 05:00:00,656.51,CMP004
B001426,C01488,2025-02-19 04:00:00,193.0,CMP001
B001427,C01494,2025-09-20 02:00:00,261.41,
B001428,C01495,2025-10-22 20:00:00,379.9,CMP002
B001429,C01495,2025-11-06 01:00:00,578.89,CMP003
B001430,C01495,2025-11-20 13:00:00,800.91,CMP003
B001431,C01496,2025-07-10 20:00:00,503.64,
B001432,C01497,2025-11-06 20:00:00,238.47,CMP005
B001433,C01498,2025-11-02 12:00:00,160.6,CMP001
B001434,C01498,2025-11-09 17:00:00,431.73,CMP002
B001435,C01500,2025-02-26 06:00:00,652.65,CMP002
B001436,C01501,2025-10-11 11:00:00,335.15,CMP004
B001437,C01502,2025-05-13 09:00:00,473.33,
B001438,C01503,2025-01-24 07:00:00,252.35,CMP001
B001439,C01504,2025-08-28 06:00:00,564.17,CMP003
B001440,C01507,2025-07-04 03:00:00,215.59,CMP001
B001441,C01511,2025-09-07 02:00:00,284.85,CMP002
B001442,C01515,2025-05-17 06:00:00,285.81,CMP005
B001443,C01515,2025-07-16 15:00:00,596.57,CMP002
B001444,C01516,2025-03-22 02:00:00,345.47,CMP003
B001445,C01516,2025-05-06 08:00:00,793.57,
B001446,C01516,2025-07-05 15:00:00,155.36,
B001447,C01517,2025-11-10 16:00:00,203.84,CMP002
B001448,C01517,2025-12-10 18:00:00,283.93,CMP003
B001449,C01519,2025-08-12 01:00:00,200.85,CMP003
B001450,C01521,2025-10-05 07:00:00,101.26,CMP004
B001451,C01522,2025-08-14 14:00:00,692.92,CMP001
B001452,C01522,2025-11-12 16:00:00,143.25,CMP003
B001453,C01525,2025-04-09 04:00:00,276.97,CMP004
B001454,C01526,2025-05-04 03:00:00,620.04,CMP002
B001455,C01526,2025-05-11 15:00:00,642.12,CMP003
B001456,C01526,2025-06-26 02:00:00,195.07,CMP008
B001457,C01529,2025-12-09 19:00:00,184.14,CMP001
B001458,C01529,2025-12-16 20:00:00,724.99,CMP004
B001459,C01530,2025-10-05 08:00:00,274.48,
B001460,C01533,2025-12-25 13:00:00,515.58,CMP001
B001461,C01535,2025-03-05 01:00:00,326.16,CMP003
B001462,C01536,2025-04-01 03:00:00,442.17,CMP004
B001463,C01536,2025-05-01 13:00:00,756.28,CMP001
B001464,C01537,2025-08-21 05:00:00,181.43,CMP003
B001465,C01537,2025-08-28 10:00:00,270.48,CMP002
B001466,C01541,2025-11-21 03:00:00,162.91,CMP001
B001467,C01541,2025-12-05 13:00:00,322.35,CMP004
B001468,C01547,2025-08-19 05:00:00,198.78,CMP002
B001469,C01549,2025-06-19 12:00:00,208.98,
B001470,C01549,2025-07-03 21:00:00,182.04,CMP003
B001471,C01549,2025-08-03 08:00:00,445.77,CMP003
B001472,C01549,2025-08-24 12:00:00,1290.84,CMP004
B001473,C01551,2025-12-29 18:00:00,602.63,CMP002
B001474,C01553,2025-02-08 15:00:00,731.5,CMP002
B001475,C01554,2025-07-08 10:00:00,245.2,CMP004
B001476,C01554,2025-08-22 14:00:00,234.58,
B001477,C01556,2025-11-26 19:00:00,361.02,CMP001
B001478,C01556,2025-12-27 04:00:00,100.0,CMP004
B001479,C01557,2025-09-28 01:00:00,313.97,CMP003
B001480,C01559,2025-02-22 11:00:00,522.67,CMP005
B001481,C01561,2025-03-15 16:00:00,504.72,CMP001
B001482,C01562,2025-09-04 05:00:00,145.25,CMP003
B001483,C01565,2025-09-01 08:00:00,369.28,CMP005
B001484,C01566,2025-11-30 14:00:00,344.23,
B001485,C01567,2025-05-12 09:00:00,285.76,CMP004
B001486,C01567,2025-07-11 20:00:00,134.56,CMP003
B001487,C01568,2025-07-12 14:00:00,265.2,CMP001
B001488,C01571,2025-08-15 20:00:00,452.99,CMP002
B001489,C01571,2025-09-29 21:00:00,236.69,CMP001
B001490,C01574,2025-09-12 17:00:00,801.44,
B001491,C01574,2025-11-12 04:00:00,609.72,
B001492,C01574,2025-12-27 11:00:00,365.24,CMP003
B001493,C01575,2025-06-21 10:00:00,100.0,CMP001
B001494,C01575,2025-08-05 14:00:00,397.4,CMP001
B001495,C01576,2025-03-27 08:00:00,316.21,CMP001
B001496,C01576,2025-05-11 20:00:00,156.08,CMP001
B001497,C01580,2025-05-28 05:00:00,646.79,
B001498,C01582,2025-02-20 08:00:00,435.42,CMP004
B001499,C01583,2025-08-24 01:00:00,126.86,
B001500,C01584,2025-06-21 12:00:00,119.06,CMP005
B001501,C01584,2025-07-12 15:00:00,100.0,CMP004
B001502,C01585,2025-04-22 07:00:00,395.99,
B001503,C01586,2025-05-25 19:00:00,318.81,CMP003
B001504,C01588,2025-01-25 06:00:00,158.8,CMP002
B001505,C01588,2025-02-24 14:00:00,173.82,CMP001
B001506,C01588,2025-03-03 18:00:00,292.06,CMP001
B001507,C01591,2025-12-05 01:00:00,104.29,
B001508,C01592,2025-09-24 15:00:00,242.25,CMP001
B001509,C01592,2025-10-08 18:00:00,312.45,CMP003
B001510,C01592,2025-10-23 03:00:00,720.63,CMP001
B001511,C01592,2025-11-13 05:00:00,142.16,CMP002
B001512,C01594,2025-11-13 14:00:00,347.04,CMP002
B001513,C01595,2025-05-08 02:00:00,281.04,CMP004
B001514,C01596,2025-04-04 06:00:00,574.94,CMP003
B001515,C01596,2025-05-19 07:00:00,724.48,CMP002
B001516,C01597,2025-12-31 10:00:00,414.88,CMP003
B001517,C01598,2025-06-26 07:00:00,164.35,CMP001
B001518,C01599,2025-02-21 01:00:00,505.73,
B001519,C01600,2025-01-30 03:00:00,317.37,CMP003
B001520,C01601,2025-10-23 12:00:00,158.26,CMP001
B001521,C01602,2025-04-04 12:00:00,138.57,CMP001
B001522,C01605,2025-07-27 12:00:00,404.01,CMP001
B001523,C01606,2025-08-06 07:00:00,163.34,CMP002
B001524,C01607,2025-03-31 01:00:00,239.01,
B001525,C01610,2025-11-19 14:00:00,830.28,CMP003
B001526,C01611,2025-09-04 14:00:00,204.86,CMP003
B001527,C01612,2025-10-21 06:00:00,270.83,
B001528,C01612,2025-10-28 09:00:00,115.35,CMP002
B001529,C01612,2025-11-18 11:00:00,271.43,CMP003
B001530,C01615,2025-07-28 01:00:00,142.32,
B001531,C01615,2025-08-18 05:00:00,111.59,CMP002
B001532,C01615,2025-11-16 07:00:00,141.83,CMP002
B001533,C01617,2025-12-12 11:00:00,191.71,CMP004
B001534,C01619,2025-10-15 02:00:00,165.32,CMP003
B001535,C01621,2025-10-30 14:00:00,269.02,CMP002
B001536,C01622,2025-06-28 01:00:00,380.21,
B001537,C01623,2025-09-15 15:00:00,210.23,CMP004
B001538,C01623,2025-12-14 16:00:00,207.55,CMP001
B001539,C01624,2025-11-01 11:00:00,297.89,CMP002
B001540,C01626,2025-07-13 05:00:00,338.4,CMP004
B001541,C01626,2025-07-20 17:00:00,320.16,CMP003
B001542,C01626,2025-07-27 23:00:00,690.49,CMP003
B001543,C01631,2025-03-18 20:00:00,207.03,CMP004
B001544,C01631,2025-03-25 22:00:00,511.47,CMP001
B001545,C01633,2025-03-26 03:00:00,470.13,CMP004
B001546,C01633,2025-05-25 10:00:00,201.75,CMP003
B001547,C01633,2025-08-23 18:00:00,698.66,
B001548,C01634,2025-06-10 13:00:00,458.06,CMP002
B001549,C01635,2025-10-04 15:00:00,584.78,CMP005
B001550,C01636,2025-08-05 10:00:00,314.87,CMP002
B001551,C01638,2025-10-08 18:00:00,816.08,CMP001
B001552,C01640,2025-12-12 09:00:00,512.03,CMP003
B001553,C01642,2025-06-28 13:00:00,279.4,
B001554,C01645,2025-06-28 19:00:00,474.22,CMP002
B001555,C01646,2025-07-02 13:00:00,400.8,CMP005
B001556,C01647,2025-04-23 19:00:00,262.5,CMP003
B001557,C01649,2025-04-02 15:00:00,1076.07,CMP004
B001558,C01650,2025-10-08 01:00:00,622.65,CMP001
B001559,C01652,2025-05-26 06:00:00,246.23,CMP001
B001560,C01653,2025-09-22 07:00:00,391.86,
B001561,C01663,2025-05-12 16:00:00,490.36,CMP003
B001562,C01663,2025-06-27 00:00:00,152.92,CMP001
B001563,C01663,2025-07-11 10:00:00,100.0,CMP002
B001564,C01663,2025-09-09 18:00:00,964.1,CMP002
B001565,C01664,2025-09-16 09:00:00,167.78,CMP003
B001566,C01664,2025-11-15 16:00:00,126.11,CMP004
B001567,C01666,2025-06-17 10:00:00,452.69,CMP003
B001568,C01669,2025-02-25 05:00:00,388.82,CMP001
B001569,C01669,2025-04-11 09:00:00,129.5,CMP002
B001570,C01669,2025-07-10 20:00:00,165.79,
B001571,C01670,2025-05-05 18:00:00,466.48,CMP002
B001572,C01670,2025-06-05 01:00:00,285.82,CMP002
B001573,C01670,2025-09-03 05:00:00,348.82,
B001574,C01670,2025-09-10 12:00:00,267.15,CMP002
B001575,C01674,2025-05-27 09:00:00,382.19,CMP005
B001576,C01675,2025-03-12 07:00:00,124.33,
B001577,C01675,2025-04-02 10:00:00,735.97,CMP002
B001578,C01675,2025-05-02 13:00:00,606.88,CMP002
B001579,C01676,2025-02-21 07:00:00,159.31,CMP004
B001580,C01676,2025-03-14 12:00:00,198.53,CMP004
B001581,C01676,2025-05-13 14:00:00,100.0,
B001582,C01678,2025-03-30 10:00:00,679.41,CMP005
B001583,C01679,2025-08-06 10:00:00,408.97,CMP004
B001584,C01680,2025-09-12 10:00:00,227.26,CMP004
B001585,C01680,2025-10-03 12:00:00,195.43,CMP003
B001586,C01680,2025-11-02 17:00:00,655.61,CMP003
B001587,C01681,2025-11-08 09:00:00,384.39,CMP004
B001588,C01682,2025-09-04 20:00:00,155.84,
B001589,C01683,2025-08-04 11:00:00,915.59,CMP002
B001590,C01685,2025-05-31 19:00:00,514.75,CMP001
B001591,C01685,2025-08-29 20:00:00,146.13,CMP004
B001592,C01685,2025-09-06 01:00:00,109.34,CMP002
B001593,C01686,2025-09-10 16:00:00,502.6,CMP003
B001594,C01687,2025-03-09 08:00:00,657.56,CMP002
B001595,C01691,2025-03-09 11:00:00,103.08,CMP001
B001596,C01692,2025-03-27 09:00:00,256.7,
B001597,C01694,2025-10-19 16:00:00,337.79,CMP002
B001598,C01696,2025-08-15 06:00:00,129.47,CMP001
B001599,C01698,2025-11-04 03:00:00,1069.67,
B001600,C01700,2025-07-25 14:00:00,211.75,CMP002
B001601,C01701,2025-01-28 01:00:00,108.83,CMP004
B001602,C01701,2025-03-29 08:00:00,177.95,CMP004
B001603,C01701,2025-04-19 18:00:00,1529.47,
B001604,C01708,2025-11-08 20:00:00,268.61,
B001605,C01708,2025-11-15 22:00:00,176.98,CMP003
B001606,C01708,2025-11-23 01:00:00,408.75,CMP002
B001607,C01708,2025-12-23 02:00:00,284.59,CMP003
B001608,C01712,2025-05-27 20:00:00,371.52,
B001609,C01715,2025-11-14 04:00:00,261.92,CMP005
B001610,C01719,2025-10-05 05:00:00,115.0,CMP005
B001611,C01720,2025-05-16 13:00:00,643.6,
B001612,C01721,2025-04-16 15:00:00,301.25,
B001613,C01722,2025-11-14 02:00:00,376.18,CMP001
B001614,C01724,2025-08-18 09:00:00,153.38,CMP004
B001615,C01724,2025-10-17 17:00:00,163.36,CMP004
B001616,C01724,2025-11-01 05:00:00,332.24,CMP002
B001617,C01725,2025-06-05 11:00:00,748.58,CMP003
B001618,C01728,2025-04-10 15:00:00,395.44,CMP004
B001619,C01728,2025-07-09 23:00:00,532.05,
B001620,C01728,2025-07-24 09:00:00,189.27,CMP003
B001621,C01728,2025-08-23 17:00:00,381.96,
B001622,C01729,2025-04-28 18:00:00,488.55,CMP004
B001623,C01735,2025-04-28 10:00:00,392.43,
B001624,C01736,2025-09-11 19:00:00,194.09,
B001625,C01741,2025-06-05 04:00:00,121.85,CMP005
B001626,C01741,2025-09-03 08:00:00,118.42,CMP004
B001627,C01741,2025-11-02 09:00:00,727.84,CMP005
B001628,C01742,2025-05-17 14:00:00,274.7,CMP002
B001629,C01744,2025-05-17 14:00:00,187.84,CMP003
B001630,C01746,2025-08-16 03:00:00,429.67,CMP004
B001631,C01746,2025-08-23 12:00:00,204.02,CMP001
B001632,C01746,2025-10-22 15:00:00,130.26,
B001633,C01747,2025-11-12 04:00:00,379.27,CMP002
B001634,C01749,2025-11-25 09:00:00,234.1,CMP002
B001635,C01750,2025-11-25 12:00:00,181.54,CMP005
B001636,C01752,2025-03-09 06:00:00,761.3,CMP002
B001637,C01752,2025-04-08 14:00:00,102.99,CMP003
B001638,C01754,2025-03-20 12:00:00,468.82,CMP003
B001639,C01754,2025-04-03 20:00:00,523.1,CMP001
B001640,C01754,2025-07-03 08:00:00,500.12,
B001641,C01754,2025-09-01 11:00:00,237.89,
B001642,C01756,2025-08-20 10:00:00,193.46,CMP002
B001643,C01758,2025-12-31 03:00:00,746.29,CMP002
B001644,C01759,2025-05-29 16:00:00,392.1,CMP003
B001645,C01763,2025-09-28 20:00:00,133.94,CMP003
B001646,C01766,2025-11-26 11:00:00,508.77,CMP001
B001647,C01768,2025-09-12 19:00:00,944.58,CMP005
B001648,C01769,2025-01-28 05:00:00,158.85,CMP002
B001649,C01770,2025-07-11 09:00:00,395.27,CMP005
B001650,C01770,2025-08-01 19:00:00,197.6,CMP001
B001651,C01770,2025-10-01 01:00:00,284.42,CMP002
B001652,C01770,2025-12-30 13:00:00,314.8,
B001653,C01771,2025-03-14 20:00:00,579.17,
B001654,C01773,2025-04-15 11:00:00,176.24,CMP001
B001655,C01775,2025-02-28 10:00:00,144.35,CMP003
B001656,C01776,2025-11-28 01:00:00,177.32,CMP001
B001657,C01778,2025-12-09 13:00:00,449.15,CMP004
B001658,C01779,2025-08-22 17:00:00,377.01,CMP005
B001659,C01780,2025-03-12 15:00:00,184.2,CMP003
B001660,C01781,2025-05-09 12:00:00,191.65,CMP004
B001661,C01784,2025-06-03 10:00:00,599.65,CMP001
B001662,C01784,2025-06-17 14:00:00,368.95,CMP005
B001663,C01784,2025-09-15 20:00:00,231.79,
B001664,C01784,2025-11-15 01:00:00,133.85,CMP003
B001665,C01785,2025-03-25 02:00:00,528.21,CMP001
B001666,C01791,2025-09-22 03:00:00,353.22,CMP003
B001667,C01792,2025-01-25 02:00:00,1071.0,CMP002
B001668,C01792,2025-02-24 14:00:00,298.05,
B001669,C01792,2025-03-26 22:00:00,181.97,CMP002
B001670,C01792,2025-06-25 06:00:00,241.65,
B001671,C01793,2025-12-19 11:00:00,343.47,CMP003
B001672,C01794,2025-03-06 17:00:00,156.26,CMP002
B001673,C01795,2025-03-24 07:00:00,163.06,CMP005
B001674,C01795,2025-03-31 09:00:00,413.81,CMP004
B001675,C01795,2025-04-21 13:00:00,507.69,CMP004
B001676,C01795,2025-05-06 01:00:00,133.68,CMP002
B001677,C01797,2025-12-17 07:00:00,165.7,CMP001
B001678,C01798,2025-12-06 10:00:00,898.52,CMP002
B001679,C01799,2025-05-29 01:00:00,285.38,CMP002
B001680,C01799,2025-06-19 02:00:00,204.64,CMP004
B001681,C01799,2025-07-19 03:00:00,250.22,CMP001
B001682,C01800,2025-07-28 11:00:00,353.61,CMP003
B001683,C01802,2025-10-12 10:00:00,192.58,CMP001
B001684,C01803,2025-05-30 06:00:00,327.75,CMP004
B001685,C01804,2025-11-08 05:00:00,194.28,CMP005
B001686,C01806,2025-03-07 02:00:00,180.22,CMP002
B001687,C01808,2025-12-11 11:00:00,177.86,CMP005
B001688,C01808,2025-12-25 15:00:00,984.32,CMP001
B001689,C01809,2025-03-19 07:00:00,239.43,
B001690,C01811,2025-10-19 12:00:00,334.04,CMP004
B001691,C01812,2025-10-11 18:00:00,338.65,CMP001
B001692,C01813,2025-06-19 19:00:00,615.8,CMP004
B001693,C01814,2025-03-27 12:00:00,677.08,
B001694,C01815,2025-02-15 20:00:00,431.03,CMP001
B001695,C01815,2025-04-17 06:00:00,100.0,CMP003
B001696,C01815,2025-05-17 17:00:00,216.29,CMP001
B001697,C01815,2025-05-31 21:00:00,456.71,CMP003
B001698,C01819,2025-09-17 11:00:00,568.96,CMP002
B001699,C01819,2025-10-17 19:00:00,353.95,
B001700,C01819,2025-10-24 21:00:00,559.83,CMP004
B001701,C01819,2025-11-23 22:00:00,615.27,CMP004
B001702,C01820,2025-04-30 16:00:00,100.0,CMP001
B001703,C01820,2025-05-21 17:00:00,377.6,CMP002
B001704,C01822,2025-08-31 03:00:00,194.13,
B001705,C01822,2025-09-07 14:00:00,296.72,CMP001
B001706,C01822,2025-12-06 21:00:00,151.72,
B001707,C01824,2025-11-25 16:00:00,334.19,
B001708,C01825,2025-12-21 03:00:00,250.96,CMP002
B001709,C01826,2025-03-13 11:00:00,630.68,CMP001
B001710,C01827,2025-11-06 06:00:00,693.17,CMP004
B001711,C01828,2025-08-04 07:00:00,521.24,CMP004
B001712,C01829,2025-10-22 03:00:00,141.97,CMP002
B001713,C01829,2025-12-06 12:00:00,141.58,CMP004
B001714,C01830,2025-02-03 12:00:00,954.03,CMP004
B001715,C01830,2025-02-10 19:00:00,339.13,CMP002
B001716,C01830,2025-04-11 23:00:00,242.09,
B001717,C01830,2025-04-19 05:00:00,337.53,CMP001
B001718,C01833,2025-04-01 03:00:00,139.98,CMP003
B001719,C01835,2025-03-26 07:00:00,186.49,CMP005
B001720,C01836,2025-10-27 17:00:00,156.4,CMP005
B001721,C01836,2025-11-26 19:00:00,334.78,CMP005
B001722,C01836,2025-12-11 06:00:00,242.45,CMP004
B001723,C01837,2025-06-22 18:00:00,1054.43,CMP003
B001724,C01838,2025-08-09 16:00:00,338.87,CMP001
B001725,C01838,2025-09-24 01:00:00,400.21,CMP003
B001726,C01838,2025-10-24 05:00:00,361.88,CMP001
B001727,C01841,2025-09-20 13:00:00,476.23,CMP002
B001728,C01842,2025-06-09 06:00:00,1433.3,CMP001
B001729,C01845,2025-08-13 01:00:00,165.85,CMP001
B001730,C01845,2025-10-12 02:00:00,146.59,CMP004
B001731,C01846,2025-08-13 20:00:00,509.86,
B001732,C01846,2025-10-13 07:00:00,380.38,CMP003
B001733,C01847,2025-02-02 14:00:00,440.91,CMP002
B001734,C01847,2025-02-09 21:00:00,164.7,CMP002
B001735,C01847,2025-02-24 08:00:00,501.86,CMP004
B001736,C01848,2025-06-19 20:00:00,407.27,
B001737,C01848,2025-08-04 05:00:00,238.1,
B001738,C01848,2025-11-02 10:00:00,403.03,CMP004
B001739,C01850,2025-07-29 06:00:00,288.45,
B001740,C01851,2025-11-03 05:00:00,190.89,CMP001
B001741,C01853,2025-06-17 13:00:00,100.0,CMP004
B001742,C01857,2025-03-02 08:00:00,104.11,CMP003
B001743,C01859,2025-09-21 05:00:00,594.11,CMP002
B001744,C01859,2025-10-12 14:00:00,409.84,CMP004
B001745,C01859,2025-10-27 01:00:00,144.65,CMP005
B001746,C01859,2025-12-26 12:00:00,1263.1,
B001747,C01860,2025-11-09 06:00:00,299.78,CMP003
B001748,C01860,2025-12-09 16:00:00,390.03,CMP002
B001749,C01861,2025-02-19 13:00:00,229.21,CMP001
B001750,C01861,2025-02-27 00:00:00,184.39,CMP005
B001751,C01861,2025-05-28 06:00:00,339.07,CMP001
B001752,C01862,2025-04-11 07:00:00,850.71,CMP003
B001753,C01862,2025-04-18 19:00:00,100.97,CMP005
B001754,C01865,2025-11-03 12:00:00,127.16,CMP004
B001755,C01866,2025-03-05 04:00:00,369.23,
B001756,C01866,2025-03-26 16:00:00,100.0,
B001757,C01867,2025-05-18 11:00:00,170.37,CMP004
B001758,C01869,2025-03-11 11:00:00,455.55,CMP004
B001759,C01871,2025-08-07 13:00:00,299.86,CMP001
B001760,C01872,2025-10-22 03:00:00,261.37,
B001761,C01874,2025-06-19 10:00:00,686.27,CMP008
B001762,C01875,2025-11-30 06:00:00,687.57,CMP005
B001763,C01876,2025-10-09 06:00:00,355.66,CMP004
B001764,C01876,2025-11-08 11:00:00,333.61,CMP002
B001765,C01880,2025-02-13 15:00:00,258.05,CMP004
B001766,C01880,2025-03-30 18:00:00,520.35,CMP004
B001767,C01880,2025-06-29 04:00:00,495.17,CMP004
B001768,C01881,2025-05-16 19:00:00,361.43,CMP001
B001769,C01882,2025-05-05 19:00:00,100.0,
B001770,C01884,2025-06-11 10:00:00,1153.13,CMP003
B001771,C01884,2025-07-02 18:00:00,266.37,CMP001
B001772,C01884,2025-08-02 01:00:00,817.3,CMP005
B001773,C01884,2025-09-01 07:00:00,344.5,CMP003
B001774,C01885,2025-09-21 02:00:00,519.63,CMP005
B001775,C01888,2025-12-03 13:00:00,525.07,CMP002
B001776,C01888,2025-12-17 17:00:00,367.09,CMP002
B001777,C01889,2025-06-19 19:00:00,475.44,CMP003
B001778,C01890,2025-06-20 19:00:00,420.82,CMP003
B001779,C01890,2025-08-20 03:00:00,128.0,CMP005
B001780,C01892,2025-09-23 08:00:00,212.38,CMP003
B001781,C01893,2025-08-08 02:00:00,798.9,CMP003
B001782,C01893,2025-08-15 13:00:00,505.68,CMP004
B001783,C01893,2025-09-29 15:00:00,591.35,CMP002
B001784,C01894,2025-05-24 16:00:00,269.88,CMP001
B001785,C01894,2025-06-07 17:00:00,163.57,CMP004
B001786,C01894,2025-06-28 22:00:00,395.59,CMP004
B001787,C01896,2025-12-19 16:00:00,399.97,CMP002
B001788,C01899,2025-08-12 11:00:00,294.41,CMP002
B001789,C01899,2025-11-10 15:00:00,362.91,
B001790,C01899,2025-11-17 21:00:00,100.0,CMP001
B001791,C01900,2025-12-16 08:00:00,158.92,
B001792,C01901,2025-07-16 11:00:00,191.42,CMP004
B001793,C01903,2025-07-09 18:00:00,253.83,CMP003
B001794,C01903,2025-09-08 05:00:00,137.5,CMP003
B001795,C01903,2025-10-23 12:00:00,311.07,CMP001
B001796,C01903,2025-11-06 18:00:00,209.72,CMP002
B001797,C01907,2025-04-21 14:00:00,168.98,CMP004
B001798,C01908,2025-06-29 17:00:00,345.96,CMP002
B001799,C01908,2025-07-20 18:00:00,140.35,
B001800,C01908,2025-09-04 02:00:00,708.59,CMP003
B001801,C01909,2025-12-13 11:00:00,184.29,CMP002
B001802,C01910,2025-07-04 10:00:00,426.38,CMP004
B001803,C01911,2025-02-15 19:00:00,148.24,CMP003
B001804,C01912,2025-07-13 20:00:00,217.89,CMP003
B001805,C01912,2025-08-28 05:00:00,185.32,CMP002
B001806,C01913,2025-09-10 03:00:00,308.22,CMP002
B001807,C01915,2025-11-08 01:00:00,246.87,CMP001
B001808,C01917,2025-06-12 18:00:00,465.81,CMP003
B001809,C01920,2025-07-25 06:00:00,252.32,CMP004
B001810,C01922,2025-05-17 02:00:00,177.03,CMP003
B001811,C01922,2025-06-07 14:00:00,384.36,CMP005
B001812,C01923,2025-10-28 06:00:00,204.99,CMP001
B001813,C01924,2025-07-06 19:00:00,418.79,CMP001
B001814,C01924,2025-08-21 04:00:00,619.78,CMP003
B001815,C01924,2025-09-20 11:00:00,719.09,CMP002
B001816,C01924,2025-12-19 23:00:00,456.54,CMP004
B001817,C01925,2025-11-02 10:00:00,336.92,CMP002
B001818,C01925,2025-11-23 15:00:00,514.22,CMP003
B001819,C01927,2025-06-29 17:00:00,171.53,CMP002
B001820,C01930,2025-07-11 06:00:00,489.05,CMP002
B001821,C01933,2025-12-11 20:00:00,395.35,CMP001
B001822,C01934,2025-12-06 17:00:00,346.23,CMP002
B001823,C01934,2025-12-13 21:00:00,122.93,CMP001
B001824,C01935,2025-05-15 15:00:00,246.8,CMP004
B001825,C01935,2025-05-23 01:00:00,100.0,CMP002
B001826,C01935,2025-08-21 12:00:00,352.98,
B001827,C01937,2025-06-18 17:00:00,208.96,CMP001
B001828,C01940,2025-11-17 17:00:00,1350.64,CMP002
B001829,C01940,2025-12-02 04:00:00,479.98,CMP005
B001830,C01942,2025-04-10 13:00:00,257.94,CMP004
B001831,C01946,2025-06-04 20:00:00,492.51,CMP001
B001832,C01947,2025-05-04 06:00:00,243.08,
B001833,C01947,2025-06-03 08:00:00,166.99,CMP005
B001834,C01947,2025-07-18 15:00:00,288.54,
B001835,C01947,2025-08-08 17:00:00,409.02,CMP003
B001836,C01948,2025-04-13 15:00:00,245.98,CMP001
B001837,C01950,2025-09-15 10:00:00,632.55,
B001838,C01951,2025-09-05 05:00:00,662.41,CMP005
B001839,C01951,2025-11-04 12:00:00,325.73,CMP001
B001840,C01951,2025-11-11 21:00:00,252.73,CMP003
B001841,C01951,2025-11-18 23:00:00,207.61,CMP004
B001842,C01953,2025-02-11 08:00:00,321.79,CMP003
B001843,C01954,2025-08-07 15:00:00,220.33,CMP005
B001844,C01955,2025-07-22 02:00:00,356.67,CMP003
B001845,C01956,2025-11-01 18:00:00,100.0,CMP002
B001846,C01959,2025-07-07 19:00:00,173.3,CMP001
B001847,C01960,2025-04-14 02:00:00,148.69,
B001848,C01961,2025-12-07 14:00:00,123.97,CMP003
B001849,C01962,2025-03-04 13:00:00,193.11,CMP001
B001850,C01963,2025-07-28 18:00:00,335.36,
B001851,C01963,2025-09-12 00:00:00,275.65,CMP001
B001852,C01964,2025-09-19 16:00:00,386.62,CMP001
B001853,C01964,2025-11-04 01:00:00,698.39,CMP002
B001854,C01964,2025-12-04 03:00:00,619.5,CMP003
B001855,C01965,2025-12-28 06:00:00,645.08,CMP002
B001856,C01966,2025-09-24 15:00:00,591.51,
B001857,C01968,2025-10-31 06:00:00,347.78,CMP001
B001858,C01968,2025-12-30 15:00:00,259.87,CMP003
B001859,C01969,2025-04-25 14:00:00,320.26,CMP005
B001860,C01971,2025-05-14 04:00:00,442.0,CMP001
B001861,C01972,2025-04-21 09:00:00,388.14,CMP001
B001862,C01972,2025-07-20 21:00:00,745.87,
B001863,C01972,2025-08-11 01:00:00,393.71,CMP002
B001864,C01972,2025-10-10 03:00:00,612.44,CMP005
B001865,C01973,2025-02-11 09:00:00,104.17,CMP001
B001866,C01973,2025-02-25 15:00:00,327.65,CMP003
B001867,C01973,2025-03-11 17:00:00,582.35,CMP004
B001868,C01978,2025-10-18 17:00:00,142.34,CMP004
B001869,C01978,2025-11-09 04:00:00,169.46,CMP002
B001870,C01982,2025-03-27 15:00:00,429.31,CMP002
B001871,C01985,2025-04-20 12:00:00,267.52,CMP003
B001872,C01987,2025-07-31 17:00:00,353.08,
B001873,C01988,2025-03-08 03:00:00,100.0,CMP001
B001874,C01989,2025-05-29 17:00:00,161.96,CMP001
B001875,C01989,2025-06-29 02:00:00,222.86,CMP004
B001876,C01989,2025-08-28 06:00:00,207.04,
B001877,C01991,2025-04-23 18:00:00,167.95,CMP002
B001878,C01992,2025-12-01 17:00:00,408.76,CMP004
B001879,C01992,2025-12-23 00:00:00,222.25,CMP004
B001880,C01995,2025-04-24 13:00:00,329.8,CMP002
B001881,C01995,2025-05-01 21:00:00,159.17,CMP003
B001882,C01997,2025-07-19 17:00:00,442.81,CMP003
B001883,C02001,2025-09-24 13:00:00,239.62,CMP003
B001884,C02002,2025-03-02 10:00:00,771.77,CMP004
B001885,C02005,2025-04-30 03:00:00,387.24,CMP001
B001886,C02005,2025-05-14 08:00:00,1148.26,CMP004
B001887,C02005,2025-08-12 19:00:00,139.41,
B001888,C02006,2025-11-14 13:00:00,901.42,CMP004
B001889,C02007,2025-04-22 11:00:00,220.37,
B001890,C02007,2025-04-29 20:00:00,394.22,CMP002
B001891,C02007,2025-07-29 03:00:00,148.6,CMP001
B001892,C02008,2025-12-09 01:00:00,307.05,CMP002
B001893,C02010,2025-02-07 02:00:00,270.53,CMP004
B001894,C02011,2025-05-27 02:00:00,167.4,CMP001
B001895,C02011,2025-06-03 07:00:00,272.57,CMP003
B001896,C02011,2025-06-10 15:00:00,136.82,CMP003
B001897,C02011,2025-06-25 00:00:00,794.18,CMP002
B001898,C02012,2025-06-29 05:00:00,555.39,CMP001
B001899,C02012,2025-07-06 12:00:00,234.21,CMP002
B001900,C02012,2025-08-20 17:00:00,204.32,
B001901,C02012,2025-09-03 20:00:00,665.99,CMP004
B001902,C02013,2025-12-23 06:00:00,561.93,CMP002
B001903,C02015,2025-03-21 17:00:00,338.07,
B001904,C02015,2025-05-20 22:00:00,629.11,CMP001
B001905,C02016,2025-03-20 06:00:00,129.41,CMP004
B001906,C02016,2025-04-10 17:00:00,257.43,CMP002
B001907,C02016,2025-05-02 02:00:00,653.64,CMP005
B001908,C02018,2025-09-20 03:00:00,157.05,CMP004
B001909,C02019,2025-06-14 12:00:00,100.0,CMP001
B001910,C02021,2025-08-07 18:00:00,406.44,CMP001
B001911,C02021,2025-11-06 04:00:00,567.33,
B001912,C02024,2025-09-04 18:00:00,144.82,
B001913,C02025,2025-10-22 12:00:00,749.29,CMP001
B001914,C02027,2025-04-29 20:00:00,265.86,CMP001
B001915,C02029,2025-04-01 11:00:00,519.56,CMP003
B001916,C02030,2025-11-20 05:00:00,234.8,CMP001
B001917,C02031,2025-12-17 06:00:00,167.07,
B001918,C02032,2025-04-20 16:00:00,188.38,CMP002
B001919,C02033,2025-07-19 08:00:00,343.09,CMP001
B001920,C02035,2025-05-02 08:00:00,289.06,CMP004
B001921,C02035,2025-05-23 12:00:00,388.63,CMP003
B001922,C02036,2025-11-06 18:00:00,891.95,CMP002
B001923,C02036,2025-11-13 22:00:00,261.56,CMP002
B001924,C02037,2025-08-12 10:00:00,358.96,CMP002
B001925,C02038,2025-04-03 05:00:00,332.35,CMP003
B001926,C02042,2025-05-05 09:00:00,810.49,
B001927,C02042,2025-06-04 20:00:00,103.75,CMP002
B001928,C02042,2025-09-03 02:00:00,159.36,
B001929,C02043,2025-12-19 20:00:00,153.1,
B001930,C02044,2025-11-13 08:00:00,382.24,CMP004
B001931,C02044,2025-12-13 10:00:00,292.01,CMP004
B001932,C02046,2025-10-01 09:00:00,212.98,CMP004
B001933,C02049,2025-08-25 09:00:00,800.6,CMP002
B001934,C02050,2025-12-02 16:00:00,515.0,CMP002
B001935,C02053,2025-10-18 13:00:00,728.73,CMP002
B001936,C02056,2025-07-16 13:00:00,898.91,
B001937,C02056,2025-10-14 21:00:00,219.26,CMP003
B001938,C02058,2025-06-06 04:00:00,317.26,CMP005
B001939,C02059,2025-08-27 07:00:00,299.29,CMP004
B001940,C02059,2025-11-25 10:00:00,818.32,CMP001
B001941,C02060,2025-05-08 10:00:00,196.24,
B001942,C02060,2025-05-29 12:00:00,263.38,
B001943,C02060,2025-07-14 00:00:00,189.6,CMP005
B001944,C02061,2025-09-19 14:00:00,1074.26,CMP002
B001945,C02062,2025-09-07 04:00:00,261.1,CMP003
B001946,C02062,2025-10-22 06:00:00,283.57,CMP001
B001947,C02064,2025-05-01 18:00:00,144.08,
B001948,C02066,2025-08-12 20:00:00,137.22,CMP001
B001949,C02066,2025-08-20 00:00:00,201.23,CMP002
B001950,C02066,2025-09-03 12:00:00,1294.81,CMP003
B001951,C02068,2025-03-28 18:00:00,384.9,CMP001
B001952,C02068,2025-04-27 22:00:00,100.0,CMP004
B001953,C02069,2025-11-25 09:00:00,417.75,CMP003
B001954,C02070,2025-10-24 11:00:00,181.77,CMP003
B001955,C02070,2025-12-23 22:00:00,269.12,CMP003
B001956,C02071,2025-12-11 19:00:00,808.41,CMP001
B001957,C02071,2025-12-19 05:00:00,100.0,CMP001
B001958,C02072,2025-07-31 15:00:00,184.19,CMP001
B001959,C02072,2025-10-29 16:00:00,667.41,CMP003
B001960,C02072,2025-11-19 17:00:00,239.8,CMP005
B001961,C02072,2025-12-20 02:00:00,968.92,CMP005
B001962,C02073,2025-02-24 14:00:00,362.45,CMP003
B001963,C02073,2025-03-10 15:00:00,269.9,CMP004
B001964,C02073,2025-03-24 17:00:00,729.51,CMP004
B001965,C02074,2025-09-26 15:00:00,848.57,
B001966,C02074,2025-10-27 01:00:00,350.89,CMP003
B001967,C02074,2025-12-11 09:00:00,163.53,CMP004
B001968,C02075,2025-11-23 09:00:00,318.45,
B001969,C02077,2025-09-20 11:00:00,923.06,CMP001
B001970,C02077,2025-11-04 13:00:00,320.31,CMP003
B001971,C02081,2025-07-25 19:00:00,470.98,
B001972,C02082,2025-08-18 18:00:00,740.52,CMP001
B001973,C02084,2025-10-19 12:00:00,517.84,CMP002
B001974,C02085,2025-09-10 19:00:00,100.0,CMP003
B001975,C02086,2025-11-22 12:00:00,468.63,CMP003
B001976,C02087,2025-03-31 12:00:00,100.0,CMP001
B001977,C02088,2025-09-11 09:00:00,147.88,
B001978,C02088,2025-10-02 19:00:00,241.64,CMP003
B001979,C02091,2025-03-03 04:00:00,246.84,CMP001
B001980,C02093,2025-10-10 04:00:00,206.92,CMP003
B001981,C02094,2025-11-08 09:00:00,117.79,CMP003
B001982,C02094,2025-12-08 10:00:00,344.54,CMP003
B001983,C02096,2025-02-05 17:00:00,413.96,CMP003
B001984,C02097,2025-03-08 17:00:00,391.21,CMP003
B001985,C02098,2025-10-06 10:00:00,430.5,CMP004
B001986,C02100,2025-05-23 16:00:00,413.99,
B001987,C02100,2025-06-06 22:00:00,735.66,CMP003
B001988,C02100,2025-06-21 05:00:00,166.7,CMP003
B001989,C02100,2025-07-12 10:00:00,108.89,CMP005
B001990,C02102,2025-05-06 15:00:00,1053.11,
B001991,C02102,2025-07-06 03:00:00,126.62,CMP004
B001992,C02102,2025-07-13 04:00:00,522.64,CMP001
B001993,C02102,2025-08-27 16:00:00,419.22,CMP005
B001994,C02104,2025-08-04 16:00:00,269.89,CMP003
B001995,C02104,2025-08-19 04:00:00,186.03,CMP001
B001996,C02104,2025-08-26 12:00:00,220.82,CMP003
B001997,C02112,2025-09-28 09:00:00,148.97,CMP001
B001998,C02114,2025-06-23 14:00:00,1123.96,CMP001
B001999,C02114,2025-07-23 20:00:00,149.12,CMP001
B002000,C02115,2025-12-04 15:00:00,137.36,CMP005
B002001,C02116,2025-04-20 14:00:00,100.0,CMP005
B002002,C02117,2025-06-15 19:00:00,389.54,CMP004
B002003,C02124,2025-12-01 13:00:00,596.66,CMP003
B002004,C02125,2025-12-24 12:00:00,217.01,CMP004
B002005,C02128,2025-08-29 16:00:00,145.91,CMP004
B002006,C02132,2025-06-03 02:00:00,428.31,CMP003
B002007,C02132,2025-06-10 09:00:00,380.7,CMP001
B002008,C02132,2025-08-09 21:00:00,182.46,CMP003
B002009,C02132,2025-08-24 04:00:00,544.6,CMP003
B002010,C02133,2025-04-01 20:00:00,653.35,CMP002
B002011,C02135,2025-02-13 05:00:00,261.06,CMP002
B002012,C02136,2025-07-03 11:00:00,132.75,CMP002
B002013,C02138,2025-09-13 06:00:00,449.23,CMP001
B002014,C02140,2025-05-28 19:00:00,205.82,CMP003
B002015,C02140,2025-07-27 22:00:00,807.3,CMP002
B002016,C02140,2025-08-27 00:00:00,267.16,CMP003
B002017,C02140,2025-09-17 09:00:00,529.14,CMP001
B002018,C02141,2025-11-24 02:00:00,753.53,CMP005
B002019,C02142,2025-10-07 04:00:00,100.0,CMP003
B002020,C02145,2025-08-15 10:00:00,115.5,CMP002
B002021,C02147,2025-11-06 04:00:00,654.49,
B002022,C02147,2025-12-06 05:00:00,371.94,CMP003
B002023,C02148,2025-06-10 18:00:00,287.09,CMP005
B002024,C02148,2025-07-01 20:00:00,178.66,CMP005
B002025,C02148,2025-08-31 06:00:00,553.99,CMP004
B002026,C02148,2025-10-30 15:00:00,399.17,CMP001
B002027,C02149,2025-09-11 18:00:00,261.12,CMP001
B002028,C02153,2025-12-07 08:00:00,254.51,CMP005
B002029,C02158,2025-04-01 03:00:00,224.0,CMP004
B002030,C02158,2025-06-30 13:00:00,633.26,CMP002
B002031,C02158,2025-07-21 15:00:00,498.02,CMP001
B002032,C02158,2025-09-04 20:00:00,338.8,CMP001
B002033,C02159,2025-10-07 06:00:00,280.49,
B002034,C02161,2025-12-21 09:00:00,499.99,CMP005
B002035,C02168,2025-11-24 06:00:00,269.95,CMP002
B002036,C02170,2025-07-06 13:00:00,446.1,CMP008
B002037,C02173,2025-12-03 05:00:00,100.0,
B002038,C02175,2025-06-15 15:00:00,118.15,CMP004
B002039,C02175,2025-06-22 18:00:00,352.76,CMP003
B002040,C02175,2025-08-07 03:00:00,311.4,CMP001
B002041,C02179,2025-12-03 09:00:00,100.0,CMP004
B002042,C02179,2025-12-24 18:00:00,742.3,CMP001
B002043,C02179,2025-12-31 21:00:00,740.29,CMP004
B002044,C02181,2025-12-16 01:00:00,306.15,CMP005
B002045,C02182,2025-07-01 19:00:00,337.62,CMP004
B002046,C02184,2025-06-22 17:00:00,721.28,
B002047,C02186,2025-08-12 13:00:00,182.4,CMP003
B002048,C02186,2025-10-12 00:00:00,203.91,CMP003
B002049,C02187,2025-04-13 02:00:00,340.72,CMP002
B002050,C02189,2025-01-28 03:00:00,198.39,CMP001
B002051,C02190,2025-08-15 14:00:00,428.09,CMP003
B002052,C02195,2025-03-07 12:00:00,513.27,CMP002
B002053,C02195,2025-04-06 15:00:00,176.21,CMP004
B002054,C02196,2025-11-29 09:00:00,405.54,CMP004
B002055,C02196,2025-12-20 19:00:00,418.8,CMP003
B002056,C02199,2025-05-28 04:00:00,480.13,CMP004
B002057,C02201,2025-05-25 04:00:00,190.4,CMP002
B002058,C02201,2025-07-09 14:00:00,248.91,
B002059,C02201,2025-07-23 23:00:00,410.01,CMP002
B002060,C02203,2025-09-05 04:00:00,250.75,CMP003
B002061,C02206,2025-07-29 13:00:00,100.0,CMP002
B002062,C02209,2025-12-04 11:00:00,294.08,CMP002
B002063,C02210,2025-06-15 04:00:00,1123.97,CMP001
B002064,C02210,2025-07-30 10:00:00,243.72,
B002065,C02211,2025-09-29 13:00:00,1270.12,
B002066,C02212,2025-08-29 19:00:00,100.0,CMP001
B002067,C02217,2025-03-26 16:00:00,306.67,
B002068,C02217,2025-05-11 01:00:00,180.36,CMP003
B002069,C02217,2025-06-10 11:00:00,242.11,CMP004
B002070,C02217,2025-06-24 14:00:00,100.0,CMP003
B002071,C02218,2025-11-12 05:00:00,729.79,
B002072,C02218,2025-11-26 08:00:00,159.37,CMP004
B002073,C02218,2025-12-03 11:00:00,286.15,CMP002
B002074,C02220,2025-03-06 20:00:00,736.2,CMP005
B002075,C02220,2025-03-28 02:00:00,396.92,CMP004
B002076,C02220,2025-05-12 14:00:00,665.32,
B002077,C02220,2025-07-11 15:00:00,243.87,
B002078,C02221,2025-08-21 05:00:00,676.96,CMP004
B002079,C02221,2025-10-05 10:00:00,214.04,
B002080,C02221,2025-10-26 21:00:00,209.95,CMP002
B002081,C02224,2025-04-05 08:00:00,343.61,CMP002
B002082,C02224,2025-04-19 11:00:00,122.72,CMP001
B002083,C02224,2025-07-18 22:00:00,894.56,
B002084,C02224,2025-08-18 05:00:00,177.12,CMP001
B002085,C02225,2025-10-22 02:00:00,388.58,CMP005
B002086,C02225,2025-12-21 03:00:00,179.69,CMP003
B002087,C02226,2025-12-13 15:00:00,476.76,CMP002
B002088,C02231,2025-03-20 03:00:00,398.28,
B002089,C02231,2025-05-19 11:00:00,1085.87,CMP002
B002090,C02232,2025-11-23 07:00:00,225.92,CMP005
B002091,C02232,2025-12-07 17:00:00,134.87,CMP002
B002092,C02232,2025-12-21 22:00:00,294.37,CMP001
B002093,C02233,2025-10-31 12:00:00,272.8,CMP004
B002094,C02233,2025-11-14 14:00:00,432.16,CMP004
B002095,C02233,2025-12-05 17:00:00,210.22,CMP002
B002096,C02235,2025-07-17 13:00:00,190.63,
B002097,C02235,2025-10-15 20:00:00,495.89,
B002098,C02239,2025-06-05 06:00:00,686.16,CMP004
B002099,C02243,2025-11-14 11:00:00,985.15,CMP001
B002100,C02246,2025-11-16 12:00:00,716.39,CMP002
B002101,C02247,2025-07-24 16:00:00,133.9,
B002102,C02247,2025-09-23 04:00:00,950.27,
B002103,C02247,2025-10-07 13:00:00,243.51,CMP002
B002104,C02249,2025-03-09 11:00:00,237.46,CMP003
B002105,C02251,2025-08-03 16:00:00,345.34,CMP004
B002106,C02251,2025-10-03 00:00:00,420.01,
B002107,C02252,2025-08-12 19:00:00,308.92,CMP002
B002108,C02252,2025-10-12 02:00:00,402.63,CMP003
B002109,C02252,2025-10-26 12:00:00,149.71,CMP001
B002110,C02253,2025-07-03 19:00:00,112.52,CMP002
B002111,C02255,2025-08-29 15:00:00,180.14,CMP003
B002112,C02258,2025-05-06 20:00:00,219.0,CMP004
B002113,C02261,2025-08-01 14:00:00,100.0,CMP002
B002114,C02261,2025-09-16 00:00:00,134.81,CMP004
B002115,C02261,2025-10-07 10:00:00,475.47,CMP001
B002116,C02262,2025-10-16 16:00:00,351.9,
B002117,C02264,2025-04-24 05:00:00,352.59,CMP003
B002118,C02265,2025-11-20 09:00:00,475.01,CMP003
B002119,C02265,2025-12-20 12:00:00,222.21,CMP001
B002120,C02266,2025-06-20 19:00:00,235.41,CMP003
B002121,C02268,2025-06-06 02:00:00,337.11,CMP002
B002122,C02268,2025-06-13 13:00:00,582.92,CMP002
B002123,C02268,2025-09-11 14:00:00,569.34,
B002124,C02268,2025-10-02 23:00:00,142.23,CMP003
B002125,C02270,2025-03-30 10:00:00,352.13,CMP001
B002126,C02270,2025-04-20 22:00:00,476.38,CMP004
B002127,C02270,2025-07-20 07:00:00,136.63,CMP001
B002128,C02271,2025-10-15 03:00:00,189.47,CMP004
B002129,C02271,2025-11-05 07:00:00,435.87,CMP004
B002130,C02271,2025-11-19 14:00:00,263.45,CMP002
B002131,C02273,2025-12-07 15:00:00,431.78,CMP005
B002132,C02277,2025-05-15 11:00:00,320.21,
B002133,C02279,2025-11-18 03:00:00,384.23,CMP001
B002134,C02279,2025-12-09 04:00:00,280.52,CMP003
B002135,C02280,2025-07-15 06:00:00,424.84,
B002136,C02281,2025-10-27 20:00:00,744.01,
B002137,C02281,2025-12-27 03:00:00,376.66,CMP004
B002138,C02283,2025-01-22 03:00:00,249.31,CMP004
B002139,C02283,2025-02-05 08:00:00,479.68,CMP002
B002140,C02283,2025-03-07 17:00:00,376.54,
B002141,C02285,2025-10-11 05:00:00,242.07,CMP002
B002142,C02286,2025-04-22 05:00:00,563.71,CMP002
B002143,C02286,2025-05-22 17:00:00,456.76,CMP002
B002144,C02286,2025-06-05 23:00:00,486.19,CMP003
B002145,C02286,2025-07-21 01:00:00,671.84,CMP002
B002146,C02288,2025-04-03 17:00:00,547.32,CMP001
B002147,C02289,2025-10-01 15:00:00,502.55,CMP005
B002148,C02290,2025-03-15 14:00:00,100.0,CMP005
B002149,C02291,2025-10-24 20:00:00,171.83,CMP003
B002150,C02292,2025-06-07 04:00:00,492.38,CMP001
B002151,C02293,2025-02-19 13:00:00,402.09,CMP002
B002152,C02293,2025-04-05 14:00:00,329.94,CMP001
B002153,C02293,2025-05-20 20:00:00,369.45,
B002154,C02294,2025-11-14 04:00:00,414.17,CMP002
B002155,C02294,2025-11-21 12:00:00,326.83,CMP003
B002156,C02295,2025-08-31 02:00:00,299.39,
B002157,C02297,2025-03-16 12:00:00,827.1,
B002158,C02298,2025-08-01 08:00:00,358.96,CMP002
B002159,C02298,2025-08-15 16:00:00,621.45,CMP001
B002160,C02298,2025-09-30 04:00:00,326.35,CMP002
B002161,C02298,2025-10-30 16:00:00,139.04,CMP005
B002162,C02299,2025-11-07 19:00:00,383.0,
B002163,C02299,2025-11-14 22:00:00,172.27,CMP004
B002164,C02299,2025-11-22 04:00:00,178.88,CMP003
B002165,C02300,2025-05-28 02:00:00,450.55,CMP001
B002166,C02302,2025-11-08 04:00:00,206.77,CMP001
B002167,C02304,2025-12-06 19:00:00,269.12,CMP004
B002168,C02305,2025-03-03 14:00:00,206.29,CMP004
B002169,C02306,2025-08-18 03:00:00,688.48,CMP004
B002170,C02307,2025-06-04 09:00:00,112.84,CMP003
B002171,C02307,2025-06-25 11:00:00,438.55,CMP004
B002172,C02308,2025-08-24 03:00:00,273.0,
B002173,C02308,2025-09-14 09:00:00,322.67,CMP003
B002174,C02308,2025-09-28 21:00:00,100.0,CMP003
B002175,C02312,2025-04-23 11:00:00,361.2,CMP002
B002176,C02312,2025-07-22 18:00:00,100.0,
B002177,C02312,2025-08-05 21:00:00,446.71,CMP002
B002178,C02312,2025-08-20 07:00:00,248.03,CMP002
B002179,C02314,2025-12-31 17:00:00,343.76,CMP002
B002180,C02316,2025-08-27 07:00:00,100.0,CMP002
B002181,C02317,2025-04-19 14:00:00,222.06,CMP002
B002182,C02318,2025-09-08 09:00:00,221.07,CMP001
B002183,C02318,2025-09-29 10:00:00,281.66,CMP001
B002184,C02318,2025-11-13 14:00:00,100.0,
B002185,C02318,2025-12-28 22:00:00,135.8,
B002186,C02319,2025-04-24 01:00:00,453.33,CMP003
B002187,C02319,2025-05-01 12:00:00,110.41,CMP002
B002188,C02319,2025-06-30 21:00:00,290.13,CMP001
B002189,C02320,2025-09-26 16:00:00,250.79,CMP005
B002190,C02320,2025-10-27 01:00:00,1080.45,
B002191,C02320,2025-11-26 08:00:00,171.7,
B002192,C02321,2025-11-24 13:00:00,439.97,CMP002
B002193,C02321,2025-12-08 17:00:00,200.22,CMP004
B002194,C02321,2025-12-30 05:00:00,156.7,CMP005
B002195,C02323,2025-02-08 14:00:00,241.96,CMP004
B002196,C02324,2025-12-08 10:00:00,298.28,
B002197,C02329,2025-08-23 02:00:00,236.02,CMP004
B002198,C02330,2025-11-30 10:00:00,228.71,
B002199,C02332,2025-03-19 06:00:00,345.61,CMP001
B002200,C02332,2025-05-03 14:00:00,100.0,
B002201,C02332,2025-06-02 21:00:00,443.32,CMP004
B002202,C02332,2025-06-10 07:00:00,334.49,CMP002
B002203,C02336,2025-12-03 08:00:00,245.89,CMP004
B002204,C02337,2025-05-22 17:00:00,318.49,CMP002
B002205,C02340,2025-10-18 10:00:00,303.82,
B002206,C02344,2025-11-05 12:00:00,278.7,CMP001
B002207,C02345,2025-05-15 20:00:00,782.38,
B002208,C02346,2025-05-28 20:00:00,187.85,CMP002
B002209,C02346,2025-06-18 23:00:00,235.15,CMP005
B002210,C02346,2025-07-19 07:00:00,192.17,CMP001
B002211,C02349,2025-03-14 05:00:00,195.06,CMP004
B002212,C02349,2025-04-13 13:00:00,100.0,CMP002
B002213,C02355,2025-02-03 20:00:00,106.34,CMP003
B002214,C02358,2025-08-27 17:00:00,282.87,CMP002
B002215,C02363,2025-10-27 05:00:00,1189.78,CMP001
B002216,C02364,2025-04-16 01:00:00,595.52,CMP001
B002217,C02365,2025-01-31 10:00:00,247.7,CMP001
B002218,C02365,2025-02-14 17:00:00,218.74,CMP001
B002219,C02366,2025-03-29 19:00:00,160.44,CMP005
B002220,C02366,2025-04-19 22:00:00,228.78,
B002221,C02369,2025-09-21 16:00:00,351.77,CMP003
B002222,C02369,2025-09-28 23:00:00,237.72,CMP003
B002223,C02369,2025-12-28 03:00:00,581.28,
B002224,C02371,2025-12-15 18:00:00,123.24,
B002225,C02372,2025-10-20 04:00:00,1050.16,CMP002
B002226,C02372,2025-12-04 12:00:00,397.04,CMP003
B002227,C02372,2025-12-25 23:00:00,272.1,CMP001
B002228,C02375,2025-05-04 15:00:00,591.36,CMP002
B002229,C02376,2025-11-26 16:00:00,265.6,
B002230,C02378,2025-10-28 08:00:00,237.93,
B002231,C02379,2025-07-20 16:00:00,300.48,CMP005
B002232,C02379,2025-08-10 17:00:00,1118.05,CMP002
B002233,C02379,2025-10-10 04:00:00,413.33,CMP003
B002234,C02379,2025-10-24 14:00:00,100.0,CMP003
B002235,C02381,2025-05-01 03:00:00,114.0,CMP001
B002236,C02382,2025-12-25 06:00:00,383.06,CMP001
B002237,C02383,2025-05-14 15:00:00,307.54,CMP004
B002238,C02383,2025-06-13 19:00:00,617.76,CMP002
B002239,C02383,2025-07-14 03:00:00,136.9,CMP002
B002240,C02385,2025-04-06 18:00:00,728.48,CMP002
B002241,C02386,2025-08-18 11:00:00,369.08,CMP001
B002242,C02389,2025-04-29 02:00:00,193.97,CMP002
B002243,C02391,2025-03-15 07:00:00,896.38,CMP001
B002244,C02391,2025-04-05 11:00:00,449.21,CMP002
B002245,C02391,2025-06-04 19:00:00,129.73,CMP002
B002246,C02391,2025-09-03 05:00:00,251.63,
B002247,C02392,2025-09-28 03:00:00,251.12,CMP003
B002248,C02392,2025-10-12 05:00:00,583.95,CMP002
B002249,C02393,2025-09-11 18:00:00,177.27,CMP002
B002250,C02393,2025-09-18 21:00:00,214.76,CMP003
B002251,C02393,2025-10-10 01:00:00,189.29,CMP001
B002252,C02394,2025-07-10 05:00:00,404.47,CMP002
B002253,C02394,2025-07-17 09:00:00,282.15,CMP003
B002254,C02394,2025-07-24 16:00:00,485.26,CMP004
B002255,C02394,2025-10-23 01:00:00,249.13,
B002256,C02395,2025-03-15 18:00:00,1107.08,CMP003
B002257,C02396,2025-07-30 14:00:00,276.09,CMP005
B002258,C02400,2025-05-04 11:00:00,363.16,CMP005
B002259,C02400,2025-06-03 19:00:00,230.49,CMP004
B002260,C02400,2025-09-01 23:00:00,864.99,
B002261,C02401,2025-09-07 04:00:00,497.03,CMP002
B002262,C02401,2025-11-06 15:00:00,418.99,CMP003
B002263,C02402,2025-12-10 10:00:00,139.07,CMP001
B002264,C02403,2025-11-03 20:00:00,536.89,CMP004
B002265,C02404,2025-01-26 18:00:00,310.31,CMP003
B002266,C02408,2025-06-10 17:00:00,208.02,CMP003
B002267,C02408,2025-07-11 04:00:00,130.78,CMP001
B002268,C02408,2025-07-25 09:00:00,204.75,CMP001
B002269,C02409,2025-05-15 10:00:00,330.58,CMP002
B002270,C02409,2025-06-14 11:00:00,307.69,CMP004
B002271,C02409,2025-09-12 22:00:00,449.06,
B002272,C02412,2025-08-08 08:00:00,353.44,CMP003
B002273,C02412,2025-08-29 16:00:00,396.76,CMP002
B002274,C02412,2025-09-05 17:00:00,545.83,CMP004
B002275,C02415,2025-02-25 18:00:00,334.2,CMP002
B002276,C02418,2025-06-28 01:00:00,113.56,
B002277,C02419,2025-05-30 02:00:00,647.57,CMP004
B002278,C02419,2025-07-14 07:00:00,367.49,
B002279,C02419,2025-09-12 13:00:00,418.87,CMP003
B002280,C02419,2025-09-20 00:00:00,122.85,CMP004
B002281,C02420,2025-09-06 07:00:00,242.27,CMP004
B002282,C02420,2025-12-05 10:00:00,216.32,CMP001
B002283,C02422,2025-11-10 04:00:00,288.22,CMP002
B002284,C02422,2025-11-24 08:00:00,138.22,CMP004
B002285,C02425,2025-11-08 06:00:00,140.34,CMP001
B002286,C02430,2025-06-21 14:00:00,258.22,CMP001
B002287,C02433,2025-09-13 02:00:00,422.4,CMP002
B002288,C02433,2025-09-27 12:00:00,734.24,CMP002
B002289,C02433,2025-11-26 19:00:00,297.2,CMP005
B002290,C02433,2025-12-17 21:00:00,147.26,
B002291,C02434,2025-03-07 04:00:00,395.64,CMP003
B002292,C02436,2025-06-11 17:00:00,560.62,CMP001
B002293,C02437,2025-09-07 01:00:00,821.51,CMP002
B002294,C02438,2025-10-24 14:00:00,133.34,CMP001
B002295,C02438,2025-11-14 21:00:00,427.22,CMP003
B002296,C02444,2025-07-11 04:00:00,245.5,CMP004
B002297,C02444,2025-08-10 11:00:00,717.88,CMP003
B002298,C02444,2025-08-24 13:00:00,165.43,CMP003
B002299,C02445,2025-11-23 04:00:00,149.07,CMP005
B002300,C02447,2025-04-26 06:00:00,1095.38,CMP005
B002301,C02448,2025-06-09 19:00:00,782.72,CMP003
B002302,C02450,2025-05-16 02:00:00,353.28,CMP001
B002303,C02451,2025-06-16 20:00:00,428.08,CMP002
B002304,C02451,2025-07-01 07:00:00,100.0,CMP001
B002305,C02451,2025-09-29 15:00:00,136.14,
B002306,C02451,2025-10-20 18:00:00,515.54,CMP001
B002307,C02452,2025-08-04 11:00:00,148.04,CMP004
B002308,C02453,2025-04-21 04:00:00,231.73,CMP001
B002309,C02454,2025-03-07 12:00:00,448.76,CMP004
B002310,C02455,2025-12-22 20:00:00,643.45,CMP002
B002311,C02456,2025-02-03 09:00:00,603.04,CMP001
B002312,C02456,2025-05-04 13:00:00,325.8,CMP001
B002313,C02456,2025-06-18 21:00:00,456.45,CMP003
B002314,C02456,2025-08-03 01:00:00,256.41,CMP003
B002315,C02458,2025-10-28 06:00:00,232.05,
B002316,C02458,2025-11-27 17:00:00,218.29,
B002317,C02458,2025-12-27 22:00:00,366.08,CMP002
B002318,C02460,2025-11-25 09:00:00,390.29,CMP001
B002319,C02461,2025-09-28 10:00:00,164.85,CMP003
B002320,C02467,2025-07-09 18:00:00,272.66,CMP005
B002321,C02467,2025-07-16 22:00:00,549.17,CMP001
B002322,C02467,2025-10-15 10:00:00,252.6,
B002323,C02468,2025-12-25 19:00:00,386.15,CMP002
B002324,C02471,2025-07-28 12:00:00,225.09,CMP001
B002325,C02471,2025-09-11 21:00:00,409.85,
B002326,C02473,2025-08-31 17:00:00,262.6,
B002327,C02473,2025-09-15 00:00:00,180.97,CMP001
B002328,C02473,2025-11-14 11:00:00,118.84,CMP001
B002329,C02478,2025-08-04 04:00:00,422.44,CMP001
B002330,C02478,2025-09-03 12:00:00,180.15,CMP001
B002331,C02478,2025-09-17 19:00:00,140.38,CMP002
B002332,C02479,2025-10-17 15:00:00,206.18,
B002333,C02479,2025-12-01 17:00:00,532.89,CMP002
B002334,C02480,2025-09-13 15:00:00,398.72,CMP005
B002335,C02482,2025-08-19 19:00:00,164.46,CMP001
B002336,C02483,2025-04-22 03:00:00,155.73,CMP003
B002337,C02484,2025-11-29 06:00:00,477.08,CMP003
B002338,C02485,2025-04-14 20:00:00,391.67,
B002339,C02486,2025-06-04 15:00:00,367.28,CMP001
B002340,C02486,2025-06-18 16:00:00,168.93,CMP001
B002341,C02486,2025-08-18 04:00:00,285.66,CMP002
B002342,C02486,2025-09-08 08:00:00,340.56,CMP001
B002343,C02487,2025-08-03 04:00:00,692.77,CMP002
B002344,C02487,2025-10-02 16:00:00,255.23,CMP003
B002345,C02490,2025-11-11 01:00:00,154.12,CMP003
B002346,C02491,2025-11-29 04:00:00,508.89,CMP003
B002347,C02494,2025-12-11 20:00:00,385.22,
B002348,C02497,2025-05-30 03:00:00,164.0,CMP001
B002349,C02500,2025-08-22 08:00:00,348.98,CMP001
B002350,C02501,2025-05-25 12:00:00,292.05,CMP005
B002351,C02502,2025-08-11 11:00:00,329.37,CMP003
B002352,C02504,2025-06-01 13:00:00,268.03,CMP001
B002353,C02507,2025-06-05 10:00:00,195.65,CMP002
B002354,C02507,2025-09-03 18:00:00,346.33,
B002355,C02507,2025-09-18 00:00:00,728.3,CMP004
B002356,C02509,2025-10-04 04:00:00,231.62,CMP003
B002357,C02510,2025-08-30 19:00:00,295.46,CMP002
B002358,C02510,2025-09-29 22:00:00,100.0,CMP005
B002359,C02510,2025-11-14 06:00:00,363.15,CMP001
B002360,C02511,2025-09-29 17:00:00,100.0,CMP004
B002361,C02514,2025-07-02 18:00:00,146.74,CMP004
B002362,C02516,2025-04-02 13:00:00,417.63,CMP004
B002363,C02518,2025-06-29 04:00:00,196.72,CMP005
B002364,C02520,2025-12-07 17:00:00,436.7,CMP001
B002365,C02520,2025-12-28 21:00:00,333.23,CMP001
B002366,C02522,2025-08-19 05:00:00,1307.41,
B002367,C02522,2025-09-18 08:00:00,265.43,CMP004
B002368,C02523,2025-11-10 06:00:00,293.73,CMP004
B002369,C02523,2025-12-01 17:00:00,265.18,CMP001
B002370,C02524,2025-09-29 17:00:00,343.13,CMP001
B002371,C02524,2025-10-14 01:00:00,212.08,CMP001
B002372,C02524,2025-11-04 04:00:00,204.89,CMP003
B002373,C02524,2025-12-04 15:00:00,244.88,CMP003
B002374,C02525,2025-02-25 08:00:00,940.68,CMP004
B002375,C02525,2025-03-18 16:00:00,481.91,CMP003
B002376,C02525,2025-04-02 03:00:00,110.09,CMP002
B002377,C02528,2025-06-02 09:00:00,283.3,
B002378,C02528,2025-07-02 20:00:00,711.1,CMP001
B002379,C02528,2025-09-01 01:00:00,428.76,CMP003
B002380,C02532,2025-10-29 20:00:00,489.88,CMP004
B002381,C02533,2025-03-14 12:00:00,376.06,CMP001
B002382,C02533,2025-04-04 21:00:00,170.23,CMP001
B002383,C02533,2025-04-11 22:00:00,688.75,CMP004
B002384,C02534,2025-11-22 20:00:00,418.61,CMP003
B002385,C02534,2025-11-30 04:00:00,426.99,CMP001
B002386,C02534,2025-12-07 08:00:00,190.86,CMP004
B002387,C02536,2025-09-07 14:00:00,337.77,CMP001
B002388,C02536,2025-09-14 15:00:00,136.77,CMP002
B002389,C02536,2025-09-22 01:00:00,597.91,CMP001
B002390,C02538,2025-08-22 14:00:00,190.48,CMP001
B002391,C02542,2025-08-05 19:00:00,408.27,CMP002
B002392,C02543,2025-09-28 13:00:00,486.5,CMP005
B002393,C02545,2025-10-22 13:00:00,319.17,CMP004
B002394,C02549,2025-10-27 16:00:00,129.25,CMP001
B002395,C02551,2025-07-03 11:00:00,257.56,CMP001
B002396,C02552,2025-09-13 11:00:00,625.41,CMP004
B002397,C02554,2025-08-19 12:00:00,132.18,CMP001
B002398,C02554,2025-11-17 16:00:00,358.59,CMP002
B002399,C02554,2025-12-17 20:00:00,235.34,CMP004
B002400,C02555,2025-04-20 06:00:00,211.33,CMP001
B002401,C02555,2025-04-27 09:00:00,970.04,CMP004
B002402,C02556,2025-02-10 13:00:00,291.19,CMP003
B002403,C02558,2025-09-30 14:00:00,213.69,CMP004
B002404,C02561,2025-08-28 12:00:00,641.81,CMP004
B002405,C02561,2025-09-18 14:00:00,462.28,CMP003
B002406,C02562,2025-12-02 16:00:00,148.8,CMP001
B002407,C02563,2025-01-19 16:00:00,879.08,CMP002
B002408,C02563,2025-03-06 00:00:00,584.95,CMP002
B002409,C02564,2025-05-06 06:00:00,261.14,CMP004
B002410,C02568,2025-08-22 20:00:00,1276.23,
B002411,C02571,2025-12-25 04:00:00,198.99,CMP005
B002412,C02573,2025-12-26 04:00:00,162.26,CMP005
B002413,C02574,2025-07-10 09:00:00,163.13,CMP001
B002414,C02575,2025-03-03 12:00:00,277.89,CMP003
B002415,C02575,2025-05-02 16:00:00,132.06,CMP003
B002416,C02575,2025-06-02 04:00:00,161.16,CMP002
B002417,C02575,2025-06-09 15:00:00,232.88,CMP001
B002418,C02576,2025-06-25 02:00:00,327.31,CMP002
B002419,C02576,2025-09-23 03:00:00,121.52,
B002420,C02576,2025-09-30 11:00:00,355.65,CMP002
B002421,C02577,2025-09-04 05:00:00,266.51,CMP003
B002422,C02578,2025-07-08 17:00:00,454.33,
B002423,C02578,2025-08-07 20:00:00,182.76,CMP002
B002424,C02580,2025-02-08 14:00:00,377.14,CMP003
B002425,C02581,2025-11-18 11:00:00,228.57,CMP004
B002426,C02582,2025-04-16 02:00:00,1886.66,CMP004
B002427,C02582,2025-05-31 05:00:00,264.5,CMP003
B002428,C02582,2025-06-21 17:00:00,1296.0,CMP008
B002429,C02583,2025-05-05 04:00:00,224.1,
B002430,C02584,2025-02-06 14:00:00,309.82,CMP002
B002431,C02585,2025-05-18 02:00:00,1373.56,
B002432,C02588,2025-09-28 03:00:00,530.02,CMP001
B002433,C02588,2025-11-12 08:00:00,258.97,CMP005
B002434,C02590,2025-03-16 12:00:00,352.81,
B002435,C02591,2025-05-06 14:00:00,259.15,
B002436,C02592,2025-09-13 16:00:00,216.96,CMP002
B002437,C02596,2025-07-02 08:00:00,135.68,CMP003
B002438,C02596,2025-09-30 13:00:00,340.67,
B002439,C02597,2025-08-24 11:00:00,375.4,CMP004
B002440,C02597,2025-08-31 23:00:00,673.08,CMP001
B002441,C02597,2025-10-31 01:00:00,199.08,CMP001
B002442,C02600,2025-06-13 08:00:00,549.44,CMP005
B002443,C02601,2025-12-22 16:00:00,410.53,CMP003
B002444,C02606,2025-07-19 16:00:00,328.18,CMP001
B002445,C02606,2025-09-18 04:00:00,135.63,
B002446,C02607,2025-02-06 04:00:00,392.93,CMP004
B002447,C02609,2025-05-22 01:00:00,130.77,CMP003
B002448,C02612,2025-08-18 09:00:00,404.4,CMP003
B002449,C02614,2025-11-16 08:00:00,214.08,CMP005
B002450,C02615,2025-10-16 16:00:00,100.0,CMP004
B002451,C02618,2025-09-22 04:00:00,432.29,CMP002
B002452,C02618,2025-10-13 07:00:00,538.18,CMP002
B002453,C02618,2025-10-27 09:00:00,960.92,CMP002
B002454,C02621,2025-07-12 09:00:00,217.13,CMP002
B002455,C02624,2025-05-24 01:00:00,451.81,CMP005
B002456,C02625,2025-11-25 01:00:00,120.74,CMP001
B002457,C02626,2025-07-26 02:00:00,369.99,CMP004
B002458,C02628,2025-02-23 05:00:00,300.43,CMP004
B002459,C02631,2025-10-11 05:00:00,233.53,
B002460,C02632,2025-11-03 20:00:00,886.89,CMP004
B002461,C02632,2025-11-24 22:00:00,238.34,CMP004
B002462,C02632,2025-12-02 08:00:00,236.38,CMP004
B002463,C02634,2025-12-11 16:00:00,341.07,CMP003
B002464,C02635,2025-08-08 02:00:00,165.74,CMP003
B002465,C02635,2025-08-15 04:00:00,100.0,CMP002
B002466,C02635,2025-08-22 12:00:00,619.55,CMP002
B002467,C02635,2025-09-05 21:00:00,181.36,CMP004
B002468,C02636,2025-09-09 06:00:00,206.37,CMP003
B002469,C02637,2025-11-18 12:00:00,647.22,
B002470,C02639,2025-11-23 14:00:00,179.63,CMP001
B002471,C02639,2025-12-24 02:00:00,158.96,CMP002
B002472,C02640,2025-07-19 16:00:00,193.47,
B002473,C02641,2025-11-12 08:00:00,1514.95,CMP001
B002474,C02641,2025-11-26 10:00:00,397.27,CMP002
B002475,C02641,2025-12-10 11:00:00,347.04,CMP002
B002476,C02642,2025-01-23 16:00:00,195.79,CMP003
B002477,C02643,2025-10-23 03:00:00,420.7,CMP001
B002478,C02643,2025-11-06 09:00:00,192.63,CMP002
B002479,C02646,2025-12-14 12:00:00,670.78,CMP002
B002480,C02647,2025-03-19 20:00:00,193.02,CMP001
B002481,C02647,2025-06-17 23:00:00,291.89,CMP004
B002482,C02647,2025-07-09 07:00:00,132.1,CMP003
B002483,C02650,2025-09-25 14:00:00,100.0,CMP004
B002484,C02650,2025-10-02 18:00:00,239.19,CMP003
B002485,C02650,2025-12-01 20:00:00,207.12,
B002486,C02650,2025-12-08 21:00:00,288.95,CMP001
B002487,C02652,2025-08-09 02:00:00,183.99,CMP003
B002488,C02654,2025-10-19 17:00:00,195.02,CMP002
B002489,C02654,2025-12-18 20:00:00,832.55,CMP002
B002490,C02656,2025-05-02 11:00:00,184.42,CMP003
B002491,C02656,2025-07-31 23:00:00,332.36,
B002492,C02656,2025-10-30 01:00:00,313.0,
B002493,C02656,2025-11-29 10:00:00,126.37,CMP001
B002494,C02658,2025-09-20 08:00:00,1161.4,CMP002
B002495,C02660,2025-08-05 05:00:00,258.16,
B002496,C02661,2025-10-04 20:00:00,271.71,CMP002
B002497,C02663,2025-07-28 03:00:00,137.75,CMP003
B002498,C02663,2025-09-11 12:00:00,1528.46,CMP003
B002499,C02663,2025-10-26 13:00:00,117.66,CMP002
B002500,C02663,2025-12-25 21:00:00,315.43,
B002501,C02664,2025-04-04 07:00:00,248.34,CMP005
B002502,C02666,2025-03-25 09:00:00,252.74,CMP003
B002503,C02667,2025-12-21 10:00:00,230.37,CMP001
B002504,C02669,2025-09-09 17:00:00,177.97,
B002505,C02669,2025-10-01 02:00:00,631.99,CMP003
B002506,C02669,2025-12-30 11:00:00,106.95,
B002507,C02672,2025-02-17 02:00:00,443.64,
B002508,C02674,2025-06-01 09:00:00,292.53,CMP001
B002509,C02675,2025-04-15 06:00:00,864.46,CMP003
B002510,C02675,2025-06-14 12:00:00,213.41,CMP005
B002511,C02675,2025-07-05 19:00:00,417.73,CMP001
B002512,C02675,2025-10-03 23:00:00,487.8,
B002513,C02676,2025-06-01 16:00:00,395.74,CMP004
B002514,C02677,2025-04-20 04:00:00,668.15,CMP001
B002515,C02677,2025-04-27 14:00:00,144.19,CMP002
B002516,C02681,2025-09-15 08:00:00,287.02,CMP004
B002517,C02681,2025-12-14 12:00:00,223.86,
B002518,C02684,2025-12-18 15:00:00,286.18,CMP004
B002519,C02687,2025-10-06 01:00:00,180.24,CMP004
B002520,C02688,2025-05-05 05:00:00,304.99,CMP003
B002521,C02689,2025-11-20 04:00:00,147.5,CMP004
B002522,C02690,2025-08-04 10:00:00,143.77,
B002523,C02691,2025-11-02 16:00:00,191.24,CMP003
B002524,C02692,2025-08-12 11:00:00,127.55,CMP002
B002525,C02693,2025-09-29 05:00:00,370.08,
B002526,C02693,2025-10-20 17:00:00,607.08,CMP002
B002527,C02693,2025-11-20 03:00:00,355.62,CMP001
B002528,C02695,2025-08-13 15:00:00,204.06,CMP005
B002529,C02697,2025-08-26 01:00:00,525.34,CMP001
B002530,C02697,2025-10-25 07:00:00,100.0,
B002531,C02698,2025-07-08 09:00:00,192.65,CMP001
B002532,C02698,2025-09-06 17:00:00,907.21,CMP003
B002533,C02698,2025-12-06 05:00:00,274.97,CMP003
B002534,C02698,2025-12-20 06:00:00,606.75,CMP003
B002535,C02699,2025-09-19 03:00:00,192.17,CMP003
B002536,C02699,2025-10-10 04:00:00,325.84,CMP003
B002537,C02699,2025-10-17 16:00:00,235.89,CMP002
B002538,C02699,2025-11-08 02:00:00,680.18,CMP002
B002539,C02700,2025-08-01 01:00:00,566.37,CMP001
B002540,C02701,2025-03-06 18:00:00,100.0,CMP002
B002541,C02702,2025-12-01 10:00:00,305.35,CMP003
B002542,C02702,2025-12-08 11:00:00,144.6,CMP004
B002543,C02702,2025-12-15 16:00:00,411.2,CMP001
B002544,C02704,2025-07-03 09:00:00,373.73,CMP002
B002545,C02706,2025-08-07 07:00:00,508.86,CMP004
B002546,C02708,2025-11-05 18:00:00,332.03,CMP004
B002547,C02709,2025-11-21 14:00:00,143.7,CMP002
B002548,C02709,2025-11-28 16:00:00,904.03,CMP001
B002549,C02715,2025-04-03 11:00:00,400.2,
B002550,C02717,2025-03-20 04:00:00,507.63,
B002551,C02718,2025-09-23 12:00:00,239.98,CMP005
B002552,C02720,2025-03-16 08:00:00,196.56,CMP003
B002553,C02720,2025-06-14 10:00:00,452.09,CMP004
B002554,C02721,2025-07-20 14:00:00,443.56,CMP002
B002555,C02722,2025-12-20 16:00:00,1306.98,
B002556,C02723,2025-03-17 02:00:00,430.94,
B002557,C02723,2025-03-31 04:00:00,349.51,CMP002
B002558,C02724,2025-07-01 06:00:00,120.19,CMP004
B002559,C02727,2025-05-22 09:00:00,237.22,CMP005
B002560,C02728,2025-12-30 17:00:00,490.3,CMP003
B002561,C02729,2025-12-17 03:00:00,876.05,CMP001
B002562,C02730,2025-08-02 17:00:00,178.18,CMP003
B002563,C02731,2025-10-20 09:00:00,431.93,CMP004
B002564,C02734,2025-05-30 11:00:00,185.61,CMP001
B002565,C02736,2025-09-02 10:00:00,399.76,CMP003
B002566,C02737,2025-11-24 13:00:00,384.12,CMP002
B002567,C02737,2025-12-15 22:00:00,1152.76,CMP003
B002568,C02739,2025-07-16 16:00:00,512.16,CMP002
B002569,C02739,2025-09-15 03:00:00,432.82,CMP003
B002570,C02740,2025-05-14 09:00:00,629.04,CMP003
B002571,C02741,2025-03-19 17:00:00,152.25,CMP001
B002572,C02741,2025-06-17 20:00:00,204.16,CMP005
B002573,C02742,2025-03-08 15:00:00,322.79,CMP003
B002574,C02743,2025-06-18 15:00:00,233.69,CMP002
B002575,C02743,2025-07-18 16:00:00,377.36,CMP004
B002576,C02743,2025-07-26 02:00:00,173.35,CMP002
B002577,C02750,2025-10-11 11:00:00,381.44,CMP002
B002578,C02751,2025-02-26 04:00:00,195.23,CMP001
B002579,C02752,2025-08-16 17:00:00,525.75,CMP001
B002580,C02752,2025-11-15 01:00:00,237.68,
B002581,C02753,2025-11-25 07:00:00,1034.32,CMP003
B002582,C02755,2025-08-14 02:00:00,1041.86,CMP004
B002583,C02755,2025-11-12 10:00:00,284.74,CMP004
B002584,C02756,2025-07-08 02:00:00,222.91,CMP003
B002585,C02758,2025-06-21 12:00:00,421.41,CMP001
B002586,C02761,2025-09-06 20:00:00,152.24,CMP001
B002587,C02761,2025-12-06 06:00:00,1729.31,
B002588,C02761,2025-12-27 14:00:00,446.4,CMP004
B002589,C02762,2025-05-31 07:00:00,242.63,CMP004
B002590,C02764,2025-03-09 18:00:00,202.72,CMP004
B002591,C02765,2025-02-25 16:00:00,143.46,
B002592,C02767,2025-06-30 07:00:00,193.5,CMP002
B002593,C02767,2025-07-21 10:00:00,808.38,CMP001
B002594,C02767,2025-08-04 18:00:00,736.47,CMP002
B002595,C02767,2025-09-19 05:00:00,831.42,CMP002
B002596,C02769,2025-07-07 19:00:00,202.0,CMP001
B002597,C02769,2025-08-22 03:00:00,338.42,
B002598,C02769,2025-11-20 06:00:00,626.15,
B002599,C02770,2025-03-12 13:00:00,121.34,CMP004
B002600,C02770,2025-04-11 23:00:00,369.43,CMP002
B002601,C02770,2025-04-26 07:00:00,167.52,CMP001
B002602,C02772,2025-11-17 06:00:00,593.76,CMP002
B002603,C02775,2025-05-04 12:00:00,361.81,CMP004
B002604,C02775,2025-05-11 19:00:00,219.18,CMP004
B002605,C02777,2025-12-05 09:00:00,135.7,
B002606,C02778,2025-11-09 03:00:00,349.98,CMP003
B002607,C02779,2025-05-02 19:00:00,100.0,CMP003
B002608,C02779,2025-07-02 03:00:00,499.72,CMP004
B002609,C02779,2025-07-16 09:00:00,128.31,CMP003
B002610,C02779,2025-07-23 15:00:00,255.88,CMP003
B002611,C02781,2025-11-23 16:00:00,351.53,CMP001
B002612,C02783,2025-02-11 02:00:00,132.36,CMP001
B002613,C02783,2025-02-18 05:00:00,100.0,CMP001
B002614,C02784,2025-12-31 08:00:00,400.02,CMP001
B002615,C02786,2025-04-21 09:00:00,348.15,
B002616,C02787,2025-12-06 03:00:00,584.2,CMP004
B002617,C02790,2025-06-25 04:00:00,363.47,CMP001
B002618,C02790,2025-09-23 09:00:00,265.01,
B002619,C02790,2025-10-07 11:00:00,552.22,CMP004
B002620,C02790,2025-10-28 21:00:00,356.39,CMP004
B002621,C02792,2025-04-25 08:00:00,629.8,CMP001
B002622,C02793,2025-09-22 20:00:00,527.11,CMP002
B002623,C02793,2025-10-13 23:00:00,223.95,CMP001
B002624,C02796,2025-07-26 07:00:00,438.53,CMP002
B002625,C02797,2025-09-13 10:00:00,747.75,CMP003
B002626,C02797,2025-10-04 17:00:00,107.3,CMP003
B002627,C02797,2025-10-18 22:00:00,439.26,CMP003
B002628,C02797,2025-11-08 23:00:00,227.32,CMP002
B002629,C02798,2025-03-08 03:00:00,536.25,
B002630,C02798,2025-03-29 04:00:00,630.77,CMP001
B002631,C02798,2025-04-12 07:00:00,239.85,CMP001
B002632,C02798,2025-04-26 12:00:00,961.53,CMP002
B002633,C02799,2025-08-19 17:00:00,175.9,CMP004
B002634,C02799,2025-09-19 02:00:00,833.74,CMP003
B002635,C02799,2025-10-19 12:00:00,730.82,CMP001
B002636,C02802,2025-03-18 03:00:00,761.3,CMP001
B002637,C02802,2025-05-02 11:00:00,285.96,CMP004
B002638,C02802,2025-06-16 18:00:00,198.07,CMP004
B002639,C02805,2025-07-20 06:00:00,669.68,CMP003
B002640,C02805,2025-10-18 13:00:00,100.0,
B002641,C02805,2025-11-08 15:00:00,507.08,CMP003
B002642,C02805,2025-11-16 02:00:00,304.26,CMP002
B002643,C02806,2025-07-02 09:00:00,284.45,
B002644,C02806,2025-07-09 12:00:00,514.19,CMP002
B002645,C02806,2025-07-24 00:00:00,222.04,CMP002
B002646,C02807,2025-12-21 14:00:00,216.79,CMP004
B002647,C02808,2025-08-09 20:00:00,166.86,CMP003
B002648,C02808,2025-08-30 21:00:00,165.02,CMP005
B002649,C02809,2025-12-25 03:00:00,225.35,CMP001
B002650,C02811,2025-08-14 08:00:00,274.96,CMP003
B002651,C02811,2025-10-13 20:00:00,402.23,CMP001
B002652,C02812,2025-04-08 03:00:00,680.63,CMP003
B002653,C02813,2025-07-12 01:00:00,642.19,CMP002
B002654,C02814,2025-07-23 07:00:00,279.11,CMP002
B002655,C02815,2025-04-15 02:00:00,934.66,CMP003
B002656,C02815,2025-05-15 05:00:00,441.87,CMP004
B002657,C02815,2025-08-13 08:00:00,265.48,
B002658,C02815,2025-09-12 14:00:00,129.77,CMP001
B002659,C02816,2025-04-15 13:00:00,237.99,CMP004
B002660,C02818,2025-04-03 11:00:00,314.01,CMP004
B002661,C02818,2025-04-24 19:00:00,245.72,CMP002
B002662,C02818,2025-05-16 07:00:00,219.45,CMP003
B002663,C02822,2025-12-02 14:00:00,284.16,CMP002
B002664,C02822,2025-12-17 02:00:00,863.68,CMP003
B002665,C02823,2025-07-16 14:00:00,141.67,CMP001
B002666,C02824,2025-11-08 11:00:00,244.12,CMP002
B002667,C02825,2025-03-09 09:00:00,175.14,CMP001
B002668,C02825,2025-06-07 14:00:00,477.02,CMP003
B002669,C02825,2025-06-29 01:00:00,517.62,
B002670,C02826,2025-05-11 16:00:00,234.12,
B002671,C02826,2025-05-19 04:00:00,311.23,CMP003
B002672,C02832,2025-05-15 04:00:00,476.92,CMP001
B002673,C02835,2025-12-08 02:00:00,215.07,CMP002
B002674,C02838,2025-07-14 19:00:00,297.65,CMP004
B002675,C02840,2025-12-04 12:00:00,144.99,CMP004
B002676,C02841,2025-12-30 11:00:00,537.08,CMP002
B002677,C02842,2025-08-13 09:00:00,621.16,CMP001
B002678,C02842,2025-09-03 12:00:00,516.86,CMP001
B002679,C02844,2025-06-12 01:00:00,309.71,CMP004
B002680,C02847,2025-12-19 03:00:00,240.23,CMP004
B002681,C02848,2025-06-03 14:00:00,261.61,CMP002
B002682,C02848,2025-07-18 22:00:00,368.19,CMP002
B002683,C02848,2025-08-01 23:00:00,270.76,CMP005
B002684,C02848,2025-09-16 01:00:00,279.05,CMP004
B002685,C02850,2025-10-12 18:00:00,157.55,CMP002
B002686,C02852,2025-09-06 19:00:00,272.13,CMP003
B002687,C02852,2025-09-21 05:00:00,1094.9,CMP001
B002688,C02852,2025-10-21 12:00:00,688.72,CMP003
B002689,C02853,2025-02-18 09:00:00,136.98,CMP005
B002690,C02854,2025-08-10 02:00:00,105.85,CMP001
B002691,C02854,2025-08-17 04:00:00,1509.94,CMP002
B002692,C02855,2025-08-19 04:00:00,495.96,CMP002
B002693,C02856,2025-10-27 01:00:00,321.44,
B002694,C02857,2025-10-26 12:00:00,283.16,CMP003
B002695,C02857,2025-12-25 19:00:00,739.97,
B002696,C02861,2025-02-25 16:00:00,1043.82,CMP002
B002697,C02862,2025-06-17 08:00:00,100.0,CMP001
B002698,C02862,2025-07-08 12:00:00,432.94,CMP005
B002699,C02864,2025-02-07 15:00:00,400.53,CMP001
B002700,C02866,2025-02-14 14:00:00,767.94,CMP002
B002701,C02867,2025-09-07 02:00:00,1174.28,CMP003
B002702,C02868,2025-06-22 02:00:00,197.41,CMP001
B002703,C02868,2025-07-13 07:00:00,525.23,CMP002
B002704,C02870,2025-09-30 13:00:00,580.6,CMP005
B002705,C02871,2025-02-05 03:00:00,222.37,CMP002
B002706,C02871,2025-02-19 04:00:00,317.73,CMP003
B002707,C02871,2025-04-20 05:00:00,714.38,
B002708,C02871,2025-05-04 11:00:00,290.12,CMP001
B002709,C02872,2025-05-10 03:00:00,549.29,CMP002
B002710,C02877,2025-08-20 11:00:00,948.04,CMP004
B002711,C02878,2025-09-01 11:00:00,141.5,CMP005
B002712,C02878,2025-10-01 13:00:00,264.43,CMP002
B002713,C02878,2025-11-15 20:00:00,322.8,CMP002
B002714,C02879,2025-09-21 02:00:00,157.65,CMP005
B002715,C02879,2025-12-20 09:00:00,304.43,CMP001
B002716,C02884,2025-03-21 06:00:00,228.7,CMP001
B002717,C02884,2025-03-28 15:00:00,251.67,CMP001
B002718,C02884,2025-05-12 23:00:00,782.24,CMP004
B002719,C02884,2025-08-11 03:00:00,668.04,CMP003
B002720,C02886,2025-07-24 10:00:00,269.43,CMP001
B002721,C02888,2025-11-10 19:00:00,113.55,CMP002
B002722,C02888,2025-11-25 07:00:00,338.21,CMP001
B002723,C02889,2025-05-09 16:00:00,602.69,
B002724,C02890,2025-08-26 08:00:00,273.69,CMP002
B002725,C02893,2025-03-25 10:00:00,287.6,CMP003
B002726,C02896,2025-07-17 19:00:00,262.01,CMP005
B002727,C02896,2025-07-31 20:00:00,729.23,CMP003
B002728,C02896,2025-08-22 07:00:00,100.0,CMP001
B002729,C02896,2025-09-12 15:00:00,206.53,CMP003
B002730,C02897,2025-09-27 17:00:00,583.45,CMP001
B002731,C02899,2025-04-16 10:00:00,171.66,CMP005
B002732,C02899,2025-04-23 18:00:00,172.94,CMP003
B002733,C02900,2025-01-09 12:00:00,237.88,
B002734,C02900,2025-01-30 13:00:00,158.09,CMP002
B002735,C02901,2025-06-02 15:00:00,334.3,CMP001
B002736,C02902,2025-09-19 12:00:00,465.2,CMP005
B002737,C02902,2025-11-03 23:00:00,175.42,
B002738,C02902,2025-11-25 11:00:00,157.68,CMP001
B002739,C02903,2025-10-14 01:00:00,292.25,CMP005
B002740,C02903,2025-10-21 06:00:00,454.12,CMP004
B002741,C02904,2025-12-06 14:00:00,850.57,CMP003
B002742,C02905,2025-05-22 07:00:00,445.13,CMP002
B002743,C02907,2025-08-31 20:00:00,569.82,CMP001
B002744,C02912,2025-05-31 09:00:00,265.5,CMP002
B002745,C02913,2025-04-05 02:00:00,326.5,
B002746,C02913,2025-04-26 05:00:00,799.97,CMP002
B002747,C02913,2025-05-26 06:00:00,248.36,CMP004
B002748,C02913,2025-08-24 07:00:00,275.89,
B002749,C02914,2025-07-18 16:00:00,347.03,CMP004
B002750,C02914,2025-08-09 01:00:00,173.39,CMP002
B002751,C02915,2025-03-02 10:00:00,616.45,CMP001
B002752,C02917,2025-03-06 14:00:00,173.18,CMP001
B002753,C02920,2025-11-21 10:00:00,509.23,CMP004
B002754,C02922,2025-11-14 14:00:00,319.13,CMP001
B002755,C02922,2025-11-21 23:00:00,632.85,CMP005
B002756,C02922,2025-12-06 10:00:00,262.52,CMP001
B002757,C02924,2025-08-10 14:00:00,451.37,CMP001
B002758,C02925,2025-04-13 02:00:00,206.09,
B002759,C02925,2025-05-28 11:00:00,362.33,CMP004
B002760,C02925,2025-07-27 21:00:00,173.06,
B002761,C02925,2025-08-17 22:00:00,459.76,
B002762,C02926,2025-07-23 01:00:00,116.85,CMP005
B002763,C02926,2025-09-06 08:00:00,690.33,CMP003
B002764,C02928,2025-09-02 15:00:00,107.24,CMP002
B002765,C02931,2025-06-06 13:00:00,137.44,CMP002
B002766,C02934,2025-03-16 14:00:00,300.67,CMP003
B002767,C02939,2025-11-18 18:00:00,183.9,CMP004
B002768,C02942,2025-04-20 15:00:00,189.04,CMP002
B002769,C02943,2025-11-01 15:00:00,216.33,CMP001
B002770,C02943,2025-12-01 18:00:00,108.78,CMP002
B002771,C02945,2025-06-02 07:00:00,238.16,
B002772,C02947,2025-05-30 06:00:00,304.14,CMP003
B002773,C02949,2025-04-05 18:00:00,674.65,CMP001
B002774,C02950,2025-04-24 13:00:00,661.88,CMP002
B002775,C02951,2025-08-12 06:00:00,294.13,
B002776,C02951,2025-10-11 09:00:00,217.16,CMP002
B002777,C02951,2025-11-01 16:00:00,202.9,CMP003
B002778,C02952,2025-08-04 05:00:00,174.93,
B002779,C02957,2025-10-22 01:00:00,160.85,CMP002
B002780,C02957,2025-12-06 13:00:00,313.23,CMP001
B002781,C02958,2025-02-14 13:00:00,706.02,CMP002
B002782,C02960,2025-12-12 05:00:00,256.12,CMP003
B002783,C02962,2025-04-30 03:00:00,438.07,CMP002
B002784,C02963,2025-07-27 14:00:00,479.22,CMP001
B002785,C02963,2025-08-03 20:00:00,985.92,CMP001
B002786,C02964,2025-10-10 10:00:00,297.89,CMP003
B002787,C02968,2025-10-22 15:00:00,422.07,CMP002
B002788,C02969,2025-10-20 11:00:00,1267.2,CMP003
B002789,C02969,2025-11-19 13:00:00,723.28,CMP003
B002790,C02969,2025-11-26 18:00:00,478.12,CMP004
B002791,C02970,2025-08-22 15:00:00,208.01,CMP005
B002792,C02970,2025-11-20 18:00:00,288.0,CMP001
B002793,C02971,2025-02-13 09:00:00,282.95,CMP001
B002794,C02972,2025-07-26 09:00:00,100.0,
B002795,C02974,2025-11-06 08:00:00,386.87,CMP004
B002796,C02976,2025-08-03 14:00:00,126.17,CMP004
B002797,C02976,2025-11-01 15:00:00,692.48,CMP004
B002798,C02976,2025-11-23 03:00:00,555.74,CMP002
B002799,C02977,2025-03-25 04:00:00,212.75,CMP002
B002800,C02981,2025-08-21 13:00:00,109.25,CMP002
B002801,C02983,2025-07-28 16:00:00,304.28,CMP002
B002802,C02984,2025-07-15 11:00:00,370.11,CMP003
B002803,C02985,2025-06-17 10:00:00,166.23,CMP004
B002804,C02986,2025-10-14 15:00:00,192.12,CMP002
B002805,C02986,2025-11-28 16:00:00,755.98,CMP002
B002806,C02987,2025-07-19 14:00:00,367.12,CMP002
B002807,C02990,2025-09-05 09:00:00,119.91,
B002808,C02992,2025-09-20 08:00:00,362.66,
B002809,C02994,2025-04-09 08:00:00,577.7,CMP003
B002810,C02994,2025-07-08 17:00:00,478.55,
B002811,C02994,2025-08-07 20:00:00,100.58,CMP001
B002812,C02994,2025-08-29 03:00:00,566.19,CMP002
B002813,C02995,2025-09-23 19:00:00,251.68,CMP001
B002814,C02999,2025-10-04 02:00:00,179.61,CMP002
B002815,C03000,2025-04-02 18:00:00,114.63,CMP001
B002816,C03000,2025-04-10 06:00:00,115.38,CMP005
B002817,C03000,2025-04-24 13:00:00,178.69,CMP004
B002818,C03001,2025-02-18 01:00:00,354.2,CMP004
B002819,C03005,2025-02-25 05:00:00,550.66,CMP003
B002820,C03005,2025-03-18 12:00:00,350.09,CMP002
B002821,C03005,2025-06-16 19:00:00,100.0,CMP001
B002822,C03005,2025-06-24 05:00:00,144.56,CMP003
B002823,C03008,2025-02-08 10:00:00,230.62,CMP002
B002824,C03008,2025-04-09 14:00:00,470.67,CMP001
B002825,C03008,2025-06-08 22:00:00,364.79,
B002826,C03008,2025-09-06 23:00:00,583.7,CMP003
B002827,C03009,2025-06-24 11:00:00,450.04,CMP001
B002828,C03009,2025-08-08 19:00:00,977.8,
B002829,C03009,2025-08-16 03:00:00,437.35,CMP001
B002830,C03009,2025-08-23 10:00:00,717.28,CMP003
B002831,C03010,2025-05-31 04:00:00,119.52,CMP003
B002832,C03010,2025-07-30 13:00:00,417.57,CMP001
B002833,C03010,2025-08-06 15:00:00,439.59,CMP002
B002834,C03011,2025-05-28 09:00:00,221.13,CMP004
B002835,C03012,2025-11-05 14:00:00,551.56,CMP002
B002836,C03013,2025-09-09 19:00:00,594.67,CMP004
B002837,C03014,2025-06-17 05:00:00,233.06,CMP002
B002838,C03014,2025-07-17 13:00:00,387.7,CMP002
B002839,C03014,2025-07-24 20:00:00,1856.64,CMP002
B002840,C03017,2025-04-15 18:00:00,324.85,CMP003
B002841,C03017,2025-05-07 04:00:00,425.74,
B002842,C03019,2025-07-01 06:00:00,1525.94,CMP005
B002843,C03019,2025-07-15 15:00:00,1575.7,CMP002
B002844,C03019,2025-07-29 19:00:00,100.0,CMP002
B002845,C03022,2025-02-27 01:00:00,548.32,CMP003
B002846,C03022,2025-03-13 11:00:00,769.27,CMP003
B002847,C03022,2025-04-03 16:00:00,374.02,CMP003
B002848,C03022,2025-04-18 04:00:00,153.94,CMP003
B002849,C03023,2025-08-02 14:00:00,666.72,
B002850,C03024,2025-03-19 02:00:00,100.0,CMP005
B002851,C03028,2025-08-26 15:00:00,100.0,
B002852,C03029,2025-12-27 13:00:00,270.31,CMP002
B002853,C03035,2025-03-02 10:00:00,228.28,CMP002
B002854,C03036,2025-09-07 01:00:00,327.97,CMP004
B002855,C03036,2025-09-21 11:00:00,305.16,CMP004
B002856,C03036,2025-10-05 13:00:00,249.17,CMP001
B002857,C03036,2025-10-12 16:00:00,300.47,CMP002
B002858,C03037,2025-03-28 12:00:00,787.11,CMP004
B002859,C03040,2025-12-21 17:00:00,403.9,CMP003
B002860,C03042,2025-05-07 12:00:00,424.88,CMP001
B002861,C03044,2025-08-04 13:00:00,247.38,CMP001
B002862,C03044,2025-08-18 17:00:00,123.38,CMP001
B002863,C03044,2025-09-18 05:00:00,227.12,CMP002
B002864,C03044,2025-09-25 17:00:00,193.83,CMP002
B002865,C03046,2025-08-06 10:00:00,366.98,CMP002
B002866,C03047,2025-07-13 20:00:00,108.45,CMP003
B002867,C03047,2025-09-12 08:00:00,463.89,
B002868,C03047,2025-09-26 10:00:00,628.33,CMP002
B002869,C03048,2025-02-03 13:00:00,232.34,CMP001
B002870,C03049,2025-04-07 03:00:00,227.42,CMP001
B002871,C03049,2025-05-07 12:00:00,301.1,CMP004
B002872,C03049,2025-06-06 23:00:00,253.35,CMP002
B002873,C03049,2025-08-06 11:00:00,122.07,CMP002
B002874,C03050,2025-09-25 07:00:00,165.82,
B002875,C03050,2025-10-16 19:00:00,624.88,
B002876,C03051,2025-06-09 14:00:00,240.43,CMP001
B002877,C03051,2025-09-07 22:00:00,338.73,
B002878,C03052,2025-12-14 02:00:00,282.82,CMP002
B002879,C03054,2025-03-18 15:00:00,380.23,CMP005
B002880,C03054,2025-04-18 02:00:00,158.05,CMP003
B002881,C03054,2025-06-17 06:00:00,426.1,CMP002
B002882,C03054,2025-09-15 10:00:00,157.96,
B002883,C03056,2025-07-04 09:00:00,633.8,CMP003
B002884,C03056,2025-07-18 18:00:00,695.05,CMP003
B002885,C03056,2025-09-17 04:00:00,188.12,CMP004
B002886,C03057,2025-09-17 20:00:00,118.39,
B002887,C03057,2025-10-08 22:00:00,142.12,CMP001
B002888,C03058,2025-05-30 06:00:00,290.46,CMP002
B002889,C03059,2025-12-07 16:00:00,664.43,
B002890,C03059,2025-12-29 04:00:00,430.9,CMP003
B002891,C03063,2025-09-28 10:00:00,506.56,CMP004
B002892,C03063,2025-10-28 12:00:00,374.16,CMP002
B002893,C03065,2025-06-06 13:00:00,253.78,CMP002
B002894,C03065,2025-06-13 14:00:00,1438.96,CMP001
B002895,C03069,2025-12-10 17:00:00,232.55,CMP004
B002896,C03072,2025-08-25 17:00:00,649.56,CMP004
B002897,C03073,2025-03-07 01:00:00,189.24,CMP001
B002898,C03073,2025-03-28 05:00:00,311.31,CMP004
B002899,C03073,2025-06-26 16:00:00,443.52,
B002900,C03074,2025-12-23 01:00:00,235.0,CMP001
B002901,C03077,2025-04-02 07:00:00,130.61,CMP002
B002902,C03078,2025-04-29 19:00:00,296.76,CMP003
B002903,C03082,2025-08-20 17:00:00,434.86,CMP002
B002904,C03082,2025-09-03 19:00:00,179.98,CMP002
B002905,C03083,2025-10-13 07:00:00,314.28,
B002906,C03085,2025-06-30 15:00:00,458.66,
B002907,C03085,2025-07-22 02:00:00,156.72,CMP002
B002908,C03085,2025-08-12 04:00:00,379.92,CMP004
B002909,C03087,2025-09-29 09:00:00,157.63,CMP002
B002910,C03089,2025-12-20 13:00:00,183.04,CMP003
B002911,C03091,2025-03-26 18:00:00,135.69,CMP002
B002912,C03092,2025-02-12 12:00:00,145.24,CMP002
B002913,C03092,2025-04-13 23:00:00,258.94,CMP002
B002914,C03092,2025-06-13 07:00:00,504.13,
B002915,C03092,2025-06-20 18:00:00,318.53,CMP002
B002916,C03093,2025-10-17 16:00:00,249.49,CMP001
B002917,C03094,2025-01-25 12:00:00,100.0,CMP004
B002918,C03096,2025-07-10 14:00:00,1048.88,CMP002
B002919,C03096,2025-09-08 21:00:00,387.37,
B002920,C03101,2025-10-29 09:00:00,388.05,CMP002
B002921,C03101,2025-11-28 21:00:00,211.28,CMP001
B002922,C03102,2025-05-25 13:00:00,225.35,CMP001
B002923,C03103,2025-04-26 05:00:00,360.46,CMP001
B002924,C03105,2025-04-15 03:00:00,466.5,CMP001
B002925,C03110,2025-04-26 01:00:00,1546.95,CMP002
B002926,C03110,2025-05-10 05:00:00,143.08,CMP001
B002927,C03110,2025-05-31 12:00:00,427.15,CMP003
B002928,C03111,2025-12-21 16:00:00,913.61,CMP003
B002929,C03114,2025-10-05 11:00:00,232.04,CMP004
B002930,C03116,2025-12-06 01:00:00,123.18,CMP005
B002931,C03117,2025-08-10 06:00:00,292.4,CMP002
B002932,C03119,2025-02-20 14:00:00,182.95,
B002933,C03120,2025-06-14 13:00:00,253.25,CMP001
B002934,C03121,2025-05-28 14:00:00,247.5,CMP003
B002935,C03124,2025-10-28 08:00:00,168.85,CMP001
B002936,C03125,2025-08-05 19:00:00,226.41,CMP002
B002937,C03125,2025-10-05 06:00:00,273.81,
B002938,C03126,2025-09-23 04:00:00,270.17,CMP004
B002939,C03126,2025-11-07 11:00:00,458.73,CMP001
B002940,C03126,2025-11-28 21:00:00,271.62,CMP005
B002941,C03126,2025-12-13 00:00:00,1600.07,CMP002
B002942,C03127,2025-02-18 17:00:00,433.0,CMP004
B002943,C03127,2025-04-04 22:00:00,460.33,CMP001
B002944,C03131,2025-12-22 18:00:00,304.6,CMP001
B002945,C03134,2025-03-10 20:00:00,237.46,CMP001
B002946,C03134,2025-04-10 05:00:00,276.11,CMP002
B002947,C03134,2025-05-25 08:00:00,566.27,CMP002
B002948,C03135,2025-11-29 02:00:00,343.51,
B002949,C03137,2025-07-18 16:00:00,703.36,CMP002
B002950,C03137,2025-08-08 17:00:00,167.66,CMP002
B002951,C03137,2025-08-23 05:00:00,360.83,CMP002
B002952,C03138,2025-02-06 15:00:00,554.12,CMP001
B002953,C03138,2025-02-13 20:00:00,624.23,CMP003
B002954,C03138,2025-05-15 03:00:00,173.11,
B002955,C03139,2025-11-07 08:00:00,271.15,CMP003
B002956,C03139,2025-11-28 09:00:00,375.97,CMP002
B002957,C03140,2025-12-09 07:00:00,397.84,CMP004
B002958,C03141,2025-08-26 16:00:00,435.69,CMP003
B002959,C03141,2025-10-10 17:00:00,347.51,CMP001
B002960,C03141,2025-12-09 22:00:00,214.83,CMP001
B002961,C03145,2025-12-05 18:00:00,637.25,
B002962,C03156,2025-11-11 03:00:00,461.14,CMP003
B002963,C03156,2025-12-11 12:00:00,333.6,CMP002
B002964,C03157,2025-12-14 14:00:00,641.33,CMP002
B002965,C03158,2025-04-12 14:00:00,646.19,CMP004
B002966,C03158,2025-06-11 21:00:00,126.32,CMP001
B002967,C03158,2025-07-12 08:00:00,110.72,CMP002
B002968,C03160,2025-04-10 14:00:00,675.65,CMP003
B002969,C03160,2025-05-25 15:00:00,207.36,CMP002
B002970,C03162,2025-03-27 05:00:00,139.46,CMP002
B002971,C03162,2025-04-17 15:00:00,411.23,CMP001
B002972,C03162,2025-06-17 01:00:00,652.96,CMP001
B002973,C03166,2025-06-08 06:00:00,205.53,CMP003
B002974,C03167,2025-12-04 17:00:00,203.38,CMP003
B002975,C03169,2025-08-21 05:00:00,509.59,CMP001
B002976,C03170,2025-07-02 15:00:00,231.94,CMP004
B002977,C03171,2025-03-14 20:00:00,211.21,CMP004
B002978,C03172,2025-09-15 06:00:00,326.44,CMP001
B002979,C03173,2025-06-19 13:00:00,199.43,CMP005
B002980,C03176,2025-10-30 05:00:00,786.57,CMP001
B002981,C03179,2025-10-12 16:00:00,142.89,CMP003
B002982,C03179,2025-11-03 03:00:00,140.41,CMP004
B002983,C03179,2025-11-17 13:00:00,394.15,CMP002
B002984,C03179,2025-12-08 18:00:00,187.58,CMP001
B002985,C03182,2025-04-01 06:00:00,115.08,CMP002
B002986,C03184,2025-08-17 04:00:00,100.0,CMP003
B002987,C03186,2025-07-19 16:00:00,258.32,CMP003
B002988,C03187,2025-03-05 12:00:00,531.77,CMP004
B002989,C03188,2025-11-26 12:00:00,470.59,
B002990,C03191,2025-05-19 07:00:00,351.27,CMP002
B002991,C03191,2025-06-18 13:00:00,193.96,CMP002
B002992,C03194,2025-03-01 07:00:00,437.01,
B002993,C03194,2025-03-31 17:00:00,565.81,CMP004
B002994,C03196,2025-03-09 18:00:00,265.09,CMP003
B002995,C03196,2025-05-09 00:00:00,881.92,CMP002
B002996,C03196,2025-05-16 05:00:00,436.63,CMP004
B002997,C03197,2025-12-26 16:00:00,713.11,CMP001
B002998,C03199,2025-06-08 12:00:00,328.86,CMP001
B002999,C03199,2025-07-23 16:00:00,118.04,CMP001
B003000,C03200,2025-03-09 06:00:00,375.03,
B003001,C03201,2025-03-10 15:00:00,447.25,CMP003
B003002,C03202,2025-12-13 12:00:00,247.08,CMP002
B003003,C03205,2025-04-05 05:00:00,719.29,CMP003
B003004,C03207,2025-12-11 03:00:00,167.69,CMP002
B003005,C03211,2025-07-17 15:00:00,189.72,
B003006,C03211,2025-07-24 20:00:00,718.08,CMP002
B003007,C03213,2025-06-19 13:00:00,706.5,CMP002
B003008,C03215,2025-07-05 16:00:00,280.21,CMP003
B003009,C03216,2025-04-06 11:00:00,211.82,CMP004
B003010,C03217,2025-03-15 03:00:00,920.31,CMP002
B003011,C03217,2025-05-14 07:00:00,147.02,
B003012,C03217,2025-06-13 19:00:00,525.15,CMP001
B003013,C03217,2025-09-12 02:00:00,208.4,
B003014,C03219,2025-05-30 11:00:00,1201.26,CMP002
B003015,C03219,2025-08-28 16:00:00,799.97,
B003016,C03225,2025-08-24 19:00:00,393.68,CMP002
B003017,C03227,2025-08-29 07:00:00,309.81,CMP002
B003018,C03228,2025-04-13 13:00:00,440.11,CMP002
B003019,C03228,2025-04-27 23:00:00,353.16,CMP004
B003020,C03228,2025-05-05 06:00:00,434.56,CMP004
B003021,C03228,2025-06-19 18:00:00,190.24,CMP004
B003022,C03229,2025-02-22 19:00:00,319.73,CMP001
B003023,C03229,2025-03-02 00:00:00,454.81,CMP004
B003024,C03229,2025-03-23 12:00:00,291.29,CMP004
B003025,C03232,2025-05-12 02:00:00,132.54,
B003026,C03233,2025-02-17 01:00:00,202.75,
B003027,C03237,2025-10-18 02:00:00,418.79,CMP002
B003028,C03237,2025-11-08 04:00:00,165.79,CMP001
B003029,C03238,2025-10-21 17:00:00,338.2,CMP002
B003030,C03239,2025-09-14 18:00:00,309.31,
B003031,C03239,2025-09-22 03:00:00,340.17,CMP004
B003032,C03240,2025-02-25 13:00:00,270.75,CMP004
B003033,C03241,2025-02-19 11:00:00,100.1,
B003034,C03244,2025-10-17 04:00:00,473.16,
B003035,C03246,2025-08-01 16:00:00,144.42,CMP003
B003036,C03247,2025-12-11 03:00:00,387.44,CMP001
B003037,C03249,2025-10-11 10:00:00,376.94,CMP002
B003038,C03249,2025-11-25 18:00:00,348.11,
B003039,C03252,2025-07-07 09:00:00,132.82,CMP005
B003040,C03254,2025-08-27 02:00:00,107.68,CMP001
B003041,C03255,2025-07-10 09:00:00,269.43,CMP002
B003042,C03255,2025-09-08 21:00:00,160.96,CMP001
B003043,C03255,2025-10-24 09:00:00,268.31,CMP003
B003044,C03255,2025-11-07 10:00:00,177.27,CMP002
B003045,C03259,2025-04-23 03:00:00,294.88,CMP001
B003046,C03261,2025-12-27 01:00:00,145.49,CMP005
B003047,C03264,2025-10-21 11:00:00,318.73,CMP002
B003048,C03265,2025-09-29 11:00:00,346.75,CMP003
B003049,C03266,2025-02-11 07:00:00,256.59,CMP002
B003050,C03267,2025-02-15 13:00:00,105.5,CMP003
B003051,C03267,2025-03-01 15:00:00,605.37,CMP003
B003052,C03267,2025-05-30 21:00:00,133.57,
B003053,C03268,2025-03-10 06:00:00,129.09,CMP002
B003054,C03270,2025-12-16 03:00:00,168.03,CMP003
B003055,C03273,2025-12-06 18:00:00,243.81,CMP001
B003056,C03274,2025-02-28 13:00:00,113.5,CMP005
B003057,C03274,2025-03-14 21:00:00,105.39,CMP004
B003058,C03274,2025-04-05 03:00:00,1960.34,CMP004
B003059,C03274,2025-04-26 07:00:00,207.65,CMP001
B003060,C03277,2025-11-21 04:00:00,262.37,CMP003
B003061,C03280,2025-03-27 19:00:00,293.85,
B003062,C03280,2025-04-18 06:00:00,237.96,CMP001
B003063,C03280,2025-06-17 09:00:00,125.38,
B003064,C03282,2025-04-08 19:00:00,290.8,CMP004
B003065,C03282,2025-07-07 23:00:00,182.97,
B003066,C03283,2025-03-07 11:00:00,153.38,CMP003
B003067,C03283,2025-03-21 18:00:00,662.99,CMP005
B003068,C03283,2025-04-11 22:00:00,211.5,CMP004
B003069,C03284,2025-03-23 17:00:00,477.97,CMP001
B003070,C03285,2025-12-03 05:00:00,443.97,CMP004
B003071,C03286,2025-05-05 10:00:00,269.86,CMP001
B003072,C03286,2025-05-12 15:00:00,434.23,CMP001
B003073,C03289,2025-04-11 10:00:00,184.28,CMP004
B003074,C03290,2025-12-09 06:00:00,111.25,CMP004
B003075,C03291,2025-08-08 20:00:00,122.9,CMP004
B003076,C03292,2025-05-03 20:00:00,429.27,CMP001
B003077,C03292,2025-05-11 03:00:00,1693.84,CMP003
B003078,C03292,2025-05-18 11:00:00,265.77,CMP002
B003079,C03297,2025-12-08 01:00:00,228.12,
B003080,C03298,2025-06-06 06:00:00,519.62,CMP005
B003081,C03301,2025-04-30 10:00:00,401.96,CMP004
B003082,C03304,2025-03-28 18:00:00,832.4,CMP002
B003083,C03305,2025-12-27 06:00:00,337.28,
B003084,C03306,2025-10-01 08:00:00,200.7,
B003085,C03306,2025-10-15 13:00:00,283.02,CMP002
B003086,C03308,2025-05-09 10:00:00,940.45,CMP001
B003087,C03308,2025-07-08 22:00:00,267.71,
B003088,C03310,2025-09-12 15:00:00,624.05,CMP002
B003089,C03311,2025-04-25 12:00:00,343.49,CMP005
B003090,C03311,2025-06-09 13:00:00,435.1,CMP003
B003091,C03312,2025-02-26 07:00:00,748.86,CMP002
B003092,C03313,2025-10-06 05:00:00,909.48,CMP005
B003093,C03314,2025-03-10 07:00:00,268.5,CMP004
B003094,C03314,2025-06-08 17:00:00,100.0,
B003095,C03314,2025-06-22 22:00:00,171.63,CMP001
B003096,C03314,2025-06-30 03:00:00,600.8,CMP001
B003097,C03315,2025-07-09 02:00:00,183.92,CMP001
B003098,C03316,2025-02-07 10:00:00,271.35,CMP003
B003099,C03316,2025-02-28 13:00:00,100.0,CMP003
B003100,C03318,2025-10-18 03:00:00,100.0,CMP004
B003101,C03319,2025-12-16 06:00:00,598.98,
B003102,C03319,2025-12-23 14:00:00,190.26,CMP002
B003103,C03319,2025-12-30 21:00:00,363.57,CMP002
B003104,C03321,2025-09-19 18:00:00,196.02,CMP002
B003105,C03321,2025-10-04 04:00:00,100.0,CMP002
B003106,C03321,2025-11-18 16:00:00,225.11,CMP005
B003107,C03321,2025-11-25 17:00:00,772.99,CMP004
B003108,C03323,2025-03-27 19:00:00,232.22,CMP003
B003109,C03326,2025-04-21 14:00:00,241.52,CMP003
B003110,C03330,2025-12-15 16:00:00,230.97,CMP004
B003111,C03331,2025-09-07 11:00:00,812.33,CMP001
B003112,C03331,2025-09-28 12:00:00,401.76,CMP001
B003113,C03331,2025-12-27 17:00:00,144.99,CMP005
B003114,C03332,2025-02-03 19:00:00,332.34,CMP004
B003115,C03334,2025-02-18 04:00:00,549.86,CMP003
B003116,C03340,2025-06-07 05:00:00,222.01,CMP002
B003117,C03342,2025-05-24 06:00:00,854.75,
B003118,C03342,2025-06-14 16:00:00,596.24,CMP003
B003119,C03343,2025-05-01 17:00:00,539.51,CMP004
B003120,C03343,2025-05-09 00:00:00,267.41,CMP003
B003121,C03343,2025-07-08 11:00:00,381.68,CMP002
B003122,C03344,2025-05-14 18:00:00,561.02,CMP003
B003123,C03345,2025-12-20 14:00:00,397.7,CMP003
B003124,C03346,2025-10-02 03:00:00,386.75,CMP004
B003125,C03346,2025-12-01 04:00:00,100.0,
B003126,C03347,2025-11-22 19:00:00,265.85,CMP004
B003127,C03348,2025-08-25 10:00:00,167.92,CMP001
B003128,C03350,2025-12-24 19:00:00,532.28,CMP005
B003129,C03351,2025-06-08 18:00:00,369.5,CMP003
B003130,C03351,2025-09-07 06:00:00,599.16,
B003131,C03351,2025-12-06 12:00:00,252.57,CMP004
B003132,C03352,2025-04-03 20:00:00,1025.47,CMP002
B003133,C03354,2025-04-11 06:00:00,420.52,CMP002
B003134,C03354,2025-06-10 14:00:00,794.07,CMP001
B003135,C03354,2025-06-17 18:00:00,512.06,CMP001
B003136,C03354,2025-06-25 04:00:00,362.77,CMP003
B003137,C03355,2025-09-28 11:00:00,568.86,CMP005
B003138,C03355,2025-11-27 15:00:00,265.17,CMP001
B003139,C03359,2025-12-09 19:00:00,524.19,CMP001
B003140,C03360,2025-05-26 18:00:00,100.0,
B003141,C03361,2025-10-20 12:00:00,756.32,CMP001
B003142,C03361,2025-12-04 14:00:00,289.22,
B003143,C03362,2025-03-04 08:00:00,268.8,CMP002
B003144,C03363,2025-10-18 07:00:00,273.21,CMP002
B003145,C03365,2025-09-14 03:00:00,310.64,CMP002
B003146,C03365,2025-10-05 05:00:00,291.97,CMP001
B003147,C03366,2025-09-11 18:00:00,189.66,CMP004
B003148,C03370,2025-12-14 10:00:00,167.76,CMP002
B003149,C03370,2025-12-28 11:00:00,275.34,CMP002
B003150,C03372,2025-02-27 08:00:00,436.0,
B003151,C03372,2025-03-20 14:00:00,261.82,CMP002
B003152,C03372,2025-04-03 16:00:00,641.97,CMP003
B003153,C03372,2025-05-19 01:00:00,236.42,
B003154,C03373,2025-10-07 16:00:00,349.25,CMP001
B003155,C03373,2025-11-22 03:00:00,318.6,CMP002
B003156,C03373,2025-12-06 12:00:00,202.48,CMP005
B003157,C03377,2025-04-02 12:00:00,267.72,
B003158,C03377,2025-04-09 19:00:00,232.99,CMP001
B003159,C03377,2025-05-25 04:00:00,465.48,
B003160,C03377,2025-06-01 13:00:00,369.81,
B003161,C03378,2025-02-25 05:00:00,454.43,CMP005
B003162,C03382,2025-03-28 06:00:00,259.34,CMP001
B003163,C03387,2025-09-18 13:00:00,318.71,CMP004
B003164,C03396,2025-05-10 19:00:00,205.39,CMP005
B003165,C03396,2025-05-17 23:00:00,280.75,CMP005
B003166,C03397,2025-03-27 07:00:00,100.0,CMP001
B003167,C03397,2025-05-26 16:00:00,452.92,CMP005
B003168,C03399,2025-03-13 04:00:00,398.65,CMP004
B003169,C03402,2025-08-14 14:00:00,213.77,CMP002
B003170,C03403,2025-02-09 18:00:00,427.6,CMP004
B003171,C03403,2025-05-10 20:00:00,194.1,CMP001
B003172,C03403,2025-07-10 04:00:00,1318.06,CMP003
B003173,C03404,2025-04-17 16:00:00,1446.95,CMP004
B003174,C03407,2025-04-10 07:00:00,371.62,
B003175,C03407,2025-06-09 16:00:00,311.17,CMP003
B003176,C03407,2025-06-23 18:00:00,155.79,CMP001
B003177,C03408,2025-05-13 08:00:00,197.61,CMP004
B003178,C03408,2025-07-12 16:00:00,507.99,CMP002
B003179,C03408,2025-07-19 19:00:00,304.18,CMP002
B003180,C03412,2025-05-29 09:00:00,310.11,CMP004
B003181,C03412,2025-06-19 21:00:00,244.98,CMP001
B003182,C03414,2025-08-23 17:00:00,303.63,CMP003
B003183,C03420,2025-07-14 18:00:00,177.42,
B003184,C03421,2025-09-01 02:00:00,738.88,CMP001
B003185,C03421,2025-10-16 04:00:00,165.78,CMP004
B003186,C03424,2025-09-14 14:00:00,433.0,CMP002
B003187,C03424,2025-09-28 17:00:00,189.51,CMP004
B003188,C03424,2025-10-06 04:00:00,132.49,CMP003
B003189,C03426,2025-07-17 06:00:00,461.03,CMP008
B003190,C03428,2025-06-02 19:00:00,184.31,CMP001
B003191,C03428,2025-06-10 00:00:00,382.33,CMP001
B003192,C03429,2025-04-02 18:00:00,231.45,CMP002
B003193,C03432,2025-08-19 02:00:00,263.74,CMP005
B003194,C03437,2025-02-28 17:00:00,236.7,CMP001
B003195,C03437,2025-05-30 01:00:00,2207.07,
B003196,C03437,2025-06-29 13:00:00,440.68,CMP002
B003197,C03439,2025-10-30 14:00:00,120.74,CMP001
B003198,C03442,2025-08-02 11:00:00,509.37,CMP002
B003199,C03444,2025-11-21 02:00:00,208.57,CMP001
B003200,C03445,2025-06-30 03:00:00,514.64,CMP004
B003201,C03446,2025-06-29 08:00:00,715.8,CMP002
B003202,C03447,2025-06-05 08:00:00,253.66,CMP001
B003203,C03447,2025-06-26 15:00:00,302.6,CMP001
B003204,C03447,2025-07-17 23:00:00,248.64,CMP003
B003205,C03447,2025-09-01 05:00:00,374.15,CMP005
B003206,C03449,2025-02-22 17:00:00,216.9,CMP002
B003207,C03449,2025-04-24 02:00:00,527.67,CMP004
B003208,C03449,2025-05-15 07:00:00,332.31,CMP001
B003209,C03453,2025-06-13 07:00:00,247.02,CMP002
B003210,C03456,2025-04-13 09:00:00,235.21,CMP002
B003211,C03460,2025-06-04 13:00:00,297.64,CMP003
B003212,C03462,2025-06-30 20:00:00,607.8,CMP002
B003213,C03462,2025-07-30 22:00:00,265.85,CMP002
B003214,C03462,2025-10-29 01:00:00,637.12,
B003215,C03463,2025-04-12 07:00:00,295.53,CMP004
B003216,C03463,2025-04-26 14:00:00,598.83,CMP005
B003217,C03464,2025-10-11 17:00:00,436.33,CMP001
B003218,C03465,2025-10-15 01:00:00,336.94,CMP001
B003219,C03469,2025-05-06 19:00:00,100.0,CMP005
B003220,C03469,2025-08-05 03:00:00,100.0,
B003221,C03473,2025-06-10 08:00:00,164.66,CMP003
B003222,C03473,2025-06-24 19:00:00,283.95,CMP002
B003223,C03473,2025-07-15 22:00:00,253.59,CMP003
B003224,C03473,2025-08-15 04:00:00,272.94,CMP004
B003225,C03475,2025-11-23 10:00:00,308.07,CMP003
B003226,C03478,2025-03-04 03:00:00,523.92,CMP001
B003227,C03478,2025-06-02 04:00:00,504.33,CMP003
B003228,C03479,2025-11-06 16:00:00,100.0,CMP001
B003229,C03480,2025-01-27 02:00:00,324.11,CMP002
B003230,C03483,2025-11-16 14:00:00,367.96,CMP005
B003231,C03484,2025-11-14 03:00:00,267.29,CMP001
B003232,C03486,2025-03-09 10:00:00,422.56,CMP001
B003233,C03486,2025-04-08 22:00:00,366.73,CMP002
B003234,C03487,2025-09-06 08:00:00,657.57,CMP003
B003235,C03487,2025-09-27 14:00:00,100.0,CMP003
B003236,C03487,2025-10-27 23:00:00,100.0,CMP004
B003237,C03490,2025-07-15 01:00:00,248.23,CMP002
B003238,C03490,2025-08-29 10:00:00,106.53,CMP004
B003239,C03494,2025-09-10 19:00:00,199.17,CMP003
B003240,C03496,2025-08-06 04:00:00,318.61,CMP004
B003241,C03497,2025-09-26 18:00:00,362.36,CMP001
B003242,C03499,2025-09-06 10:00:00,311.02,CMP001
B003243,C03500,2025-08-16 13:00:00,113.42,CMP004
B003244,C03500,2025-08-30 21:00:00,761.66,CMP001
B003245,C03503,2025-08-18 20:00:00,376.37,CMP004
B003246,C03505,2025-03-26 06:00:00,167.87,CMP001
B003247,C03505,2025-06-24 18:00:00,100.0,
B003248,C03506,2025-10-16 20:00:00,1142.43,CMP004
B003249,C03507,2025-10-14 11:00:00,180.34,
B003250,C03512,2025-09-08 05:00:00,100.0,
B003251,C03514,2025-04-16 03:00:00,387.97,CMP001
B003252,C03514,2025-07-15 04:00:00,218.3,CMP001
B003253,C03515,2025-08-22 15:00:00,290.02,CMP003
B003254,C03517,2025-07-12 20:00:00,206.78,CMP002
B003255,C03519,2025-10-16 07:00:00,786.49,CMP003
B003256,C03521,2025-06-27 20:00:00,252.95,CMP001
B003257,C03521,2025-07-05 06:00:00,263.16,CMP003
B003258,C03525,2025-11-06 05:00:00,170.83,CMP001
B003259,C03527,2025-04-23 09:00:00,524.75,CMP003
B003260,C03529,2025-03-30 17:00:00,260.28,
B003261,C03532,2025-05-27 08:00:00,410.94,CMP003
B003262,C03533,2025-09-25 18:00:00,346.12,CMP002
B003263,C03534,2025-04-17 19:00:00,115.81,CMP001
B003264,C03535,2025-12-17 16:00:00,306.88,
B003265,C03535,2025-12-24 21:00:00,100.0,CMP002
B003266,C03536,2025-07-06 20:00:00,232.11,CMP003
B003267,C03536,2025-07-28 01:00:00,206.34,CMP003
B003268,C03538,2025-09-30 02:00:00,275.16,
B003269,C03539,2025-04-04 11:00:00,485.78,
B003270,C03540,2025-03-02 03:00:00,143.28,CMP004
B003271,C03543,2025-07-05 06:00:00,322.64,CMP002
B003272,C03544,2025-03-17 11:00:00,216.22,CMP002
B003273,C03544,2025-04-07 18:00:00,462.46,CMP004
B003274,C03545,2025-12-05 18:00:00,193.51,CMP004
B003275,C03547,2025-05-17 04:00:00,391.6,
B003276,C03548,2025-07-18 15:00:00,250.41,CMP001
B003277,C03548,2025-09-02 02:00:00,381.83,CMP002
B003278,C03548,2025-12-01 12:00:00,1135.9,CMP004
B003279,C03552,2025-11-29 08:00:00,416.52,CMP001
B003280,C03555,2025-10-08 06:00:00,202.66,CMP004
B003281,C03556,2025-05-19 17:00:00,253.12,CMP001
B003282,C03556,2025-06-02 21:00:00,486.57,CMP001
B003283,C03556,2025-09-01 06:00:00,100.0,
B003284,C03556,2025-10-01 09:00:00,100.0,CMP004
B003285,C03558,2025-05-10 10:00:00,163.25,CMP005
B003286,C03558,2025-05-31 20:00:00,294.27,CMP004
B003287,C03558,2025-06-22 00:00:00,254.3,CMP004
B003288,C03558,2025-09-20 04:00:00,377.82,
B003289,C03560,2025-10-12 04:00:00,393.42,CMP002
B003290,C03562,2025-03-10 18:00:00,911.46,CMP004
B003291,C03563,2025-04-01 06:00:00,859.56,CMP003
B003292,C03564,2025-04-17 06:00:00,463.64,CMP001
B003293,C03564,2025-07-16 17:00:00,524.01,CMP002
B003294,C03564,2025-08-06 21:00:00,538.63,CMP001
B003295,C03568,2025-11-27 12:00:00,245.78,CMP001
B003296,C03569,2025-08-09 02:00:00,186.48,CMP002
B003297,C03569,2025-08-16 08:00:00,166.51,CMP005
B003298,C03569,2025-09-06 10:00:00,160.59,CMP002
B003299,C03571,2025-04-29 05:00:00,273.86,CMP002
B003300,C03571,2025-07-28 07:00:00,366.82,CMP005
B003301,C03571,2025-08-27 19:00:00,973.83,CMP003
B003302,C03571,2025-11-25 23:00:00,463.38,
B003303,C03575,2025-04-11 11:00:00,190.41,CMP001
B003304,C03576,2025-03-25 05:00:00,200.42,CMP003
B003305,C03579,2025-02-18 13:00:00,127.6,CMP004
B003306,C03580,2025-10-01 01:00:00,150.54,CMP004
B003307,C03582,2025-05-21 16:00:00,1100.76,CMP003
B003308,C03583,2025-07-21 14:00:00,252.02,CMP003
B003309,C03584,2025-04-07 14:00:00,100.0,CMP003
B003310,C03584,2025-04-28 19:00:00,274.8,CMP005
B003311,C03584,2025-07-28 06:00:00,459.16,
B003312,C03586,2025-05-07 14:00:00,281.25,
B003313,C03586,2025-05-28 19:00:00,369.1,CMP002
B003314,C03586,2025-07-13 04:00:00,466.5,CMP001
B003315,C03586,2025-08-27 14:00:00,161.72,CMP004
B003316,C03589,2025-06-12 11:00:00,674.56,CMP002
B003317,C03590,2025-07-21 06:00:00,161.57,CMP001
B003318,C03590,2025-10-19 13:00:00,413.75,
B003319,C03590,2025-12-19 00:00:00,322.43,CMP003
B003320,C03591,2025-11-05 15:00:00,100.0,
B003321,C03592,2025-12-16 09:00:00,389.84,CMP003
B003322,C03593,2025-11-15 01:00:00,100.0,CMP003
B003323,C03593,2025-11-29 12:00:00,100.0,CMP002
B003324,C03594,2025-12-19 09:00:00,259.43,
B003325,C03595,2025-10-08 13:00:00,439.33,CMP002
B003326,C03595,2025-12-07 20:00:00,100.0,
B003327,C03596,2025-06-05 12:00:00,520.3,CMP003
B003328,C03597,2025-05-15 15:00:00,180.49,CMP004
B003329,C03598,2025-10-10 08:00:00,119.78,CMP001
B003330,C03600,2025-10-12 08:00:00,564.68,CMP004
B003331,C03600,2025-12-11 14:00:00,334.55,CMP003
B003332,C03601,2025-09-14 19:00:00,949.33,CMP004
B003333,C03602,2025-11-05 11:00:00,488.87,CMP002
B003334,C03604,2025-04-25 09:00:00,562.33,CMP003
B003335,C03606,2025-10-11 06:00:00,414.14,CMP003
B003336,C03608,2025-06-26 01:00:00,1184.91,CMP003
B003337,C03608,2025-09-24 13:00:00,238.49,CMP001
B003338,C03608,2025-11-23 20:00:00,192.35,
B003339,C03609,2025-03-29 12:00:00,476.55,CMP003
B003340,C03610,2025-11-01 08:00:00,389.34,CMP003
B003341,C03612,2025-01-29 19:00:00,372.6,CMP003
B003342,C03613,2025-10-21 17:00:00,310.95,CMP003
B003343,C03615,2025-07-21 15:00:00,311.74,
B003344,C03617,2025-08-04 19:00:00,240.46,CMP001
B003345,C03617,2025-11-03 04:00:00,177.95,
B003346,C03617,2025-11-17 05:00:00,371.91,CMP004
B003347,C03620,2025-10-05 12:00:00,426.43,CMP003
B003348,C03623,2025-04-04 10:00:00,178.19,CMP003
B003349,C03623,2025-06-03 22:00:00,112.24,CMP001
B003350,C03623,2025-06-25 04:00:00,487.09,CMP002
B003351,C03623,2025-07-16 15:00:00,641.64,CMP004
B003352,C03624,2025-10-02 07:00:00,686.73,CMP005
B003353,C03626,2025-09-01 17:00:00,264.37,CMP002
B003354,C03627,2025-12-28 11:00:00,100.0,
B003355,C03628,2025-05-16 05:00:00,135.9,CMP002
B003356,C03628,2025-07-15 08:00:00,128.39,
B003357,C03629,2025-04-22 15:00:00,122.88,
B003358,C03629,2025-05-14 00:00:00,197.32,CMP003
B003359,C03629,2025-05-28 05:00:00,362.62,CMP003
B003360,C03629,2025-08-26 10:00:00,105.68,
B003361,C03630,2025-12-18 04:00:00,327.0,CMP004
B003362,C03631,2025-09-05 20:00:00,170.21,CMP004
B003363,C03632,2025-08-24 20:00:00,531.32,CMP003
B003364,C03638,2025-10-08 20:00:00,471.44,CMP004
B003365,C03638,2025-10-23 03:00:00,100.0,CMP002
B003366,C03638,2025-11-22 10:00:00,383.55,CMP003
B003367,C03638,2025-11-29 11:00:00,290.18,CMP001
B003368,C03639,2025-04-15 06:00:00,267.81,CMP003
B003369,C03640,2025-04-17 01:00:00,315.62,CMP005
B003370,C03640,2025-06-16 05:00:00,398.09,CMP001
B003371,C03641,2025-09-29 06:00:00,323.89,CMP004
B003372,C03641,2025-12-28 14:00:00,100.0,
B003373,C03644,2025-03-20 09:00:00,149.72,CMP001
B003374,C03644,2025-04-03 18:00:00,503.18,CMP001
B003375,C03644,2025-05-04 02:00:00,188.4,CMP004
B003376,C03644,2025-05-25 09:00:00,493.81,CMP002
B003377,C03645,2025-10-07 16:00:00,149.59,CMP002
B003378,C03646,2025-04-12 14:00:00,258.95,CMP003
B003379,C03646,2025-05-12 22:00:00,393.99,CMP003
B003380,C03646,2025-05-27 00:00:00,164.56,CMP005
B003381,C03647,2025-12-23 02:00:00,236.21,CMP001
B003382,C03648,2025-06-13 17:00:00,419.35,CMP005
B003383,C03649,2025-04-18 18:00:00,732.65,CMP003
B003384,C03651,2025-10-16 02:00:00,921.37,CMP001
B003385,C03655,2025-10-28 15:00:00,481.51,CMP001
B003386,C03656,2025-02-14 18:00:00,389.69,CMP002
B003387,C03656,2025-03-08 02:00:00,741.46,CMP003
B003388,C03656,2025-06-06 14:00:00,130.9,CMP002
B003389,C03656,2025-09-05 02:00:00,183.48,
B003390,C03657,2025-03-26 16:00:00,380.92,CMP005
B003391,C03657,2025-05-11 02:00:00,484.04,
B003392,C03657,2025-08-09 10:00:00,320.83,
B003393,C03657,2025-11-07 17:00:00,229.46,CMP003
B003394,C03658,2025-07-22 01:00:00,100.0,
B003395,C03658,2025-08-05 06:00:00,393.04,CMP003
B003396,C03661,2025-12-12 15:00:00,283.49,CMP004
B003397,C03662,2025-07-04 07:00:00,1413.88,CMP001
B003398,C03662,2025-08-03 12:00:00,426.23,CMP003
B003399,C03662,2025-09-02 16:00:00,313.91,CMP004
B003400,C03663,2025-04-08 16:00:00,473.09,CMP004
B003401,C03664,2025-03-29 02:00:00,301.43,CMP001
B003402,C03664,2025-06-27 05:00:00,1388.44,
B003403,C03664,2025-08-11 06:00:00,1048.0,CMP001
B003404,C03664,2025-09-01 15:00:00,456.01,CMP004
B003405,C03667,2025-10-20 17:00:00,256.96,CMP004
B003406,C03670,2025-04-17 08:00:00,746.0,CMP002
B003407,C03671,2025-08-26 05:00:00,143.15,CMP003
B003408,C03672,2025-11-12 01:00:00,614.6,CMP004
B003409,C03673,2025-12-31 15:00:00,160.53,CMP004
B003410,C03674,2025-07-02 07:00:00,582.42,CMP001
B003411,C03674,2025-07-09 08:00:00,283.19,CMP002
B003412,C03674,2025-08-08 17:00:00,225.59,CMP005
B003413,C03676,2025-04-09 10:00:00,128.51,CMP002
B003414,C03676,2025-04-23 16:00:00,247.87,CMP004
B003415,C03676,2025-05-08 03:00:00,100.0,CMP003
B003416,C03677,2025-07-16 11:00:00,162.84,CMP004
B003417,C03677,2025-08-30 21:00:00,842.72,
B003418,C03677,2025-09-30 09:00:00,275.99,CMP001
B003419,C03680,2025-03-21 03:00:00,100.0,CMP003
B003420,C03683,2025-05-28 06:00:00,584.37,CMP003
B003421,C03683,2025-06-04 08:00:00,115.47,CMP003
B003422,C03684,2025-07-25 12:00:00,794.66,CMP003
B003423,C03690,2025-12-03 13:00:00,596.16,
B003424,C03690,2025-12-17 16:00:00,123.73,
B003425,C03691,2025-08-20 11:00:00,453.76,CMP001
B003426,C03694,2025-09-02 03:00:00,450.73,CMP003
B003427,C03696,2025-10-28 08:00:00,100.0,CMP004
B003428,C03698,2025-10-14 05:00:00,910.87,CMP005
B003429,C03701,2025-10-05 17:00:00,456.8,CMP001
B003430,C03701,2025-12-04 21:00:00,317.48,
B003431,C03701,2025-12-12 08:00:00,308.97,CMP001
B003432,C03701,2025-12-26 13:00:00,465.3,CMP005
B003433,C03702,2025-12-19 14:00:00,330.13,CMP003
B003434,C03703,2025-03-15 20:00:00,540.48,
B003435,C03704,2025-10-27 16:00:00,121.34,CMP004
B003436,C03704,2025-11-26 23:00:00,294.57,CMP002
B003437,C03705,2025-05-24 20:00:00,242.95,CMP001
B003438,C03706,2025-12-05 07:00:00,127.63,CMP002
B003439,C03708,2025-03-29 16:00:00,432.98,CMP001
B003440,C03710,2025-07-20 04:00:00,268.68,CMP003
B003441,C03711,2025-12-01 02:00:00,329.2,CMP001
B003442,C03713,2025-07-28 05:00:00,143.62,CMP001
B003443,C03714,2025-12-13 06:00:00,244.61,
B003444,C03718,2025-08-26 13:00:00,720.21,CMP003
B003445,C03718,2025-11-25 01:00:00,282.93,
B003446,C03718,2025-12-09 04:00:00,100.0,CMP004
B003447,C03719,2025-10-23 17:00:00,104.11,CMP004
B003448,C03720,2025-11-14 12:00:00,196.84,CMP002
B003449,C03721,2025-02-06 09:00:00,351.97,CMP002
B003450,C03721,2025-04-07 15:00:00,548.98,CMP002
B003451,C03721,2025-06-06 21:00:00,290.21,CMP005
B003452,C03722,2025-10-28 17:00:00,223.45,CMP001
B003453,C03722,2025-12-27 21:00:00,136.83,
B003454,C03726,2025-12-22 20:00:00,223.73,CMP004
B003455,C03727,2025-12-11 05:00:00,554.75,CMP004
B003456,C03728,2025-09-29 07:00:00,197.38,
B003457,C03730,2025-05-09 14:00:00,164.94,CMP003
B003458,C03733,2025-09-28 19:00:00,357.66,CMP001
B003459,C03733,2025-10-06 00:00:00,428.42,CMP001
B003460,C03734,2025-03-17 03:00:00,692.4,CMP004
B003461,C03734,2025-05-01 14:00:00,100.0,
B003462,C03737,2025-06-21 09:00:00,613.3,CMP001
B003463,C03739,2025-03-15 15:00:00,289.32,CMP001
B003464,C03741,2025-07-16 04:00:00,633.86,CMP002
B003465,C03741,2025-08-30 10:00:00,395.93,CMP004
B003466,C03741,2025-09-29 20:00:00,550.94,CMP001
B003467,C03743,2025-09-14 01:00:00,357.91,CMP004
B003468,C03744,2025-03-18 18:00:00,339.08,CMP004
B003469,C03745,2025-07-02 02:00:00,516.39,CMP004
B003470,C03746,2025-06-27 20:00:00,462.38,CMP002
B003471,C03746,2025-08-27 01:00:00,182.96,
B003472,C03747,2025-06-07 14:00:00,424.44,CMP003
B003473,C03747,2025-06-21 23:00:00,327.3,CMP002
B003474,C03747,2025-07-22 02:00:00,327.38,CMP001
B003475,C03752,2025-03-24 18:00:00,302.74,CMP001
B003476,C03752,2025-04-07 19:00:00,282.06,CMP001
B003477,C03753,2025-07-04 17:00:00,608.52,CMP004
B003478,C03754,2025-09-23 05:00:00,158.83,
B003479,C03756,2025-03-31 06:00:00,553.67,CMP002
B003480,C03756,2025-05-30 16:00:00,154.69,
B003481,C03756,2025-06-29 19:00:00,165.56,CMP002
B003482,C03757,2025-05-03 03:00:00,281.8,CMP002
B003483,C03757,2025-07-02 06:00:00,1003.56,
B003484,C03757,2025-07-23 09:00:00,405.85,CMP004
B003485,C03759,2025-04-13 08:00:00,230.58,
B003486,C03759,2025-05-13 12:00:00,399.38,CMP005
B003487,C03759,2025-07-12 21:00:00,286.87,
B003488,C03760,2025-12-10 11:00:00,249.11,CMP001
B003489,C03763,2025-04-19 05:00:00,985.4,CMP004
B003490,C03764,2025-07-02 12:00:00,216.87,CMP004
B003491,C03766,2025-05-30 15:00:00,469.71,CMP005
B003492,C03767,2025-05-31 08:00:00,138.79,CMP003
B003493,C03768,2025-05-18 17:00:00,441.63,
B003494,C03771,2025-03-04 03:00:00,360.07,CMP002
B003495,C03772,2025-08-07 18:00:00,293.96,CMP004
B003496,C03773,2025-04-19 05:00:00,332.35,
B003497,C03775,2025-06-29 19:00:00,476.98,
B003498,C03776,2025-05-14 20:00:00,201.37,
B003499,C03776,2025-06-29 02:00:00,353.63,CMP001
B003500,C03776,2025-07-06 05:00:00,249.12,CMP002
B003501,C03776,2025-08-20 15:00:00,575.31,CMP003
B003502,C03777,2025-08-05 09:00:00,788.65,CMP001
B003503,C03777,2025-08-19 18:00:00,100.0,CMP005
B003504,C03777,2025-09-10 03:00:00,430.44,CMP005
B003505,C03779,2025-11-30 02:00:00,734.53,CMP001
B003506,C03785,2025-07-23 14:00:00,308.29,CMP001
B003507,C03787,2025-07-01 01:00:00,859.49,CMP003
B003508,C03788,2025-07-26 02:00:00,361.23,CMP002
B003509,C03788,2025-08-16 10:00:00,431.12,CMP005
B003510,C03789,2025-08-15 07:00:00,808.88,CMP004
B003511,C03789,2025-10-14 10:00:00,472.82,
B003512,C03789,2025-11-04 16:00:00,273.27,CMP002
B003513,C03790,2025-07-01 18:00:00,100.0,CMP002
B003514,C03791,2025-06-23 01:00:00,362.26,CMP003
B003515,C03792,2025-04-24 05:00:00,218.95,CMP002
B003516,C03792,2025-06-08 16:00:00,633.32,CMP003
B003517,C03795,2025-03-09 02:00:00,199.52,CMP003
B003518,C03795,2025-03-16 09:00:00,665.94,CMP002
B003519,C03795,2025-03-30 14:00:00,804.61,CMP005
B003520,C03797,2025-09-19 20:00:00,281.93,CMP005
B003521,C03798,2025-08-17 10:00:00,320.74,CMP002
B003522,C03800,2025-03-29 13:00:00,168.73,CMP002
B003523,C03802,2025-02-11 20:00:00,487.76,CMP001
B003524,C03805,2025-10-08 15:00:00,117.32,CMP002
B003525,C03807,2025-04-17 17:00:00,185.09,CMP005
B003526,C03808,2025-12-22 19:00:00,287.27,CMP003
B003527,C03810,2025-06-28 07:00:00,558.79,CMP004
B003528,C03812,2025-06-12 12:00:00,440.89,CMP008
B003529,C03815,2025-07-22 14:00:00,880.77,CMP001
B003530,C03815,2025-09-05 20:00:00,445.45,
B003531,C03815,2025-10-21 04:00:00,324.39,CMP001
B003532,C03816,2025-04-18 16:00:00,140.07,CMP002
B003533,C03816,2025-05-09 23:00:00,379.39,CMP002
B003534,C03816,2025-05-24 03:00:00,158.91,CMP003
B003535,C03820,2025-07-31 17:00:00,192.94,CMP003
B003536,C03820,2025-08-21 19:00:00,406.16,CMP001
B003537,C03820,2025-08-29 01:00:00,404.22,CMP002
B003538,C03820,2025-11-27 05:00:00,288.79,CMP004
B003539,C03821,2025-08-10 04:00:00,681.23,CMP004
B003540,C03822,2025-12-03 13:00:00,367.31,CMP003
B003541,C03823,2025-02-16 12:00:00,389.6,CMP004
B003542,C03823,2025-04-02 17:00:00,123.65,
B003543,C03823,2025-04-10 04:00:00,376.74,CMP003
B003544,C03823,2025-05-25 15:00:00,689.26,CMP002
B003545,C03829,2025-09-29 13:00:00,221.02,CMP001
B003546,C03829,2025-10-20 17:00:00,135.27,CMP003
B003547,C03833,2025-11-12 01:00:00,699.25,CMP003
B003548,C03833,2025-12-27 04:00:00,176.29,CMP001
B003549,C03834,2025-09-27 09:00:00,586.98,
B003550,C03837,2025-06-17 17:00:00,313.25,CMP001
B003551,C03838,2025-10-20 14:00:00,100.0,CMP001
B003552,C03839,2025-08-21 17:00:00,769.79,CMP004
B003553,C03841,2025-06-25 10:00:00,640.8,CMP001
B003554,C03842,2025-05-27 02:00:00,315.62,CMP005
B003555,C03844,2025-02-17 11:00:00,1130.87,CMP004
B003556,C03844,2025-04-18 12:00:00,351.0,
B003557,C03844,2025-05-09 16:00:00,368.8,CMP001
B003558,C03844,2025-06-08 17:00:00,185.6,CMP002
B003559,C03845,2025-06-22 10:00:00,400.34,CMP002
B003560,C03846,2025-09-22 19:00:00,188.83,CMP001
B003561,C03846,2025-12-21 21:00:00,390.7,CMP003
B003562,C03846,2025-12-29 01:00:00,101.77,CMP003
B003563,C03847,2025-07-29 04:00:00,835.61,CMP003
B003564,C03847,2025-08-12 10:00:00,340.76,CMP005
B003565,C03847,2025-08-26 22:00:00,100.0,CMP002
B003566,C03848,2025-12-25 19:00:00,404.59,CMP004
B003567,C03850,2025-07-25 02:00:00,105.52,CMP005
B003568,C03850,2025-08-01 04:00:00,571.58,CMP003
B003569,C03850,2025-10-30 08:00:00,226.62,
B003570,C03851,2025-08-11 05:00:00,297.4,CMP002
B003571,C03854,2025-03-10 04:00:00,268.37,CMP004
B003572,C03855,2025-02-05 05:00:00,307.88,CMP002
B003573,C03856,2025-06-01 01:00:00,142.98,CMP001
B003574,C03857,2025-07-25 07:00:00,107.99,CMP001
B003575,C03859,2025-11-10 06:00:00,100.0,CMP004
B003576,C03860,2025-02-25 09:00:00,134.75,CMP003
B003577,C03861,2025-10-30 18:00:00,429.36,CMP004
B003578,C03862,2025-06-20 04:00:00,170.42,CMP002
B003579,C03862,2025-06-27 09:00:00,187.21,CMP004
B003580,C03862,2025-09-25 11:00:00,275.88,
B003581,C03865,2025-05-21 13:00:00,628.79,CMP003
B003582,C03866,2025-10-08 10:00:00,313.66,CMP003
B003583,C03867,2025-08-09 05:00:00,174.62,CMP002
B003584,C03867,2025-08-23 08:00:00,127.39,CMP001
B003585,C03868,2025-03-23 08:00:00,217.13,CMP002
B003586,C03868,2025-05-07 11:00:00,246.39,CMP001
B003587,C03870,2025-04-07 02:00:00,301.15,CMP002
B003588,C03872,2025-04-06 14:00:00,610.53,CMP001
B003589,C03873,2025-07-12 08:00:00,182.3,
B003590,C03874,2025-09-07 13:00:00,188.5,CMP003
B003591,C03875,2025-05-26 17:00:00,589.5,CMP002
B003592,C03875,2025-06-10 03:00:00,339.28,CMP008
B003593,C03875,2025-07-25 10:00:00,327.99,
B003594,C03875,2025-10-23 16:00:00,479.13,CMP004
B003595,C03876,2025-07-14 07:00:00,502.46,
B003596,C03876,2025-07-28 14:00:00,254.37,CMP004
B003597,C03877,2025-08-19 11:00:00,163.03,CMP004
B003598,C03877,2025-09-09 17:00:00,322.21,CMP001
B003599,C03877,2025-11-09 05:00:00,127.27,CMP004
B003600,C03884,2025-05-18 16:00:00,396.82,CMP004
B003601,C03885,2025-05-31 10:00:00,185.94,CMP004
B003602,C03887,2025-09-19 02:00:00,208.0,
B003603,C03889,2025-11-27 04:00:00,626.95,
B003604,C03890,2025-11-03 08:00:00,251.16,CMP001
B003605,C03890,2025-12-18 10:00:00,1258.57,CMP001
B003606,C03891,2025-03-29 10:00:00,317.2,CMP003
B003607,C03893,2025-06-15 06:00:00,360.32,CMP004
B003608,C03893,2025-09-13 08:00:00,121.02,
B003609,C03895,2025-07-06 10:00:00,591.59,CMP003
B003610,C03895,2025-07-20 15:00:00,409.46,CMP002
B003611,C03896,2025-12-28 01:00:00,100.0,CMP002
B003612,C03897,2025-11-02 01:00:00,321.93,CMP005
B003613,C03897,2025-12-17 12:00:00,387.99,
B003614,C03898,2025-01-25 11:00:00,100.0,CMP002
B003615,C03900,2025-03-24 04:00:00,408.08,CMP002
B003616,C03900,2025-04-07 07:00:00,118.13,CMP002
B003617,C03900,2025-05-22 12:00:00,244.53,CMP004
B003618,C03901,2025-10-14 10:00:00,363.7,CMP001
B003619,C03902,2025-07-18 07:00:00,100.0,CMP002
B003620,C03902,2025-07-25 16:00:00,113.54,CMP002
B003621,C03902,2025-08-02 02:00:00,154.48,CMP001
B003622,C03902,2025-08-16 09:00:00,113.94,CMP003
B003623,C03905,2025-11-27 14:00:00,264.62,CMP004
B003624,C03905,2025-12-27 16:00:00,252.86,CMP001
B003625,C03906,2025-03-30 06:00:00,343.1,CMP004
B003626,C03907,2025-05-08 18:00:00,393.62,
B003627,C03907,2025-08-07 02:00:00,100.0,CMP001
B003628,C03907,2025-08-21 14:00:00,175.57,CMP001
B003629,C03907,2025-09-05 00:00:00,187.57,CMP001
B003630,C03909,2025-12-21 17:00:00,488.66,CMP001
B003631,C03911,2025-11-20 17:00:00,617.31,CMP003
B003632,C03913,2025-12-19 07:00:00,232.84,CMP003
B003633,C03913,2025-12-26 17:00:00,528.08,CMP003
B003634,C03914,2025-10-12 04:00:00,171.88,CMP002
B003635,C03917,2025-06-11 06:00:00,336.67,CMP002
B003636,C03919,2025-11-08 15:00:00,450.07,CMP003
B003637,C03920,2025-08-05 19:00:00,418.94,CMP001
B003638,C03920,2025-08-27 02:00:00,349.41,CMP003
B003639,C03920,2025-10-26 10:00:00,204.04,
B003640,C03920,2025-11-09 16:00:00,409.13,CMP003
B003641,C03921,2025-05-31 17:00:00,252.99,CMP004
B003642,C03921,2025-07-15 23:00:00,423.55,CMP001
B003643,C03922,2025-08-01 11:00:00,369.35,CMP004
B003644,C03922,2025-09-15 19:00:00,236.01,CMP001
B003645,C03922,2025-10-31 07:00:00,690.12,CMP002
B003646,C03922,2025-11-30 10:00:00,100.0,CMP003
B003647,C03927,2025-08-17 16:00:00,115.02,CMP001
B003648,C03927,2025-08-25 01:00:00,203.56,CMP004
B003649,C03932,2025-10-14 12:00:00,112.94,CMP003
B003650,C03932,2025-11-04 21:00:00,192.31,CMP004
B003651,C03935,2025-02-25 18:00:00,383.23,CMP002
B003652,C03935,2025-03-12 05:00:00,599.6,CMP001
B003653,C03935,2025-06-10 16:00:00,899.76,
B003654,C03936,2025-08-07 09:00:00,100.0,CMP001
B003655,C03937,2025-09-09 14:00:00,178.49,CMP001
B003656,C03937,2025-09-16 17:00:00,258.42,CMP001
B003657,C03937,2025-10-17 04:00:00,310.61,CMP004
B003658,C03939,2025-08-06 09:00:00,333.4,
B003659,C03940,2025-12-22 08:00:00,178.26,CMP005
B003660,C03942,2025-11-05 07:00:00,268.61,CMP005
B003661,C03943,2025-12-19 05:00:00,222.87,CMP003
B003662,C03944,2025-06-08 07:00:00,288.1,CMP001
B003663,C03945,2025-03-06 07:00:00,847.16,CMP001
B003664,C03945,2025-05-05 08:00:00,1037.02,CMP004
B003665,C03945,2025-05-26 12:00:00,419.52,CMP001
B003666,C03945,2025-06-16 15:00:00,952.21,CMP001
B003667,C03946,2025-10-16 15:00:00,174.21,CMP004
B003668,C03946,2025-10-23 22:00:00,248.65,CMP004
B003669,C03946,2025-11-23 03:00:00,182.59,CMP002
B003670,C03947,2025-04-23 08:00:00,487.7,CMP005
B003671,C03948,2025-06-15 02:00:00,787.14,CMP004
B003672,C03952,2025-10-05 10:00:00,306.95,CMP003
B003673,C03952,2025-11-04 20:00:00,278.84,CMP003
B003674,C03953,2025-09-23 01:00:00,238.77,CMP004
B003675,C03955,2025-12-09 03:00:00,1130.69,CMP003
B003676,C03956,2025-08-13 06:00:00,335.1,CMP005
B003677,C03958,2025-02-11 10:00:00,152.53,CMP001
B003678,C03959,2025-12-20 03:00:00,1022.54,CMP001
B003679,C03960,2025-04-24 03:00:00,133.6,CMP001
B003680,C03961,2025-02-13 03:00:00,217.81,CMP001
B003681,C03961,2025-03-15 12:00:00,214.04,CMP004
B003682,C03965,2025-07-13 12:00:00,374.07,
B003683,C03965,2025-08-03 21:00:00,238.4,CMP003
B003684,C03965,2025-08-18 05:00:00,272.69,CMP003
B003685,C03967,2025-03-10 08:00:00,314.27,CMP002
B003686,C03967,2025-03-31 10:00:00,173.87,CMP002
B003687,C03969,2025-12-24 09:00:00,178.22,CMP004
B003688,C03970,2025-10-15 02:00:00,213.04,CMP003
B003689,C03975,2025-12-08 11:00:00,463.83,CMP001
B003690,C03976,2025-07-02 12:00:00,514.92,CMP003
B003691,C03977,2025-11-19 15:00:00,100.0,
B003692,C03980,2025-06-30 01:00:00,329.19,CMP001
B003693,C03982,2025-04-22 20:00:00,245.71,CMP005
B003694,C03982,2025-05-14 00:00:00,538.22,CMP004
B003695,C03984,2025-03-09 20:00:00,438.94,
B003696,C03984,2025-06-08 06:00:00,408.68,
B003697,C03984,2025-06-15 07:00:00,729.84,CMP001
B003698,C03984,2025-07-30 09:00:00,100.0,CMP003
B003699,C03986,2025-05-18 19:00:00,100.0,CMP001
B003700,C03986,2025-08-17 06:00:00,143.51,
B003701,C03986,2025-11-15 11:00:00,441.83,CMP004
B003702,C03986,2025-12-30 16:00:00,593.16,CMP004
B003703,C03988,2025-11-24 11:00:00,454.96,CMP003
B003704,C03988,2025-12-24 16:00:00,407.48,CMP005
B003705,C03989,2025-07-21 20:00:00,791.64,
B003706,C03989,2025-07-28 21:00:00,107.72,CMP001
B003707,C03989,2025-08-12 09:00:00,490.25,CMP001
B003708,C03991,2025-01-31 01:00:00,502.0,CMP004
B003709,C03991,2025-03-02 11:00:00,315.81,CMP001
B003710,C03991,2025-04-01 19:00:00,301.44,CMP004
B003711,C03993,2025-08-23 17:00:00,382.36,CMP001
B003712,C03994,2025-10-08 20:00:00,726.69,CMP001
B003713,C03994,2025-10-16 08:00:00,2019.3,CMP005
B003714,C03996,2025-05-03 04:00:00,819.21,CMP003
B003715,C03998,2025-01-15 18:00:00,185.92,
B003716,C03998,2025-02-15 01:00:00,351.43,CMP001
B003717,C03999,2025-09-14 05:00:00,672.94,CMP002
B003718,C04000,2025-10-12 13:00:00,663.9,CMP001
B003719,C04002,2025-07-12 14:00:00,136.68,CMP002
B003720,C04003,2025-09-08 01:00:00,415.59,CMP005
B003721,C04004,2025-12-18 16:00:00,236.25,CMP004
B003722,C04006,2025-11-02 17:00:00,131.36,CMP004
B003723,C04006,2025-11-16 21:00:00,714.66,CMP002
B003724,C04007,2025-02-10 13:00:00,243.72,CMP003
B003725,C04007,2025-03-12 20:00:00,212.08,CMP005
B003726,C04007,2025-03-20 07:00:00,316.21,CMP003
B003727,C04008,2025-09-21 20:00:00,797.11,
B003728,C04009,2025-11-09 12:00:00,237.99,CMP004
B003729,C04009,2025-12-25 00:00:00,231.92,CMP004
B003730,C04010,2025-12-21 07:00:00,257.01,CMP001
B003731,C04013,2025-07-15 20:00:00,339.71,CMP004
B003732,C04013,2025-08-14 22:00:00,437.57,CMP003
B003733,C04013,2025-09-29 00:00:00,390.65,CMP004
B003734,C04013,2025-10-29 08:00:00,318.15,CMP001
B003735,C04014,2025-09-03 05:00:00,258.0,
B003736,C04022,2025-08-02 16:00:00,268.3,CMP003
B003737,C04024,2025-07-12 02:00:00,100.0,CMP002
B003738,C04025,2025-04-21 07:00:00,401.96,CMP005
B003739,C04026,2025-07-23 15:00:00,344.52,
B003740,C04028,2025-03-30 18:00:00,100.0,CMP002
B003741,C04028,2025-05-14 19:00:00,158.41,CMP004
B003742,C04028,2025-06-29 02:00:00,270.19,
B003743,C04028,2025-07-29 10:00:00,468.42,CMP002
B003744,C04032,2025-04-29 11:00:00,130.48,CMP002
B003745,C04033,2025-02-17 10:00:00,296.44,CMP001
B003746,C04034,2025-05-24 15:00:00,370.4,CMP003
B003747,C04034,2025-07-23 16:00:00,147.12,CMP003
B003748,C04037,2025-02-09 04:00:00,179.5,CMP004
B003749,C04038,2025-04-28 13:00:00,111.15,CMP004
B003750,C04038,2025-05-29 01:00:00,335.9,CMP001
B003751,C04039,2025-04-01 04:00:00,612.07,CMP001
B003752,C04042,2025-03-08 01:00:00,298.14,CMP002
B003753,C04048,2025-03-22 20:00:00,156.17,CMP001
B003754,C04048,2025-05-07 01:00:00,756.72,CMP002
B003755,C04048,2025-06-06 13:00:00,100.0,
B003756,C04050,2025-03-30 15:00:00,132.89,CMP002
B003757,C04051,2025-03-20 02:00:00,164.65,CMP005
B003758,C04054,2025-05-15 06:00:00,310.17,CMP003
B003759,C04056,2025-11-09 11:00:00,790.25,CMP002
B003760,C04057,2025-04-05 11:00:00,229.39,CMP003
B003761,C04060,2025-05-07 20:00:00,333.1,CMP004
B003762,C04060,2025-05-22 07:00:00,100.0,CMP002
B003763,C04060,2025-05-29 16:00:00,153.68,CMP002
B003764,C04061,2025-09-12 15:00:00,188.04,CMP002
B003765,C04061,2025-10-03 20:00:00,107.88,CMP001
B003766,C04062,2025-02-23 15:00:00,616.44,CMP001
B003767,C04062,2025-04-25 02:00:00,144.27,
B003768,C04062,2025-05-16 06:00:00,535.04,CMP005
B003769,C04062,2025-06-06 14:00:00,256.43,CMP005
B003770,C04063,2025-10-10 07:00:00,368.43,CMP002
B003771,C04064,2025-10-29 01:00:00,400.17,CMP004
B003772,C04066,2025-09-27 11:00:00,185.01,CMP004
B003773,C04066,2025-10-27 23:00:00,595.7,CMP004
B003774,C04066,2025-12-27 00:00:00,267.34,CMP005
B003775,C04068,2025-11-03 17:00:00,585.9,
B003776,C04068,2025-11-18 05:00:00,232.4,
B003777,C04069,2025-06-21 19:00:00,138.42,CMP002
B003778,C04070,2025-09-24 10:00:00,579.18,
B003779,C04070,2025-10-01 22:00:00,148.34,CMP004
B003780,C04071,2025-08-30 07:00:00,410.56,CMP001
B003781,C04072,2025-10-15 13:00:00,336.01,CMP003
B003782,C04072,2025-10-22 18:00:00,183.22,CMP001
B003783,C04072,2025-10-29 21:00:00,363.81,CMP002
B003784,C04072,2025-11-20 01:00:00,134.94,CMP002
B003785,C04073,2025-07-16 12:00:00,375.15,CMP003
B003786,C04073,2025-08-15 13:00:00,272.01,CMP005
B003787,C04075,2025-01-19 20:00:00,145.46,CMP004
B003788,C04076,2025-11-12 16:00:00,413.72,CMP002
B003789,C04076,2025-11-19 22:00:00,364.22,CMP003
B003790,C04076,2025-12-04 03:00:00,343.48,CMP003
B003791,C04078,2025-08-17 12:00:00,226.61,CMP003
B003792,C04082,2025-04-07 16:00:00,322.18,CMP003
B003793,C04082,2025-06-07 00:00:00,785.92,CMP003
B003794,C04085,2025-07-07 10:00:00,182.53,CMP005
B003795,C04089,2025-02-22 02:00:00,267.59,CMP001
B003796,C04090,2025-11-02 11:00:00,246.74,CMP003
B003797,C04091,2025-04-05 11:00:00,246.77,CMP001
B003798,C04091,2025-06-04 22:00:00,608.31,
B003799,C04091,2025-06-12 09:00:00,203.84,CMP003
B003800,C04093,2025-11-30 03:00:00,1200.54,CMP002
B003801,C04093,2025-12-14 13:00:00,210.36,CMP003
B003802,C04093,2025-12-22 00:00:00,864.09,CMP002
B003803,C04097,2025-05-15 10:00:00,315.79,CMP002
B003804,C04099,2025-07-31 06:00:00,591.94,CMP003
B003805,C04100,2025-04-13 16:00:00,100.0,CMP001
B003806,C04100,2025-04-20 21:00:00,588.89,CMP004
B003807,C04100,2025-04-28 05:00:00,670.68,CMP003
B003808,C04100,2025-06-12 12:00:00,345.91,CMP003
B003809,C04102,2025-04-08 17:00:00,403.84,CMP001
B003810,C04103,2025-06-24 15:00:00,317.5,CMP005
B003811,C04107,2025-06-10 16:00:00,288.41,CMP004
B003812,C04107,2025-06-17 19:00:00,288.1,CMP001
B003813,C04107,2025-07-08 21:00:00,655.19,CMP005
B003814,C04107,2025-09-06 22:00:00,581.53,CMP002
B003815,C04110,2025-03-05 12:00:00,760.94,CMP002
B003816,C04110,2025-04-04 18:00:00,189.07,CMP005
B003817,C04114,2025-09-18 16:00:00,247.78,CMP004
B003818,C04114,2025-10-09 21:00:00,108.58,CMP002
B003819,C04114,2025-10-17 01:00:00,631.66,CMP004
B003820,C04114,2025-12-01 11:00:00,179.05,CMP001
B003821,C04115,2025-02-18 12:00:00,217.67,CMP001
B003822,C04116,2025-06-17 06:00:00,349.16,CMP008
B003823,C04116,2025-07-08 11:00:00,699.86,CMP001
B003824,C04116,2025-08-07 17:00:00,303.86,CMP001
B003825,C04117,2025-11-13 20:00:00,647.98,CMP004
B003826,C04119,2025-11-12 18:00:00,482.76,CMP003
B003827,C04123,2025-05-24 15:00:00,304.62,CMP004
B003828,C04123,2025-07-23 18:00:00,699.01,CMP002
B003829,C04123,2025-07-31 00:00:00,557.05,CMP002
B003830,C04123,2025-08-21 11:00:00,209.89,CMP004
B003831,C04124,2025-11-07 15:00:00,536.39,
B003832,C04124,2025-11-28 20:00:00,100.0,CMP003
B003833,C04125,2025-07-14 05:00:00,456.01,CMP004
B003834,C04127,2025-09-02 17:00:00,328.43,CMP003
B003835,C04128,2025-03-19 18:00:00,350.52,CMP003
B003836,C04128,2025-05-19 02:00:00,110.68,CMP002
B003837,C04128,2025-08-17 07:00:00,153.7,
B003838,C04128,2025-09-16 09:00:00,136.82,CMP001
B003839,C04129,2025-04-13 07:00:00,203.98,CMP003
B003840,C04132,2025-11-12 13:00:00,100.0,CMP004
B003841,C04133,2025-08-11 13:00:00,159.73,CMP004
B003842,C04135,2025-09-12 07:00:00,364.57,CMP001
B003843,C04136,2025-12-30 19:00:00,380.35,CMP003
B003844,C04139,2025-04-18 14:00:00,1278.46,CMP004
B003845,C04141,2025-03-25 10:00:00,672.9,CMP002
B003846,C04141,2025-05-09 22:00:00,359.0,CMP001
B003847,C04141,2025-07-09 10:00:00,158.35,CMP005
B003848,C04143,2025-04-03 06:00:00,166.38,CMP003
B003849,C04144,2025-10-04 06:00:00,131.06,
B003850,C04148,2025-09-15 18:00:00,273.43,CMP003
B003851,C04152,2025-08-16 04:00:00,240.95,
B003852,C04152,2025-10-15 09:00:00,313.84,CMP001
B003853,C04152,2025-11-14 19:00:00,143.15,CMP002
B003854,C04152,2025-12-06 07:00:00,442.36,CMP004
B003855,C04154,2025-04-05 15:00:00,192.21,CMP003
B003856,C04154,2025-04-19 20:00:00,247.47,CMP003
B003857,C04155,2025-12-23 04:00:00,659.24,CMP004
B003858,C04156,2025-07-03 17:00:00,925.39,
B003859,C04158,2025-10-06 03:00:00,225.08,CMP004
B003860,C04158,2025-10-13 11:00:00,565.05,CMP002
B003861,C04158,2025-11-12 22:00:00,234.32,CMP002
B003862,C04158,2025-11-27 00:00:00,100.0,CMP004
B003863,C04159,2025-11-09 10:00:00,187.21,CMP002
B003864,C04161,2025-11-09 13:00:00,501.78,CMP004
B003865,C04162,2025-09-16 01:00:00,117.8,CMP002
B003866,C04163,2025-09-05 06:00:00,439.57,CMP005
B003867,C04164,2025-11-24 11:00:00,236.02,CMP002
B003868,C04165,2025-04-06 19:00:00,384.05,CMP001
B003869,C04169,2025-12-23 02:00:00,109.5,CMP003
B003870,C04171,2025-07-29 12:00:00,236.8,CMP002
B003871,C04171,2025-08-12 18:00:00,320.89,CMP002
B003872,C04171,2025-08-19 23:00:00,459.07,CMP005
B003873,C04172,2025-02-23 13:00:00,390.42,CMP002
B003874,C04172,2025-05-24 17:00:00,263.98,
B003875,C04172,2025-06-24 04:00:00,523.49,CMP004
B003876,C04173,2025-10-03 10:00:00,301.81,CMP001
B003877,C04174,2025-12-29 07:00:00,1095.25,CMP002
B003878,C04175,2025-05-08 05:00:00,379.71,CMP002
B003879,C04175,2025-07-07 06:00:00,332.05,CMP008
B003880,C04178,2025-12-12 03:00:00,209.91,CMP003
B003881,C04178,2025-12-26 14:00:00,657.68,CMP005
B003882,C04190,2025-11-15 16:00:00,315.99,CMP001
B003883,C04191,2025-09-06 19:00:00,509.43,CMP003
B003884,C04193,2025-01-27 04:00:00,205.69,CMP004
B003885,C04194,2025-05-17 20:00:00,303.16,
B003886,C04195,2025-11-27 02:00:00,408.74,
B003887,C04195,2025-12-18 07:00:00,293.16,CMP001
B003888,C04198,2025-07-21 02:00:00,398.17,
B003889,C04199,2025-05-20 10:00:00,1716.13,CMP002
B003890,C04201,2025-08-04 11:00:00,584.24,CMP003
B003891,C04203,2025-07-19 17:00:00,419.9,CMP003
B003892,C04205,2025-03-16 07:00:00,663.72,CMP003
B003893,C04206,2025-09-07 09:00:00,204.87,CMP002
B003894,C04206,2025-09-14 11:00:00,600.04,CMP003
B003895,C04206,2025-10-29 17:00:00,498.01,CMP002
B003896,C04208,2025-04-20 20:00:00,495.34,CMP004
B003897,C04209,2025-06-17 13:00:00,444.2,CMP004
B003898,C04209,2025-08-01 15:00:00,196.78,
B003899,C04210,2025-12-15 14:00:00,151.6,CMP002
B003900,C04210,2025-12-29 15:00:00,642.11,CMP003
B003901,C04211,2025-09-26 19:00:00,763.01,CMP005
B003902,C04211,2025-11-10 20:00:00,100.0,CMP001
B003903,C04211,2025-11-18 06:00:00,254.08,CMP005
B003904,C04212,2025-08-16 07:00:00,1550.37,CMP004
B003905,C04212,2025-09-15 11:00:00,329.05,CMP001
B003906,C04212,2025-09-22 17:00:00,195.61,CMP001
B003907,C04214,2025-10-22 01:00:00,246.71,CMP003
B003908,C04216,2025-08-31 06:00:00,926.95,CMP002
B003909,C04217,2025-03-10 18:00:00,207.99,
B003910,C04217,2025-05-10 00:00:00,140.59,CMP003
B003911,C04217,2025-07-09 04:00:00,176.97,
B003912,C04217,2025-10-07 10:00:00,1002.64,
B003913,C04218,2025-12-02 10:00:00,335.73,CMP004
B003914,C04219,2025-06-19 04:00:00,359.48,CMP004
B003915,C04221,2025-06-16 13:00:00,536.21,CMP005
B003916,C04222,2025-10-06 01:00:00,459.98,CMP001
B003917,C04222,2025-10-27 04:00:00,113.56,CMP004
B003918,C04223,2025-12-31 13:00:00,337.1,CMP003
B003919,C04224,2025-04-28 09:00:00,460.73,CMP003
B003920,C04224,2025-05-12 15:00:00,1258.37,CMP001
B003921,C04226,2025-12-02 11:00:00,274.54,
B003922,C04228,2025-02-15 18:00:00,113.04,CMP001
B003923,C04229,2025-12-04 15:00:00,262.98,CMP002
B003924,C04230,2025-04-06 12:00:00,225.38,CMP002
B003925,C04230,2025-04-27 21:00:00,176.69,CMP003
B003926,C04232,2025-06-01 17:00:00,269.76,CMP004
B003927,C04232,2025-08-30 21:00:00,417.5,CMP001
B003928,C04232,2025-09-07 02:00:00,670.25,CMP003
B003929,C04235,2025-09-30 16:00:00,876.68,CMP001
B003930,C04238,2025-03-16 10:00:00,397.66,CMP002
B003931,C04239,2025-04-29 05:00:00,548.22,
B003932,C04240,2025-11-20 04:00:00,209.28,CMP002
B003933,C04243,2025-07-09 11:00:00,247.36,CMP002
B003934,C04249,2025-07-12 09:00:00,176.52,CMP001
B003935,C04252,2025-02-24 19:00:00,314.18,
B003936,C04258,2025-10-17 11:00:00,175.75,CMP004
B003937,C04260,2025-05-02 14:00:00,669.94,
B003938,C04260,2025-05-16 17:00:00,116.97,CMP004
B003939,C04260,2025-07-01 00:00:00,100.0,CMP001
B003940,C04261,2025-09-09 03:00:00,152.77,
B003941,C04262,2025-08-29 14:00:00,371.73,CMP003
B003942,C04265,2025-04-20 03:00:00,186.51,CMP001
B003943,C04266,2025-06-14 01:00:00,138.12,CMP003
B003944,C04269,2025-04-16 13:00:00,224.2,CMP003
B003945,C04271,2025-05-25 15:00:00,521.27,CMP001
B003946,C04272,2025-11-02 07:00:00,249.65,CMP002
B003947,C04272,2025-11-23 11:00:00,209.75,CMP001
B003948,C04272,2025-12-07 14:00:00,285.99,CMP002
B003949,C04273,2025-02-15 07:00:00,954.21,CMP003
B003950,C04275,2025-04-25 11:00:00,448.32,CMP003
B003951,C04279,2025-04-27 17:00:00,395.01,CMP005
B003952,C04283,2025-02-24 13:00:00,295.91,CMP002
B003953,C04284,2025-12-09 17:00:00,292.96,CMP004
B003954,C04286,2025-05-31 12:00:00,903.82,CMP004
B003955,C04286,2025-06-22 00:00:00,213.53,CMP004
B003956,C04289,2025-12-11 11:00:00,198.81,CMP001
B003957,C04292,2025-12-24 12:00:00,156.97,CMP004
B003958,C04293,2025-12-14 05:00:00,170.4,CMP005
B003959,C04294,2025-07-01 09:00:00,540.9,CMP001
B003960,C04297,2025-10-29 06:00:00,323.4,CMP001
B003961,C04298,2025-01-31 05:00:00,431.25,CMP001
B003962,C04298,2025-03-02 08:00:00,168.19,CMP001
B003963,C04302,2025-05-28 08:00:00,397.75,CMP005
B003964,C04305,2025-08-31 11:00:00,655.34,CMP002
B003965,C04306,2025-05-22 08:00:00,150.15,CMP002
B003966,C04307,2025-08-12 13:00:00,156.79,CMP002
B003967,C04311,2025-12-07 02:00:00,541.74,CMP003
B003968,C04311,2025-12-14 06:00:00,190.81,CMP002
B003969,C04312,2025-07-08 10:00:00,183.21,CMP003
B003970,C04312,2025-08-07 21:00:00,277.07,CMP002
B003971,C04312,2025-10-06 22:00:00,681.24,CMP001
B003972,C04313,2025-10-16 05:00:00,408.61,CMP001
B003973,C04313,2025-12-15 10:00:00,336.19,CMP004
B003974,C04315,2025-08-05 19:00:00,516.06,
B003975,C04316,2025-06-22 06:00:00,180.46,
B003976,C04316,2025-07-22 17:00:00,419.19,CMP002
B003977,C04316,2025-08-05 23:00:00,112.32,CMP002
B003978,C04317,2025-12-08 10:00:00,369.65,CMP001
B003979,C04318,2025-03-07 15:00:00,397.16,CMP001
B003980,C04320,2025-03-16 14:00:00,338.16,CMP001
B003981,C04321,2025-08-17 04:00:00,984.96,CMP004
B003982,C04323,2025-04-01 16:00:00,163.01,CMP002
B003983,C04325,2025-12-26 06:00:00,212.99,
B003984,C04326,2025-03-23 05:00:00,145.31,CMP004
B003985,C04327,2025-02-19 07:00:00,722.32,CMP004
B003986,C04327,2025-03-21 19:00:00,270.92,CMP001
B003987,C04327,2025-04-21 05:00:00,290.25,CMP001
B003988,C04328,2025-07-15 17:00:00,675.46,CMP001
B003989,C04328,2025-07-22 19:00:00,128.69,CMP001
B003990,C04330,2025-09-04 05:00:00,219.51,CMP004
B003991,C04331,2025-11-22 16:00:00,100.0,CMP001
B003992,C04333,2025-08-17 01:00:00,179.83,CMP003
B003993,C04333,2025-08-31 08:00:00,100.91,CMP004
B003994,C04333,2025-10-15 20:00:00,216.77,CMP001
B003995,C04333,2025-11-15 07:00:00,326.27,CMP002
B003996,C04335,2025-11-22 17:00:00,401.38,CMP004
B003997,C04339,2025-04-25 16:00:00,325.95,CMP005
B003998,C04339,2025-05-16 17:00:00,342.94,CMP001
B003999,C04341,2025-11-26 08:00:00,205.61,CMP001
B004000,C04346,2025-09-17 13:00:00,274.52,CMP001
B004001,C04347,2025-04-07 18:00:00,1131.92,CMP001
B004002,C04348,2025-03-26 15:00:00,118.37,
B004003,C04350,2025-12-11 14:00:00,292.84,CMP005
B004004,C04352,2025-10-26 10:00:00,585.72,CMP002
B004005,C04354,2025-12-19 14:00:00,259.03,CMP005
B004006,C04361,2025-05-08 12:00:00,452.91,CMP003
B004007,C04363,2025-07-16 08:00:00,464.34,CMP003
B004008,C04364,2025-10-11 17:00:00,140.57,
B004009,C04364,2025-11-01 22:00:00,174.59,CMP002
B004010,C04364,2025-11-23 03:00:00,930.74,CMP003
B004011,C04364,2025-12-14 09:00:00,467.83,CMP005
B004012,C04365,2025-10-14 01:00:00,558.85,
B004013,C04368,2025-11-22 16:00:00,1017.65,CMP001
B004014,C04369,2025-08-04 12:00:00,237.54,CMP001
B004015,C04370,2025-09-01 16:00:00,100.0,CMP002
B004016,C04370,2025-09-22 18:00:00,186.87,CMP002
B004017,C04371,2025-02-20 19:00:00,109.87,CMP003
B004018,C04375,2025-10-05 15:00:00,398.08,CMP002
B004019,C04375,2025-10-26 21:00:00,181.72,CMP001
B004020,C04375,2025-12-26 00:00:00,100.0,
B004021,C04377,2025-08-19 16:00:00,180.69,CMP001
B004022,C04378,2025-05-09 11:00:00,100.0,CMP002
B004023,C04379,2025-01-30 05:00:00,945.11,CMP005
B004024,C04381,2025-11-16 10:00:00,100.0,CMP002
B004025,C04382,2025-06-16 05:00:00,115.23,CMP002
B004026,C04382,2025-07-16 06:00:00,277.06,CMP002
B004027,C04384,2025-09-02 04:00:00,499.64,
B004028,C04387,2025-05-25 20:00:00,100.0,CMP002
B004029,C04387,2025-06-24 23:00:00,257.56,CMP003
B004030,C04387,2025-07-09 02:00:00,159.36,CMP003
B004031,C04388,2025-08-08 07:00:00,468.18,CMP002
B004032,C04391,2025-06-13 02:00:00,229.02,CMP004
B004033,C04393,2025-04-28 04:00:00,686.66,
B004034,C04394,2025-03-26 18:00:00,308.09,CMP005
B004035,C04395,2025-05-17 05:00:00,196.34,CMP002
B004036,C04397,2025-08-02 03:00:00,1528.48,CMP004
B004037,C04401,2025-05-04 06:00:00,288.11,CMP005
B004038,C04402,2025-04-03 02:00:00,698.41,CMP001
B004039,C04403,2025-05-01 06:00:00,147.57,CMP005
B004040,C04405,2025-11-30 04:00:00,371.06,CMP003
B004041,C04408,2025-12-24 06:00:00,623.51,CMP001
B004042,C04409,2025-10-30 17:00:00,270.06,CMP002
B004043,C04411,2025-02-21 07:00:00,218.9,CMP001
B004044,C04412,2025-06-02 16:00:00,100.0,CMP002
B004045,C04415,2025-03-19 15:00:00,194.08,CMP004
B004046,C04415,2025-04-18 20:00:00,394.76,CMP001
B004047,C04417,2025-04-13 18:00:00,291.37,CMP004
B004048,C04419,2025-08-20 15:00:00,547.74,CMP004
B004049,C04419,2025-08-27 17:00:00,161.88,CMP002
B004050,C04419,2025-10-26 23:00:00,182.7,
B004051,C04419,2025-11-10 05:00:00,157.91,CMP005
B004052,C04425,2025-11-27 08:00:00,363.47,CMP005
B004053,C04426,2025-05-19 18:00:00,449.44,CMP004
B004054,C04426,2025-06-19 06:00:00,446.89,CMP003
B004055,C04426,2025-07-10 09:00:00,284.64,CMP001
B004056,C04426,2025-09-08 19:00:00,324.93,CMP003
B004057,C04428,2025-05-27 13:00:00,138.81,
B004058,C04428,2025-08-26 01:00:00,453.9,
B004059,C04429,2025-07-07 03:00:00,971.42,CMP005
B004060,C04429,2025-09-05 14:00:00,441.81,
B004061,C04429,2025-10-05 22:00:00,488.38,CMP005
B004062,C04429,2025-12-05 05:00:00,203.88,
B004063,C04430,2025-07-20 07:00:00,121.6,CMP001
B004064,C04430,2025-10-18 10:00:00,175.4,
B004065,C04430,2025-11-01 15:00:00,255.44,CMP003
B004066,C04431,2025-09-07 13:00:00,595.34,CMP001
B004067,C04431,2025-09-14 15:00:00,329.65,CMP004
B004068,C04431,2025-10-14 21:00:00,855.56,CMP003
B004069,C04432,2025-03-03 06:00:00,435.01,CMP004
B004070,C04433,2025-02-24 04:00:00,118.21,CMP005
B004071,C04434,2025-10-21 04:00:00,121.61,CMP001
B004072,C04437,2025-08-24 15:00:00,100.0,CMP004
B004073,C04439,2025-11-06 05:00:00,162.01,CMP004
B004074,C04439,2025-12-21 10:00:00,126.52,CMP003
B004075,C04441,2025-10-11 16:00:00,701.63,
B004076,C04442,2025-12-29 12:00:00,379.55,
B004077,C04443,2025-03-14 17:00:00,754.31,CMP004
B004078,C04447,2025-03-14 14:00:00,257.35,CMP003
B004079,C04449,2025-05-03 08:00:00,316.57,CMP003
B004080,C04449,2025-08-01 12:00:00,287.13,CMP005
B004081,C04449,2025-10-30 23:00:00,530.87,
B004082,C04449,2025-11-30 08:00:00,222.43,CMP002
B004083,C04451,2025-06-12 18:00:00,777.25,CMP001
B004084,C04453,2025-05-11 11:00:00,198.72,CMP004
B004085,C04453,2025-06-01 12:00:00,454.66,CMP001
B004086,C04453,2025-07-31 13:00:00,403.94,
B004087,C04454,2025-04-03 08:00:00,282.06,CMP004
B004088,C04458,2025-08-11 04:00:00,163.98,CMP004
B004089,C04459,2025-11-28 06:00:00,297.96,CMP003
B004090,C04460,2025-02-20 06:00:00,475.13,CMP002
B004091,C04461,2025-11-11 17:00:00,880.85,CMP002
B004092,C04461,2025-12-02 22:00:00,406.67,CMP002
B004093,C04461,2025-12-17 10:00:00,419.38,CMP003
B004094,C04463,2025-06-09 17:00:00,100.0,CMP001
B004095,C04467,2025-10-14 16:00:00,768.83,
B004096,C04467,2025-10-22 03:00:00,654.2,CMP004
B004097,C04468,2025-02-24 17:00:00,343.21,CMP003
B004098,C04471,2025-08-21 20:00:00,174.58,
B004099,C04471,2025-09-05 04:00:00,174.36,CMP002
B004100,C04471,2025-09-26 10:00:00,469.0,CMP005
B004101,C04472,2025-11-12 20:00:00,192.41,CMP001
B004102,C04473,2025-04-03 05:00:00,620.72,CMP004
B004103,C04474,2025-04-13 06:00:00,198.02,CMP004
B004104,C04475,2025-03-04 11:00:00,121.48,CMP005
B004105,C04477,2025-08-08 19:00:00,668.42,
B004106,C04477,2025-08-30 01:00:00,158.46,CMP002
B004107,C04477,2025-11-28 03:00:00,246.74,
B004108,C04481,2025-08-12 11:00:00,515.31,CMP002
B004109,C04481,2025-09-26 18:00:00,222.3,CMP003
B004110,C04481,2025-11-26 00:00:00,513.23,CMP001
B004111,C04481,2025-12-10 11:00:00,343.16,CMP003
B004112,C04482,2025-11-24 03:00:00,100.0,CMP002
B004113,C04482,2025-12-01 13:00:00,495.57,CMP002
B004114,C04482,2025-12-31 19:00:00,233.61,CMP004
B004115,C04485,2025-12-03 03:00:00,786.08,CMP001
B004116,C04486,2025-12-08 12:00:00,195.7,CMP001
B004117,C04487,2025-09-08 19:00:00,138.48,
B004118,C04488,2025-08-24 13:00:00,187.66,
B004119,C04488,2025-09-14 23:00:00,922.43,CMP002
B004120,C04488,2025-10-06 10:00:00,160.59,CMP002
B004121,C04488,2025-11-05 21:00:00,532.42,CMP004
B004122,C04489,2025-08-11 20:00:00,139.82,CMP002
B004123,C04489,2025-09-11 00:00:00,134.68,
B004124,C04490,2025-04-21 09:00:00,411.38,CMP003
B004125,C04491,2025-09-07 05:00:00,172.5,CMP004
B004126,C04493,2025-03-10 04:00:00,478.68,CMP004
B004127,C04493,2025-04-24 06:00:00,1321.7,
B004128,C04493,2025-06-23 16:00:00,278.66,
B004129,C04494,2025-04-28 04:00:00,844.56,CMP001
B004130,C04496,2025-02-10 01:00:00,301.45,CMP001
B004131,C04499,2025-06-06 04:00:00,137.94,CMP005
B004132,C04499,2025-08-05 10:00:00,166.04,CMP002
B004133,C04500,2025-11-13 14:00:00,125.9,
B004134,C04502,2025-02-20 03:00:00,607.36,CMP001
B004135,C04502,2025-05-21 07:00:00,442.29,CMP002
B004136,C04504,2025-04-14 03:00:00,1721.6,CMP005
B004137,C04508,2025-05-06 08:00:00,195.0,CMP004
B004138,C04510,2025-04-25 18:00:00,327.9,CMP002
B004139,C04512,2025-11-04 05:00:00,434.26,CMP004
B004140,C04514,2025-03-01 18:00:00,385.05,CMP003
B004141,C04514,2025-04-15 23:00:00,246.14,CMP004
B004142,C04514,2025-05-31 06:00:00,387.4,CMP004
B004143,C04515,2025-08-30 19:00:00,435.3,CMP003
B004144,C04516,2025-08-27 06:00:00,243.11,CMP003
B004145,C04516,2025-10-11 10:00:00,159.4,CMP002
B004146,C04519,2025-10-16 14:00:00,238.67,CMP003
B004147,C04519,2025-11-30 21:00:00,171.0,CMP005
B004148,C04521,2025-07-03 10:00:00,228.99,
B004149,C04522,2025-10-11 01:00:00,283.32,
B004150,C04522,2025-12-10 05:00:00,259.28,
B004151,C04524,2025-08-22 20:00:00,153.71,
B004152,C04524,2025-10-07 06:00:00,519.43,CMP003
B004153,C04525,2025-05-05 05:00:00,770.41,CMP004
B004154,C04526,2025-04-18 02:00:00,169.24,CMP004
B004155,C04527,2025-08-27 20:00:00,123.44,CMP002
B004156,C04529,2025-12-06 13:00:00,786.67,CMP001
B004157,C04531,2025-06-03 09:00:00,295.03,CMP002
B004158,C04536,2025-05-14 04:00:00,276.25,
B004159,C04536,2025-08-12 05:00:00,100.0,
B004160,C04536,2025-09-11 07:00:00,221.74,CMP004
B004161,C04537,2025-09-21 09:00:00,233.97,CMP002
B004162,C04539,2025-08-05 10:00:00,222.35,CMP001
B004163,C04539,2025-09-19 21:00:00,148.52,
B004164,C04539,2025-10-11 00:00:00,186.22,
B004165,C04540,2025-04-10 12:00:00,243.94,CMP005
B004166,C04540,2025-06-09 13:00:00,186.93,CMP001
B004167,C04541,2025-07-13 06:00:00,303.86,CMP001
B004168,C04542,2025-04-09 07:00:00,106.66,CMP005
B004169,C04542,2025-05-09 15:00:00,338.18,CMP002
B004170,C04544,2025-02-09 07:00:00,846.62,CMP001
B004171,C04546,2025-10-14 12:00:00,346.2,CMP005
B004172,C04548,2025-09-06 15:00:00,663.8,CMP002
B004173,C04549,2025-05-31 17:00:00,579.96,CMP002
B004174,C04551,2025-09-11 05:00:00,176.92,CMP002
B004175,C04553,2025-12-27 08:00:00,292.06,CMP005
B004176,C04554,2025-09-14 06:00:00,299.82,CMP002
B004177,C04554,2025-10-14 08:00:00,751.06,CMP003
B004178,C04555,2025-07-09 11:00:00,351.45,CMP001
B004179,C04556,2025-04-17 20:00:00,198.78,CMP002
B004180,C04557,2025-12-11 19:00:00,309.8,CMP003
B004181,C04558,2025-06-15 20:00:00,190.77,CMP001
B004182,C04559,2025-09-03 19:00:00,713.31,CMP004
B004183,C04559,2025-10-19 01:00:00,177.05,CMP001
B004184,C04560,2025-12-24 15:00:00,403.27,
B004185,C04562,2025-10-09 20:00:00,224.34,CMP004
B004186,C04563,2025-05-17 19:00:00,407.49,CMP004
B004187,C04564,2025-12-23 12:00:00,110.63,CMP002
B004188,C04565,2025-08-24 19:00:00,148.59,CMP002
B004189,C04566,2025-12-08 10:00:00,825.5,CMP003
B004190,C04569,2025-08-26 09:00:00,432.07,CMP002
B004191,C04569,2025-10-25 21:00:00,283.02,
B004192,C04570,2025-09-04 12:00:00,178.58,
B004193,C04571,2025-03-03 08:00:00,119.46,CMP002
B004194,C04571,2025-05-02 16:00:00,365.01,
B004195,C04571,2025-05-23 18:00:00,122.51,CMP002
B004196,C04573,2025-06-23 10:00:00,461.09,
B004197,C04573,2025-09-21 17:00:00,123.54,CMP001
B004198,C04574,2025-06-10 02:00:00,309.26,CMP002
B004199,C04574,2025-06-24 03:00:00,518.66,CMP005
B004200,C04575,2025-01-21 07:00:00,346.33,CMP003
B004201,C04579,2025-03-02 03:00:00,222.68,CMP002
B004202,C04583,2025-07-05 20:00:00,393.84,CMP004
B004203,C04584,2025-12-17 11:00:00,133.85,CMP003
B004204,C04585,2025-06-07 20:00:00,606.0,
B004205,C04585,2025-08-07 01:00:00,225.89,
B004206,C04586,2025-08-22 08:00:00,415.32,CMP001
B004207,C04587,2025-03-29 14:00:00,198.59,CMP004
B004208,C04588,2025-03-05 07:00:00,513.61,CMP004
B004209,C04589,2025-05-11 05:00:00,223.77,
B004210,C04589,2025-05-18 12:00:00,519.44,CMP001
B004211,C04592,2025-06-11 09:00:00,166.72,CMP004
B004212,C04592,2025-06-25 14:00:00,289.54,CMP004
B004213,C04592,2025-08-24 18:00:00,100.0,CMP004
B004214,C04595,2025-06-09 08:00:00,402.91,CMP002
B004215,C04597,2025-03-06 13:00:00,1552.23,CMP002
B004216,C04598,2025-12-07 07:00:00,2213.04,CMP004
B004217,C04599,2025-03-30 13:00:00,265.57,CMP004
B004218,C04599,2025-05-14 15:00:00,532.13,CMP002
B004219,C04600,2025-12-31 02:00:00,857.0,
B004220,C04603,2025-05-20 16:00:00,541.26,CMP004
B004221,C04606,2025-08-09 03:00:00,935.64,CMP002
B004222,C04606,2025-10-08 07:00:00,100.0,
B004223,C04606,2025-11-07 19:00:00,167.87,CMP001
B004224,C04608,2025-11-01 13:00:00,378.93,CMP002
B004225,C04608,2025-12-31 18:00:00,166.84,
B004226,C04609,2025-05-23 11:00:00,473.95,CMP002
B004227,C04609,2025-07-07 22:00:00,223.94,CMP008
B004228,C04612,2025-04-14 13:00:00,417.81,CMP001
B004229,C04613,2025-08-30 19:00:00,188.15,CMP003
B004230,C04614,2025-12-05 08:00:00,153.52,CMP004
B004231,C04615,2025-04-12 11:00:00,149.79,CMP003
B004232,C04615,2025-07-11 14:00:00,495.81,CMP001
B004233,C04615,2025-08-10 23:00:00,462.42,CMP004
B004234,C04616,2025-07-13 12:00:00,362.74,CMP002
B004235,C04616,2025-09-11 15:00:00,397.64,
B004236,C04617,2025-08-07 18:00:00,642.57,CMP002
B004237,C04618,2025-01-27 15:00:00,199.74,CMP004
B004238,C04618,2025-04-28 03:00:00,665.69,
B004239,C04620,2025-09-21 01:00:00,100.0,CMP002
B004240,C04621,2025-07-23 15:00:00,182.34,CMP003
B004241,C04622,2025-06-27 12:00:00,1020.87,CMP001
B004242,C04624,2025-09-17 20:00:00,844.56,
B004243,C04625,2025-06-08 01:00:00,412.78,CMP005
B004244,C04625,2025-07-08 04:00:00,301.81,CMP001
B004245,C04625,2025-07-22 14:00:00,263.19,CMP002
B004246,C04625,2025-10-20 22:00:00,221.28,
B004247,C04629,2025-12-21 05:00:00,259.12,CMP001
B004248,C04630,2025-12-28 16:00:00,497.96,CMP002
B004249,C04632,2025-08-04 07:00:00,905.04,CMP004
B004250,C04633,2025-04-21 12:00:00,145.26,CMP004
B004251,C04636,2025-05-13 18:00:00,352.87,
B004252,C04637,2025-03-31 16:00:00,224.83,
B004253,C04638,2025-03-26 07:00:00,177.73,CMP003
B004254,C04639,2025-11-29 18:00:00,115.12,CMP002
B004255,C04639,2025-12-21 01:00:00,670.92,CMP001
B004256,C04639,2025-12-28 11:00:00,1511.95,CMP003
B004257,C04642,2025-10-20 19:00:00,218.99,
B004258,C04643,2025-06-06 10:00:00,292.62,CMP002
B004259,C04644,2025-05-26 15:00:00,270.31,
B004260,C04645,2025-07-10 18:00:00,224.75,CMP002
B004261,C04646,2025-09-13 16:00:00,252.45,CMP004
B004262,C04647,2025-05-11 16:00:00,294.25,CMP003
B004263,C04647,2025-05-19 01:00:00,253.74,CMP003
B004264,C04647,2025-08-17 02:00:00,223.99,CMP004
B004265,C04647,2025-11-15 12:00:00,261.42,
B004266,C04649,2025-08-01 03:00:00,101.63,CMP005
B004267,C04652,2025-08-17 11:00:00,832.76,CMP003
B004268,C04653,2025-10-07 17:00:00,278.51,CMP003
B004269,C04653,2025-10-22 00:00:00,298.62,CMP005
B004270,C04657,2025-03-30 10:00:00,426.18,CMP001
B004271,C04657,2025-04-06 22:00:00,682.58,CMP004
B004272,C04657,2025-05-22 10:00:00,300.43,CMP002
B004273,C04657,2025-06-12 12:00:00,202.74,CMP002
B004274,C04659,2025-09-02 06:00:00,194.08,CMP003
B004275,C04659,2025-09-16 10:00:00,324.57,CMP001
B004276,C04659,2025-12-15 21:00:00,418.25,CMP003
B004277,C04660,2025-07-24 13:00:00,133.83,CMP005
B004278,C04665,2025-10-11 04:00:00,550.44,CMP003
B004279,C04665,2025-11-10 09:00:00,361.42,CMP003
B004280,C04666,2025-07-23 11:00:00,371.95,
B004281,C04667,2025-09-15 11:00:00,108.26,CMP004
B004282,C04668,2025-08-22 20:00:00,299.09,CMP001
B004283,C04670,2025-12-11 20:00:00,427.33,
B004284,C04671,2025-03-21 03:00:00,266.65,CMP002
B004285,C04671,2025-04-11 14:00:00,529.88,CMP002
B004286,C04671,2025-04-25 17:00:00,332.34,CMP003
B004287,C04671,2025-06-24 23:00:00,324.81,CMP004
B004288,C04672,2025-03-17 16:00:00,638.33,CMP004
B004289,C04672,2025-04-16 20:00:00,419.14,CMP002
B004290,C04672,2025-05-08 06:00:00,268.19,CMP001
B004291,C04672,2025-08-06 07:00:00,359.45,
B004292,C04674,2025-08-22 11:00:00,388.82,CMP005
B004293,C04674,2025-11-20 17:00:00,362.16,CMP004
B004294,C04676,2025-09-21 20:00:00,1668.3,CMP003
B004295,C04678,2025-12-10 01:00:00,548.09,CMP003
B004296,C04680,2025-06-30 17:00:00,702.16,CMP003
B004297,C04685,2025-12-27 01:00:00,398.56,CMP002
B004298,C04686,2025-06-01 03:00:00,500.83,CMP001
B004299,C04689,2025-03-16 09:00:00,478.03,CMP002
B004300,C04691,2025-12-09 15:00:00,173.89,CMP001
B004301,C04695,2025-06-09 10:00:00,177.37,CMP002
B004302,C04695,2025-07-09 18:00:00,344.59,CMP004
B004303,C04695,2025-07-17 05:00:00,100.0,CMP003
B004304,C04695,2025-08-16 15:00:00,217.62,CMP004
B004305,C04696,2025-11-12 04:00:00,134.43,
B004306,C04698,2025-11-28 20:00:00,117.73,CMP001
B004307,C04698,2025-12-20 06:00:00,662.56,CMP003
B004308,C04699,2025-08-16 16:00:00,286.02,CMP001
B004309,C04700,2025-03-20 19:00:00,348.37,
B004310,C04703,2025-06-20 20:00:00,457.0,CMP002
B004311,C04703,2025-07-12 03:00:00,370.55,CMP002
B004312,C04705,2025-01-27 20:00:00,899.9,CMP001
B004313,C04706,2025-10-13 04:00:00,100.0,CMP003
B004314,C04706,2025-12-12 07:00:00,570.58,
B004315,C04707,2025-03-21 04:00:00,128.51,CMP002
B004316,C04707,2025-04-04 16:00:00,208.32,CMP001
B004317,C04707,2025-04-19 01:00:00,186.81,CMP001
B004318,C04709,2025-12-21 07:00:00,281.43,CMP003
B004319,C04710,2025-09-02 19:00:00,396.94,CMP001
B004320,C04710,2025-10-18 07:00:00,270.27,
B004321,C04710,2025-11-17 08:00:00,122.56,
B004322,C04711,2025-09-01 03:00:00,172.32,CMP004
B004323,C04711,2025-11-30 11:00:00,813.66,
B004324,C04711,2025-12-14 15:00:00,190.06,
B004325,C04711,2025-12-28 20:00:00,108.12,CMP003
B004326,C04712,2025-03-26 16:00:00,303.61,CMP002
B004327,C04712,2025-04-25 20:00:00,167.57,CMP003
B004328,C04713,2025-05-29 20:00:00,835.04,
B004329,C04714,2025-04-20 03:00:00,301.79,
B004330,C04715,2025-05-15 10:00:00,318.08,CMP004
B004331,C04715,2025-07-14 14:00:00,285.48,CMP003
B004332,C04716,2025-03-28 18:00:00,358.96,
B004333,C04718,2025-09-25 02:00:00,397.5,
B004334,C04719,2025-12-30 01:00:00,403.88,CMP001
B004335,C04721,2025-07-25 04:00:00,297.24,CMP004
B004336,C04721,2025-09-08 15:00:00,168.33,CMP004
B004337,C04721,2025-09-29 19:00:00,210.9,CMP002
B004338,C04722,2025-03-15 11:00:00,495.42,CMP004
B004339,C04723,2025-07-12 11:00:00,566.94,CMP001
B004340,C04728,2025-02-13 12:00:00,307.93,CMP003
B004341,C04729,2025-11-03 06:00:00,370.49,
B004342,C04731,2025-06-02 20:00:00,399.44,CMP003
B004343,C04732,2025-10-02 06:00:00,139.83,CMP003
B004344,C04732,2025-11-01 07:00:00,386.1,CMP003
B004345,C04732,2025-11-08 16:00:00,900.31,CMP003
B004346,C04733,2025-12-10 10:00:00,584.79,CMP004
B004347,C04735,2025-08-13 07:00:00,145.33,CMP002
B004348,C04737,2025-12-21 08:00:00,572.16,CMP001
B004349,C04738,2025-11-22 08:00:00,100.0,CMP001
B004350,C04739,2025-07-29 01:00:00,521.37,CMP002
B004351,C04739,2025-08-05 10:00:00,569.96,CMP002
B004352,C04739,2025-08-26 21:00:00,900.33,CMP002
B004353,C04739,2025-10-26 07:00:00,269.18,CMP004
B004354,C04740,2025-03-29 05:00:00,631.74,CMP005
B004355,C04742,2025-05-09 10:00:00,272.84,CMP004
B004356,C04742,2025-05-23 20:00:00,194.53,CMP004
B004357,C04742,2025-05-31 01:00:00,217.18,CMP002
B004358,C04743,2025-05-01 12:00:00,288.69,CMP002
B004359,C04743,2025-07-30 17:00:00,410.6,
B004360,C04743,2025-08-14 05:00:00,360.59,CMP002
B004361,C04743,2025-09-04 12:00:00,326.1,CMP002
B004362,C04744,2025-06-01 09:00:00,217.45,CMP002
B004363,C04745,2025-06-19 10:00:00,180.51,CMP002
B004364,C04746,2025-11-26 08:00:00,844.84,CMP002
B004365,C04759,2025-05-01 20:00:00,161.14,CMP001
B004366,C04761,2025-10-01 15:00:00,215.55,CMP003
B004367,C04762,2025-09-26 06:00:00,148.57,CMP003
B004368,C04762,2025-10-10 11:00:00,425.15,CMP002
B004369,C04762,2025-11-09 14:00:00,144.82,CMP001
B004370,C04763,2025-06-15 20:00:00,291.73,CMP001
B004371,C04764,2025-11-14 02:00:00,272.16,CMP002
B004372,C04765,2025-10-12 20:00:00,354.44,
B004373,C04771,2025-03-26 06:00:00,205.27,CMP001
B004374,C04771,2025-05-25 14:00:00,186.52,CMP002
B004375,C04773,2025-07-28 06:00:00,532.72,CMP002
B004376,C04774,2025-07-19 12:00:00,329.28,
B004377,C04779,2025-04-09 03:00:00,424.78,CMP002
B004378,C04779,2025-07-08 13:00:00,352.11,CMP002
B004379,C04779,2025-07-15 21:00:00,1018.09,CMP003
B004380,C04779,2025-07-30 02:00:00,100.0,CMP003
B004381,C04783,2025-07-18 07:00:00,233.14,CMP003
B004382,C04783,2025-08-08 11:00:00,134.46,CMP002
B004383,C04783,2025-09-07 23:00:00,100.0,
B004384,C04784,2025-07-30 01:00:00,100.0,CMP002
B004385,C04785,2025-12-04 07:00:00,197.93,CMP005
B004386,C04788,2025-07-24 02:00:00,857.54,CMP002
B004387,C04788,2025-07-31 13:00:00,926.01,CMP001
B004388,C04788,2025-08-14 15:00:00,250.29,CMP001
B004389,C04788,2025-09-05 02:00:00,122.99,CMP001
B004390,C04794,2025-02-18 16:00:00,426.75,CMP004
B004391,C04795,2025-11-22 16:00:00,304.57,CMP003
B004392,C04796,2025-09-10 01:00:00,143.11,CMP004
B004393,C04797,2025-08-10 18:00:00,712.01,CMP002
B004394,C04799,2025-03-16 05:00:00,233.49,CMP002
B004395,C04803,2025-07-18 06:00:00,353.26,CMP005
B004396,C04804,2025-06-10 15:00:00,219.12,CMP002
B004397,C04806,2025-04-15 05:00:00,643.57,CMP002
B004398,C04806,2025-04-22 07:00:00,910.24,CMP001
B004399,C04807,2025-04-23 17:00:00,328.72,CMP001
B004400,C04812,2025-11-30 02:00:00,244.14,CMP004
B004401,C04812,2025-12-07 05:00:00,281.26,CMP001
B004402,C04812,2025-12-14 16:00:00,504.59,CMP003
B004403,C04814,2025-08-09 16:00:00,256.98,
B004404,C04815,2025-06-28 07:00:00,240.82,CMP001
B004405,C04815,2025-08-12 13:00:00,285.36,
B004406,C04816,2025-06-01 16:00:00,100.0,CMP004
B004407,C04817,2025-06-24 03:00:00,546.21,
B004408,C04817,2025-09-22 09:00:00,306.21,CMP003
B004409,C04817,2025-10-06 10:00:00,334.13,CMP004
B004410,C04817,2025-10-20 14:00:00,289.24,CMP004
B004411,C04819,2025-05-31 04:00:00,100.0,
B004412,C04823,2025-10-28 03:00:00,133.58,CMP002
B004413,C04823,2025-11-11 11:00:00,783.63,CMP001
B004414,C04823,2025-12-26 23:00:00,338.78,
B004415,C04824,2025-09-02 09:00:00,296.44,CMP004
B004416,C04825,2025-07-09 14:00:00,351.29,CMP005
B004417,C04827,2025-06-23 20:00:00,253.23,CMP004
B004418,C04828,2025-06-03 10:00:00,186.2,
B004419,C04829,2025-12-01 05:00:00,292.4,CMP002
B004420,C04829,2025-12-22 16:00:00,279.37,CMP003
B004421,C04831,2025-12-19 11:00:00,116.34,
B004422,C04832,2025-03-20 02:00:00,146.19,CMP002
B004423,C04835,2025-04-26 15:00:00,316.67,
B004424,C04835,2025-05-10 23:00:00,116.84,
B004425,C04835,2025-06-25 09:00:00,223.6,CMP002
B004426,C04836,2025-09-16 04:00:00,272.79,CMP002
B004427,C04837,2025-04-16 11:00:00,344.1,CMP002
B004428,C04840,2025-11-03 04:00:00,693.22,CMP002
B004429,C04841,2025-05-06 11:00:00,221.29,CMP004
B004430,C04842,2025-08-14 03:00:00,176.53,CMP003
B004431,C04843,2025-04-20 07:00:00,608.11,CMP003
B004432,C04845,2025-10-22 17:00:00,242.86,
B004433,C04845,2025-12-07 02:00:00,162.22,CMP001
B004434,C04846,2025-03-22 12:00:00,265.19,
B004435,C04847,2025-11-02 15:00:00,207.33,CMP004
B004436,C04847,2025-12-18 01:00:00,854.44,
B004437,C04848,2025-12-23 10:00:00,1073.64,CMP002
B004438,C04849,2025-05-10 10:00:00,151.23,CMP001
B004439,C04850,2025-09-22 16:00:00,200.59,CMP004
B004440,C04857,2025-10-09 16:00:00,744.27,CMP003
B004441,C04858,2025-12-09 15:00:00,320.49,CMP001
B004442,C04860,2025-08-11 16:00:00,100.0,CMP004
B004443,C04863,2025-10-01 11:00:00,321.54,CMP001
B004444,C04865,2025-11-22 15:00:00,334.48,CMP003
B004445,C04867,2025-11-30 04:00:00,346.17,
B004446,C04868,2025-09-22 10:00:00,269.14,CMP001
B004447,C04870,2025-12-03 05:00:00,284.8,
B004448,C04872,2025-10-11 01:00:00,748.71,CMP004
B004449,C04875,2025-11-16 13:00:00,250.61,
B004450,C04875,2025-11-30 16:00:00,250.34,CMP001
B004451,C04876,2025-10-18 10:00:00,478.79,CMP004
B004452,C04876,2025-10-25 20:00:00,3247.77,CMP005
B004453,C04877,2025-10-28 03:00:00,373.56,CMP002
B004454,C04878,2025-12-27 17:00:00,681.83,CMP005
B004455,C04879,2025-05-03 17:00:00,542.59,CMP004
B004456,C04879,2025-05-10 19:00:00,223.08,CMP004
B004457,C04880,2025-03-11 08:00:00,790.47,CMP004
B004458,C04881,2025-12-19 15:00:00,163.3,CMP001
B004459,C04882,2025-03-04 15:00:00,374.88,
B004460,C04883,2025-07-17 08:00:00,117.48,CMP003
B004461,C04884,2025-03-20 14:00:00,257.2,CMP004
B004462,C04885,2025-12-27 14:00:00,121.67,CMP003
B004463,C04886,2025-11-21 10:00:00,100.0,CMP001
B004464,C04886,2025-12-21 11:00:00,160.6,CMP002
B004465,C04887,2025-03-09 13:00:00,110.83,
B004466,C04888,2025-04-15 01:00:00,298.14,CMP002
B004467,C04890,2025-04-05 05:00:00,412.28,CMP002
B004468,C04890,2025-04-12 08:00:00,498.73,CMP001
B004469,C04891,2025-12-23 20:00:00,408.04,CMP004
B004470,C04894,2025-07-30 03:00:00,424.76,CMP004
B004471,C04895,2025-09-29 04:00:00,122.38,CMP001
B004472,C04895,2025-10-29 11:00:00,1103.77,
B004473,C04896,2025-11-08 04:00:00,210.53,
B004474,C04896,2025-11-15 11:00:00,206.9,CMP001
B004475,C04897,2025-10-11 05:00:00,209.84,CMP004
B004476,C04898,2025-07-23 05:00:00,802.66,CMP001
B004477,C04900,2025-03-23 04:00:00,273.71,CMP001
B004478,C04902,2025-04-18 16:00:00,476.74,CMP004
B004479,C04905,2025-11-25 20:00:00,249.28,CMP005
B004480,C04907,2025-08-22 09:00:00,1406.48,CMP004
B004481,C04910,2025-09-22 09:00:00,350.83,
B004482,C04910,2025-11-21 17:00:00,544.98,
B004483,C04910,2025-12-13 04:00:00,499.22,CMP004
B004484,C04911,2025-06-02 12:00:00,199.52,CMP001
B004485,C04913,2025-06-01 11:00:00,195.36,CMP004
B004486,C04913,2025-06-08 22:00:00,157.18,CMP004
B004487,C04913,2025-08-08 02:00:00,426.54,
B004488,C04916,2025-07-17 08:00:00,118.71,CMP005
B004489,C04919,2025-04-15 17:00:00,503.41,CMP003
B004490,C04919,2025-06-15 01:00:00,337.52,
B004491,C04919,2025-06-29 11:00:00,939.77,CMP003
B004492,C04920,2025-08-20 19:00:00,660.75,CMP005
B004493,C04920,2025-11-19 03:00:00,497.85,
B004494,C04921,2025-12-19 13:00:00,686.9,CMP003
B004495,C04924,2025-08-31 10:00:00,777.18,CMP002
B004496,C04927,2025-05-12 16:00:00,145.67,CMP002
B004497,C04927,2025-08-11 02:00:00,230.75,CMP005
B004498,C04927,2025-11-09 08:00:00,826.11,
B004499,C04928,2025-05-22 14:00:00,216.4,CMP005
B004500,C04928,2025-05-29 18:00:00,274.59,CMP001
B004501,C04928,2025-06-19 21:00:00,256.91,CMP002
B004502,C04928,2025-07-04 08:00:00,663.23,CMP003
B004503,C04929,2025-03-28 07:00:00,150.68,CMP005
B004504,C04930,2025-05-25 14:00:00,596.88,CMP002
B004505,C04933,2025-07-17 10:00:00,1101.21,CMP001
B004506,C04933,2025-08-07 17:00:00,411.57,CMP002
B004507,C04933,2025-08-29 04:00:00,865.28,CMP003
B004508,C04933,2025-09-12 11:00:00,203.07,CMP002
B004509,C04934,2025-10-21 10:00:00,100.0,CMP004
B004510,C04936,2025-07-06 18:00:00,174.22,CMP002
B004511,C04937,2025-12-31 08:00:00,178.96,CMP002
B004512,C04938,2025-02-09 17:00:00,452.17,
B004513,C04941,2025-11-18 12:00:00,450.87,CMP003
B004514,C04942,2025-09-06 01:00:00,170.31,CMP001
B004515,C04945,2025-04-01 20:00:00,142.37,
B004516,C04946,2025-04-20 16:00:00,237.05,CMP004
B004517,C04947,2025-06-15 17:00:00,147.58,CMP005
B004518,C04947,2025-06-29 21:00:00,158.38,CMP004
B004519,C04950,2025-12-28 12:00:00,448.37,CMP003
B004520,C04953,2025-09-06 19:00:00,489.37,CMP003
B004521,C04955,2025-11-08 15:00:00,582.55,CMP002
B004522,C04957,2025-03-16 15:00:00,738.99,CMP005
B004523,C04959,2025-04-14 05:00:00,588.39,CMP003
B004524,C04962,2025-02-09 01:00:00,907.46,CMP002
B004525,C04963,2025-06-21 08:00:00,294.31,CMP001
B004526,C04964,2025-10-30 13:00:00,196.08,CMP004
B004527,C04964,2025-11-13 21:00:00,459.42,CMP001
B004528,C04965,2025-02-17 01:00:00,656.21,CMP003
B004529,C04966,2025-09-06 07:00:00,540.68,CMP001
B004530,C04967,2025-04-01 04:00:00,162.37,CMP001
B004531,C04971,2025-02-13 11:00:00,141.14,CMP005
B004532,C04972,2025-02-10 03:00:00,212.75,CMP001
B004533,C04974,2025-07-21 05:00:00,332.2,CMP001
B004534,C04974,2025-08-20 16:00:00,257.53,CMP002
B004535,C04974,2025-09-04 01:00:00,1432.71,CMP001
B004536,C04974,2025-11-03 10:00:00,295.71,CMP001
B004537,C04976,2025-11-12 11:00:00,238.71,CMP003
B004538,C04976,2025-12-12 16:00:00,100.0,CMP003
B004539,C04977,2025-02-06 17:00:00,788.51,CMP002
B004540,C04977,2025-05-07 20:00:00,385.24,CMP005
B004541,C04977,2025-06-22 04:00:00,841.87,CMP004
B004542,C04980,2025-05-14 18:00:00,208.25,
B004543,C04981,2025-03-18 09:00:00,100.0,CMP003
B004544,C04981,2025-05-02 16:00:00,588.39,CMP002
B004545,C04981,2025-05-23 21:00:00,215.0,CMP002
B004546,C04982,2025-03-28 02:00:00,464.43,CMP004
B004547,C04983,2025-08-29 18:00:00,100.0,CMP003
B004548,C04984,2025-04-02 20:00:00,191.82,CMP001
B004549,C04984,2025-04-17 08:00:00,1843.33,CMP002
B004550,C04984,2025-06-16 14:00:00,638.42,CMP002
B004551,C04984,2025-07-01 01:00:00,185.81,CMP002
B004552,C04986,2025-11-22 07:00:00,164.4,
B004553,C04987,2025-05-01 16:00:00,441.41,
B004554,C04987,2025-05-09 04:00:00,215.72,
B004555,C04987,2025-07-08 08:00:00,247.77,
B004556,C04987,2025-07-22 13:00:00,818.01,CMP002
B004557,C04990,2025-12-04 11:00:00,133.34,CMP003
B004558,C04991,2025-05-18 10:00:00,161.06,CMP001
B004559,C04993,2025-02-24 03:00:00,515.95,CMP001
B004560,C04997,2025-06-14 02:00:00,433.89,CMP004
B004561,C04998,2025-02-06 06:00:00,482.4,
B004562,C04999,2025-05-22 14:00:00,445.09,CMP004
B004563,C05000,2025-03-02 07:00:00,599.62,CMP004
B004564,C05001,2025-11-04 05:00:00,122.99,
B004565,C05002,2025-11-16 18:00:00,548.21,CMP004
B004566,C05006,2025-10-10 10:00:00,100.0,CMP001
B004567,C05008,2025-05-02 04:00:00,212.07,CMP001
B004568,C05008,2025-06-01 07:00:00,116.48,CMP005
B004569,C05008,2025-07-01 17:00:00,414.67,CMP004
B004570,C05011,2025-09-30 05:00:00,312.98,CMP004
B004571,C05013,2025-01-28 03:00:00,181.68,CMP003
B004572,C05013,2025-02-11 07:00:00,141.97,CMP004
B004573,C05013,2025-04-12 19:00:00,319.89,
B004574,C05017,2025-06-27 06:00:00,133.77,CMP002
B004575,C05020,2025-05-30 17:00:00,207.95,
B004576,C05021,2025-11-01 04:00:00,453.94,CMP001
B004577,C05021,2025-11-15 14:00:00,407.51,CMP005
B004578,C05021,2025-12-06 21:00:00,124.86,CMP003
B004579,C05023,2025-08-13 08:00:00,595.5,
B004580,C05025,2025-07-31 10:00:00,310.79,CMP003
B004581,C05025,2025-08-21 15:00:00,539.03,CMP001
B004582,C05025,2025-08-28 23:00:00,631.04,CMP004
B004583,C05026,2025-04-25 15:00:00,492.68,CMP004
B004584,C05031,2025-10-06 12:00:00,680.38,CMP002
B004585,C05032,2025-01-18 13:00:00,100.0,CMP005
B004586,C05034,2025-03-05 08:00:00,397.71,
B004587,C05034,2025-03-26 16:00:00,486.6,CMP001
B004588,C05034,2025-05-10 23:00:00,266.79,CMP001
B004589,C05036,2025-10-07 11:00:00,237.47,CMP003
B004590,C05036,2025-11-06 21:00:00,381.5,CMP001
B004591,C05037,2025-06-23 05:00:00,100.0,CMP004
B004592,C05037,2025-07-23 14:00:00,367.46,CMP004
B004593,C05037,2025-10-22 02:00:00,176.32,
B004594,C05037,2025-11-12 10:00:00,224.56,CMP004
B004595,C05038,2025-07-06 09:00:00,160.67,
B004596,C05040,2025-09-17 10:00:00,305.18,CMP003
B004597,C05042,2025-04-20 13:00:00,292.55,
B004598,C05042,2025-05-04 22:00:00,111.93,CMP003
B004599,C05042,2025-07-04 09:00:00,100.0,CMP002
B004600,C05042,2025-10-02 13:00:00,472.07,
B004601,C05043,2025-10-31 18:00:00,280.82,CMP004
B004602,C05045,2025-12-02 11:00:00,772.16,CMP001
B004603,C05045,2025-12-23 19:00:00,273.47,CMP004
B004604,C05046,2025-03-27 17:00:00,260.55,CMP004
B004605,C05046,2025-06-25 23:00:00,410.86,
B004606,C05046,2025-07-10 04:00:00,336.48,CMP001
B004607,C05046,2025-07-24 15:00:00,306.85,CMP002
B004608,C05047,2025-03-22 13:00:00,559.01,CMP004
B004609,C05047,2025-05-21 15:00:00,290.82,
B004610,C05047,2025-05-28 19:00:00,100.0,CMP003
B004611,C05047,2025-08-27 03:00:00,843.87,CMP005
B004612,C05048,2025-06-04 08:00:00,152.03,CMP004
B004613,C05049,2025-04-23 14:00:00,1401.26,CMP001
B004614,C05049,2025-05-14 20:00:00,260.83,CMP004
B004615,C05049,2025-05-22 05:00:00,555.88,CMP004
B004616,C05049,2025-08-20 12:00:00,369.51,
B004617,C05050,2025-12-02 20:00:00,176.97,CMP003
B004618,C05050,2025-12-10 02:00:00,121.26,CMP004
B004619,C05051,2025-02-08 07:00:00,219.27,CMP002
B004620,C05051,2025-03-01 08:00:00,183.89,CMP001
B004621,C05051,2025-03-08 20:00:00,231.14,CMP004
B004622,C05051,2025-04-23 04:00:00,226.29,CMP003
B004623,C05057,2025-07-29 10:00:00,265.75,CMP003
B004624,C05058,2025-08-27 09:00:00,313.86,CMP004
B004625,C05059,2025-07-19 20:00:00,225.57,CMP003
B004626,C05059,2025-09-03 04:00:00,607.56,CMP002
B004627,C05059,2025-09-10 10:00:00,238.73,CMP003
B004628,C05061,2025-02-25 12:00:00,220.04,CMP003
B004629,C05061,2025-04-11 22:00:00,161.65,CMP003
B004630,C05061,2025-05-03 03:00:00,285.6,CMP001
B004631,C05061,2025-05-17 08:00:00,148.77,CMP001
B004632,C05063,2025-07-06 17:00:00,450.77,CMP002
B004633,C05065,2025-11-15 14:00:00,228.01,CMP005
B004634,C05065,2025-11-30 00:00:00,381.03,CMP003
B004635,C05066,2025-06-04 13:00:00,159.0,CMP001
B004636,C05067,2025-10-31 02:00:00,902.25,
B004637,C05070,2025-11-10 15:00:00,646.49,CMP003
B004638,C05070,2025-12-01 20:00:00,324.44,CMP005
B004639,C05071,2025-03-22 04:00:00,1485.6,CMP004
B004640,C05071,2025-03-29 05:00:00,153.98,CMP003
B004641,C05071,2025-04-12 11:00:00,513.24,CMP001
B004642,C05074,2025-08-16 04:00:00,742.07,CMP004
B004643,C05076,2025-09-04 05:00:00,114.5,
B004644,C05077,2025-03-28 13:00:00,194.07,CMP003
B004645,C05077,2025-04-18 15:00:00,643.12,CMP001
B004646,C05077,2025-05-09 23:00:00,304.87,CMP002
B004647,C05078,2025-12-27 20:00:00,275.45,
B004648,C05079,2025-11-23 12:00:00,856.93,CMP003
B004649,C05084,2025-07-03 15:00:00,458.39,CMP008
B004650,C05084,2025-07-10 20:00:00,961.28,CMP003
B004651,C05084,2025-08-01 03:00:00,134.8,CMP001
B004652,C05084,2025-09-30 06:00:00,754.03,CMP002
B004653,C05085,2025-05-27 12:00:00,112.62,
B004654,C05089,2025-10-29 16:00:00,129.5,CMP002
B004655,C05090,2025-08-17 20:00:00,334.91,CMP005
B004656,C05091,2025-03-10 08:00:00,169.48,CMP001
B004657,C05091,2025-06-08 14:00:00,158.36,
B004658,C05093,2025-10-06 11:00:00,560.01,CMP003
B004659,C05097,2025-06-11 09:00:00,268.48,CMP002
B004660,C05101,2025-10-13 08:00:00,203.33,CMP004
B004661,C05102,2025-03-23 10:00:00,369.95,CMP001
B004662,C05103,2025-09-28 08:00:00,566.61,CMP003
B004663,C05104,2025-08-31 14:00:00,145.77,CMP004
B004664,C05105,2025-07-09 19:00:00,100.0,
B004665,C05105,2025-08-08 20:00:00,215.94,
B004666,C05105,2025-09-23 03:00:00,323.51,
B004667,C05105,2025-10-07 15:00:00,496.58,CMP002
B004668,C05106,2025-02-09 13:00:00,215.22,CMP001
B004669,C05107,2025-06-16 03:00:00,1036.71,CMP005
B004670,C05108,2025-01-31 18:00:00,814.8,CMP004
B004671,C05108,2025-05-02 04:00:00,434.01,CMP004
B004672,C05108,2025-05-09 07:00:00,326.9,CMP001
B004673,C05108,2025-05-16 08:00:00,528.02,CMP002
B004674,C05109,2025-11-09 15:00:00,124.43,CMP002
B004675,C05111,2025-06-04 16:00:00,410.61,
B004676,C05113,2025-06-13 05:00:00,222.0,CMP002
B004677,C05113,2025-08-12 13:00:00,126.42,CMP001
B004678,C05114,2025-05-27 13:00:00,248.01,CMP005
B004679,C05114,2025-07-12 00:00:00,1081.2,CMP002
B004680,C05114,2025-08-02 12:00:00,342.3,CMP004
B004681,C05116,2025-03-21 04:00:00,295.59,
B004682,C05117,2025-06-16 18:00:00,413.18,CMP005
B004683,C05118,2025-06-16 03:00:00,291.51,CMP001
B004684,C05119,2025-02-18 03:00:00,195.89,CMP001
B004685,C05120,2025-06-26 09:00:00,506.37,CMP003
B004686,C05120,2025-08-10 16:00:00,178.04,
B004687,C05121,2025-05-05 16:00:00,148.25,CMP004
B004688,C05121,2025-05-12 23:00:00,154.37,CMP001
B004689,C05121,2025-07-12 06:00:00,518.65,
B004690,C05123,2025-12-25 17:00:00,168.59,CMP005
B004691,C05126,2025-07-05 15:00:00,941.51,CMP004
B004692,C05127,2025-09-12 03:00:00,290.21,CMP003
B004693,C05129,2025-03-08 01:00:00,630.23,CMP002
B004694,C05130,2025-02-22 01:00:00,182.03,
B004695,C05130,2025-05-23 04:00:00,437.09,
B004696,C05130,2025-06-06 12:00:00,311.77,
B004697,C05132,2025-06-12 01:00:00,378.4,CMP002
B004698,C05133,2025-02-25 02:00:00,198.14,CMP004
B004699,C05137,2025-12-13 20:00:00,329.91,CMP002
B004700,C05139,2025-10-07 10:00:00,376.35,CMP003
B004701,C05140,2025-07-08 09:00:00,344.23,
B004702,C05141,2025-11-26 07:00:00,398.56,CMP004
B004703,C05141,2025-12-26 16:00:00,584.13,
B004704,C05142,2025-07-30 07:00:00,283.58,CMP004
B004705,C05142,2025-09-28 15:00:00,351.84,CMP003
B004706,C05142,2025-10-19 21:00:00,282.07,CMP003
B004707,C05143,2025-05-26 07:00:00,480.18,CMP003
B004708,C05143,2025-06-09 08:00:00,181.19,CMP004
B004709,C05143,2025-07-09 14:00:00,161.07,CMP003
B004710,C05146,2025-05-24 12:00:00,171.36,
B004711,C05146,2025-07-23 20:00:00,196.73,CMP002
B004712,C05147,2025-05-14 05:00:00,406.97,CMP002
B004713,C05148,2025-09-25 09:00:00,293.84,CMP004
B004714,C05148,2025-10-09 18:00:00,100.0,CMP004
B004715,C05149,2025-05-12 02:00:00,292.23,CMP005
B004716,C05150,2025-01-21 05:00:00,168.05,CMP002
B004717,C05151,2025-05-23 17:00:00,422.15,
B004718,C05153,2025-03-24 15:00:00,375.24,CMP004
B004719,C05153,2025-05-08 22:00:00,410.07,
B004720,C05156,2025-04-17 20:00:00,442.74,CMP002
B004721,C05157,2025-03-31 07:00:00,352.9,
B004722,C05159,2025-08-24 17:00:00,100.0,CMP002
B004723,C05160,2025-04-07 19:00:00,437.68,
B004724,C05160,2025-05-22 21:00:00,619.94,CMP003
B004725,C05160,2025-07-06 23:00:00,625.14,CMP004
B004726,C05161,2025-12-14 05:00:00,766.42,CMP003
B004727,C05162,2025-04-25 20:00:00,156.7,CMP002
B004728,C05162,2025-05-26 00:00:00,448.31,CMP004
B004729,C05162,2025-06-02 10:00:00,336.48,CMP002
B004730,C05162,2025-07-17 15:00:00,964.44,CMP004
B004731,C05165,2025-01-25 10:00:00,928.96,CMP004
B004732,C05166,2025-04-06 13:00:00,100.0,
B004733,C05166,2025-05-06 16:00:00,436.72,CMP005
B004734,C05168,2025-03-17 15:00:00,100.0,
B004735,C05168,2025-06-16 00:00:00,382.54,
B004736,C05168,2025-07-31 08:00:00,404.09,
B004737,C05169,2025-10-12 19:00:00,528.41,
B004738,C05169,2025-10-20 01:00:00,161.25,CMP003
B004739,C05169,2025-10-27 12:00:00,189.72,CMP001
B004740,C05171,2025-06-29 08:00:00,458.8,CMP003
B004741,C05171,2025-07-29 14:00:00,116.57,CMP004
B004742,C05171,2025-10-28 00:00:00,117.23,
B004743,C05171,2025-11-27 07:00:00,206.5,CMP004
B004744,C05173,2025-11-05 16:00:00,153.79,CMP001
B004745,C05176,2025-03-23 16:00:00,1396.67,CMP001
B004746,C05178,2025-09-21 17:00:00,1305.32,CMP004
B004747,C05178,2025-11-06 04:00:00,431.19,
B004748,C05180,2025-08-15 19:00:00,415.97,CMP003
B004749,C05181,2025-08-08 14:00:00,236.03,CMP005
B004750,C05185,2025-03-15 09:00:00,1105.54,CMP004
B004751,C05188,2025-07-31 03:00:00,879.17,CMP004
B004752,C05190,2025-12-02 17:00:00,924.37,CMP004
B004753,C05192,2025-12-03 20:00:00,293.31,CMP001
B004754,C05197,2025-07-15 11:00:00,185.27,
B004755,C05197,2025-08-05 21:00:00,324.08,CMP003
B004756,C05197,2025-08-13 05:00:00,296.72,CMP004
B004757,C05202,2025-05-04 15:00:00,282.31,CMP002
B004758,C05202,2025-05-19 03:00:00,162.75,CMP001
B004759,C05202,2025-06-18 15:00:00,665.31,CMP001
B004760,C05202,2025-07-09 19:00:00,278.75,CMP002
B004761,C05204,2025-08-25 14:00:00,506.13,CMP004
B004762,C05204,2025-10-24 21:00:00,397.64,CMP003
B004763,C05205,2025-10-23 02:00:00,100.0,CMP004
B004764,C05205,2025-11-22 13:00:00,332.36,CMP003
B004765,C05205,2025-12-22 22:00:00,293.59,CMP002
B004766,C05205,2025-12-29 23:00:00,138.53,CMP004
B004767,C05208,2025-07-31 03:00:00,660.53,
B004768,C05211,2025-09-04 19:00:00,140.37,CMP004
B004769,C05212,2025-08-17 05:00:00,517.81,CMP002
B004770,C05212,2025-09-07 12:00:00,237.87,CMP003
B004771,C05212,2025-09-21 14:00:00,654.46,CMP002
B004772,C05212,2025-12-20 16:00:00,339.62,
B004773,C05216,2025-10-25 20:00:00,217.74,CMP004
B004774,C05218,2025-06-01 19:00:00,289.6,CMP005
B004775,C05223,2025-05-31 03:00:00,115.01,CMP001
B004776,C05223,2025-08-29 07:00:00,267.33,
B004777,C05223,2025-11-27 09:00:00,610.01,
B004778,C05223,2025-12-27 14:00:00,356.54,
B004779,C05224,2025-04-23 13:00:00,371.59,CMP005
B004780,C05224,2025-07-22 22:00:00,173.14,
B004781,C05228,2025-08-08 15:00:00,437.91,
B004782,C05228,2025-09-22 22:00:00,114.36,CMP003
B004783,C05229,2025-03-20 06:00:00,318.0,CMP003
B004784,C05229,2025-04-03 08:00:00,299.73,CMP002
B004785,C05230,2025-03-25 18:00:00,328.02,CMP001
B004786,C05230,2025-04-24 19:00:00,112.33,CMP005
B004787,C05230,2025-05-16 07:00:00,180.94,CMP002
B004788,C05232,2025-08-15 18:00:00,617.24,CMP002
B004789,C05232,2025-08-23 04:00:00,745.11,CMP003
B004790,C05232,2025-11-21 11:00:00,235.92,CMP002
B004791,C05232,2025-11-28 21:00:00,416.98,CMP002
B004792,C05233,2025-06-03 15:00:00,198.43,
B004793,C05236,2025-08-10 13:00:00,251.68,
B004794,C05238,2025-07-20 12:00:00,379.9,CMP001
B004795,C05238,2025-09-18 19:00:00,571.45,
B004796,C05238,2025-12-17 21:00:00,1225.09,
B004797,C05239,2025-03-29 13:00:00,829.41,CMP002
B004798,C05239,2025-04-28 14:00:00,133.42,CMP001
B004799,C05240,2025-04-08 17:00:00,901.54,CMP004
B004800,C05240,2025-06-08 01:00:00,255.86,CMP003
B004801,C05241,2025-11-21 16:00:00,1067.59,CMP001
B004802,C05241,2025-12-13 00:00:00,184.28,CMP001
B004803,C05243,2025-03-23 07:00:00,237.6,CMP001
B004804,C05244,2025-04-01 19:00:00,183.92,CMP001
B004805,C05246,2025-05-31 09:00:00,288.37,CMP002
B004806,C05246,2025-08-29 14:00:00,102.02,
B004807,C05246,2025-09-12 17:00:00,349.05,CMP002
B004808,C05249,2025-10-02 14:00:00,418.68,
B004809,C05255,2025-05-07 15:00:00,117.46,CMP001
B004810,C05257,2025-09-16 04:00:00,795.45,CMP004
B004811,C05259,2025-06-05 12:00:00,352.01,CMP002
B004812,C05259,2025-06-12 16:00:00,227.6,CMP002
B004813,C05263,2025-04-12 06:00:00,305.73,CMP001
B004814,C05263,2025-04-26 12:00:00,255.85,CMP002
B004815,C05264,2025-04-17 13:00:00,243.51,
B004816,C05265,2025-09-17 11:00:00,136.31,
B004817,C05266,2025-06-04 19:00:00,396.84,CMP005
B004818,C05269,2025-09-24 16:00:00,229.01,CMP002
B004819,C05269,2025-11-09 04:00:00,282.21,CMP003
B004820,C05274,2025-04-11 02:00:00,766.96,CMP005
B004821,C05275,2025-12-27 09:00:00,483.8,CMP001
B004822,C05278,2025-03-09 10:00:00,996.94,CMP005
B004823,C05279,2025-11-27 09:00:00,273.45,CMP001
B004824,C05280,2025-07-23 11:00:00,180.27,CMP003
B004825,C05282,2025-01-26 01:00:00,596.46,CMP005
B004826,C05283,2025-03-15 14:00:00,229.89,CMP002
B004827,C05284,2025-11-11 11:00:00,381.26,CMP002
B004828,C05291,2025-08-21 13:00:00,296.69,CMP005
B004829,C05293,2025-07-18 20:00:00,341.55,CMP004
B004830,C05294,2025-10-09 10:00:00,100.0,CMP002
B004831,C05294,2025-10-16 17:00:00,168.2,CMP003
B004832,C05296,2025-08-23 10:00:00,344.59,CMP003
B004833,C05296,2025-10-22 17:00:00,143.86,
B004834,C05296,2025-11-06 02:00:00,308.37,CMP003
B004835,C05298,2025-05-10 11:00:00,312.46,
B004836,C05300,2025-03-19 07:00:00,112.57,CMP001
B004837,C05301,2025-05-11 07:00:00,246.07,CMP004
B004838,C05305,2025-11-21 15:00:00,507.27,CMP004
B004839,C05307,2025-04-17 10:00:00,287.16,CMP003
B004840,C05308,2025-08-09 19:00:00,534.18,
B004841,C05311,2025-09-14 04:00:00,289.65,
B004842,C05311,2025-10-29 16:00:00,726.41,CMP004
B004843,C05311,2025-11-12 19:00:00,204.82,CMP002
B004844,C05314,2025-10-01 04:00:00,101.89,CMP002
B004845,C05314,2025-10-22 16:00:00,446.39,CMP003
B004846,C05314,2025-10-30 01:00:00,268.81,CMP004
B004847,C05314,2025-11-06 09:00:00,156.14,CMP003
B004848,C05316,2025-07-25 14:00:00,126.45,CMP002
B004849,C05316,2025-08-24 20:00:00,253.4,CMP001
B004850,C05316,2025-11-22 21:00:00,230.37,
B004851,C05316,2025-12-07 09:00:00,226.7,CMP005
B004852,C05318,2025-09-04 03:00:00,303.91,CMP003
B004853,C05323,2025-09-21 11:00:00,385.69,CMP002
B004854,C05323,2025-10-12 14:00:00,307.12,CMP003
B004855,C05323,2025-11-02 23:00:00,221.99,CMP001
B004856,C05324,2025-10-04 03:00:00,365.07,CMP004
B004857,C05326,2025-05-12 13:00:00,216.26,CMP002
B004858,C05327,2025-11-26 12:00:00,531.03,CMP001
B004859,C05327,2025-12-03 17:00:00,239.73,CMP002
B004860,C05328,2025-08-25 10:00:00,697.8,CMP002
B004861,C05328,2025-09-24 14:00:00,163.05,CMP004
B004862,C05328,2025-11-08 19:00:00,295.8,
B004863,C05331,2025-03-15 16:00:00,149.48,CMP003
B004864,C05331,2025-05-14 18:00:00,383.66,CMP003
B004865,C05331,2025-06-04 20:00:00,215.42,CMP003
B004866,C05331,2025-06-26 06:00:00,937.11,
B004867,C05333,2025-07-07 18:00:00,584.05,CMP002
B004868,C05335,2025-09-19 18:00:00,164.29,CMP002
B004869,C05335,2025-11-18 20:00:00,663.17,CMP002
B004870,C05341,2025-04-14 17:00:00,305.59,CMP001
B004871,C05342,2025-04-07 18:00:00,233.9,
B004872,C05344,2025-08-19 06:00:00,953.25,CMP004
B004873,C05344,2025-09-18 11:00:00,387.27,CMP003
B004874,C05344,2025-11-17 23:00:00,102.05,CMP005
B004875,C05345,2025-12-05 17:00:00,115.14,CMP002
B004876,C05346,2025-09-16 02:00:00,105.96,CMP005
B004877,C05346,2025-12-15 09:00:00,562.28,CMP005
B004878,C05348,2025-08-09 07:00:00,447.83,CMP001
B004879,C05353,2025-04-15 11:00:00,100.0,
B004880,C05353,2025-04-22 17:00:00,339.8,CMP004
B004881,C05353,2025-05-06 23:00:00,100.0,CMP003
B004882,C05355,2025-09-28 09:00:00,332.14,CMP001
B004883,C05355,2025-12-27 15:00:00,563.47,CMP002
B004884,C05357,2025-03-18 12:00:00,191.82,CMP005
B004885,C05360,2025-10-04 10:00:00,259.09,CMP002
B004886,C05362,2025-12-25 20:00:00,377.8,CMP001
B004887,C05363,2025-05-27 15:00:00,226.04,CMP003
B004888,C05366,2025-06-24 04:00:00,637.78,CMP001
B004889,C05366,2025-07-01 06:00:00,684.35,CMP004
B004890,C05366,2025-08-30 10:00:00,263.36,
B004891,C05366,2025-10-29 11:00:00,164.13,CMP004
B004892,C05378,2025-02-08 05:00:00,339.01,CMP002
B004893,C05380,2025-12-26 06:00:00,187.17,
B004894,C05381,2025-04-30 20:00:00,111.64,
B004895,C05385,2025-03-27 19:00:00,100.0,CMP001
B004896,C05387,2025-11-06 06:00:00,258.22,CMP001
B004897,C05387,2025-11-27 09:00:00,397.48,CMP002
B004898,C05387,2025-12-27 15:00:00,253.22,CMP004
B004899,C05388,2025-10-14 17:00:00,495.45,
B004900,C05389,2025-04-03 14:00:00,198.44,CMP001
B004901,C05392,2025-05-15 14:00:00,205.35,CMP002
B004902,C05393,2025-10-17 07:00:00,110.54,CMP004
B004903,C05395,2025-07-20 08:00:00,832.24,CMP003
B004904,C05396,2025-06-04 07:00:00,488.72,CMP002
B004905,C05397,2025-11-15 06:00:00,153.4,CMP002
B004906,C05399,2025-02-17 07:00:00,515.34,CMP001
B004907,C05400,2025-07-27 11:00:00,502.64,CMP001
B004908,C05401,2025-04-17 17:00:00,323.51,CMP003
B004909,C05403,2025-08-19 18:00:00,418.87,CMP002
B004910,C05403,2025-09-09 23:00:00,128.62,CMP002
B004911,C05403,2025-09-24 05:00:00,216.2,CMP003
B004912,C05403,2025-11-23 10:00:00,521.68,CMP001
B004913,C05405,2025-08-15 14:00:00,678.6,CMP002
B004914,C05406,2025-08-14 05:00:00,149.72,CMP005
B004915,C05407,2025-05-27 11:00:00,268.9,
B004916,C05409,2025-12-12 02:00:00,364.55,CMP001
B004917,C05412,2025-08-29 06:00:00,183.23,CMP002
B004918,C05412,2025-09-19 08:00:00,247.53,CMP002
B004919,C05416,2025-01-28 05:00:00,600.01,CMP001
B004920,C05416,2025-02-04 10:00:00,262.04,CMP001
B004921,C05419,2025-03-26 05:00:00,166.47,CMP002
B004922,C05419,2025-04-09 13:00:00,100.0,CMP004
B004923,C05421,2025-02-13 04:00:00,552.63,CMP003
B004924,C05421,2025-03-30 12:00:00,294.72,CMP005
B004925,C05421,2025-04-06 14:00:00,519.41,CMP002
B004926,C05424,2025-03-13 07:00:00,137.88,CMP004
B004927,C05424,2025-03-27 11:00:00,249.7,CMP004
B004928,C05424,2025-06-25 16:00:00,221.78,
B004929,C05424,2025-07-09 20:00:00,1169.71,CMP002
B004930,C05425,2025-10-20 07:00:00,606.69,CMP004
B004931,C05425,2025-12-04 15:00:00,210.13,CMP004
B004932,C05426,2025-07-28 10:00:00,243.24,CMP005
B004933,C05427,2025-10-07 16:00:00,217.78,
B004934,C05431,2025-10-05 07:00:00,229.24,CMP002
B004935,C05431,2025-12-04 17:00:00,135.7,
B004936,C05434,2025-02-13 14:00:00,469.66,CMP004
B004937,C05434,2025-03-31 02:00:00,227.45,CMP001
B004938,C05434,2025-05-15 09:00:00,295.36,CMP001
B004939,C05434,2025-06-14 19:00:00,359.11,CMP003
B004940,C05435,2025-09-19 17:00:00,828.01,
B004941,C05437,2025-09-08 15:00:00,224.29,CMP003
B004942,C05437,2025-09-23 02:00:00,150.26,CMP003
B004943,C05437,2025-10-23 08:00:00,309.95,CMP001
B004944,C05437,2025-11-06 16:00:00,199.26,CMP002
B004945,C05438,2025-10-30 02:00:00,355.54,
B004946,C05438,2025-11-29 11:00:00,153.41,CMP003
B004947,C05439,2025-12-04 18:00:00,496.8,CMP002
B004948,C05439,2025-12-11 20:00:00,100.0,CMP002
B004949,C05439,2025-12-19 08:00:00,411.98,CMP001
B004950,C05440,2025-05-19 20:00:00,179.2,CMP003
B004951,C05440,2025-08-18 06:00:00,399.29,
B004952,C05440,2025-09-01 08:00:00,130.16,CMP003
B004953,C05442,2025-08-27 03:00:00,525.2,CMP005
B004954,C05445,2025-11-01 18:00:00,839.46,CMP002
B004955,C05447,2025-05-11 13:00:00,408.44,CMP005
B004956,C05448,2025-07-10 17:00:00,221.27,CMP001
B004957,C05449,2025-08-31 04:00:00,207.01,
B004958,C05449,2025-09-21 07:00:00,413.38,CMP004
B004959,C05451,2025-09-25 14:00:00,308.06,CMP001
B004960,C05452,2025-11-16 02:00:00,1145.67,CMP001
B004961,C05456,2025-03-03 11:00:00,439.67,CMP004
B004962,C05456,2025-03-24 12:00:00,319.26,CMP003
B004963,C05456,2025-04-01 00:00:00,201.97,CMP002
B004964,C05456,2025-05-31 05:00:00,456.82,CMP001
B004965,C05457,2025-01-23 14:00:00,231.86,CMP002
B004966,C05457,2025-03-24 19:00:00,603.16,CMP004
B004967,C05459,2025-12-01 10:00:00,191.69,CMP001
B004968,C05462,2025-03-15 10:00:00,755.34,CMP001
B004969,C05464,2025-08-24 09:00:00,100.0,CMP001
B004970,C05466,2025-07-20 11:00:00,421.73,CMP003
B004971,C05466,2025-10-18 18:00:00,300.13,
B004972,C05466,2025-12-02 20:00:00,336.59,CMP002
B004973,C05466,2025-12-16 23:00:00,257.94,CMP003
B004974,C05467,2025-05-23 18:00:00,517.44,CMP004
B004975,C05467,2025-07-22 19:00:00,431.57,
B004976,C05467,2025-08-12 21:00:00,969.33,
B004977,C05468,2025-08-28 03:00:00,145.46,
B004978,C05469,2025-12-24 08:00:00,400.61,CMP004
B004979,C05472,2025-11-15 16:00:00,250.01,CMP002
B004980,C05474,2025-12-08 16:00:00,849.03,CMP001
B004981,C05475,2025-04-01 12:00:00,206.8,CMP002
B004982,C05476,2025-04-18 02:00:00,405.16,CMP001
B004983,C05477,2025-10-03 08:00:00,555.46,CMP001
B004984,C05479,2025-10-22 14:00:00,101.82,CMP003
B004985,C05479,2025-10-29 18:00:00,554.85,CMP001
B004986,C05479,2025-11-06 00:00:00,137.25,CMP005
B004987,C05481,2025-12-08 20:00:00,180.05,
B004988,C05483,2025-08-06 10:00:00,156.17,
B004989,C05484,2025-09-22 07:00:00,154.39,CMP003
B004990,C05485,2025-04-23 01:00:00,557.58,CMP002
B004991,C05486,2025-04-22 10:00:00,380.65,CMP002
B004992,C05486,2025-04-29 16:00:00,809.01,CMP001
B004993,C05488,2025-02-24 03:00:00,186.68,CMP001
B004994,C05488,2025-04-25 07:00:00,140.52,CMP005
B004995,C05488,2025-05-16 13:00:00,139.54,CMP004
B004996,C05491,2025-11-19 07:00:00,164.66,CMP003
B004997,C05491,2025-12-03 12:00:00,304.57,CMP003
B004998,C05491,2025-12-18 00:00:00,467.93,CMP001
B004999,C05492,2025-05-14 09:00:00,357.98,
B005000,C05493,2025-06-15 15:00:00,227.92,CMP001
B005001,C05495,2025-10-23 12:00:00,100.42,CMP004
B005002,C05495,2025-11-22 13:00:00,715.27,
B005003,C05495,2025-11-29 20:00:00,226.9,CMP001
B005004,C05496,2025-11-07 03:00:00,243.41,
B005005,C05498,2025-03-26 09:00:00,877.38,CMP003
B005006,C05502,2025-05-25 04:00:00,262.41,CMP001
B005007,C05504,2025-08-14 01:00:00,332.33,CMP003
B005008,C05506,2025-10-31 12:00:00,357.59,CMP004
B005009,C05506,2025-11-30 17:00:00,409.99,CMP005
B005010,C05510,2025-07-13 11:00:00,553.9,CMP002
B005011,C05511,2025-04-01 14:00:00,362.81,CMP003
B005012,C05512,2025-12-04 20:00:00,793.19,CMP003
B005013,C05513,2025-05-12 13:00:00,254.83,
B005014,C05514,2025-09-25 13:00:00,358.05,CMP001
B005015,C05516,2025-06-08 01:00:00,203.82,CMP003
B005016,C05517,2025-12-23 20:00:00,957.1,CMP002
B005017,C05519,2025-11-29 05:00:00,153.64,CMP002
B005018,C05519,2025-12-06 15:00:00,323.75,CMP002
B005019,C05523,2025-06-08 04:00:00,201.17,CMP001
B005020,C05523,2025-07-08 06:00:00,617.4,CMP003
B005021,C05523,2025-08-22 12:00:00,121.14,CMP003
B005022,C05523,2025-09-05 15:00:00,787.71,CMP003
B005023,C05524,2025-07-22 13:00:00,572.66,
B005024,C05524,2025-08-21 20:00:00,419.09,CMP005
B005025,C05524,2025-09-04 23:00:00,261.37,CMP003
B005026,C05527,2025-02-13 02:00:00,274.09,CMP003
B005027,C05528,2025-08-13 08:00:00,115.54,CMP001
B005028,C05528,2025-09-12 20:00:00,1196.58,CMP003
B005029,C05529,2025-05-31 03:00:00,288.38,CMP003
B005030,C05530,2025-02-22 08:00:00,907.69,CMP003
B005031,C05530,2025-03-15 19:00:00,337.67,CMP004
B005032,C05530,2025-06-13 21:00:00,384.38,
B005033,C05530,2025-08-13 00:00:00,184.45,
B005034,C05531,2025-09-05 07:00:00,100.74,CMP001
B005035,C05533,2025-06-29 08:00:00,152.98,CMP002
B005036,C05535,2025-12-07 12:00:00,519.63,CMP002
B005037,C05536,2025-06-10 15:00:00,365.76,
B005038,C05536,2025-07-10 22:00:00,480.86,
B005039,C05540,2025-12-25 18:00:00,400.3,CMP002
B005040,C05542,2025-12-23 09:00:00,828.46,CMP003
B005041,C05543,2025-09-08 15:00:00,163.77,CMP003
B005042,C05543,2025-10-09 00:00:00,178.2,CMP005
B005043,C05543,2025-12-08 02:00:00,415.28,CMP001
B005044,C05546,2025-09-29 02:00:00,122.83,CMP005
B005045,C05547,2025-06-02 03:00:00,100.0,CMP005
B005046,C05548,2025-04-14 09:00:00,130.51,CMP001
B005047,C05549,2025-11-18 10:00:00,859.04,CMP004
B005048,C05551,2025-03-07 03:00:00,550.0,CMP003
B005049,C05555,2025-08-17 07:00:00,133.47,CMP005
B005050,C05556,2025-10-08 15:00:00,442.15,CMP004
B005051,C05557,2025-02-18 02:00:00,529.66,CMP001
B005052,C05558,2025-01-26 15:00:00,128.61,CMP004
B005053,C05559,2025-04-07 01:00:00,130.11,CMP004
B005054,C05560,2025-08-24 04:00:00,522.79,CMP004
B005055,C05560,2025-10-23 11:00:00,228.43,CMP002
B005056,C05560,2025-12-22 20:00:00,372.57,CMP003
B005057,C05563,2025-10-25 07:00:00,176.18,CMP002
B005058,C05565,2025-08-17 16:00:00,417.73,CMP001
B005059,C05565,2025-08-24 20:00:00,206.4,CMP002
B005060,C05565,2025-09-08 03:00:00,540.02,CMP003
B005061,C05565,2025-09-29 05:00:00,395.4,CMP003
B005062,C05568,2025-03-24 17:00:00,128.09,
B005063,C05568,2025-04-07 23:00:00,296.39,CMP004
B005064,C05568,2025-07-07 01:00:00,187.76,
B005065,C05568,2025-07-28 13:00:00,197.08,CMP002
B005066,C05570,2025-05-19 16:00:00,173.83,CMP004
B005067,C05571,2025-02-25 20:00:00,857.94,CMP003
B005068,C05572,2025-07-13 17:00:00,401.25,CMP002
B005069,C05574,2025-03-01 04:00:00,336.87,CMP003
B005070,C05575,2025-09-05 02:00:00,143.25,
B005071,C05575,2025-09-19 06:00:00,478.74,CMP004
B005072,C05580,2025-07-03 19:00:00,873.06,CMP005
B005073,C05581,2025-07-27 19:00:00,910.83,
B005074,C05582,2025-09-03 08:00:00,236.05,CMP002
B005075,C05582,2025-09-10 15:00:00,296.28,CMP001
B005076,C05583,2025-04-08 05:00:00,273.98,
B005077,C05585,2025-04-19 06:00:00,201.26,
B005078,C05586,2025-04-28 18:00:00,186.27,
B005079,C05589,2025-11-23 15:00:00,919.61,CMP005
B005080,C05590,2025-09-21 18:00:00,163.77,CMP004
B005081,C05590,2025-10-22 06:00:00,429.46,CMP004
B005082,C05590,2025-11-05 07:00:00,144.31,CMP001
B005083,C05590,2025-11-12 11:00:00,188.55,CMP001
B005084,C05592,2025-10-01 03:00:00,506.72,CMP001
B005085,C05593,2025-05-24 09:00:00,454.89,CMP004
B005086,C05593,2025-07-08 17:00:00,326.42,CMP004
B005087,C05595,2025-11-25 14:00:00,142.6,CMP005
B005088,C05599,2025-04-01 01:00:00,355.81,
B005089,C05603,2025-12-22 20:00:00,195.91,CMP003
B005090,C05604,2025-09-28 02:00:00,147.48,
B005091,C05605,2025-06-21 03:00:00,100.0,
B005092,C05609,2025-08-01 18:00:00,374.26,
B005093,C05609,2025-09-30 19:00:00,817.45,CMP004
B005094,C05609,2025-10-15 04:00:00,191.42,CMP002
B005095,C05611,2025-10-29 04:00:00,327.17,CMP003
B005096,C05611,2025-12-13 07:00:00,195.52,CMP004
B005097,C05613,2025-06-15 02:00:00,211.6,CMP004
B005098,C05615,2025-11-04 08:00:00,507.82,CMP004
B005099,C05615,2025-11-18 19:00:00,520.01,CMP003
B005100,C05616,2025-03-24 09:00:00,987.29,CMP005
B005101,C05616,2025-03-31 17:00:00,408.24,CMP002
B005102,C05616,2025-04-14 19:00:00,238.35,CMP002
B005103,C05617,2025-03-27 14:00:00,139.87,CMP005
B005104,C05618,2025-05-19 04:00:00,869.73,CMP004
B005105,C05620,2025-02-27 07:00:00,655.07,CMP002
B005106,C05620,2025-03-20 19:00:00,798.12,CMP001
B005107,C05620,2025-03-28 00:00:00,272.13,CMP002
B005108,C05620,2025-04-18 12:00:00,225.95,CMP002
B005109,C05621,2025-11-28 14:00:00,100.0,CMP003
B005110,C05621,2025-12-19 16:00:00,401.1,CMP001
B005111,C05622,2025-06-16 14:00:00,278.33,CMP004
B005112,C05625,2025-08-04 04:00:00,528.47,CMP002
B005113,C05625,2025-10-03 13:00:00,432.59,CMP001
B005114,C05626,2025-10-31 14:00:00,291.28,CMP003
B005115,C05626,2025-11-14 21:00:00,100.0,CMP003
B005116,C05626,2025-12-06 00:00:00,221.82,CMP004
B005117,C05628,2025-02-28 08:00:00,412.41,CMP002
B005118,C05628,2025-04-29 13:00:00,383.08,CMP004
B005119,C05628,2025-05-29 15:00:00,302.94,CMP002
B005120,C05629,2025-09-04 17:00:00,416.33,
B005121,C05629,2025-09-11 22:00:00,115.37,CMP002
B005122,C05629,2025-11-11 06:00:00,316.47,CMP001
B005123,C05637,2025-03-20 01:00:00,157.7,CMP004
B005124,C05638,2025-12-02 19:00:00,565.72,CMP002
B005125,C05638,2025-12-24 07:00:00,228.41,CMP002
B005126,C05638,2025-12-31 10:00:00,588.44,CMP004
B005127,C05640,2025-07-15 20:00:00,141.29,CMP003
B005128,C05640,2025-07-22 23:00:00,435.68,CMP003
B005129,C05640,2025-09-06 09:00:00,121.19,CMP003
B005130,C05640,2025-10-06 19:00:00,305.69,CMP005
B005131,C05641,2025-12-17 09:00:00,321.94,CMP003
B005132,C05643,2025-04-06 14:00:00,239.05,
B005133,C05643,2025-05-06 16:00:00,251.88,CMP004
B005134,C05643,2025-05-27 19:00:00,438.57,CMP001
B005135,C05646,2025-05-28 10:00:00,522.44,CMP005
B005136,C05646,2025-06-18 15:00:00,560.64,CMP004
B005137,C05646,2025-07-19 00:00:00,315.46,CMP001
B005138,C05646,2025-09-17 05:00:00,237.57,CMP001
B005139,C05648,2025-07-02 16:00:00,1277.46,CMP004
B005140,C05653,2025-06-20 11:00:00,268.72,CMP004
B005141,C05654,2025-05-26 18:00:00,1107.61,CMP002
B005142,C05656,2025-02-17 18:00:00,100.0,CMP001
B005143,C05656,2025-04-19 00:00:00,358.16,
B005144,C05656,2025-04-26 08:00:00,548.29,CMP004
B005145,C05656,2025-07-25 10:00:00,604.65,CMP001
B005146,C05659,2025-03-12 06:00:00,190.77,CMP004
B005147,C05659,2025-05-11 18:00:00,176.31,CMP002
B005148,C05659,2025-06-10 21:00:00,116.58,CMP001
B005149,C05660,2025-02-11 08:00:00,164.32,CMP002
B005150,C05662,2025-09-15 08:00:00,113.39,
B005151,C05662,2025-10-06 15:00:00,380.56,CMP004
B005152,C05662,2025-10-20 18:00:00,591.73,CMP004
B005153,C05662,2025-12-05 01:00:00,322.83,CMP001
B005154,C05663,2025-10-05 07:00:00,464.18,CMP001
B005155,C05664,2025-02-21 20:00:00,883.78,CMP003
B005156,C05664,2025-04-08 01:00:00,245.13,CMP004
B005157,C05664,2025-05-08 02:00:00,354.87,CMP002
B005158,C05664,2025-05-15 03:00:00,154.55,CMP004
B005159,C05668,2025-03-08 03:00:00,345.58,CMP001
B005160,C05669,2025-06-29 12:00:00,162.28,CMP004
B005161,C05669,2025-08-14 00:00:00,249.95,CMP005
B005162,C05669,2025-11-12 01:00:00,455.36,
B005163,C05669,2025-11-19 07:00:00,177.34,CMP003
B005164,C05672,2025-07-05 13:00:00,368.43,
B005165,C05673,2025-02-06 15:00:00,718.82,CMP003
B005166,C05674,2025-06-20 06:00:00,187.42,CMP003
B005167,C05674,2025-09-18 15:00:00,102.31,CMP002
B005168,C05674,2025-10-09 19:00:00,283.95,CMP002
B005169,C05675,2025-10-14 16:00:00,653.68,CMP004
B005170,C05676,2025-12-21 15:00:00,102.41,CMP001
B005171,C05677,2025-07-11 09:00:00,315.83,CMP004
B005172,C05679,2025-08-20 15:00:00,693.3,CMP005
B005173,C05681,2025-08-01 14:00:00,291.69,CMP003
B005174,C05682,2025-05-30 13:00:00,227.07,CMP005
B005175,C05684,2025-09-02 06:00:00,216.79,CMP004
B005176,C05684,2025-10-02 17:00:00,647.7,CMP001
B005177,C05686,2025-08-29 10:00:00,268.59,CMP003
B005178,C05686,2025-09-19 21:00:00,554.39,CMP003
B005179,C05686,2025-10-20 02:00:00,154.03,CMP004
B005180,C05687,2025-07-04 06:00:00,190.42,CMP002
B005181,C05690,2025-11-07 05:00:00,821.73,CMP001
B005182,C05690,2025-12-22 11:00:00,148.88,CMP001
B005183,C05692,2025-07-29 16:00:00,112.92,CMP005
B005184,C05697,2025-12-20 13:00:00,152.4,CMP001
B005185,C05700,2025-02-09 10:00:00,269.45,
B005186,C05700,2025-02-23 20:00:00,240.62,CMP002
B005187,C05700,2025-03-03 00:00:00,105.44,CMP001
B005188,C05703,2025-07-24 06:00:00,291.84,
B005189,C05705,2025-10-10 18:00:00,302.74,CMP001
B005190,C05707,2025-02-21 15:00:00,706.5,CMP001
B005191,C05712,2025-03-30 01:00:00,158.2,CMP002
B005192,C05712,2025-05-29 07:00:00,107.86,CMP004
B005193,C05712,2025-06-28 10:00:00,100.0,CMP002
B005194,C05712,2025-07-19 12:00:00,316.9,CMP003
B005195,C05713,2025-06-22 04:00:00,247.72,CMP002
B005196,C05718,2025-04-22 10:00:00,1155.69,CMP003
B005197,C05719,2025-04-04 17:00:00,100.76,CMP003
B005198,C05719,2025-06-04 01:00:00,401.06,
B005199,C05720,2025-02-20 17:00:00,203.86,CMP004
B005200,C05720,2025-04-21 22:00:00,265.18,CMP001
B005201,C05720,2025-04-29 00:00:00,289.28,CMP004
B005202,C05720,2025-06-28 06:00:00,362.36,
B005203,C05721,2025-08-06 02:00:00,416.56,CMP004
B005204,C05722,2025-12-31 06:00:00,260.9,CMP003
B005205,C05723,2025-08-20 09:00:00,253.15,CMP005
B005206,C05725,2025-07-23 20:00:00,221.16,CMP004
B005207,C05726,2025-05-26 07:00:00,315.99,
B005208,C05726,2025-08-24 10:00:00,388.88,CMP005
B005209,C05726,2025-10-23 12:00:00,299.04,CMP002
B005210,C05727,2025-12-26 09:00:00,336.45,CMP003
B005211,C05728,2025-12-16 18:00:00,100.0,CMP004
B005212,C05729,2025-05-13 15:00:00,392.68,
B005213,C05730,2025-09-19 07:00:00,185.55,CMP002
B005214,C05730,2025-11-03 09:00:00,382.29,CMP005
B005215,C05731,2025-06-26 14:00:00,155.97,CMP004
B005216,C05732,2025-07-18 17:00:00,151.59,
B005217,C05732,2025-09-16 18:00:00,312.48,
B005218,C05732,2025-11-01 02:00:00,137.64,
B005219,C05735,2025-09-08 17:00:00,204.22,CMP004
B005220,C05735,2025-09-23 01:00:00,100.0,
B005221,C05735,2025-10-23 02:00:00,360.83,
B005222,C05736,2025-10-23 13:00:00,678.87,CMP003
B005223,C05739,2025-10-13 01:00:00,358.94,CMP001
B005224,C05740,2025-09-22 15:00:00,841.28,CMP002
B005225,C05740,2025-12-21 22:00:00,129.83,
B005226,C05743,2025-09-14 19:00:00,365.46,
B005227,C05744,2025-04-06 10:00:00,213.84,CMP002
B005228,C05744,2025-05-21 21:00:00,224.75,
B005229,C05744,2025-05-29 07:00:00,750.12,CMP002
B005230,C05745,2025-06-26 19:00:00,725.98,CMP003
B005231,C05745,2025-07-04 06:00:00,100.0,CMP004
B005232,C05745,2025-07-25 17:00:00,411.12,CMP002
B005233,C05745,2025-08-09 00:00:00,302.2,CMP003
B005234,C05747,2025-04-01 04:00:00,617.11,CMP003
B005235,C05750,2025-08-07 08:00:00,295.07,CMP004
B005236,C05755,2025-12-29 03:00:00,498.95,CMP003
B005237,C05756,2025-11-18 14:00:00,513.62,CMP002
B005238,C05757,2025-07-22 10:00:00,180.27,CMP001
B005239,C05759,2025-03-14 10:00:00,100.0,CMP002
B005240,C05759,2025-06-12 14:00:00,346.73,
B005241,C05759,2025-07-03 19:00:00,109.12,CMP002
B005242,C05760,2025-12-03 08:00:00,138.42,CMP001
B005243,C05762,2025-11-02 06:00:00,132.04,
B005244,C05765,2025-04-23 18:00:00,174.52,CMP005
B005245,C05766,2025-06-24 03:00:00,221.32,CMP003
B005246,C05766,2025-08-08 12:00:00,123.21,CMP002
B005247,C05767,2025-02-24 07:00:00,221.96,CMP004
B005248,C05770,2025-05-15 11:00:00,268.28,CMP001
B005249,C05771,2025-04-07 02:00:00,225.21,
B005250,C05772,2025-06-26 06:00:00,515.09,CMP003
B005251,C05772,2025-08-25 12:00:00,100.0,CMP002
B005252,C05772,2025-09-24 18:00:00,160.13,CMP002
B005253,C05772,2025-10-02 00:00:00,916.94,CMP002
B005254,C05773,2025-10-28 17:00:00,479.01,
B005255,C05773,2025-12-27 18:00:00,183.29,
B005256,C05775,2025-02-25 20:00:00,464.05,CMP001
B005257,C05776,2025-07-16 09:00:00,900.2,CMP002
B005258,C05776,2025-08-06 18:00:00,209.66,CMP004
B005259,C05777,2025-04-12 19:00:00,328.08,CMP002
B005260,C05778,2025-11-28 16:00:00,180.84,
B005261,C05779,2025-11-28 16:00:00,106.11,CMP001
B005262,C05781,2025-08-26 13:00:00,234.26,CMP002
B005263,C05781,2025-09-02 16:00:00,100.0,CMP003
B005264,C05781,2025-12-01 19:00:00,804.15,
B005265,C05785,2025-10-15 16:00:00,421.88,CMP002
B005266,C05790,2025-09-03 20:00:00,705.32,CMP002
B005267,C05790,2025-10-18 21:00:00,667.3,
B005268,C05790,2025-10-26 07:00:00,866.5,CMP001
B005269,C05793,2025-07-24 09:00:00,118.88,
B005270,C05795,2025-12-16 08:00:00,244.41,CMP002
B005271,C05798,2025-03-20 01:00:00,836.69,
B005272,C05799,2025-07-10 01:00:00,249.37,CMP003
B005273,C05799,2025-07-24 02:00:00,317.64,CMP002
B005274,C05799,2025-09-22 08:00:00,171.39,CMP003
B005275,C05799,2025-11-06 18:00:00,312.5,CMP003
B005276,C05800,2025-09-28 03:00:00,464.46,CMP004
B005277,C05802,2025-03-30 03:00:00,100.0,CMP001
B005278,C05803,2025-10-03 09:00:00,940.31,CMP003
B005279,C05809,2025-04-20 07:00:00,428.62,
B005280,C05812,2025-12-24 02:00:00,514.39,CMP002
B005281,C05813,2025-10-08 12:00:00,277.5,CMP002
B005282,C05814,2025-04-21 15:00:00,267.67,CMP004
B005283,C05814,2025-05-12 16:00:00,171.42,CMP003
B005284,C05817,2025-12-31 13:00:00,137.65,CMP004
B005285,C05818,2025-12-15 12:00:00,100.0,CMP002
B005286,C05820,2025-03-02 13:00:00,319.31,CMP001
B005287,C05820,2025-04-02 00:00:00,146.98,CMP005
B005288,C05820,2025-04-09 05:00:00,140.77,CMP005
B005289,C05821,2025-03-31 01:00:00,455.76,CMP002
B005290,C05821,2025-06-29 09:00:00,185.3,CMP005
B005291,C05824,2025-05-07 16:00:00,100.0,CMP002
B005292,C05825,2025-05-21 06:00:00,392.47,CMP002
B005293,C05826,2025-05-26 06:00:00,359.48,CMP001
B005294,C05826,2025-06-09 18:00:00,192.44,CMP002
B005295,C05826,2025-06-17 00:00:00,186.41,CMP001
B005296,C05828,2025-09-03 15:00:00,322.2,CMP003
B005297,C05828,2025-12-02 22:00:00,249.33,
B005298,C05828,2025-12-10 07:00:00,507.24,CMP003
B005299,C05830,2025-04-22 09:00:00,298.3,
B005300,C05831,2025-02-27 07:00:00,842.48,CMP002
B005301,C05831,2025-04-13 09:00:00,227.05,CMP004
B005302,C05831,2025-05-28 20:00:00,153.33,CMP001
B005303,C05831,2025-07-28 02:00:00,367.31,CMP002
B005304,C05833,2025-01-24 17:00:00,286.46,CMP001
B005305,C05834,2025-07-20 11:00:00,100.0,
B005306,C05834,2025-08-03 15:00:00,290.24,CMP002
B005307,C05834,2025-09-17 20:00:00,198.19,CMP002
B005308,C05835,2025-10-05 11:00:00,350.77,CMP002
B005309,C05839,2025-07-18 10:00:00,714.9,CMP004
B005310,C05840,2025-04-11 20:00:00,282.76,CMP004
B005311,C05840,2025-07-11 04:00:00,100.0,
B005312,C05840,2025-08-10 15:00:00,230.82,CMP002
B005313,C05843,2025-02-11 10:00:00,293.36,CMP002
B005314,C05844,2025-12-30 03:00:00,405.03,CMP004
B005315,C05845,2025-03-07 16:00:00,281.02,CMP003
B005316,C05848,2025-04-03 20:00:00,405.38,
B005317,C05851,2025-04-22 17:00:00,197.8,CMP001
B005318,C05851,2025-04-30 03:00:00,699.56,CMP003
B005319,C05851,2025-07-29 05:00:00,343.53,
B005320,C05852,2025-11-01 01:00:00,659.0,CMP002
B005321,C05852,2025-12-01 06:00:00,146.26,CMP001
B005322,C05854,2025-12-05 01:00:00,343.78,CMP002
B005323,C05856,2025-09-01 13:00:00,100.0,CMP002
B005324,C05857,2025-08-25 04:00:00,307.96,
B005325,C05857,2025-10-24 12:00:00,214.43,CMP001
B005326,C05857,2025-11-23 16:00:00,198.8,
B005327,C05859,2025-11-19 19:00:00,374.25,
B005328,C05859,2025-11-27 02:00:00,1319.56,CMP002
B005329,C05863,2025-07-17 05:00:00,227.14,CMP001
B005330,C05864,2025-07-04 08:00:00,663.99,
B005331,C05865,2025-08-21 18:00:00,487.4,CMP003
B005332,C05869,2025-12-01 09:00:00,609.12,
B005333,C05870,2025-09-01 17:00:00,239.64,
B005334,C05871,2025-11-18 18:00:00,217.67,CMP004
B005335,C05873,2025-07-14 06:00:00,555.72,
B005336,C05873,2025-10-12 10:00:00,187.08,CMP005
B005337,C05874,2025-03-05 07:00:00,103.59,
B005338,C05875,2025-06-14 16:00:00,281.7,CMP003
B005339,C05879,2025-12-13 08:00:00,223.38,CMP001
B005340,C05880,2025-03-11 08:00:00,259.69,CMP003
B005341,C05881,2025-03-06 15:00:00,440.52,CMP004
B005342,C05885,2025-02-17 17:00:00,174.31,CMP004
B005343,C05886,2025-11-11 02:00:00,478.62,CMP002
B005344,C05888,2025-11-02 06:00:00,420.39,CMP001
B005345,C05888,2025-12-17 16:00:00,603.91,CMP001
B005346,C05889,2025-06-01 12:00:00,448.29,CMP001
B005347,C05890,2025-03-06 19:00:00,582.6,CMP005
B005348,C05890,2025-03-21 06:00:00,270.56,CMP002
B005349,C05890,2025-04-11 12:00:00,225.11,CMP004
B005350,C05890,2025-06-10 17:00:00,246.48,CMP002
B005351,C05891,2025-10-17 18:00:00,419.44,CMP001
B005352,C05891,2025-11-17 00:00:00,380.84,CMP004
B005353,C05892,2025-07-08 19:00:00,120.24,CMP002
B005354,C05892,2025-09-07 07:00:00,177.37,
B005355,C05892,2025-11-06 17:00:00,452.01,CMP005
B005356,C05893,2025-07-15 05:00:00,551.42,CMP004
B005357,C05895,2025-02-12 19:00:00,272.78,
B005358,C05895,2025-05-14 05:00:00,100.0,CMP002
B005359,C05895,2025-05-28 12:00:00,212.48,CMP001
B005360,C05896,2025-05-25 04:00:00,130.13,CMP002
B005361,C05898,2025-02-22 06:00:00,1057.22,CMP002
B005362,C05899,2025-03-18 17:00:00,546.76,
B005363,C05900,2025-08-11 15:00:00,209.22,CMP004
B005364,C05900,2025-09-11 02:00:00,732.49,CMP001
B005365,C05900,2025-10-11 06:00:00,837.19,CMP004
B005366,C05901,2025-09-25 17:00:00,140.07,CMP005
B005367,C05902,2025-11-11 17:00:00,100.0,CMP003
B005368,C05903,2025-09-04 16:00:00,330.95,CMP001
B005369,C05907,2025-03-22 03:00:00,252.61,CMP003
B005370,C05908,2025-03-21 11:00:00,269.56,CMP002
B005371,C05913,2025-03-29 18:00:00,610.42,CMP004
B005372,C05915,2025-01-30 12:00:00,173.96,CMP002
B005373,C05915,2025-02-06 23:00:00,118.31,CMP002
B005374,C05915,2025-04-08 08:00:00,475.63,
B005375,C05917,2025-06-15 01:00:00,511.97,CMP003
B005376,C05917,2025-07-06 09:00:00,187.6,CMP002
B005377,C05917,2025-07-13 18:00:00,308.63,CMP005
B005378,C05917,2025-10-12 05:00:00,329.73,
B005379,C05923,2025-08-28 01:00:00,266.81,CMP001
B005380,C05925,2025-07-23 03:00:00,235.21,
B005381,C05926,2025-12-05 10:00:00,232.8,CMP001
B005382,C05931,2025-09-27 16:00:00,100.0,
B005383,C05933,2025-02-17 18:00:00,623.74,CMP005
B005384,C05934,2025-05-05 13:00:00,294.4,
B005385,C05935,2025-11-18 06:00:00,183.25,CMP001
B005386,C05935,2025-12-09 16:00:00,248.59,CMP001
B005387,C05938,2025-03-24 20:00:00,185.41,CMP002
B005388,C05938,2025-04-08 07:00:00,610.49,CMP001
B005389,C05938,2025-05-08 15:00:00,344.65,CMP003
B005390,C05938,2025-07-07 23:00:00,113.32,CMP003
B005391,C05939,2025-06-04 15:00:00,392.62,CMP003
B005392,C05942,2025-02-11 11:00:00,524.59,CMP005
B005393,C05942,2025-03-28 14:00:00,384.8,
B005394,C05946,2025-03-09 03:00:00,353.96,
B005395,C05947,2025-08-01 06:00:00,356.01,CMP003
B005396,C05947,2025-08-08 12:00:00,112.89,CMP003
B005397,C05953,2025-12-25 03:00:00,286.68,CMP005
B005398,C05955,2025-06-21 09:00:00,564.5,CMP002
B005399,C05957,2025-02-14 10:00:00,110.66,CMP001
B005400,C05957,2025-02-28 14:00:00,194.17,CMP002
B005401,C05957,2025-03-30 19:00:00,403.63,CMP004
B005402,C05960,2025-03-19 14:00:00,268.5,
B005403,C05963,2025-11-01 07:00:00,180.01,CMP001
B005404,C05963,2025-11-22 16:00:00,266.64,CMP002
B005405,C05964,2025-11-15 09:00:00,201.2,CMP001
B005406,C05966,2025-07-22 03:00:00,233.17,CMP001
B005407,C05966,2025-08-21 04:00:00,797.84,CMP002
B005408,C05966,2025-10-05 11:00:00,832.39,CMP003
B005409,C05966,2025-12-04 19:00:00,286.21,CMP002
B005410,C05967,2025-06-30 07:00:00,204.46,
B005411,C05971,2025-11-02 05:00:00,100.0,CMP001
B005412,C05973,2025-12-16 09:00:00,412.81,CMP004
B005413,C05976,2025-12-07 01:00:00,379.2,CMP004
B005414,C05976,2025-12-21 07:00:00,396.79,CMP002
B005415,C05977,2025-07-17 09:00:00,1009.61,CMP002
B005416,C05982,2025-08-17 09:00:00,386.18,CMP004
B005417,C05983,2025-12-07 07:00:00,144.34,CMP004
B005418,C05983,2025-12-14 08:00:00,156.05,CMP004
B005419,C05988,2025-05-31 14:00:00,162.41,CMP005
B005420,C05988,2025-08-29 22:00:00,722.12,
B005421,C05989,2025-07-03 04:00:00,330.46,CMP002
B005422,C05991,2025-12-19 02:00:00,253.37,CMP002
B005423,C05993,2025-06-18 08:00:00,110.38,CMP004
B005424,C05994,2025-02-10 05:00:00,616.61,CMP004
B005425,C06001,2025-08-07 04:00:00,518.83,CMP001
B005426,C06002,2025-02-17 19:00:00,409.7,CMP005
B005427,C06003,2025-08-24 07:00:00,185.14,CMP003
B005428,C06003,2025-10-08 09:00:00,349.08,CMP003
B005429,C06003,2025-12-07 19:00:00,167.55,CMP001
B005430,C06004,2025-09-29 16:00:00,280.52,CMP002
B005431,C06004,2025-11-29 02:00:00,260.14,
B005432,C06008,2025-12-28 16:00:00,511.15,CMP002
B005433,C06010,2025-07-07 04:00:00,209.72,CMP003
B005434,C06011,2025-06-29 12:00:00,181.99,CMP002
B005435,C06011,2025-08-28 21:00:00,1241.84,
B005436,C06018,2025-11-25 12:00:00,546.15,CMP005
B005437,C06019,2025-12-30 01:00:00,327.89,CMP002
B005438,C06020,2025-08-06 15:00:00,365.9,CMP001
B005439,C06023,2025-06-09 20:00:00,313.01,
B005440,C06023,2025-08-08 23:00:00,204.16,CMP004
B005441,C06023,2025-08-23 01:00:00,250.08,CMP002
B005442,C06023,2025-10-07 09:00:00,518.45,CMP005
B005443,C06027,2025-03-02 05:00:00,323.71,CMP003
B005444,C06029,2025-11-30 03:00:00,179.72,CMP001
B005445,C06030,2025-08-28 11:00:00,326.51,CMP004
B005446,C06032,2025-11-13 01:00:00,187.88,CMP004
B005447,C06033,2025-12-28 03:00:00,272.39,CMP004
B005448,C06034,2025-10-20 09:00:00,145.82,CMP005
B005449,C06035,2025-07-26 10:00:00,362.69,CMP003
B005450,C06037,2025-06-25 11:00:00,173.38,CMP003
B005451,C06039,2025-06-29 19:00:00,216.16,
B005452,C06043,2025-08-29 09:00:00,626.5,
B005453,C06043,2025-09-19 21:00:00,214.56,CMP001
B005454,C06043,2025-11-04 03:00:00,359.5,CMP001
B005455,C06047,2025-08-30 09:00:00,292.0,CMP002
B005456,C06048,2025-05-02 04:00:00,679.36,
B005457,C06050,2025-08-31 14:00:00,155.67,CMP002
B005458,C06050,2025-09-30 22:00:00,736.97,CMP001
B005459,C06052,2025-06-20 06:00:00,216.02,CMP001
B005460,C06053,2025-07-09 14:00:00,178.48,CMP005
B005461,C06054,2025-03-23 08:00:00,366.22,CMP001
B005462,C06055,2025-09-26 17:00:00,100.0,CMP001
B005463,C06055,2025-11-26 02:00:00,789.47,CMP005
B005464,C06058,2025-08-30 19:00:00,526.84,CMP005
B005465,C06058,2025-10-29 21:00:00,467.54,CMP005
B005466,C06059,2025-03-22 12:00:00,442.15,CMP002
B005467,C06060,2025-10-31 02:00:00,493.86,CMP001
B005468,C06063,2025-09-22 19:00:00,134.85,
B005469,C06063,2025-09-29 20:00:00,119.54,
B005470,C06064,2025-05-24 05:00:00,438.19,CMP004
B005471,C06065,2025-05-08 17:00:00,540.89,CMP002
B005472,C06066,2025-11-19 09:00:00,455.27,
B005473,C06067,2025-08-31 02:00:00,443.04,CMP004
B005474,C06071,2025-07-28 16:00:00,285.7,CMP005
B005475,C06072,2025-11-25 12:00:00,132.89,CMP002
B005476,C06072,2025-12-16 15:00:00,504.51,CMP004
B005477,C06073,2025-03-15 02:00:00,314.89,CMP002
B005478,C06074,2025-07-13 06:00:00,257.06,CMP004
B005479,C06074,2025-07-20 07:00:00,215.74,CMP002
B005480,C06074,2025-07-27 09:00:00,424.06,CMP001
B005481,C06077,2025-09-12 08:00:00,159.39,CMP002
B005482,C06077,2025-10-27 20:00:00,291.61,
B005483,C06077,2025-12-27 02:00:00,566.42,CMP004
B005484,C06079,2025-12-23 04:00:00,110.79,
B005485,C06080,2025-10-27 09:00:00,307.85,CMP002
B005486,C06081,2025-01-19 19:00:00,341.91,
B005487,C06081,2025-03-21 03:00:00,149.9,
B005488,C06081,2025-05-20 06:00:00,1083.92,CMP001
B005489,C06081,2025-07-04 18:00:00,465.72,CMP004
B005490,C06082,2025-08-24 20:00:00,458.06,CMP004
B005491,C06083,2025-09-02 19:00:00,152.62,
B005492,C06083,2025-11-02 03:00:00,116.82,CMP001
B005493,C06083,2025-11-09 13:00:00,1150.68,CMP005
B005494,C06084,2025-10-04 02:00:00,206.83,CMP002
B005495,C06085,2025-11-30 08:00:00,986.94,CMP002
B005496,C06086,2025-03-05 16:00:00,183.71,CMP001
B005497,C06089,2025-10-24 03:00:00,220.6,CMP002
B005498,C06090,2025-09-17 14:00:00,183.58,CMP001
B005499,C06090,2025-09-25 01:00:00,492.12,CMP001
B005500,C06090,2025-11-09 09:00:00,243.44,CMP004
B005501,C06090,2025-11-16 11:00:00,1059.52,CMP001
B005502,C06091,2025-09-09 17:00:00,366.23,CMP004
B005503,C06093,2025-03-08 04:00:00,494.24,
B005504,C06093,2025-04-07 10:00:00,398.53,CMP004
B005505,C06093,2025-05-07 14:00:00,126.26,
B005506,C06096,2025-12-16 10:00:00,322.24,
B005507,C06098,2025-03-14 07:00:00,481.61,CMP005
B005508,C06099,2025-11-05 04:00:00,117.25,CMP004
B005509,C06101,2025-06-24 06:00:00,184.99,CMP004
B005510,C06106,2025-03-12 09:00:00,396.93,
B005511,C06107,2025-03-01 20:00:00,395.53,CMP004
B005512,C06108,2025-11-17 16:00:00,299.45,CMP002
B005513,C06110,2025-01-25 15:00:00,353.32,CMP002
B005514,C06111,2025-06-16 13:00:00,742.04,CMP002
B005515,C06112,2025-10-29 07:00:00,156.66,CMP001
B005516,C06116,2025-03-26 18:00:00,625.7,CMP004
B005517,C06117,2025-09-03 02:00:00,320.47,CMP001
B005518,C06118,2025-02-25 02:00:00,714.22,CMP002
B005519,C06121,2025-03-14 20:00:00,335.27,CMP003
B005520,C06121,2025-05-14 00:00:00,133.28,CMP002
B005521,C06121,2025-05-28 07:00:00,477.56,CMP003
B005522,C06122,2025-06-18 08:00:00,454.23,CMP005
B005523,C06124,2025-06-28 11:00:00,353.39,CMP004
B005524,C06125,2025-11-27 14:00:00,179.26,
B005525,C06133,2025-12-05 02:00:00,347.31,CMP004
B005526,C06134,2025-06-06 12:00:00,252.91,CMP002
B005527,C06136,2025-05-18 19:00:00,131.19,CMP005
B005528,C06136,2025-07-18 04:00:00,196.76,CMP002
B005529,C06136,2025-09-01 10:00:00,190.19,CMP001
B005530,C06137,2025-06-08 19:00:00,599.48,CMP002
B005531,C06138,2025-10-12 17:00:00,178.48,CMP005
B005532,C06139,2025-10-22 18:00:00,304.23,
B005533,C06139,2025-11-22 05:00:00,1068.5,CMP001
B005534,C06142,2025-06-11 08:00:00,268.56,
B005535,C06147,2025-08-21 17:00:00,172.6,CMP004
B005536,C06149,2025-10-15 18:00:00,100.0,
B005537,C06151,2025-06-20 20:00:00,365.33,CMP002
B005538,C06153,2025-12-02 12:00:00,707.62,CMP003
B005539,C06155,2025-07-06 17:00:00,534.93,CMP005
B005540,C06157,2025-06-20 13:00:00,253.9,CMP001
B005541,C06158,2025-10-13 01:00:00,219.14,CMP003
B005542,C06160,2025-04-13 06:00:00,231.26,CMP005
B005543,C06160,2025-05-04 15:00:00,199.29,CMP002
B005544,C06160,2025-05-11 20:00:00,690.79,CMP001
B005545,C06167,2025-07-20 09:00:00,642.74,CMP005
B005546,C06167,2025-09-18 14:00:00,182.89,CMP002
B005547,C06167,2025-10-03 01:00:00,461.24,CMP004
B005548,C06168,2025-05-20 08:00:00,415.43,CMP001
B005549,C06168,2025-06-19 20:00:00,140.49,CMP001
B005550,C06168,2025-09-18 07:00:00,243.59,
B005551,C06169,2025-09-18 05:00:00,886.46,
B005552,C06169,2025-10-02 06:00:00,283.54,CMP001
B005553,C06169,2025-10-09 13:00:00,613.52,CMP002
B005554,C06171,2025-07-24 03:00:00,255.85,CMP005
B005555,C06173,2025-06-20 15:00:00,330.33,
B005556,C06174,2025-05-27 20:00:00,249.84,CMP003
B005557,C06174,2025-08-25 22:00:00,246.84,CMP001
B005558,C06174,2025-09-25 05:00:00,349.01,CMP003
B005559,C06175,2025-05-26 01:00:00,259.85,CMP001
B005560,C06175,2025-06-02 05:00:00,152.39,CMP002
B005561,C06176,2025-02-08 15:00:00,121.3,CMP001
B005562,C06176,2025-05-09 18:00:00,1676.12,CMP002
B005563,C06176,2025-05-16 21:00:00,195.07,CMP003
B005564,C06178,2025-04-28 16:00:00,266.49,CMP002
B005565,C06178,2025-07-28 04:00:00,456.56,CMP002
B005566,C06178,2025-08-04 06:00:00,232.09,CMP002
B005567,C06178,2025-09-18 10:00:00,213.62,CMP003
B005568,C06180,2025-12-09 07:00:00,758.09,CMP001
B005569,C06180,2025-12-30 16:00:00,198.24,CMP001
B005570,C06183,2025-01-27 19:00:00,257.48,CMP003
B005571,C06183,2025-03-14 03:00:00,469.34,CMP002
B005572,C06183,2025-03-28 14:00:00,464.99,CMP003
B005573,C06184,2025-03-03 06:00:00,389.84,CMP004
B005574,C06184,2025-03-10 14:00:00,519.2,CMP005
B005575,C06185,2025-07-13 03:00:00,409.17,CMP001
B005576,C06186,2025-11-21 18:00:00,410.79,CMP002
B005577,C06187,2025-03-11 10:00:00,126.27,CMP001
B005578,C06189,2025-05-08 12:00:00,471.85,CMP002
B005579,C06189,2025-05-29 16:00:00,164.77,CMP003
B005580,C06189,2025-06-06 00:00:00,183.65,CMP002
B005581,C06190,2025-08-12 10:00:00,289.7,
B005582,C06191,2025-06-02 11:00:00,1033.03,
B005583,C06191,2025-06-16 15:00:00,166.92,CMP005
B005584,C06191,2025-06-30 18:00:00,373.84,CMP003
B005585,C06191,2025-09-29 06:00:00,250.66,CMP001
B005586,C06193,2025-08-03 20:00:00,428.05,
B005587,C06195,2025-01-24 03:00:00,147.2,CMP002
B005588,C06197,2025-10-14 15:00:00,700.17,CMP003
B005589,C06197,2025-12-14 01:00:00,549.47,
B005590,C06198,2025-08-02 04:00:00,395.47,CMP003
B005591,C06199,2025-03-18 08:00:00,344.39,CMP001
B005592,C06200,2025-07-30 09:00:00,263.46,CMP001
B005593,C06200,2025-08-20 12:00:00,355.49,CMP001
B005594,C06200,2025-10-04 18:00:00,318.88,CMP001
B005595,C06200,2025-10-25 20:00:00,342.84,CMP002
B005596,C06202,2025-06-26 06:00:00,447.59,CMP004
B005597,C06205,2025-04-21 06:00:00,238.32,CMP001
B005598,C06207,2025-03-07 09:00:00,320.7,CMP001
B005599,C06209,2025-08-09 16:00:00,500.29,CMP005
B005600,C06212,2025-12-20 14:00:00,220.77,
B005601,C06214,2025-07-05 07:00:00,2540.22,CMP004
B005602,C06216,2025-01-29 18:00:00,330.36,
B005603,C06217,2025-09-14 03:00:00,101.23,
B005604,C06218,2025-06-10 11:00:00,394.08,CMP003
B005605,C06219,2025-11-15 19:00:00,203.73,CMP005
B005606,C06223,2025-06-18 15:00:00,777.47,CMP001
B005607,C06224,2025-10-18 05:00:00,104.45,CMP004
B005608,C06224,2025-11-08 16:00:00,164.36,CMP002
B005609,C06224,2025-11-29 21:00:00,230.08,CMP001
B005610,C06226,2025-10-08 17:00:00,184.55,CMP002
B005611,C06227,2025-08-05 10:00:00,221.34,CMP002
B005612,C06227,2025-08-26 18:00:00,476.73,CMP001
B005613,C06227,2025-09-09 22:00:00,425.25,CMP004
B005614,C06227,2025-09-24 07:00:00,149.6,CMP004
B005615,C06229,2025-11-17 13:00:00,133.45,CMP004
B005616,C06231,2025-09-09 12:00:00,923.83,CMP005
B005617,C06231,2025-12-08 16:00:00,199.36,CMP002
B005618,C06231,2025-12-15 23:00:00,537.45,CMP001
B005619,C06232,2025-12-04 07:00:00,468.1,CMP005
B005620,C06233,2025-07-25 20:00:00,418.5,CMP004
B005621,C06233,2025-09-09 03:00:00,100.0,CMP001
B005622,C06235,2025-03-10 19:00:00,102.56,CMP001
B005623,C06235,2025-06-09 06:00:00,636.35,
B005624,C06235,2025-06-23 15:00:00,811.42,
B005625,C06237,2025-10-28 19:00:00,623.59,
B005626,C06238,2025-04-06 07:00:00,299.13,CMP001
B005627,C06239,2025-12-10 01:00:00,232.65,CMP002
B005628,C06239,2025-12-17 07:00:00,250.45,CMP002
B005629,C06240,2025-11-20 14:00:00,146.58,CMP004
B005630,C06241,2025-11-04 15:00:00,497.17,CMP005
B005631,C06242,2025-02-21 17:00:00,100.0,CMP005
B005632,C06244,2025-08-20 12:00:00,156.12,CMP002
B005633,C06244,2025-09-10 16:00:00,357.82,CMP001
B005634,C06244,2025-10-01 23:00:00,431.9,CMP001
B005635,C06245,2025-02-15 11:00:00,100.0,CMP002
B005636,C06245,2025-02-22 14:00:00,365.58,CMP002
B005637,C06245,2025-04-09 01:00:00,770.52,
B005638,C06246,2025-11-25 10:00:00,325.02,CMP005
B005639,C06247,2025-01-18 02:00:00,158.07,CMP003
B005640,C06248,2025-06-03 08:00:00,113.51,CMP003
B005641,C06248,2025-07-18 16:00:00,541.17,CMP002
B005642,C06248,2025-09-01 20:00:00,387.93,CMP004
B005643,C06248,2025-09-16 03:00:00,454.6,CMP004
B005644,C06250,2025-07-30 01:00:00,474.14,
B005645,C06250,2025-09-28 09:00:00,292.85,
B005646,C06253,2025-11-30 14:00:00,104.6,CMP001
B005647,C06255,2025-09-20 12:00:00,436.05,CMP005
B005648,C06256,2025-07-28 03:00:00,186.41,CMP001
B005649,C06258,2025-03-23 02:00:00,157.08,CMP004
B005650,C06259,2025-09-05 07:00:00,269.68,CMP004
B005651,C06260,2025-04-13 08:00:00,279.22,CMP001
B005652,C06260,2025-06-12 14:00:00,578.68,
B005653,C06260,2025-06-19 18:00:00,364.22,CMP001
B005654,C06261,2025-08-24 04:00:00,591.35,CMP003
B005655,C06261,2025-11-22 16:00:00,296.76,CMP001
B005656,C06264,2025-11-06 12:00:00,230.6,CMP001
B005657,C06265,2025-01-18 13:00:00,597.29,CMP001
B005658,C06268,2025-07-12 12:00:00,234.87,CMP002
B005659,C06269,2025-09-07 20:00:00,204.64,CMP001
B005660,C06271,2025-10-24 17:00:00,1089.66,CMP003
B005661,C06273,2025-07-20 15:00:00,303.32,CMP002
B005662,C06274,2025-06-21 07:00:00,419.7,CMP003
B005663,C06277,2025-10-22 14:00:00,698.46,CMP002
B005664,C06278,2025-09-11 01:00:00,141.59,CMP004
B005665,C06279,2025-09-26 06:00:00,313.3,CMP003
B005666,C06279,2025-10-17 18:00:00,182.24,CMP003
B005667,C06279,2025-12-16 22:00:00,482.43,CMP005
B005668,C06280,2025-03-04 08:00:00,355.41,CMP005
B005669,C06280,2025-05-03 11:00:00,297.34,CMP002
B005670,C06280,2025-05-17 12:00:00,980.79,CMP001
B005671,C06281,2025-04-17 06:00:00,378.64,CMP005
B005672,C06281,2025-07-16 07:00:00,647.55,
B005673,C06281,2025-08-30 11:00:00,366.63,
B005674,C06282,2025-04-12 18:00:00,303.48,CMP003
B005675,C06286,2025-12-31 12:00:00,1408.17,CMP002
B005676,C06288,2025-03-03 12:00:00,487.75,
B005677,C06288,2025-06-01 17:00:00,334.69,
B005678,C06289,2025-07-07 02:00:00,119.08,CMP008
B005679,C06289,2025-08-06 04:00:00,129.66,CMP004
B005680,C06289,2025-11-04 13:00:00,239.11,
B005681,C06290,2025-10-03 03:00:00,614.67,
B005682,C06290,2025-10-17 13:00:00,100.0,CMP005
B005683,C06290,2025-11-17 00:00:00,100.07,CMP004
B005684,C06291,2025-07-01 01:00:00,198.43,CMP001
B005685,C06292,2025-08-27 08:00:00,100.0,CMP001
B005686,C06293,2025-12-05 19:00:00,116.74,CMP001
B005687,C06297,2025-05-28 10:00:00,156.55,
B005688,C06297,2025-08-26 20:00:00,299.36,
B005689,C06297,2025-09-26 04:00:00,578.08,CMP002
B005690,C06297,2025-10-03 11:00:00,130.92,CMP001
B005691,C06298,2025-03-30 14:00:00,904.26,CMP001
B005692,C06300,2025-08-27 11:00:00,473.27,CMP002
B005693,C06300,2025-09-26 13:00:00,250.05,CMP004
B005694,C06300,2025-10-04 00:00:00,138.1,CMP002
B005695,C06301,2025-11-15 10:00:00,116.04,CMP004
B005696,C06302,2025-12-16 17:00:00,294.92,
B005697,C06303,2025-09-17 11:00:00,260.28,CMP005
B005698,C06305,2025-06-14 07:00:00,826.21,CMP005
B005699,C06305,2025-08-13 09:00:00,627.48,
B005700,C06305,2025-11-11 11:00:00,227.91,
B005701,C06305,2025-11-18 23:00:00,715.33,
B005702,C06307,2025-04-18 18:00:00,154.39,CMP004
B005703,C06307,2025-05-19 04:00:00,527.48,CMP003
B005704,C06307,2025-06-02 08:00:00,412.44,CMP001
B005705,C06308,2025-01-28 18:00:00,291.51,CMP003
B005706,C06309,2025-02-04 16:00:00,327.3,CMP003
B005707,C06310,2025-09-18 09:00:00,463.47,CMP002
B005708,C06311,2025-09-24 06:00:00,237.31,CMP004
B005709,C06312,2025-10-10 15:00:00,349.21,CMP001
B005710,C06314,2025-09-10 10:00:00,244.49,CMP002
B005711,C06314,2025-11-09 13:00:00,433.33,
B005712,C06314,2025-12-09 16:00:00,214.07,
B005713,C06317,2025-07-21 14:00:00,572.05,CMP001
B005714,C06317,2025-10-19 19:00:00,442.73,CMP004
B005715,C06318,2025-12-20 15:00:00,150.63,CMP001
B005716,C06319,2025-05-11 17:00:00,705.58,CMP001
B005717,C06319,2025-05-26 00:00:00,560.4,CMP001
B005718,C06319,2025-07-10 12:00:00,983.77,CMP002
B005719,C06319,2025-07-31 14:00:00,567.07,CMP002
B005720,C06320,2025-06-17 15:00:00,347.48,CMP003
B005721,C06322,2025-10-05 03:00:00,100.0,CMP002
B005722,C06322,2025-12-04 13:00:00,438.55,
B005723,C06323,2025-05-16 01:00:00,374.74,CMP003
B005724,C06323,2025-06-15 12:00:00,270.94,
B005725,C06325,2025-12-15 09:00:00,235.98,CMP002
B005726,C06327,2025-09-03 20:00:00,184.93,CMP003
B005727,C06327,2025-09-17 22:00:00,119.41,CMP003
B005728,C06329,2025-05-22 20:00:00,193.94,
B005729,C06330,2025-06-03 06:00:00,397.17,CMP001
B005730,C06330,2025-06-17 14:00:00,168.72,CMP004
B005731,C06332,2025-01-21 09:00:00,262.99,
B005732,C06335,2025-07-08 18:00:00,323.27,CMP003
B005733,C06336,2025-07-31 18:00:00,376.72,CMP004
B005734,C06336,2025-09-15 05:00:00,100.0,CMP001
B005735,C06342,2025-06-08 17:00:00,602.52,
B005736,C06342,2025-09-07 00:00:00,107.84,CMP001
B005737,C06343,2025-11-24 03:00:00,490.06,
B005738,C06344,2025-09-15 04:00:00,205.38,CMP001
B005739,C06349,2025-01-27 09:00:00,228.3,CMP004
B005740,C06350,2025-04-15 09:00:00,278.55,CMP003
B005741,C06351,2025-04-09 02:00:00,1312.19,CMP002
B005742,C06352,2025-03-26 06:00:00,470.86,CMP005
B005743,C06360,2025-07-02 16:00:00,254.9,CMP001
B005744,C06360,2025-07-17 00:00:00,136.58,CMP001
B005745,C06362,2025-12-03 16:00:00,180.07,
B005746,C06363,2025-08-07 16:00:00,213.93,CMP003
B005747,C06363,2025-09-06 18:00:00,100.0,CMP001
B005748,C06363,2025-09-20 22:00:00,235.02,
B005749,C06363,2025-10-05 06:00:00,615.71,CMP001
B005750,C06365,2025-12-17 06:00:00,107.63,CMP002
B005751,C06367,2025-11-07 19:00:00,573.62,CMP003
B005752,C06371,2025-11-05 02:00:00,185.56,
B005753,C06373,2025-01-27 15:00:00,257.32,CMP002
B005754,C06375,2025-07-11 15:00:00,686.25,CMP002
B005755,C06375,2025-09-09 22:00:00,129.19,CMP004
B005756,C06375,2025-10-25 08:00:00,245.95,CMP004
B005757,C06375,2025-12-24 11:00:00,455.74,CMP002
B005758,C06380,2025-11-21 15:00:00,1071.21,CMP004
B005759,C06380,2025-11-28 17:00:00,158.09,CMP001
B005760,C06380,2025-12-19 23:00:00,443.97,CMP001
B005761,C06381,2025-02-17 08:00:00,256.37,CMP004
B005762,C06384,2025-06-12 10:00:00,519.35,CMP004
B005763,C06384,2025-07-27 20:00:00,627.4,
B005764,C06384,2025-08-04 08:00:00,295.44,
B005765,C06386,2025-05-16 16:00:00,343.06,CMP002
B005766,C06386,2025-07-16 01:00:00,177.26,CMP003
B005767,C06386,2025-10-14 11:00:00,491.76,
B005768,C06387,2025-05-01 01:00:00,189.3,
B005769,C06387,2025-06-15 09:00:00,440.16,CMP002
B005770,C06387,2025-07-06 21:00:00,154.27,CMP001
B005771,C06387,2025-10-05 01:00:00,351.4,
B005772,C06388,2025-09-08 08:00:00,321.82,
B005773,C06389,2025-04-09 07:00:00,438.74,CMP001
B005774,C06390,2025-10-30 08:00:00,274.7,CMP004
B005775,C06391,2025-05-12 19:00:00,185.42,CMP001
B005776,C06392,2025-07-16 09:00:00,335.91,CMP001
B005777,C06394,2025-07-05 18:00:00,100.0,CMP004
B005778,C06395,2025-06-23 12:00:00,284.7,CMP001
B005779,C06397,2025-07-16 19:00:00,321.91,CMP004
B005780,C06399,2025-12-30 08:00:00,1242.09,CMP003
B005781,C06400,2025-04-30 07:00:00,193.16,CMP001
B005782,C06401,2025-12-02 18:00:00,265.52,CMP002
B005783,C06404,2025-12-08 13:00:00,823.54,CMP004
B005784,C06407,2025-11-20 13:00:00,286.41,CMP003
B005785,C06408,2025-06-18 20:00:00,210.74,CMP005
B005786,C06409,2025-04-29 04:00:00,315.93,CMP005
B005787,C06412,2025-12-18 09:00:00,418.44,CMP003
B005788,C06413,2025-04-10 15:00:00,100.0,CMP001
B005789,C06414,2025-08-08 02:00:00,308.83,CMP002
B005790,C06414,2025-09-22 07:00:00,187.43,CMP002
B005791,C06414,2025-10-06 10:00:00,403.01,CMP005
B005792,C06416,2025-03-10 12:00:00,100.0,CMP003
B005793,C06416,2025-06-08 15:00:00,209.47,
B005794,C06416,2025-08-07 18:00:00,398.63,CMP003
B005795,C06420,2025-12-09 13:00:00,115.46,CMP003
B005796,C06421,2025-05-17 06:00:00,253.88,CMP002
B005797,C06422,2025-07-06 19:00:00,263.27,CMP004
B005798,C06423,2025-11-12 04:00:00,423.49,CMP003
B005799,C06429,2025-08-04 14:00:00,600.64,CMP003
B005800,C06430,2025-09-30 02:00:00,550.59,CMP001
B005801,C06430,2025-10-14 07:00:00,471.64,CMP003
B005802,C06430,2025-11-13 18:00:00,368.2,CMP003
B005803,C06431,2025-07-07 10:00:00,481.74,CMP005
B005804,C06434,2025-08-24 20:00:00,295.53,CMP003
B005805,C06436,2025-03-12 01:00:00,134.66,CMP002
B005806,C06436,2025-04-26 02:00:00,624.45,CMP002
B005807,C06436,2025-05-10 04:00:00,119.44,CMP001
B005808,C06437,2025-04-07 19:00:00,343.39,CMP001
B005809,C06440,2025-10-28 07:00:00,525.19,CMP001
B005810,C06441,2025-03-18 17:00:00,168.54,CMP001
B005811,C06443,2025-07-24 05:00:00,204.31,CMP002
B005812,C06444,2025-04-13 09:00:00,393.14,CMP001
B005813,C06445,2025-09-17 10:00:00,144.44,CMP003
B005814,C06447,2025-05-01 06:00:00,100.0,CMP002
B005815,C06447,2025-07-30 17:00:00,479.35,
B005816,C06447,2025-10-28 19:00:00,284.09,CMP001
B005817,C06447,2025-11-28 04:00:00,223.47,
B005818,C06448,2025-05-23 09:00:00,421.87,CMP004
B005819,C06448,2025-06-22 16:00:00,387.73,CMP008
B005820,C06448,2025-07-06 20:00:00,282.1,CMP004
B005821,C06448,2025-08-20 23:00:00,144.09,
B005822,C06450,2025-04-23 18:00:00,281.23,CMP004
B005823,C06450,2025-05-24 04:00:00,298.98,CMP003
B005824,C06453,2025-07-28 13:00:00,100.0,CMP004
B005825,C06453,2025-09-26 22:00:00,139.0,
B005826,C06455,2025-09-08 06:00:00,691.82,CMP003
B005827,C06455,2025-09-22 18:00:00,100.0,CMP003
B005828,C06456,2025-08-03 20:00:00,183.08,CMP001
B005829,C06457,2025-09-14 17:00:00,530.65,CMP002
B005830,C06458,2025-10-03 06:00:00,448.72,CMP001
B005831,C06462,2025-07-26 09:00:00,563.55,CMP003
B005832,C06465,2025-10-16 02:00:00,152.13,CMP003
B005833,C06465,2025-10-23 12:00:00,299.18,CMP003
B005834,C06465,2025-11-06 17:00:00,283.14,CMP001
B005835,C06470,2025-08-21 15:00:00,303.37,CMP001
B005836,C06470,2025-08-28 23:00:00,100.0,CMP005
B005837,C06470,2025-09-05 09:00:00,796.53,CMP001
B005838,C06471,2025-02-07 12:00:00,120.07,CMP004
B005839,C06474,2025-10-23 04:00:00,158.72,CMP002
B005840,C06475,2025-06-10 20:00:00,503.4,
B005841,C06476,2025-04-04 04:00:00,419.0,CMP005
B005842,C06478,2025-04-27 09:00:00,135.29,CMP003
B005843,C06478,2025-05-18 11:00:00,552.62,CMP003
B005844,C06479,2025-08-17 13:00:00,357.53,CMP001
B005845,C06480,2025-10-21 19:00:00,1060.27,CMP005
B005846,C06480,2025-10-28 21:00:00,116.92,CMP002
B005847,C06482,2025-08-27 20:00:00,349.47,CMP003
B005848,C06482,2025-11-26 02:00:00,267.04,CMP002
B005849,C06483,2025-03-11 06:00:00,234.43,CMP005
B005850,C06483,2025-05-10 08:00:00,1461.78,CMP001
B005851,C06484,2025-03-21 06:00:00,100.0,
B005852,C06484,2025-05-20 16:00:00,359.77,
B005853,C06485,2025-03-28 19:00:00,236.28,CMP003
B005854,C06485,2025-04-19 02:00:00,281.2,CMP001
B005855,C06486,2025-08-18 20:00:00,196.76,CMP003
B005856,C06487,2025-01-26 19:00:00,112.11,CMP001
B005857,C06487,2025-02-03 02:00:00,260.31,CMP004
B005858,C06487,2025-03-05 12:00:00,1122.24,CMP004
B005859,C06487,2025-03-12 20:00:00,100.0,CMP001
B005860,C06488,2025-04-22 04:00:00,298.65,CMP004
B005861,C06488,2025-04-29 08:00:00,255.66,CMP001
B005862,C06490,2025-03-03 12:00:00,544.52,CMP005
B005863,C06490,2025-04-17 18:00:00,261.44,CMP004
B005864,C06490,2025-07-17 00:00:00,438.63,
B005865,C06490,2025-08-07 02:00:00,198.51,CMP003
B005866,C06491,2025-12-31 11:00:00,188.52,CMP004
B005867,C06494,2025-03-12 03:00:00,666.82,CMP001
B005868,C06495,2025-09-27 13:00:00,119.65,CMP003
B005869,C06496,2025-10-24 02:00:00,238.94,
B005870,C06496,2025-10-31 10:00:00,493.34,CMP002
B005871,C06496,2025-12-30 22:00:00,147.76,
B005872,C06498,2025-03-16 14:00:00,932.9,CMP005
B005873,C06498,2025-06-14 19:00:00,234.63,CMP004
B005874,C06498,2025-08-13 21:00:00,437.18,CMP004
B005875,C06500,2025-09-04 19:00:00,174.52,
B005876,C06504,2025-05-27 16:00:00,236.4,CMP004
B005877,C06507,2025-10-24 11:00:00,156.64,
B005878,C06508,2025-04-18 16:00:00,577.47,CMP003
B005879,C06509,2025-10-02 02:00:00,367.31,CMP005
B005880,C06509,2025-10-09 12:00:00,372.45,CMP004
B005881,C06509,2025-11-23 21:00:00,251.88,CMP002
B005882,C06510,2025-12-10 07:00:00,425.95,CMP002
B005883,C06513,2025-02-09 15:00:00,189.04,CMP002
B005884,C06513,2025-04-10 23:00:00,1295.95,CMP001
B005885,C06513,2025-06-10 05:00:00,336.3,CMP005
B005886,C06514,2025-04-21 10:00:00,321.08,CMP005
B005887,C06515,2025-09-04 10:00:00,815.22,CMP002
B005888,C06516,2025-07-03 15:00:00,416.58,CMP008
B005889,C06517,2025-03-13 11:00:00,271.13,CMP005
B005890,C06517,2025-04-12 12:00:00,241.26,CMP002
B005891,C06518,2025-08-14 18:00:00,228.37,CMP004
B005892,C06518,2025-11-13 04:00:00,216.41,CMP002
B005893,C06519,2025-11-22 09:00:00,255.08,CMP003
B005894,C06520,2025-05-30 16:00:00,163.48,CMP003
B005895,C06520,2025-07-14 20:00:00,305.3,CMP001
B005896,C06521,2025-10-22 03:00:00,210.34,CMP004
B005897,C06521,2025-11-05 09:00:00,665.55,CMP004
B005898,C06522,2025-04-28 06:00:00,307.84,CMP002
B005899,C06523,2025-09-25 06:00:00,544.49,CMP001
B005900,C06524,2025-07-23 07:00:00,149.77,
B005901,C06526,2025-11-16 03:00:00,129.17,CMP001
B005902,C06527,2025-02-02 01:00:00,158.12,CMP001
B005903,C06528,2025-07-22 15:00:00,342.98,CMP001
B005904,C06528,2025-09-05 22:00:00,481.8,CMP001
B005905,C06528,2025-10-21 10:00:00,329.08,CMP002
B005906,C06529,2025-11-24 16:00:00,795.59,
B005907,C06530,2025-12-22 01:00:00,100.0,CMP001
B005908,C06532,2025-04-06 10:00:00,228.16,
B005909,C06535,2025-04-16 19:00:00,279.67,CMP001
B005910,C06535,2025-05-16 21:00:00,246.06,CMP002
B005911,C06535,2025-07-01 01:00:00,120.93,CMP003
B005912,C06537,2025-03-08 13:00:00,222.21,CMP001
B005913,C06537,2025-05-07 19:00:00,491.82,
B005914,C06537,2025-05-21 23:00:00,497.62,
B005915,C06539,2025-05-24 16:00:00,256.59,CMP001
B005916,C06542,2025-05-30 03:00:00,782.86,CMP001
B005917,C06542,2025-07-29 07:00:00,281.71,CMP002
B005918,C06542,2025-08-05 14:00:00,119.42,CMP001
B005919,C06545,2025-09-14 13:00:00,322.02,CMP004
B005920,C06548,2025-03-17 15:00:00,1467.25,CMP003
B005921,C06548,2025-05-16 18:00:00,270.27,CMP004
B005922,C06548,2025-05-31 03:00:00,160.16,CMP001
B005923,C06548,2025-08-29 10:00:00,182.06,CMP004
B005924,C06549,2025-05-02 01:00:00,526.46,CMP004
B005925,C06550,2025-06-12 19:00:00,431.61,CMP004
B005926,C06550,2025-07-03 23:00:00,571.07,CMP001
B005927,C06552,2025-08-23 01:00:00,101.01,CMP002
B005928,C06552,2025-09-13 06:00:00,347.54,CMP002
B005929,C06552,2025-10-04 16:00:00,188.69,CMP002
B005930,C06553,2025-07-03 04:00:00,218.26,CMP004
B005931,C06554,2025-11-10 05:00:00,303.28,CMP005
B005932,C06554,2025-11-17 16:00:00,278.38,CMP004
B005933,C06556,2025-06-17 14:00:00,141.4,
B005934,C06560,2025-09-09 04:00:00,177.77,CMP005
B005935,C06564,2025-08-08 16:00:00,250.25,CMP004
B005936,C06565,2025-08-26 17:00:00,195.79,CMP003
B005937,C06569,2025-03-08 11:00:00,331.14,
B005938,C06572,2025-07-14 06:00:00,683.67,CMP002
B005939,C06573,2025-11-26 04:00:00,285.6,CMP004
B005940,C06574,2025-07-07 07:00:00,340.67,CMP003
B005941,C06577,2025-11-16 14:00:00,1671.69,CMP001
B005942,C06578,2025-08-05 01:00:00,490.88,CMP001
B005943,C06579,2025-09-10 16:00:00,176.64,
B005944,C06580,2025-03-08 17:00:00,426.06,CMP003
B005945,C06581,2025-07-12 19:00:00,516.45,CMP001
B005946,C06581,2025-08-02 21:00:00,279.65,CMP004
B005947,C06581,2025-08-16 22:00:00,195.88,CMP003
B005948,C06581,2025-08-24 03:00:00,323.01,CMP004
B005949,C06582,2025-10-14 13:00:00,578.25,CMP002
B005950,C06582,2025-10-28 22:00:00,183.55,CMP001
B005951,C06582,2025-11-12 10:00:00,1337.29,CMP004
B005952,C06582,2025-11-26 13:00:00,217.92,CMP003
B005953,C06583,2025-09-07 07:00:00,226.59,CMP001
B005954,C06584,2025-05-02 05:00:00,530.59,CMP005
B005955,C06584,2025-05-09 07:00:00,176.85,
B005956,C06585,2025-03-27 17:00:00,100.0,CMP002
B005957,C06585,2025-04-18 05:00:00,347.77,CMP002
B005958,C06588,2025-04-12 07:00:00,332.19,CMP004
B005959,C06589,2025-08-03 04:00:00,429.98,CMP004
B005960,C06591,2025-09-02 02:00:00,329.92,CMP002
B005961,C06591,2025-10-17 12:00:00,534.11,CMP001
B005962,C06592,2025-06-15 02:00:00,926.85,CMP004
B005963,C06595,2025-12-01 17:00:00,257.02,CMP005
B005964,C06599,2025-09-27 12:00:00,166.58,CMP004
B005965,C06599,2025-10-11 15:00:00,100.0,CMP002
B005966,C06599,2025-11-10 22:00:00,313.33,CMP002
B005967,C06599,2025-12-02 10:00:00,218.34,CMP002
B005968,C06600,2025-09-13 10:00:00,295.98,CMP002
B005969,C06601,2025-04-13 20:00:00,100.0,CMP001
B005970,C06602,2025-01-17 14:00:00,505.94,CMP002
B005971,C06603,2025-07-06 06:00:00,426.11,CMP002
B005972,C06603,2025-08-05 13:00:00,244.83,CMP004
B005973,C06603,2025-11-03 15:00:00,249.88,
B005974,C06604,2025-12-20 01:00:00,706.63,CMP004
B005975,C06607,2025-08-30 15:00:00,646.77,CMP001
B005976,C06607,2025-09-13 17:00:00,367.59,CMP001
B005977,C06607,2025-11-12 21:00:00,169.44,
B005978,C06607,2025-11-20 05:00:00,226.21,CMP003
B005979,C06609,2025-06-17 15:00:00,185.66,CMP008
B005980,C06609,2025-07-17 23:00:00,370.21,CMP003
B005981,C06612,2025-08-25 18:00:00,247.82,CMP002
B005982,C06613,2025-08-13 14:00:00,331.56,
B005983,C06615,2025-10-19 18:00:00,330.28,CMP003
B005984,C06617,2025-11-12 08:00:00,780.48,CMP004
B005985,C06619,2025-10-29 04:00:00,1466.58,CMP004
B005986,C06619,2025-11-19 15:00:00,327.86,CMP001
B005987,C06619,2025-12-20 00:00:00,286.87,CMP001
B005988,C06620,2025-04-29 11:00:00,124.05,CMP001
B005989,C06620,2025-05-06 23:00:00,141.4,CMP001
B005990,C06621,2025-06-30 04:00:00,744.81,CMP003
B005991,C06621,2025-07-07 13:00:00,335.43,CMP001
B005992,C06621,2025-08-21 20:00:00,349.32,
B005993,C06625,2025-06-08 17:00:00,276.27,CMP002
B005994,C06625,2025-07-08 18:00:00,1133.3,CMP008
B005995,C06626,2025-09-26 17:00:00,208.23,CMP005
B005996,C06627,2025-12-30 13:00:00,168.32,CMP002
B005997,C06628,2025-06-03 03:00:00,502.72,CMP002
B005998,C06633,2025-04-02 16:00:00,272.32,CMP002
B005999,C06634,2025-02-08 11:00:00,957.49,CMP003
B006000,C06634,2025-03-25 16:00:00,386.03,CMP002
B006001,C06634,2025-05-24 17:00:00,568.35,CMP003
B006002,C06636,2025-09-16 16:00:00,583.57,CMP004
B006003,C06637,2025-02-28 05:00:00,215.9,CMP003
B006004,C06641,2025-11-30 05:00:00,178.26,CMP002
B006005,C06642,2025-10-10 07:00:00,677.54,
B006006,C06643,2025-03-15 02:00:00,151.27,
B006007,C06644,2025-09-19 07:00:00,225.12,CMP002
B006008,C06645,2025-03-16 02:00:00,374.7,
B006009,C06645,2025-04-15 06:00:00,413.07,CMP005
B006010,C06646,2025-09-30 17:00:00,734.22,CMP003
B006011,C06649,2025-06-20 01:00:00,441.74,CMP002
B006012,C06649,2025-07-20 10:00:00,555.5,CMP003
B006013,C06649,2025-07-27 21:00:00,247.05,CMP003
B006014,C06649,2025-09-10 23:00:00,212.27,CMP005
B006015,C06650,2025-11-18 15:00:00,333.88,CMP001
B006016,C06651,2025-03-28 01:00:00,582.95,CMP001
B006017,C06651,2025-04-04 09:00:00,636.04,CMP004
B006018,C06653,2025-08-17 16:00:00,111.97,CMP003
B006019,C06654,2025-06-05 05:00:00,364.49,CMP002
B006020,C06654,2025-07-05 14:00:00,388.12,CMP005
B006021,C06654,2025-07-26 20:00:00,443.05,CMP005
B006022,C06654,2025-09-24 21:00:00,259.45,CMP004
B006023,C06657,2025-04-01 12:00:00,439.25,
B006024,C06657,2025-04-22 21:00:00,228.35,
B006025,C06657,2025-05-07 05:00:00,379.25,CMP005
B006026,C06661,2025-08-26 14:00:00,180.19,CMP002
B006027,C06661,2025-10-10 18:00:00,843.52,CMP001
B006028,C06661,2025-10-31 23:00:00,596.48,CMP005
B006029,C06661,2025-11-08 11:00:00,271.75,CMP001
B006030,C06662,2025-09-04 03:00:00,572.17,CMP003
B006031,C06664,2025-01-26 14:00:00,190.71,CMP001
B006032,C06667,2025-09-07 16:00:00,306.5,CMP002
B006033,C06667,2025-10-08 04:00:00,189.58,CMP005
B006034,C06668,2025-06-27 07:00:00,484.62,CMP004
B006035,C06668,2025-07-27 10:00:00,236.11,CMP001
B006036,C06669,2025-05-01 07:00:00,575.67,CMP005
B006037,C06671,2025-09-15 19:00:00,164.46,CMP002
B006038,C06672,2025-04-18 17:00:00,714.08,CMP001
B006039,C06672,2025-05-02 20:00:00,515.89,CMP002
B006040,C06674,2025-11-25 02:00:00,141.34,CMP002
B006041,C06677,2025-05-05 07:00:00,384.1,
B006042,C06677,2025-05-12 11:00:00,289.96,CMP004
B006043,C06677,2025-06-02 17:00:00,254.0,CMP001
B006044,C06677,2025-06-09 20:00:00,100.0,CMP003
B006045,C06678,2025-04-19 08:00:00,323.88,
B006046,C06680,2025-10-21 19:00:00,109.5,CMP004
B006047,C06681,2025-10-25 11:00:00,308.62,CMP003
B006048,C06683,2025-08-11 03:00:00,374.89,CMP001
B006049,C06683,2025-10-10 09:00:00,465.51,
B006050,C06683,2025-10-24 21:00:00,376.68,CMP004
B006051,C06684,2025-12-25 11:00:00,417.63,CMP001
B006052,C06685,2025-06-27 20:00:00,234.09,CMP004
B006053,C06686,2025-08-20 11:00:00,607.08,CMP003
B006054,C06688,2025-11-06 07:00:00,100.0,CMP002
B006055,C06688,2025-12-21 18:00:00,245.58,
B006056,C06690,2025-02-10 13:00:00,100.0,CMP004
B006057,C06691,2025-02-21 17:00:00,715.16,CMP001
B006058,C06692,2025-06-21 11:00:00,220.96,CMP005
B006059,C06693,2025-04-05 10:00:00,372.35,CMP002
B006060,C06693,2025-04-12 16:00:00,390.32,CMP002
B006061,C06693,2025-05-27 18:00:00,1610.6,CMP001
B006062,C06693,2025-08-26 01:00:00,245.49,
B006063,C06696,2025-11-26 13:00:00,684.79,CMP001
B006064,C06697,2025-02-26 09:00:00,235.55,CMP002
B006065,C06699,2025-04-27 07:00:00,305.02,CMP002
B006066,C06699,2025-05-18 14:00:00,126.32,CMP003
B006067,C06699,2025-06-01 19:00:00,393.66,CMP001
B006068,C06700,2025-01-30 11:00:00,385.07,CMP005
B006069,C06700,2025-03-31 15:00:00,772.63,CMP004
B006070,C06700,2025-04-21 23:00:00,252.75,CMP002
B006071,C06702,2025-10-21 15:00:00,201.81,CMP001
B006072,C06703,2025-11-10 14:00:00,157.81,CMP001
B006073,C06705,2025-03-12 07:00:00,201.95,CMP002
B006074,C06708,2025-05-12 19:00:00,745.96,
B006075,C06710,2025-06-22 07:00:00,302.51,CMP008
B006076,C06710,2025-08-21 10:00:00,165.82,CMP003
B006077,C06710,2025-09-20 14:00:00,654.28,CMP004
B006078,C06710,2025-11-19 17:00:00,388.54,
B006079,C06711,2025-09-03 03:00:00,615.33,CMP002
B006080,C06711,2025-10-18 10:00:00,276.09,CMP003
B006081,C06714,2025-06-06 09:00:00,524.74,CMP003
B006082,C06716,2025-05-08 17:00:00,534.1,
B006083,C06716,2025-05-16 01:00:00,100.0,CMP002
B006084,C06716,2025-06-06 03:00:00,221.87,CMP004
B006085,C06718,2025-05-17 17:00:00,468.55,CMP004
B006086,C06718,2025-05-25 05:00:00,171.08,CMP001
B006087,C06718,2025-07-09 14:00:00,389.16,CMP001
B006088,C06718,2025-10-07 15:00:00,237.8,
B006089,C06719,2025-12-07 03:00:00,567.1,CMP001
B006090,C06720,2025-04-05 10:00:00,668.4,CMP005
B006091,C06720,2025-05-20 21:00:00,114.71,CMP003
B006092,C06720,2025-08-18 23:00:00,572.93,
B006093,C06720,2025-09-18 01:00:00,233.94,CMP005
B006094,C06721,2025-03-03 10:00:00,131.78,CMP003
B006095,C06722,2025-12-08 06:00:00,310.95,CMP005
B006096,C06725,2025-04-22 17:00:00,415.29,CMP002
B006097,C06726,2025-06-08 15:00:00,452.42,CMP003
B006098,C06726,2025-08-07 20:00:00,213.26,
B006099,C06727,2025-07-16 04:00:00,141.22,
B006100,C06729,2025-04-12 06:00:00,923.62,CMP001
B006101,C06731,2025-05-03 19:00:00,450.94,CMP004
B006102,C06731,2025-07-03 03:00:00,630.09,CMP001
B006103,C06731,2025-10-01 07:00:00,152.88,
B006104,C06732,2025-12-31 03:00:00,113.19,CMP002
B006105,C06735,2025-12-09 02:00:00,134.76,CMP005
B006106,C06736,2025-12-05 19:00:00,180.82,CMP002
B006107,C06737,2025-11-01 01:00:00,650.31,CMP003
B006108,C06738,2025-07-14 02:00:00,545.15,CMP002
B006109,C06739,2025-07-27 17:00:00,348.28,CMP001
B006110,C06739,2025-10-26 02:00:00,300.64,
B006111,C06740,2025-11-15 03:00:00,368.84,CMP004
B006112,C06741,2025-06-15 17:00:00,404.0,CMP002
B006113,C06742,2025-09-27 05:00:00,151.57,CMP004
B006114,C06742,2025-10-04 11:00:00,411.4,CMP002
B006115,C06744,2025-05-29 16:00:00,129.13,CMP005
B006116,C06745,2025-06-29 08:00:00,220.53,CMP002
B006117,C06745,2025-08-28 12:00:00,257.61,
B006118,C06745,2025-11-26 21:00:00,605.64,
B006119,C06747,2025-05-16 11:00:00,215.45,
B006120,C06747,2025-06-15 14:00:00,641.01,CMP004
B006121,C06748,2025-09-17 12:00:00,761.59,CMP003
B006122,C06749,2025-02-27 02:00:00,331.24,CMP001
B006123,C06750,2025-08-29 09:00:00,209.28,CMP002
B006124,C06753,2025-04-05 08:00:00,912.36,CMP004
B006125,C06754,2025-06-12 02:00:00,301.16,CMP001
B006126,C06754,2025-09-10 09:00:00,236.04,
B006127,C06754,2025-10-25 19:00:00,148.63,CMP004
B006128,C06755,2025-07-22 15:00:00,1307.65,CMP002
B006129,C06755,2025-09-05 19:00:00,330.15,CMP004
B006130,C06755,2025-10-06 07:00:00,262.65,CMP002
B006131,C06760,2025-05-09 10:00:00,1282.98,
B006132,C06761,2025-08-23 18:00:00,100.0,CMP001
B006133,C06762,2025-03-29 07:00:00,270.36,CMP005
B006134,C06763,2025-05-03 14:00:00,100.0,CMP001
B006135,C06765,2025-12-09 15:00:00,199.95,CMP004
B006136,C06767,2025-06-01 05:00:00,228.49,CMP002
B006137,C06770,2025-07-10 13:00:00,180.17,CMP001
B006138,C06770,2025-10-08 17:00:00,378.6,CMP004
B006139,C06770,2025-10-23 03:00:00,100.0,CMP005
B006140,C06772,2025-06-26 06:00:00,111.72,
B006141,C06773,2025-08-19 02:00:00,142.6,CMP001
B006142,C06774,2025-09-14 18:00:00,185.6,CMP001
B006143,C06775,2025-09-07 07:00:00,298.3,CMP004
B006144,C06776,2025-08-16 08:00:00,100.0,CMP004
B006145,C06776,2025-11-14 20:00:00,919.85,
B006146,C06781,2025-07-15 01:00:00,100.0,CMP001
B006147,C06784,2025-11-27 20:00:00,183.38,CMP002
B006148,C06785,2025-04-29 03:00:00,175.44,CMP001
B006149,C06788,2025-05-17 10:00:00,204.49,
B006150,C06789,2025-09-27 01:00:00,1520.47,CMP004
B006151,C06791,2025-02-03 16:00:00,532.07,
B006152,C06794,2025-07-08 05:00:00,315.29,CMP002
B006153,C06794,2025-08-07 15:00:00,263.6,CMP001
B006154,C06795,2025-11-19 18:00:00,321.99,CMP004
B006155,C06797,2025-07-02 01:00:00,405.68,CMP004
B006156,C06797,2025-07-16 10:00:00,192.34,CMP004
B006157,C06797,2025-08-15 22:00:00,242.13,CMP004
B006158,C06797,2025-08-30 10:00:00,256.77,CMP005
B006159,C06798,2025-08-03 16:00:00,368.4,CMP002
B006160,C06798,2025-08-24 22:00:00,631.55,CMP003
B006161,C06799,2025-07-18 11:00:00,324.08,CMP001
B006162,C06799,2025-09-16 13:00:00,354.84,CMP004
B006163,C06799,2025-09-30 23:00:00,569.63,CMP003
B006164,C06799,2025-12-30 05:00:00,492.5,CMP001
B006165,C06801,2025-02-27 05:00:00,375.92,CMP001
B006166,C06801,2025-03-06 06:00:00,290.67,CMP001
B006167,C06801,2025-05-05 09:00:00,1278.03,CMP003
B006168,C06801,2025-07-04 17:00:00,126.6,
B006169,C06803,2025-04-10 02:00:00,234.38,CMP001
B006170,C06803,2025-05-25 11:00:00,100.0,CMP004
B006171,C06803,2025-06-15 16:00:00,178.23,CMP003
B006172,C06803,2025-07-06 19:00:00,101.98,CMP003
B006173,C06805,2025-02-27 16:00:00,299.73,CMP002
B006174,C06806,2025-07-24 16:00:00,100.0,CMP002
B006175,C06807,2025-12-24 03:00:00,277.88,CMP004
B006176,C06808,2025-10-06 10:00:00,546.37,CMP003
B006177,C06808,2025-11-05 20:00:00,393.75,CMP003
B006178,C06810,2025-03-02 03:00:00,363.39,CMP005
B006179,C06810,2025-03-09 04:00:00,246.34,CMP002
B006180,C06812,2025-08-06 15:00:00,999.03,CMP004
B006181,C06812,2025-08-14 03:00:00,281.37,CMP002
B006182,C06812,2025-09-28 11:00:00,500.32,CMP003
B006183,C06815,2025-05-23 05:00:00,122.73,CMP003
B006184,C06819,2025-06-29 03:00:00,633.59,CMP004
B006185,C06824,2025-03-12 05:00:00,195.11,CMP004
B006186,C06827,2025-02-04 07:00:00,138.37,CMP001
B006187,C06829,2025-10-16 14:00:00,452.08,CMP004
B006188,C06829,2025-11-06 16:00:00,235.87,CMP004
B006189,C06830,2025-08-16 17:00:00,848.12,
B006190,C06831,2025-03-25 14:00:00,167.82,CMP004
B006191,C06831,2025-04-15 15:00:00,304.51,CMP001
B006192,C06831,2025-05-31 03:00:00,213.25,CMP001
B006193,C06833,2025-10-23 05:00:00,1243.85,CMP003
B006194,C06840,2025-04-25 07:00:00,686.19,CMP002
B006195,C06842,2025-12-20 15:00:00,240.99,CMP004
B006196,C06844,2025-08-31 06:00:00,100.0,CMP003
B006197,C06845,2025-08-19 04:00:00,118.28,CMP001
B006198,C06845,2025-09-09 13:00:00,1018.9,CMP003
B006199,C06845,2025-11-08 15:00:00,116.17,CMP003
B006200,C06848,2025-06-02 01:00:00,148.99,CMP004
B006201,C06849,2025-04-16 01:00:00,261.67,CMP004
B006202,C06849,2025-06-15 03:00:00,1492.89,
B006203,C06850,2025-05-25 16:00:00,311.45,CMP001
B006204,C06851,2025-07-19 02:00:00,195.38,CMP005
B006205,C06853,2025-11-12 11:00:00,485.34,CMP005
B006206,C06855,2025-03-31 17:00:00,495.73,CMP004
B006207,C06855,2025-06-29 23:00:00,417.69,
B006208,C06855,2025-07-21 10:00:00,263.64,CMP002
B006209,C06855,2025-08-04 14:00:00,469.16,CMP002
B006210,C06856,2025-04-12 11:00:00,316.61,CMP004
B006211,C06859,2025-10-18 12:00:00,480.9,CMP002
B006212,C06861,2025-07-11 18:00:00,592.88,CMP005
B006213,C06861,2025-08-26 04:00:00,228.93,CMP004
B006214,C06863,2025-07-23 09:00:00,516.98,
B006215,C06863,2025-08-06 13:00:00,202.86,CMP001
B006216,C06863,2025-11-04 23:00:00,1174.87,CMP001
B006217,C06863,2025-12-05 11:00:00,555.64,CMP002
B006218,C06864,2025-06-20 18:00:00,178.06,CMP001
B006219,C06870,2025-09-03 05:00:00,219.73,CMP001
B006220,C06872,2025-08-09 16:00:00,395.75,CMP005
B006221,C06873,2025-04-09 20:00:00,248.48,CMP001
B006222,C06875,2025-11-11 09:00:00,263.68,CMP001
B006223,C06876,2025-04-23 12:00:00,845.45,CMP005
B006224,C06876,2025-05-14 19:00:00,178.07,CMP001
B006225,C06877,2025-05-02 09:00:00,117.07,CMP003
B006226,C06878,2025-09-29 09:00:00,112.59,CMP001
B006227,C06878,2025-10-29 11:00:00,785.56,CMP001
B006228,C06878,2025-12-28 12:00:00,764.27,CMP002
B006229,C06879,2025-08-07 08:00:00,173.86,CMP003
B006230,C06881,2025-05-22 07:00:00,168.46,CMP003
B006231,C06881,2025-06-05 18:00:00,239.16,CMP004
B006232,C06881,2025-06-26 21:00:00,316.52,CMP003
B006233,C06881,2025-07-11 08:00:00,1027.85,CMP001
B006234,C06882,2025-09-27 02:00:00,114.91,CMP004
B006235,C06883,2025-07-10 11:00:00,265.36,
B006236,C06883,2025-07-17 22:00:00,319.53,CMP002
B006237,C06883,2025-09-16 06:00:00,219.57,CMP001
B006238,C06884,2025-09-20 03:00:00,489.21,CMP002
B006239,C06884,2025-09-27 14:00:00,231.11,CMP005
B006240,C06886,2025-09-14 17:00:00,206.49,
B006241,C06886,2025-09-29 05:00:00,211.5,CMP002
B006242,C06886,2025-10-29 16:00:00,338.81,CMP001
B006243,C06886,2025-12-29 02:00:00,192.74,
B006244,C06887,2025-03-12 20:00:00,862.94,CMP001
B006245,C06887,2025-03-20 02:00:00,254.87,CMP001
B006246,C06887,2025-06-18 08:00:00,493.83,
B006247,C06887,2025-09-16 13:00:00,100.0,
B006248,C06889,2025-08-18 10:00:00,130.07,CMP002
B006249,C06890,2025-12-14 12:00:00,837.01,CMP002
B006250,C06894,2025-06-27 10:00:00,220.06,CMP003
B006251,C06894,2025-07-27 14:00:00,165.99,
B006252,C06894,2025-08-03 17:00:00,349.95,CMP001
B006253,C06894,2025-08-10 18:00:00,379.88,CMP004
B006254,C06895,2025-07-06 20:00:00,192.6,CMP002
B006255,C06895,2025-07-28 06:00:00,251.88,CMP001
B006256,C06898,2025-04-01 14:00:00,547.82,CMP001
B006257,C06898,2025-04-23 02:00:00,432.64,CMP001
B006258,C06903,2025-11-23 11:00:00,288.39,CMP002
B006259,C06904,2025-04-20 01:00:00,438.39,CMP004
B006260,C06905,2025-04-21 18:00:00,101.12,CMP004
B006261,C06906,2025-04-01 13:00:00,449.1,CMP001
B006262,C06906,2025-04-23 00:00:00,336.88,CMP004
B006263,C06906,2025-04-30 08:00:00,138.22,CMP002
B006264,C06906,2025-05-21 15:00:00,186.82,CMP004
B006265,C06908,2025-04-08 10:00:00,256.87,CMP005
B006266,C06908,2025-05-08 14:00:00,658.6,CMP001
B006267,C06910,2025-08-01 18:00:00,279.77,CMP004
B006268,C06914,2025-07-06 07:00:00,336.83,CMP004
B006269,C06916,2025-04-21 02:00:00,225.06,CMP003
B006270,C06916,2025-05-05 10:00:00,623.94,CMP004
B006271,C06918,2025-11-20 13:00:00,207.46,CMP001
B006272,C06919,2025-05-13 06:00:00,163.7,CMP002
B006273,C06921,2025-05-05 06:00:00,101.66,CMP004
B006274,C06922,2025-02-17 01:00:00,304.11,CMP004
B006275,C06923,2025-10-19 09:00:00,743.24,CMP003
B006276,C06928,2025-10-22 03:00:00,133.2,
B006277,C06928,2025-12-06 15:00:00,187.41,
B006278,C06929,2025-05-21 19:00:00,379.1,CMP003
B006279,C06929,2025-06-20 21:00:00,595.72,CMP004
B006280,C06929,2025-08-19 23:00:00,1247.64,
B006281,C06929,2025-09-03 04:00:00,486.76,CMP004
B006282,C06930,2025-12-14 10:00:00,194.92,CMP004
B006283,C06931,2025-11-30 08:00:00,287.88,CMP002
B006284,C06933,2025-12-15 11:00:00,133.01,
B006285,C06934,2025-06-17 13:00:00,117.66,
B006286,C06936,2025-03-07 04:00:00,915.39,CMP001
B006287,C06936,2025-04-06 12:00:00,121.6,
B006288,C06937,2025-08-18 19:00:00,267.48,CMP005
B006289,C06938,2025-12-11 04:00:00,355.4,CMP002
B006290,C06938,2025-12-18 13:00:00,512.97,CMP005
B006291,C06939,2025-05-31 09:00:00,240.5,CMP005
B006292,C06944,2025-06-16 01:00:00,269.12,CMP005
B006293,C06944,2025-06-30 09:00:00,161.51,CMP003
B006294,C06945,2025-03-28 12:00:00,432.95,
B006295,C06946,2025-07-25 06:00:00,142.63,CMP005
B006296,C06948,2025-01-28 16:00:00,357.45,CMP002
B006297,C06950,2025-06-09 01:00:00,100.0,CMP002
B006298,C06950,2025-07-24 08:00:00,197.33,
B006299,C06951,2025-01-26 13:00:00,237.18,CMP003
B006300,C06951,2025-02-25 18:00:00,275.7,CMP002
B006301,C06954,2025-07-04 13:00:00,256.25,CMP001
B006302,C06954,2025-07-18 15:00:00,236.9,CMP005
B006303,C06954,2025-08-08 16:00:00,505.86,CMP002
B006304,C06954,2025-11-06 17:00:00,522.01,CMP003
B006305,C06958,2025-06-09 19:00:00,824.34,CMP008
B006306,C06959,2025-06-16 09:00:00,262.49,CMP001
B006307,C06961,2025-12-21 12:00:00,101.16,CMP004
B006308,C06963,2025-05-07 06:00:00,1093.67,CMP004
B006309,C06963,2025-05-28 09:00:00,442.24,CMP002
B006310,C06963,2025-08-26 16:00:00,282.83,CMP003
B006311,C06964,2025-10-18 20:00:00,161.13,CMP003
B006312,C06964,2025-10-26 06:00:00,142.27,CMP005
B006313,C06964,2025-11-09 09:00:00,432.75,CMP005
B006314,C06965,2025-10-09 15:00:00,490.23,
B006315,C06965,2025-11-08 23:00:00,217.75,CMP001
B006316,C06965,2025-11-23 07:00:00,455.34,CMP001
B006317,C06967,2025-11-07 04:00:00,385.07,CMP002
B006318,C06968,2025-08-08 05:00:00,467.87,CMP005
B006319,C06969,2025-02-16 02:00:00,429.43,
B006320,C06969,2025-02-23 10:00:00,2038.7,CMP002
B006321,C06969,2025-03-09 14:00:00,569.94,CMP002
B006322,C06969,2025-06-08 02:00:00,491.26,
B006323,C06970,2025-04-12 17:00:00,294.97,CMP004
B006324,C06972,2025-04-02 14:00:00,204.02,CMP001
B006325,C06972,2025-04-09 23:00:00,919.65,
B006326,C06972,2025-07-09 01:00:00,409.22,
B006327,C06972,2025-09-07 11:00:00,314.65,
B006328,C06974,2025-07-25 04:00:00,625.85,CMP002
B006329,C06975,2025-10-08 20:00:00,281.46,CMP002
B006330,C06976,2025-03-24 11:00:00,381.08,CMP003
B006331,C06977,2025-10-09 15:00:00,1004.39,CMP003
B006332,C06977,2025-11-23 18:00:00,571.19,CMP002
B006333,C06977,2025-12-24 05:00:00,532.57,CMP001
B006334,C06977,2025-12-31 14:00:00,173.18,CMP005
B006335,C06979,2025-12-30 19:00:00,206.62,CMP003
B006336,C06981,2025-08-04 16:00:00,272.68,
B006337,C06983,2025-10-30 13:00:00,185.12,CMP003
B006338,C06983,2025-11-29 17:00:00,267.69,CMP005
B006339,C06987,2025-04-22 12:00:00,321.87,CMP001
B006340,C06989,2025-12-22 08:00:00,623.03,CMP005
B006341,C06989,2025-12-29 10:00:00,174.36,CMP001
B006342,C06992,2025-06-10 18:00:00,283.8,CMP004
B006343,C06995,2025-10-20 17:00:00,515.5,
B006344,C06995,2025-11-19 19:00:00,524.65,CMP004
B006345,C06995,2025-12-20 07:00:00,129.21,CMP001
B006346,C06995,2025-12-27 10:00:00,316.87,CMP005
B006347,C06997,2025-07-15 01:00:00,179.26,
B006348,C07000,2025-12-14 03:00:00,733.48,CMP001
B006349,C07003,2025-09-16 16:00:00,422.53,CMP003
B006350,C07004,2025-06-06 14:00:00,216.52,CMP003
B006351,C07004,2025-06-13 19:00:00,809.3,CMP004
B006352,C07004,2025-07-28 23:00:00,136.04,CMP003
B006353,C07005,2025-05-12 17:00:00,149.28,CMP005
B006354,C07005,2025-07-11 19:00:00,167.87,
B006355,C07007,2025-05-19 15:00:00,259.35,CMP003
B006356,C07007,2025-07-03 21:00:00,100.0,
B006357,C07007,2025-07-25 00:00:00,203.53,CMP003
B006358,C07007,2025-09-08 09:00:00,558.07,CMP005
B006359,C07008,2025-03-14 01:00:00,229.58,
B006360,C07011,2025-12-21 20:00:00,171.0,CMP004
B006361,C07012,2025-04-19 11:00:00,683.94,CMP001
B006362,C07014,2025-07-23 20:00:00,100.0,CMP001
B006363,C07014,2025-07-31 08:00:00,251.81,CMP001
B006364,C07014,2025-08-30 12:00:00,127.75,CMP005
B006365,C07015,2025-04-08 16:00:00,100.0,CMP001
B006366,C07017,2025-11-27 02:00:00,372.62,CMP004
B006367,C07019,2025-07-23 14:00:00,233.61,CMP004
B006368,C07020,2025-10-22 05:00:00,197.83,CMP001
B006369,C07020,2025-11-05 06:00:00,339.37,CMP001
B006370,C07020,2025-11-26 12:00:00,398.63,CMP003
B006371,C07023,2025-02-03 05:00:00,181.86,CMP001
B006372,C07029,2025-06-24 01:00:00,329.0,
B006373,C07032,2025-08-17 13:00:00,224.72,CMP003
B006374,C07032,2025-09-08 01:00:00,205.37,
B006375,C07035,2025-09-19 18:00:00,191.02,CMP002
B006376,C07035,2025-11-04 00:00:00,605.44,CMP004
B006377,C07035,2025-12-19 10:00:00,516.68,
B006378,C07036,2025-04-17 07:00:00,388.4,
B006379,C07036,2025-06-16 11:00:00,581.74,
B006380,C07037,2025-06-15 06:00:00,370.67,CMP004
B006381,C07037,2025-07-30 16:00:00,383.15,CMP001
B006382,C07037,2025-09-14 03:00:00,238.8,
B006383,C07038,2025-07-15 18:00:00,110.72,
B006384,C07039,2025-12-15 16:00:00,156.98,CMP005
B006385,C07042,2025-03-28 02:00:00,294.0,CMP004
B006386,C07043,2025-10-25 14:00:00,164.5,CMP002
B006387,C07043,2025-12-09 15:00:00,591.59,CMP003
B006388,C07046,2025-04-04 15:00:00,309.72,CMP001
B006389,C07046,2025-04-11 19:00:00,339.83,CMP003
B006390,C07046,2025-07-11 03:00:00,566.58,
B006391,C07046,2025-10-09 04:00:00,327.73,
B006392,C07048,2025-11-18 17:00:00,531.57,CMP003
B006393,C07053,2025-12-21 19:00:00,100.0,CMP001
B006394,C07054,2025-06-26 15:00:00,996.84,
B006395,C07056,2025-11-25 08:00:00,111.7,CMP002
B006396,C07058,2025-02-23 20:00:00,976.46,CMP003
B006397,C07058,2025-03-02 21:00:00,1386.08,CMP004
B006398,C07058,2025-03-17 00:00:00,328.26,CMP003
B006399,C07058,2025-05-01 07:00:00,191.51,CMP001
B006400,C07062,2025-12-30 16:00:00,320.3,CMP001
B006401,C07063,2025-08-27 03:00:00,151.36,CMP002
B006402,C07063,2025-10-26 08:00:00,252.65,CMP002
B006403,C07063,2025-11-25 12:00:00,174.13,CMP002
B006404,C07064,2025-03-07 09:00:00,489.92,CMP003
B006405,C07065,2025-04-19 04:00:00,479.09,CMP003
B006406,C07065,2025-05-03 09:00:00,286.0,CMP003
B006407,C07066,2025-07-15 07:00:00,380.36,CMP001
B006408,C07067,2025-08-31 17:00:00,267.34,CMP001
B006409,C07067,2025-09-21 18:00:00,142.13,CMP004
B006410,C07067,2025-10-22 00:00:00,212.22,CMP001
B006411,C07074,2025-07-06 01:00:00,830.01,CMP001
B006412,C07074,2025-09-04 11:00:00,103.36,CMP001
B006413,C07074,2025-09-18 12:00:00,336.27,CMP001
B006414,C07074,2025-12-17 16:00:00,162.3,
B006415,C07075,2025-04-16 11:00:00,420.08,CMP001
B006416,C07078,2025-04-07 16:00:00,175.27,CMP004
B006417,C07080,2025-11-21 14:00:00,142.46,CMP004
B006418,C07082,2025-07-04 04:00:00,157.67,CMP002
B006419,C07082,2025-07-11 14:00:00,243.21,CMP001
B006420,C07082,2025-07-25 23:00:00,440.16,CMP004
B006421,C07084,2025-07-18 20:00:00,395.23,CMP002
B006422,C07084,2025-10-16 21:00:00,362.02,CMP002
B006423,C07084,2025-12-01 04:00:00,100.0,
B006424,C07086,2025-08-09 18:00:00,485.84,CMP005
B006425,C07089,2025-08-06 04:00:00,908.88,CMP003
B006426,C07090,2025-05-24 06:00:00,514.7,CMP003
B006427,C07090,2025-06-14 10:00:00,113.34,CMP002
B006428,C07090,2025-07-14 22:00:00,327.06,CMP004
B006429,C07094,2025-07-06 04:00:00,211.12,CMP001
B006430,C07095,2025-12-02 05:00:00,414.01,CMP003
B006431,C07097,2025-06-11 17:00:00,154.27,CMP004
B006432,C07097,2025-09-09 21:00:00,355.09,CMP002
B006433,C07097,2025-11-09 00:00:00,144.99,CMP003
B006434,C07097,2025-11-30 12:00:00,505.04,
B006435,C07100,2025-06-07 18:00:00,307.86,CMP003
B006436,C07102,2025-09-20 02:00:00,261.73,
B006437,C07102,2025-10-04 12:00:00,546.64,CMP001
B006438,C07102,2025-11-18 21:00:00,155.13,CMP003
B006439,C07103,2025-07-24 13:00:00,1086.55,CMP002
B006440,C07103,2025-09-08 00:00:00,240.78,CMP001
B006441,C07103,2025-09-29 11:00:00,357.51,CMP002
B006442,C07104,2025-07-10 19:00:00,351.15,CMP002
B006443,C07104,2025-07-18 03:00:00,284.72,CMP002
B006444,C07104,2025-09-01 12:00:00,561.4,CMP004
B006445,C07104,2025-09-08 15:00:00,174.01,CMP003
B006446,C07106,2025-05-31 02:00:00,201.33,CMP002
B006447,C07106,2025-07-15 05:00:00,209.37,
B006448,C07106,2025-07-22 17:00:00,508.18,CMP003
B006449,C07107,2025-03-19 08:00:00,179.47,CMP002
B006450,C07107,2025-04-02 11:00:00,478.7,CMP004
B006451,C07108,2025-05-02 17:00:00,1173.92,CMP004
B006452,C07109,2025-07-16 01:00:00,235.68,CMP003
B006453,C07110,2025-06-02 09:00:00,200.63,CMP003
B006454,C07110,2025-08-01 11:00:00,520.54,CMP004
B006455,C07113,2025-05-15 10:00:00,418.83,CMP004
B006456,C07113,2025-06-05 11:00:00,170.15,CMP001
B006457,C07113,2025-07-05 23:00:00,286.88,CMP003
B006458,C07113,2025-09-04 07:00:00,374.25,CMP004
B006459,C07114,2025-06-14 10:00:00,606.94,CMP001
B006460,C07115,2025-01-18 15:00:00,151.15,CMP004
B006461,C07118,2025-11-13 02:00:00,210.99,CMP001
B006462,C07119,2025-04-13 10:00:00,150.4,CMP003
B006463,C07121,2025-11-25 07:00:00,106.38,CMP002
B006464,C07121,2025-12-02 10:00:00,346.91,CMP002
B006465,C07121,2025-12-09 13:00:00,316.4,CMP003
B006466,C07124,2025-08-09 14:00:00,277.87,CMP004
B006467,C07127,2025-05-26 13:00:00,1397.9,CMP003
B006468,C07128,2025-08-02 08:00:00,145.08,CMP005
B006469,C07128,2025-10-01 10:00:00,156.28,
B006470,C07131,2025-11-21 20:00:00,149.36,
B006471,C07133,2025-10-01 17:00:00,118.96,CMP003
B006472,C07138,2025-06-16 06:00:00,257.81,CMP004
B006473,C07138,2025-07-31 09:00:00,195.05,CMP002
B006474,C07138,2025-09-14 13:00:00,463.21,CMP002
B006475,C07138,2025-10-05 14:00:00,304.56,CMP001
B006476,C07139,2025-11-09 08:00:00,173.48,CMP005
B006477,C07140,2025-09-12 20:00:00,237.05,CMP003
B006478,C07141,2025-10-29 10:00:00,441.11,CMP003
B006479,C07143,2025-04-20 16:00:00,427.5,CMP001
B006480,C07143,2025-06-04 19:00:00,372.79,
B006481,C07145,2025-02-25 01:00:00,225.71,CMP004
B006482,C07145,2025-03-18 08:00:00,123.19,CMP002
B006483,C07148,2025-08-29 05:00:00,552.04,CMP001
B006484,C07150,2025-01-23 12:00:00,453.1,CMP002
B006485,C07150,2025-02-13 23:00:00,312.01,CMP003
B006486,C07150,2025-05-15 06:00:00,400.06,
B006487,C07151,2025-10-03 08:00:00,403.55,CMP005
B006488,C07153,2025-06-15 03:00:00,167.33,CMP005
B006489,C07155,2025-12-22 06:00:00,214.86,CMP003
B006490,C07156,2025-05-12 20:00:00,264.46,
B006491,C07158,2025-03-25 10:00:00,393.66,
B006492,C07159,2025-12-31 09:00:00,179.22,CMP002
B006493,C07161,2025-03-02 11:00:00,234.88,CMP003
B006494,C07161,2025-05-31 18:00:00,129.96,
B006495,C07161,2025-06-14 19:00:00,147.58,
B006496,C07161,2025-07-15 02:00:00,383.99,CMP002
B006497,C07162,2025-07-23 15:00:00,203.09,
B006498,C07162,2025-10-22 03:00:00,346.69,
B006499,C07162,2025-11-21 15:00:00,271.16,CMP002
B006500,C07162,2025-12-13 03:00:00,183.86,CMP003
B006501,C07163,2025-03-17 10:00:00,419.73,CMP001
B006502,C07163,2025-06-15 19:00:00,501.82,
B006503,C07163,2025-09-13 21:00:00,599.34,
B006504,C07164,2025-11-04 15:00:00,405.38,CMP005
B006505,C07164,2025-11-26 02:00:00,149.71,CMP002
B006506,C07168,2025-02-18 18:00:00,425.36,CMP002
B006507,C07169,2025-09-20 18:00:00,181.46,CMP003
B006508,C07174,2025-09-27 17:00:00,796.79,CMP003
B006509,C07176,2025-07-03 17:00:00,138.61,CMP004
B006510,C07178,2025-05-27 09:00:00,138.54,CMP002
B006511,C07182,2025-07-24 12:00:00,999.26,CMP005
B006512,C07183,2025-04-14 18:00:00,243.4,CMP005
B006513,C07183,2025-07-13 21:00:00,301.74,
B006514,C07183,2025-08-28 04:00:00,547.58,CMP001
B006515,C07183,2025-11-26 12:00:00,115.94,
B006516,C07187,2025-04-03 13:00:00,495.5,CMP002
B006517,C07188,2025-10-20 07:00:00,229.85,CMP005
B006518,C07190,2025-01-23 13:00:00,247.14,CMP001
B006519,C07192,2025-03-19 03:00:00,161.41,CMP002
B006520,C07193,2025-05-21 11:00:00,617.25,CMP002
B006521,C07194,2025-10-04 12:00:00,357.51,CMP002
B006522,C07200,2025-04-09 10:00:00,136.58,
B006523,C07200,2025-07-08 17:00:00,148.68,
B006524,C07200,2025-10-07 03:00:00,617.71,CMP003
B006525,C07202,2025-02-19 18:00:00,309.75,CMP002
B006526,C07202,2025-04-05 21:00:00,364.95,CMP003
B006527,C07204,2025-07-27 17:00:00,360.1,CMP002
B006528,C07204,2025-08-10 23:00:00,142.9,CMP004
B006529,C07204,2025-10-10 06:00:00,216.09,CMP001
B006530,C07204,2025-10-17 09:00:00,740.7,CMP002
B006531,C07206,2025-05-24 06:00:00,359.98,
B006532,C07207,2025-04-19 20:00:00,302.12,CMP001
B006533,C07208,2025-10-16 19:00:00,364.79,CMP002
B006534,C07208,2025-12-16 03:00:00,1072.35,CMP003
B006535,C07209,2025-05-10 18:00:00,1098.93,CMP002
B006536,C07213,2025-03-12 11:00:00,206.43,CMP004
B006537,C07214,2025-03-06 13:00:00,176.07,CMP002
B006538,C07215,2025-08-01 15:00:00,399.61,CMP001
B006539,C07218,2025-02-25 05:00:00,100.0,CMP002
B006540,C07218,2025-04-11 17:00:00,1543.22,CMP004
B006541,C07221,2025-12-03 03:00:00,156.03,CMP004
B006542,C07223,2025-12-31 13:00:00,322.22,CMP001
B006543,C07224,2025-10-30 01:00:00,355.64,CMP002
B006544,C07228,2025-07-14 15:00:00,325.16,CMP002
B006545,C07230,2025-11-25 03:00:00,278.37,CMP001
B006546,C07231,2025-09-11 04:00:00,528.51,CMP002
B006547,C07235,2025-07-23 16:00:00,171.58,CMP004
B006548,C07239,2025-04-09 01:00:00,112.87,CMP002
B006549,C07239,2025-06-08 13:00:00,524.61,
B006550,C07239,2025-06-15 23:00:00,648.31,CMP008
B006551,C07239,2025-09-14 09:00:00,100.0,
B006552,C07248,2025-10-01 16:00:00,206.65,CMP003
B006553,C07252,2025-05-08 11:00:00,600.72,CMP004
B006554,C07254,2025-05-26 18:00:00,100.0,CMP003
B006555,C07255,2025-12-01 10:00:00,232.11,CMP003
B006556,C07255,2025-12-08 15:00:00,100.0,CMP002
B006557,C07255,2025-12-29 21:00:00,997.49,CMP002
B006558,C07256,2025-01-27 18:00:00,554.64,CMP001
B006559,C07257,2025-08-18 15:00:00,370.71,
B006560,C07259,2025-07-08 03:00:00,220.82,CMP001
B006561,C07261,2025-08-06 01:00:00,207.82,
B006562,C07261,2025-09-05 08:00:00,217.01,CMP001
B006563,C07263,2025-08-25 10:00:00,555.86,CMP001
B006564,C07264,2025-09-19 19:00:00,266.39,CMP004
B006565,C07267,2025-09-04 19:00:00,569.6,CMP001
B006566,C07271,2025-06-27 04:00:00,377.36,CMP003
B006567,C07272,2025-02-25 16:00:00,242.95,CMP002
B006568,C07274,2025-04-17 19:00:00,375.88,CMP001
B006569,C07275,2025-10-12 12:00:00,492.99,CMP001
B006570,C07280,2025-12-17 02:00:00,266.35,
B006571,C07281,2025-05-06 04:00:00,614.39,CMP003
B006572,C07281,2025-06-05 14:00:00,571.5,CMP003
B006573,C07282,2025-09-28 06:00:00,454.82,CMP001
B006574,C07282,2025-10-12 14:00:00,138.44,CMP004
B006575,C07283,2025-10-20 10:00:00,132.03,CMP002
B006576,C07283,2025-10-27 13:00:00,271.08,CMP002
B006577,C07283,2025-11-26 16:00:00,270.76,CMP003
B006578,C07283,2025-12-17 23:00:00,388.28,CMP004
B006579,C07284,2025-07-04 15:00:00,812.72,
B006580,C07288,2025-04-28 09:00:00,400.55,CMP004
B006581,C07288,2025-07-27 16:00:00,411.33,
B006582,C07288,2025-08-03 23:00:00,485.05,CMP004
B006583,C07288,2025-08-25 02:00:00,527.99,CMP004
B006584,C07289,2025-04-23 09:00:00,208.11,CMP001
B006585,C07289,2025-06-22 18:00:00,749.18,
B006586,C07290,2025-12-09 11:00:00,349.16,CMP001
B006587,C07291,2025-06-06 02:00:00,124.84,CMP002
B006588,C07291,2025-09-04 08:00:00,575.65,
B006589,C07294,2025-02-26 15:00:00,233.97,
B006590,C07295,2025-04-29 05:00:00,353.7,CMP004
B006591,C07298,2025-07-16 07:00:00,122.13,CMP002
B006592,C07298,2025-09-14 16:00:00,186.48,
B006593,C07298,2025-09-22 00:00:00,253.02,CMP005
B006594,C07298,2025-10-22 11:00:00,412.67,CMP002
B006595,C07299,2025-04-15 05:00:00,292.46,CMP001
B006596,C07299,2025-04-22 10:00:00,247.79,CMP002
B006597,C07299,2025-05-06 17:00:00,708.34,CMP003
B006598,C07299,2025-06-20 18:00:00,698.09,CMP001
B006599,C07300,2025-03-16 04:00:00,250.01,CMP004
B006600,C07301,2025-11-13 04:00:00,566.7,CMP001
B006601,C07301,2025-12-13 16:00:00,679.91,
B006602,C07305,2025-08-13 01:00:00,176.36,CMP004
B006603,C07309,2025-09-04 12:00:00,251.19,CMP003
B006604,C07309,2025-10-19 17:00:00,292.67,CMP001
B006605,C07310,2025-06-24 17:00:00,355.01,CMP001
B006606,C07311,2025-05-28 01:00:00,326.42,CMP003
B006607,C07312,2025-05-15 10:00:00,500.9,CMP003
B006608,C07314,2025-09-03 10:00:00,105.56,
B006609,C07315,2025-06-24 15:00:00,532.32,CMP003
B006610,C07317,2025-03-27 20:00:00,263.98,CMP004
B006611,C07317,2025-04-11 00:00:00,334.92,CMP001
B006612,C07317,2025-05-02 01:00:00,100.0,CMP001
B006613,C07318,2025-07-26 16:00:00,435.53,CMP005
B006614,C07321,2025-11-28 04:00:00,133.09,CMP003
B006615,C07322,2025-07-23 01:00:00,794.04,CMP004
B006616,C07323,2025-04-15 16:00:00,1428.77,CMP004
B006617,C07325,2025-08-12 03:00:00,585.9,CMP005
B006618,C07326,2025-03-12 07:00:00,132.23,CMP005
B006619,C07326,2025-04-26 09:00:00,100.0,CMP004
B006620,C07326,2025-07-25 12:00:00,337.89,
B006621,C07326,2025-08-08 13:00:00,100.0,CMP003
B006622,C07327,2025-10-30 18:00:00,254.77,CMP002
B006623,C07327,2025-11-20 21:00:00,290.78,CMP003
B006624,C07328,2025-06-19 18:00:00,266.92,CMP004
B006625,C07334,2025-09-21 16:00:00,533.18,CMP001
B006626,C07335,2025-05-19 17:00:00,248.32,CMP002
B006627,C07335,2025-05-27 05:00:00,239.5,CMP001
B006628,C07336,2025-12-30 19:00:00,100.0,CMP003
B006629,C07338,2025-05-06 06:00:00,178.37,
B006630,C07338,2025-05-20 18:00:00,524.14,CMP001
B006631,C07338,2025-08-18 23:00:00,135.4,
B006632,C07338,2025-08-26 05:00:00,330.22,CMP003
B006633,C07341,2025-04-15 05:00:00,100.0,CMP002
B006634,C07342,2025-09-07 09:00:00,533.94,CMP002
B006635,C07342,2025-10-22 13:00:00,561.97,CMP002
B006636,C07342,2025-11-12 19:00:00,379.45,CMP001
B006637,C07343,2025-04-11 03:00:00,924.39,CMP001
B006638,C07343,2025-04-25 08:00:00,158.65,CMP003
B006639,C07350,2025-09-21 12:00:00,308.43,
B006640,C07354,2025-07-25 04:00:00,559.04,CMP002
B006641,C07356,2025-11-07 01:00:00,428.13,CMP002
B006642,C07357,2025-05-20 08:00:00,275.89,CMP003
B006643,C07357,2025-06-10 11:00:00,416.4,CMP005
B006644,C07358,2025-10-29 08:00:00,249.91,CMP004
B006645,C07360,2025-08-05 19:00:00,153.04,CMP001
B006646,C07364,2025-04-21 06:00:00,555.65,CMP004
B006647,C07365,2025-11-28 19:00:00,187.47,CMP002
B006648,C07366,2025-07-19 18:00:00,1335.27,
B006649,C07368,2025-06-12 03:00:00,402.4,CMP001
B006650,C07368,2025-06-19 14:00:00,852.31,CMP003
B006651,C07373,2025-05-04 14:00:00,447.97,CMP002
B006652,C07374,2025-12-20 13:00:00,715.91,CMP002
B006653,C07376,2025-04-06 05:00:00,395.16,CMP001
B006654,C07376,2025-07-05 08:00:00,270.01,
B006655,C07377,2025-11-11 01:00:00,417.37,CMP004
B006656,C07377,2025-11-18 11:00:00,765.69,CMP002
B006657,C07377,2025-12-02 20:00:00,467.1,CMP004
B006658,C07377,2025-12-10 07:00:00,342.49,CMP001
B006659,C07379,2025-07-19 08:00:00,100.0,CMP001
B006660,C07380,2025-04-20 18:00:00,336.42,CMP003
B006661,C07380,2025-06-05 02:00:00,170.38,CMP002
B006662,C07383,2025-12-20 17:00:00,283.08,CMP002
B006663,C07385,2025-03-09 10:00:00,147.16,CMP005
B006664,C07386,2025-02-10 02:00:00,372.63,CMP004
B006665,C07387,2025-03-26 12:00:00,177.91,
B006666,C07389,2025-08-17 03:00:00,144.09,CMP001
B006667,C07389,2025-11-15 08:00:00,570.21,CMP004
B006668,C07390,2025-05-05 09:00:00,127.66,CMP001
B006669,C07390,2025-05-26 21:00:00,108.76,CMP002
B006670,C07390,2025-06-17 02:00:00,192.18,CMP004
B006671,C07391,2025-06-25 12:00:00,601.04,CMP008
B006672,C07393,2025-08-07 11:00:00,308.85,
B006673,C07393,2025-11-05 13:00:00,1099.57,CMP001
B006674,C07393,2025-11-26 22:00:00,241.77,CMP001
B006675,C07394,2025-10-16 20:00:00,237.91,CMP005
B006676,C07394,2025-11-16 08:00:00,940.01,CMP002
B006677,C07394,2025-12-07 13:00:00,298.48,CMP002
B006678,C07396,2025-06-19 15:00:00,606.49,CMP001
B006679,C07396,2025-07-10 19:00:00,136.72,CMP005
B006680,C07396,2025-07-18 07:00:00,367.59,CMP002
B006681,C07396,2025-08-17 10:00:00,100.0,CMP005
B006682,C07398,2025-05-01 16:00:00,204.76,
B006683,C07399,2025-03-21 03:00:00,222.84,CMP002
B006684,C07404,2025-06-06 03:00:00,216.12,CMP002
B006685,C07404,2025-08-05 13:00:00,209.79,CMP004
B006686,C07404,2025-08-12 23:00:00,403.19,CMP004
B006687,C07404,2025-09-27 02:00:00,436.21,CMP004
B006688,C07406,2025-10-13 20:00:00,105.59,
B006689,C07407,2025-02-14 17:00:00,173.68,CMP002
B006690,C07408,2025-08-15 10:00:00,606.27,
B006691,C07410,2025-01-30 19:00:00,100.0,CMP002
B006692,C07413,2025-09-16 07:00:00,178.58,CMP001
B006693,C07414,2025-10-21 07:00:00,177.9,
B006694,C07416,2025-07-13 11:00:00,175.45,CMP002
B006695,C07417,2025-07-20 14:00:00,460.19,CMP004
B006696,C07418,2025-04-04 07:00:00,181.16,CMP002
B006697,C07420,2025-04-16 12:00:00,100.0,CMP002
B006698,C07422,2025-12-31 07:00:00,423.17,CMP003
B006699,C07424,2025-03-21 06:00:00,454.46,CMP002
B006700,C07425,2025-10-24 16:00:00,663.5,CMP003
B006701,C07426,2025-12-19 09:00:00,780.59,CMP002
B006702,C07427,2025-04-30 10:00:00,630.85,CMP002
B006703,C07428,2025-05-30 20:00:00,481.89,CMP003
B006704,C07429,2025-06-01 07:00:00,785.09,CMP001
B006705,C07429,2025-07-16 14:00:00,209.57,CMP008
B006706,C07429,2025-08-06 19:00:00,119.37,CMP002
B006707,C07430,2025-02-27 19:00:00,402.81,CMP001
B006708,C07432,2025-05-23 06:00:00,307.39,CMP003
B006709,C07433,2025-06-05 01:00:00,450.07,CMP003
B006710,C07436,2025-12-17 07:00:00,394.07,CMP003
B006711,C07440,2025-10-30 01:00:00,370.65,CMP001
B006712,C07441,2025-08-02 18:00:00,273.0,CMP001
B006713,C07441,2025-10-01 19:00:00,269.02,CMP002
B006714,C07441,2025-10-09 07:00:00,258.48,CMP004
B006715,C07441,2025-11-23 08:00:00,488.95,
B006716,C07442,2025-10-07 10:00:00,544.65,CMP003
B006717,C07442,2025-10-14 14:00:00,603.92,CMP003
B006718,C07444,2025-06-28 10:00:00,532.07,CMP002
B006719,C07445,2025-07-02 13:00:00,206.65,CMP002
B006720,C07446,2025-10-30 11:00:00,100.0,CMP004
B006721,C07448,2025-08-23 08:00:00,181.97,
B006722,C07448,2025-10-22 09:00:00,208.11,CMP003
B006723,C07449,2025-08-23 03:00:00,297.17,CMP001
B006724,C07449,2025-09-06 05:00:00,113.92,CMP002
B006725,C07449,2025-10-21 15:00:00,380.49,CMP002
B006726,C07449,2025-11-04 23:00:00,758.96,CMP004
B006727,C07450,2025-11-02 15:00:00,271.93,CMP005
B006728,C07451,2025-06-22 13:00:00,138.2,CMP002
B006729,C07452,2025-09-24 19:00:00,749.38,CMP001
B006730,C07453,2025-03-20 13:00:00,861.09,CMP003
B006731,C07454,2025-07-07 07:00:00,141.66,CMP001
B006732,C07454,2025-10-05 12:00:00,237.15,
B006733,C07454,2025-10-26 17:00:00,260.78,CMP003
B006734,C07455,2025-03-20 08:00:00,276.24,CMP001
B006735,C07456,2025-04-08 05:00:00,185.08,CMP003
B006736,C07458,2025-05-31 02:00:00,647.2,
B006737,C07458,2025-08-29 04:00:00,331.93,CMP002
B006738,C07458,2025-09-05 06:00:00,100.0,CMP001
B006739,C07458,2025-09-19 07:00:00,284.92,CMP002
B006740,C07461,2025-02-21 18:00:00,294.09,CMP004
B006741,C07462,2025-02-02 13:00:00,112.67,CMP001
B006742,C07462,2025-04-03 17:00:00,268.05,CMP004
B006743,C07465,2025-11-18 08:00:00,402.53,CMP004
B006744,C07466,2025-10-15 12:00:00,162.15,CMP005
B006745,C07467,2025-07-16 12:00:00,479.13,CMP002
B006746,C07467,2025-07-30 15:00:00,129.74,CMP004
B006747,C07469,2025-03-22 10:00:00,161.66,CMP003
B006748,C07470,2025-05-14 02:00:00,113.96,CMP003
B006749,C07472,2025-02-23 19:00:00,389.02,CMP002
B006750,C07472,2025-04-09 23:00:00,255.6,CMP001
B006751,C07472,2025-04-17 04:00:00,131.25,CMP004
B006752,C07472,2025-05-08 05:00:00,157.88,CMP004
B006753,C07475,2025-08-14 13:00:00,227.68,CMP002
B006754,C07475,2025-11-12 15:00:00,175.11,CMP002
B006755,C07475,2025-11-19 17:00:00,456.1,CMP001
B006756,C07475,2025-12-04 03:00:00,141.47,CMP003
B006757,C07477,2025-04-24 12:00:00,118.07,CMP001
B006758,C07477,2025-06-09 00:00:00,453.63,CMP002
B006759,C07477,2025-06-16 03:00:00,495.68,CMP008
B006760,C07477,2025-09-14 06:00:00,144.03,
B006761,C07478,2025-10-04 06:00:00,145.06,CMP001
B006762,C07479,2025-04-21 10:00:00,458.01,CMP002
B006763,C07482,2025-11-09 17:00:00,287.21,CMP003
B006764,C07483,2025-05-23 08:00:00,163.55,CMP005
B006765,C07483,2025-07-22 12:00:00,262.05,
B006766,C07483,2025-08-21 20:00:00,173.19,CMP004
B006767,C07483,2025-11-20 06:00:00,162.27,
B006768,C07484,2025-07-04 12:00:00,514.51,
B006769,C07488,2025-06-04 11:00:00,141.53,CMP003
B006770,C07489,2025-07-27 11:00:00,167.21,CMP002
B006771,C07490,2025-05-22 08:00:00,272.29,CMP002
B006772,C07492,2025-06-23 18:00:00,278.63,
B006773,C07495,2025-07-03 18:00:00,308.58,CMP001
B006774,C07495,2025-08-03 06:00:00,126.68,CMP001
B006775,C07496,2025-10-29 02:00:00,377.75,
B006776,C07499,2025-03-30 16:00:00,207.6,
B006777,C07499,2025-05-29 17:00:00,882.43,CMP002
B006778,C07501,2025-08-16 14:00:00,180.7,
B006779,C07502,2025-09-11 11:00:00,151.18,CMP001
B006780,C07505,2025-07-23 20:00:00,254.0,CMP002
B006781,C07505,2025-07-31 01:00:00,269.04,CMP003
B006782,C07505,2025-08-07 11:00:00,910.62,CMP003
B006783,C07505,2025-09-06 20:00:00,194.54,CMP001
B006784,C07507,2025-03-04 04:00:00,480.0,CMP003
B006785,C07509,2025-09-29 01:00:00,171.45,CMP003
B006786,C07513,2025-04-21 16:00:00,374.23,CMP004
B006787,C07516,2025-08-19 06:00:00,851.27,CMP003
B006788,C07517,2025-09-17 07:00:00,268.66,CMP003
B006789,C07517,2025-11-01 11:00:00,229.31,CMP005
B006790,C07518,2025-03-28 01:00:00,207.01,CMP005
B006791,C07518,2025-05-12 10:00:00,243.58,CMP002
B006792,C07520,2025-02-01 10:00:00,361.71,CMP004
B006793,C07521,2025-07-28 14:00:00,250.47,
B006794,C07522,2025-12-16 20:00:00,152.73,
B006795,C07522,2025-12-24 02:00:00,509.38,CMP005
B006796,C07524,2025-12-24 19:00:00,134.28,CMP003
B006797,C07526,2025-05-22 10:00:00,455.79,CMP003
B006798,C07527,2025-02-23 07:00:00,100.0,CMP001
B006799,C07529,2025-05-02 18:00:00,294.41,CMP003
B006800,C07529,2025-07-02 03:00:00,265.07,CMP004
B006801,C07530,2025-09-03 17:00:00,103.95,
B006802,C07530,2025-10-04 02:00:00,523.4,CMP001
B006803,C07530,2025-10-11 14:00:00,815.05,CMP004
B006804,C07530,2025-11-25 19:00:00,708.03,
B006805,C07531,2025-11-23 18:00:00,169.41,CMP005
B006806,C07533,2025-10-07 02:00:00,245.91,CMP005
B006807,C07533,2025-11-21 06:00:00,310.69,
B006808,C07536,2025-04-04 10:00:00,198.16,CMP002
B006809,C07538,2025-12-16 06:00:00,235.61,CMP001
B006810,C07540,2025-10-06 19:00:00,145.67,CMP001
B006811,C07541,2025-08-22 06:00:00,363.11,CMP004
B006812,C07541,2025-10-06 13:00:00,187.13,
B006813,C07542,2025-07-07 12:00:00,233.01,CMP002
B006814,C07542,2025-09-05 21:00:00,435.77,
B006815,C07542,2025-09-27 01:00:00,247.64,CMP005
B006816,C07542,2025-11-26 02:00:00,800.06,CMP003
B006817,C07545,2025-11-22 01:00:00,299.32,CMP002
B006818,C07547,2025-08-11 13:00:00,942.5,
B006819,C07547,2025-08-25 19:00:00,417.02,CMP001
B006820,C07549,2025-08-02 05:00:00,225.64,CMP001
B006821,C07549,2025-10-01 09:00:00,122.36,CMP002
B006822,C07549,2025-11-15 11:00:00,253.91,CMP002
B006823,C07550,2025-09-20 16:00:00,189.88,CMP005
B006824,C07551,2025-09-12 18:00:00,318.68,CMP003
B006825,C07553,2025-06-27 01:00:00,1458.44,CMP002
B006826,C07555,2025-09-09 01:00:00,190.73,CMP002
B006827,C07558,2025-05-04 05:00:00,272.97,CMP002
B006828,C07558,2025-05-11 12:00:00,100.0,CMP004
B006829,C07559,2025-12-20 16:00:00,320.45,CMP005
B006830,C07560,2025-05-12 04:00:00,130.12,
B006831,C07564,2025-07-05 06:00:00,350.29,CMP004
B006832,C07564,2025-09-03 16:00:00,134.55,
B006833,C07564,2025-09-25 00:00:00,345.72,CMP003
B006834,C07564,2025-11-24 02:00:00,157.97,CMP004
B006835,C07565,2025-03-24 03:00:00,406.07,CMP005
B006836,C07567,2025-04-07 19:00:00,436.28,CMP001
B006837,C07567,2025-06-07 05:00:00,336.87,CMP002
B006838,C07567,2025-06-21 12:00:00,1143.26,
B006839,C07568,2025-10-15 05:00:00,261.5,CMP001
B006840,C07570,2025-07-31 10:00:00,100.0,CMP003
B006841,C07572,2025-07-13 19:00:00,220.71,CMP003
B006842,C07572,2025-07-27 23:00:00,899.89,CMP004
B006843,C07572,2025-09-11 07:00:00,315.03,CMP004
B006844,C07574,2025-06-24 06:00:00,820.13,CMP004
B006845,C07575,2025-08-10 05:00:00,297.09,
B006846,C07577,2025-05-02 08:00:00,672.83,
B006847,C07577,2025-05-16 19:00:00,219.21,CMP001
B006848,C07577,2025-06-07 05:00:00,267.2,CMP002
B006849,C07578,2025-06-27 08:00:00,663.56,CMP008
B006850,C07579,2025-08-09 06:00:00,348.54,CMP003
B006851,C07580,2025-11-26 19:00:00,210.41,CMP001
B006852,C07581,2025-12-14 07:00:00,335.44,CMP001
B006853,C07581,2025-12-21 16:00:00,202.05,CMP002
B006854,C07583,2025-06-14 03:00:00,151.03,CMP002
B006855,C07583,2025-08-13 06:00:00,100.0,CMP001
B006856,C07583,2025-09-27 17:00:00,500.93,CMP004
B006857,C07584,2025-04-18 07:00:00,136.54,CMP001
B006858,C07585,2025-09-29 02:00:00,498.1,
B006859,C07585,2025-10-06 10:00:00,146.7,CMP004
B006860,C07585,2025-10-27 12:00:00,264.75,CMP003
B006861,C07585,2025-11-18 00:00:00,234.96,CMP003
B006862,C07586,2025-09-10 12:00:00,474.2,CMP003
B006863,C07587,2025-02-10 08:00:00,426.83,CMP002
B006864,C07588,2025-04-26 14:00:00,600.92,CMP003
B006865,C07589,2025-02-17 17:00:00,397.37,CMP003
B006866,C07589,2025-03-19 23:00:00,170.76,CMP003
B006867,C07589,2025-03-27 07:00:00,122.13,CMP001
B006868,C07591,2025-02-26 03:00:00,507.18,CMP003
B006869,C07591,2025-03-05 11:00:00,539.16,CMP003
B006870,C07591,2025-04-04 14:00:00,499.02,CMP002
B006871,C07592,2025-04-01 20:00:00,491.95,
B006872,C07592,2025-04-09 06:00:00,173.64,CMP003
B006873,C07592,2025-04-16 13:00:00,212.17,CMP003
B006874,C07592,2025-07-15 15:00:00,315.29,CMP004
B006875,C07593,2025-08-12 09:00:00,232.41,
B006876,C07594,2025-12-25 01:00:00,476.06,
B006877,C07597,2025-04-20 15:00:00,484.55,CMP001
B006878,C07597,2025-04-28 03:00:00,340.78,CMP002
B006879,C07598,2025-10-07 20:00:00,273.15,CMP001
B006880,C07599,2025-12-01 11:00:00,715.52,
B006881,C07599,2025-12-15 13:00:00,715.34,CMP001
B006882,C07600,2025-02-06 15:00:00,633.04,CMP003
B006883,C07601,2025-06-27 19:00:00,314.44,CMP003
B006884,C07603,2025-08-19 18:00:00,312.38,CMP001
B006885,C07607,2025-03-01 06:00:00,132.23,CMP003
B006886,C07607,2025-03-31 16:00:00,235.42,CMP002
B006887,C07607,2025-06-29 22:00:00,603.01,CMP003
B006888,C07609,2025-12-09 03:00:00,176.91,
B006889,C07610,2025-10-31 11:00:00,109.7,
B006890,C07611,2025-04-26 03:00:00,537.96,CMP002
B006891,C07612,2025-03-14 07:00:00,329.51,CMP001
B006892,C07612,2025-05-13 12:00:00,370.45,CMP001
B006893,C07612,2025-06-12 20:00:00,198.31,CMP003
B006894,C07612,2025-08-12 03:00:00,334.33,CMP003
B006895,C07614,2025-05-16 07:00:00,100.0,CMP001
B006896,C07615,2025-08-23 13:00:00,355.46,CMP002
B006897,C07615,2025-11-22 00:00:00,212.05,CMP004
B006898,C07616,2025-07-06 08:00:00,778.18,CMP001
B006899,C07616,2025-08-20 14:00:00,286.55,CMP003
B006900,C07616,2025-09-19 23:00:00,677.67,CMP001
B006901,C07618,2025-09-26 06:00:00,310.61,CMP001
B006902,C07618,2025-11-10 16:00:00,381.18,CMP003
B006903,C07618,2025-11-25 01:00:00,162.57,CMP002
B006904,C07618,2025-12-25 08:00:00,119.29,CMP003
B006905,C07619,2025-03-24 06:00:00,472.74,CMP002
B006906,C07620,2025-12-12 05:00:00,893.68,CMP003
B006907,C07620,2025-12-26 13:00:00,272.1,CMP003
B006908,C07624,2025-06-25 12:00:00,100.0,CMP004
B006909,C07624,2025-07-09 20:00:00,127.72,CMP004
B006910,C07624,2025-07-31 01:00:00,996.13,CMP003
B006911,C07624,2025-08-21 11:00:00,279.28,CMP003
B006912,C07626,2025-11-04 15:00:00,230.59,CMP002
B006913,C07631,2025-05-08 02:00:00,304.44,CMP003
B006914,C07631,2025-06-07 11:00:00,677.91,CMP002
B006915,C07631,2025-07-22 13:00:00,451.21,CMP001
B006916,C07632,2025-07-11 05:00:00,255.02,CMP004
B006917,C07632,2025-07-18 15:00:00,701.61,CMP002
B006918,C07632,2025-10-16 19:00:00,259.99,CMP001
B006919,C07634,2025-01-19 09:00:00,500.12,CMP004
B006920,C07635,2025-06-05 06:00:00,472.52,CMP002
B006921,C07638,2025-03-04 06:00:00,501.07,
B006922,C07638,2025-04-03 07:00:00,278.88,
B006923,C07638,2025-04-10 13:00:00,1724.42,CMP003
B006924,C07638,2025-05-02 00:00:00,181.64,CMP003
B006925,C07639,2025-01-31 02:00:00,461.43,CMP004
B006926,C07639,2025-02-07 03:00:00,241.08,CMP004
B006927,C07641,2025-08-26 02:00:00,1272.4,CMP001
B006928,C07642,2025-12-13 09:00:00,339.27,CMP004
B006929,C07644,2025-05-04 04:00:00,436.85,CMP005
B006930,C07644,2025-06-03 06:00:00,184.6,
B006931,C07644,2025-07-18 17:00:00,131.5,CMP002
B006932,C07644,2025-10-17 02:00:00,132.81,CMP004
B006933,C07646,2025-12-17 20:00:00,354.76,CMP004
B006934,C07647,2025-07-04 12:00:00,609.4,CMP001
B006935,C07648,2025-08-22 10:00:00,253.03,
B006936,C07649,2025-04-08 06:00:00,170.49,CMP001
B006937,C07649,2025-04-29 13:00:00,188.94,CMP002
B006938,C07649,2025-06-29 01:00:00,461.39,
B006939,C07649,2025-07-13 08:00:00,128.05,CMP004
B006940,C07650,2025-12-19 10:00:00,181.05,
B006941,C07652,2025-05-30 09:00:00,247.49,
B006942,C07657,2025-03-16 09:00:00,453.07,CMP002
B006943,C07658,2025-04-16 14:00:00,130.67,CMP003
B006944,C07659,2025-04-29 01:00:00,498.36,CMP005
B006945,C07659,2025-06-13 12:00:00,398.32,CMP002
B006946,C07659,2025-07-28 17:00:00,262.78,CMP002
B006947,C07659,2025-08-11 18:00:00,258.74,CMP005
B006948,C07660,2025-11-14 03:00:00,171.74,CMP001
B006949,C07664,2025-07-30 01:00:00,738.63,CMP001
B006950,C07664,2025-10-28 10:00:00,409.59,
B006951,C07664,2025-12-12 17:00:00,761.96,CMP002
B006952,C07666,2025-12-14 05:00:00,847.35,CMP002
B006953,C07667,2025-05-21 17:00:00,762.06,CMP001
B006954,C07668,2025-01-22 14:00:00,583.19,CMP002
B006955,C07669,2025-05-07 01:00:00,190.76,CMP001
B006956,C07669,2025-05-28 13:00:00,250.67,CMP001
B006957,C07669,2025-07-12 15:00:00,534.57,
B006958,C07672,2025-09-17 05:00:00,188.56,CMP004
B006959,C07672,2025-11-01 07:00:00,829.46,CMP004
B006960,C07673,2025-11-20 19:00:00,306.51,CMP003
B006961,C07677,2025-05-26 15:00:00,401.67,CMP003
B006962,C07679,2025-02-23 02:00:00,117.59,CMP004
B006963,C07680,2025-02-24 19:00:00,205.89,CMP002
B006964,C07680,2025-05-25 21:00:00,140.46,
B006965,C07680,2025-06-01 22:00:00,182.87,
B006966,C07680,2025-08-01 08:00:00,248.03,CMP002
B006967,C07682,2025-08-08 08:00:00,612.22,CMP002
B006968,C07682,2025-10-07 20:00:00,436.15,CMP004
B006969,C07686,2025-08-12 13:00:00,163.11,CMP002
B006970,C07687,2025-08-11 03:00:00,252.65,CMP004
B006971,C07687,2025-09-10 09:00:00,442.83,
B006972,C07687,2025-10-10 19:00:00,185.85,CMP004
B006973,C07687,2025-11-10 03:00:00,239.1,CMP001
B006974,C07688,2025-07-21 14:00:00,296.68,CMP002
B006975,C07694,2025-10-06 09:00:00,104.49,CMP003
B006976,C07697,2025-11-25 19:00:00,1174.53,CMP002
B006977,C07697,2025-12-16 20:00:00,188.83,CMP005
B006978,C07698,2025-06-06 04:00:00,224.32,CMP001
B006979,C07698,2025-08-05 10:00:00,202.83,
B006980,C07700,2025-03-24 10:00:00,422.55,
B006981,C07701,2025-04-04 04:00:00,235.37,CMP002
B006982,C07701,2025-04-11 09:00:00,330.16,CMP003
B006983,C07701,2025-05-26 10:00:00,525.28,CMP002
B006984,C07701,2025-07-10 12:00:00,173.88,CMP003
B006985,C07702,2025-08-24 19:00:00,100.0,CMP002
B006986,C07702,2025-09-01 04:00:00,716.38,CMP001
B006987,C07702,2025-09-22 08:00:00,409.37,CMP005
B006988,C07703,2025-01-25 11:00:00,270.54,CMP001
B006989,C07703,2025-04-25 16:00:00,110.25,
B006990,C07706,2025-02-14 12:00:00,172.8,CMP005
B006991,C07709,2025-09-23 11:00:00,566.91,CMP004
B006992,C07711,2025-06-15 06:00:00,862.12,CMP003
B006993,C07714,2025-12-27 19:00:00,879.12,CMP002
B006994,C07715,2025-11-13 19:00:00,197.56,CMP004
B006995,C07716,2025-10-04 12:00:00,328.67,
B006996,C07721,2025-09-02 20:00:00,381.47,CMP004
B006997,C07721,2025-10-03 02:00:00,110.28,CMP001
B006998,C07721,2025-11-02 03:00:00,601.01,CMP005
B006999,C07722,2025-10-26 05:00:00,351.52,CMP005
B007000,C07724,2025-11-30 12:00:00,197.06,CMP003
B007001,C07724,2025-12-07 17:00:00,100.0,CMP002
B007002,C07727,2025-12-16 20:00:00,109.42,CMP003
B007003,C07728,2025-10-15 14:00:00,229.87,CMP002
B007004,C07729,2025-06-10 04:00:00,632.25,
B007005,C07729,2025-07-10 07:00:00,256.59,CMP001
B007006,C07732,2025-08-19 16:00:00,578.62,CMP002
B007007,C07734,2025-05-30 12:00:00,187.34,CMP003
B007008,C07740,2025-12-23 08:00:00,183.63,CMP001
B007009,C07741,2025-08-16 06:00:00,224.98,
B007010,C07743,2025-11-21 13:00:00,384.57,CMP004
B007011,C07744,2025-06-06 13:00:00,196.28,CMP003
B007012,C07744,2025-09-04 18:00:00,124.09,
B007013,C07745,2025-08-02 10:00:00,269.97,CMP002
B007014,C07746,2025-08-10 11:00:00,515.79,CMP004
B007015,C07746,2025-09-24 20:00:00,205.63,CMP003
B007016,C07747,2025-09-24 01:00:00,285.11,CMP004
B007017,C07747,2025-10-08 12:00:00,189.83,CMP003
B007018,C07747,2025-12-07 16:00:00,213.76,CMP001
B007019,C07748,2025-10-01 15:00:00,402.07,CMP004
B007020,C07748,2025-11-15 18:00:00,227.71,CMP001
B007021,C07748,2025-12-31 06:00:00,179.95,CMP002
B007022,C07749,2025-01-15 05:00:00,206.07,CMP002
B007023,C07750,2025-10-16 11:00:00,1560.15,
B007024,C07750,2025-12-15 20:00:00,183.28,
B007025,C07751,2025-04-15 20:00:00,868.16,CMP004
B007026,C07751,2025-06-15 05:00:00,258.53,
B007027,C07753,2025-07-29 01:00:00,167.63,CMP003
B007028,C07753,2025-09-27 07:00:00,543.1,CMP002
B007029,C07753,2025-10-11 17:00:00,198.22,CMP003
B007030,C07755,2025-08-15 06:00:00,314.63,CMP002
B007031,C07756,2025-09-17 18:00:00,224.88,CMP002
B007032,C07756,2025-11-17 04:00:00,477.38,
B007033,C07757,2025-07-31 06:00:00,335.33,CMP004
B007034,C07757,2025-08-21 14:00:00,287.15,CMP001
B007035,C07757,2025-09-11 23:00:00,161.1,CMP002
B007036,C07758,2025-08-06 17:00:00,107.97,CMP003
B007037,C07763,2025-06-02 02:00:00,240.52,CMP001
B007038,C07765,2025-10-01 19:00:00,100.0,
B007039,C07766,2025-04-07 20:00:00,243.99,CMP004
B007040,C07766,2025-04-22 03:00:00,100.0,CMP002
B007041,C07766,2025-05-06 13:00:00,716.37,CMP002
B007042,C07766,2025-06-05 18:00:00,240.41,CMP002
B007043,C07767,2025-07-06 14:00:00,686.94,CMP003
B007044,C07769,2025-05-07 04:00:00,838.36,CMP003
B007045,C07769,2025-06-21 11:00:00,307.37,CMP003
B007046,C07770,2025-04-04 06:00:00,254.26,
B007047,C07770,2025-04-25 15:00:00,100.0,CMP004
B007048,C07770,2025-06-10 02:00:00,258.69,CMP004
B007049,C07773,2025-05-12 17:00:00,284.23,
B007050,C07775,2025-05-22 04:00:00,417.53,CMP005
B007051,C07775,2025-05-29 16:00:00,193.86,CMP005
B007052,C07775,2025-07-29 00:00:00,276.6,
B007053,C07775,2025-08-05 09:00:00,300.02,CMP001
B007054,C07776,2025-03-11 04:00:00,544.45,CMP003
B007055,C07776,2025-05-10 05:00:00,2137.64,
B007056,C07776,2025-05-17 16:00:00,352.07,CMP003
B007057,C07777,2025-08-09 05:00:00,100.0,CMP005
B007058,C07778,2025-01-21 17:00:00,207.43,CMP001
B007059,C07779,2025-07-26 06:00:00,409.4,CMP004
B007060,C07781,2025-08-31 12:00:00,848.7,CMP002
B007061,C07781,2025-09-21 14:00:00,105.85,CMP003
B007062,C07782,2025-10-22 16:00:00,373.59,
B007063,C07783,2025-12-05 12:00:00,467.11,CMP003
B007064,C07784,2025-09-23 17:00:00,100.0,CMP003
B007065,C07787,2025-09-08 10:00:00,255.12,CMP002
B007066,C07788,2025-08-04 15:00:00,702.37,CMP004
B007067,C07789,2025-03-22 01:00:00,225.85,CMP004
B007068,C07789,2025-03-29 13:00:00,1081.73,CMP004
B007069,C07790,2025-12-02 20:00:00,363.36,
B007070,C07791,2025-08-02 06:00:00,428.49,CMP001
B007071,C07791,2025-08-23 07:00:00,220.81,
B007072,C07791,2025-09-22 10:00:00,100.0,CMP002
B007073,C07791,2025-11-06 12:00:00,632.27,
B007074,C07793,2025-03-13 17:00:00,104.76,CMP003
B007075,C07795,2025-03-02 20:00:00,217.12,CMP003
B007076,C07795,2025-03-17 02:00:00,604.76,CMP005
B007077,C07795,2025-04-07 08:00:00,329.92,CMP004
B007078,C07795,2025-04-28 13:00:00,143.44,CMP004
B007079,C07796,2025-11-14 15:00:00,790.66,CMP002
B007080,C07797,2025-06-20 17:00:00,1289.58,CMP002
B007081,C07797,2025-08-05 00:00:00,276.65,CMP002
B007082,C07799,2025-10-10 08:00:00,218.21,CMP001
B007083,C07799,2025-11-09 20:00:00,200.42,CMP003
B007084,C07799,2025-11-17 07:00:00,670.18,CMP001
B007085,C07801,2025-10-28 16:00:00,448.29,CMP004
B007086,C07802,2025-07-08 04:00:00,243.8,CMP005
B007087,C07802,2025-07-15 10:00:00,535.48,CMP003
B007088,C07802,2025-10-13 18:00:00,167.38,CMP001
B007089,C07802,2025-11-12 22:00:00,293.15,
B007090,C07804,2025-05-24 13:00:00,227.05,CMP001
B007091,C07804,2025-06-07 20:00:00,387.12,CMP003
B007092,C07805,2025-03-04 15:00:00,205.79,
B007093,C07807,2025-12-20 11:00:00,100.0,CMP003
B007094,C07809,2025-10-26 18:00:00,237.55,CMP002
B007095,C07811,2025-08-05 06:00:00,305.24,CMP002
B007096,C07813,2025-02-25 04:00:00,267.28,CMP001
B007097,C07814,2025-04-04 02:00:00,413.52,CMP002
B007098,C07817,2025-04-29 01:00:00,547.53,CMP003
B007099,C07819,2025-04-04 03:00:00,342.27,CMP004
B007100,C07820,2025-04-04 19:00:00,272.35,CMP003
B007101,C07824,2025-08-26 16:00:00,150.61,CMP001
B007102,C07824,2025-10-25 21:00:00,487.44,CMP003
B007103,C07825,2025-04-25 10:00:00,100.0,CMP002
B007104,C07827,2025-09-28 09:00:00,596.48,CMP002
B007105,C07828,2025-09-20 18:00:00,1051.63,CMP002
B007106,C07830,2025-03-27 12:00:00,319.28,CMP003
B007107,C07830,2025-04-03 21:00:00,340.43,CMP002
B007108,C07836,2025-10-22 07:00:00,100.0,CMP003
B007109,C07837,2025-09-10 18:00:00,321.94,CMP002
B007110,C07838,2025-10-08 03:00:00,226.93,CMP004
B007111,C07838,2025-11-07 10:00:00,139.88,CMP003
B007112,C07838,2025-11-14 22:00:00,272.59,CMP001
B007113,C07842,2025-08-06 18:00:00,152.36,CMP001
B007114,C07842,2025-08-27 19:00:00,1255.01,CMP002
B007115,C07843,2025-06-23 10:00:00,388.27,
B007116,C07846,2025-05-22 01:00:00,503.38,CMP002
B007117,C07848,2025-11-12 07:00:00,266.49,CMP003
B007118,C07849,2025-06-01 05:00:00,133.68,CMP002
B007119,C07852,2025-02-01 08:00:00,140.53,CMP004
B007120,C07858,2025-10-29 18:00:00,413.48,CMP004
B007121,C07858,2025-12-28 21:00:00,279.2,CMP005
B007122,C07859,2025-04-29 20:00:00,244.45,CMP002
B007123,C07860,2025-06-07 01:00:00,449.21,CMP004
B007124,C07860,2025-07-22 06:00:00,215.24,CMP001
B007125,C07860,2025-09-20 11:00:00,100.0,
B007126,C07861,2025-05-02 20:00:00,216.4,CMP002
B007127,C07861,2025-06-17 03:00:00,242.01,CMP003
B007128,C07862,2025-10-18 08:00:00,344.08,CMP005
B007129,C07866,2025-03-01 20:00:00,166.31,CMP001
B007130,C07867,2025-04-18 10:00:00,100.0,CMP001
B007131,C07867,2025-06-02 15:00:00,134.64,CMP004
B007132,C07867,2025-06-10 03:00:00,168.84,CMP001
B007133,C07867,2025-07-10 05:00:00,801.9,CMP002
B007134,C07868,2025-05-05 02:00:00,506.33,CMP005
B007135,C07869,2025-03-18 14:00:00,159.18,CMP002
B007136,C07869,2025-04-18 00:00:00,340.6,CMP004
B007137,C07871,2025-05-20 08:00:00,289.42,CMP002
B007138,C07872,2025-08-14 02:00:00,378.22,CMP004
B007139,C07873,2025-08-31 09:00:00,402.48,CMP001
B007140,C07873,2025-09-30 12:00:00,490.74,CMP004
B007141,C07873,2025-12-29 18:00:00,656.57,CMP001
B007142,C07874,2025-06-13 17:00:00,357.69,CMP001
B007143,C07875,2025-09-12 11:00:00,237.87,CMP002
B007144,C07881,2025-03-25 01:00:00,734.58,CMP001
B007145,C07881,2025-04-24 12:00:00,211.97,CMP002
B007146,C07881,2025-05-01 17:00:00,189.79,CMP002
B007147,C07884,2025-12-19 14:00:00,373.76,CMP003
B007148,C07885,2025-12-16 08:00:00,210.89,CMP003
B007149,C07886,2025-09-23 02:00:00,485.69,CMP003
B007150,C07887,2025-08-26 15:00:00,100.0,CMP004
B007151,C07889,2025-02-24 19:00:00,491.73,CMP001
B007152,C07889,2025-03-03 23:00:00,267.55,CMP004
B007153,C07889,2025-03-18 01:00:00,503.16,CMP003
B007154,C07889,2025-06-16 05:00:00,187.29,CMP005
B007155,C07890,2025-04-26 11:00:00,491.85,
B007156,C07893,2025-12-23 02:00:00,429.55,CMP005
B007157,C07894,2025-07-09 08:00:00,459.32,CMP001
B007158,C07894,2025-10-07 17:00:00,312.38,
B007159,C07894,2025-11-22 02:00:00,164.14,CMP001
B007160,C07896,2025-06-16 11:00:00,661.34,CMP005
B007161,C07896,2025-07-07 17:00:00,332.86,CMP002
B007162,C07896,2025-09-06 01:00:00,179.29,
B007163,C07896,2025-10-06 09:00:00,206.83,
B007164,C07897,2025-10-01 16:00:00,393.95,CMP002
B007165,C07898,2025-08-16 09:00:00,350.03,CMP002
B007166,C07900,2025-11-01 18:00:00,361.63,CMP003
B007167,C07905,2025-10-20 18:00:00,113.74,CMP004
B007168,C07905,2025-11-03 20:00:00,150.98,CMP004
B007169,C07910,2025-06-28 20:00:00,100.0,CMP001
B007170,C07912,2025-11-26 06:00:00,288.87,CMP001
B007171,C07913,2025-07-16 19:00:00,981.24,CMP004
B007172,C07914,2025-07-14 06:00:00,252.14,CMP001
B007173,C07915,2025-09-18 10:00:00,100.0,CMP002
B007174,C07918,2025-12-19 17:00:00,1124.41,CMP005
B007175,C07923,2025-06-30 03:00:00,454.35,CMP002
B007176,C07924,2025-09-15 07:00:00,232.83,CMP003
B007177,C07924,2025-10-30 13:00:00,783.75,CMP003
B007178,C07924,2025-11-29 18:00:00,197.75,CMP004
B007179,C07924,2025-12-20 19:00:00,531.37,CMP002
B007180,C07925,2025-04-24 04:00:00,261.0,CMP001
B007181,C07925,2025-05-24 16:00:00,565.8,CMP002
B007182,C07925,2025-06-23 21:00:00,630.27,CMP002
B007183,C07925,2025-06-30 22:00:00,171.28,CMP003
B007184,C07926,2025-06-07 09:00:00,221.73,CMP001
B007185,C07929,2025-04-19 02:00:00,155.13,CMP001
B007186,C07932,2025-06-20 01:00:00,194.77,CMP004
B007187,C07933,2025-10-02 01:00:00,475.71,CMP002
B007188,C07934,2025-04-12 14:00:00,117.75,CMP003
B007189,C07935,2025-02-19 16:00:00,300.1,CMP002
B007190,C07935,2025-03-05 21:00:00,266.49,CMP003
B007191,C07935,2025-03-20 04:00:00,571.01,CMP001
B007192,C07935,2025-04-19 12:00:00,133.83,CMP001
B007193,C07937,2025-09-10 14:00:00,244.04,CMP001
B007194,C07937,2025-10-25 20:00:00,480.64,CMP001
B007195,C07937,2025-11-16 06:00:00,151.33,
B007196,C07937,2025-12-16 12:00:00,646.94,CMP001
B007197,C07938,2025-04-21 05:00:00,236.52,CMP001
B007198,C07941,2025-11-05 05:00:00,243.89,CMP003
B007199,C07942,2025-06-24 16:00:00,100.0,CMP004
B007200,C07942,2025-08-08 20:00:00,1203.53,CMP002
B007201,C07942,2025-11-07 04:00:00,126.94,
B007202,C07942,2025-12-22 15:00:00,282.78,CMP002
B007203,C07943,2025-09-22 11:00:00,365.45,CMP004
B007204,C07943,2025-11-21 18:00:00,144.21,
B007205,C07944,2025-02-08 08:00:00,260.5,CMP001
B007206,C07945,2025-12-10 20:00:00,509.13,CMP002
B007207,C07947,2025-10-08 03:00:00,789.04,
B007208,C07948,2025-03-20 10:00:00,259.83,CMP001
B007209,C07948,2025-03-27 11:00:00,236.98,CMP004
B007210,C07948,2025-05-26 13:00:00,409.83,
B007211,C07954,2025-12-29 13:00:00,100.0,CMP001
B007212,C07956,2025-12-09 05:00:00,357.8,
B007213,C07957,2025-03-18 14:00:00,288.37,CMP004
B007214,C07957,2025-03-25 18:00:00,493.52,CMP001
B007215,C07957,2025-05-24 22:00:00,260.12,CMP001
B007216,C07958,2025-12-14 03:00:00,110.98,CMP001
B007217,C07959,2025-07-14 13:00:00,374.86,CMP008
B007218,C07961,2025-12-03 06:00:00,470.33,CMP004
B007219,C07961,2025-12-17 10:00:00,318.98,CMP002
B007220,C07963,2025-08-20 13:00:00,152.63,
B007221,C07963,2025-09-03 22:00:00,383.94,CMP003
B007222,C07966,2025-06-13 12:00:00,569.8,
B007223,C07967,2025-09-08 15:00:00,1100.18,CMP003
B007224,C07969,2025-05-05 19:00:00,562.55,CMP002
B007225,C07969,2025-05-13 03:00:00,353.23,CMP005
B007226,C07971,2025-06-07 16:00:00,219.67,CMP004
B007227,C07971,2025-08-06 18:00:00,190.95,CMP005
B007228,C07972,2025-03-13 19:00:00,337.72,CMP003
B007229,C07975,2025-04-22 11:00:00,173.81,CMP003
B007230,C07979,2025-11-19 12:00:00,358.61,CMP003
B007231,C07981,2025-03-10 17:00:00,100.0,CMP001
B007232,C07981,2025-03-17 22:00:00,164.68,CMP001
B007233,C07983,2025-09-16 07:00:00,315.68,CMP003
B007234,C07984,2025-08-07 07:00:00,183.14,CMP004
B007235,C07984,2025-08-14 18:00:00,100.0,CMP004
B007236,C07985,2025-08-05 16:00:00,180.11,CMP002
B007237,C07988,2025-10-06 17:00:00,201.81,CMP004
B007238,C07989,2025-01-27 03:00:00,304.61,CMP005
B007239,C07989,2025-03-13 12:00:00,100.0,
B007240,C07989,2025-04-27 20:00:00,337.01,
B007241,C07989,2025-05-12 00:00:00,109.19,CMP005
B007242,C07992,2025-08-27 20:00:00,100.0,
B007243,C07997,2025-08-27 14:00:00,367.79,CMP003
B007244,C07997,2025-10-27 02:00:00,301.32,CMP002
B007245,C07997,2025-11-03 07:00:00,100.0,CMP003
B007246,C07998,2025-05-26 18:00:00,303.06,CMP005
B007247,C07998,2025-06-17 03:00:00,337.45,CMP001
B007248,C07998,2025-07-17 14:00:00,299.02,CMP002
B007249,C07999,2025-06-10 16:00:00,328.15,CMP001
B007250,C08000,2025-09-23 14:00:00,217.82,CMP004
B007251,C08002,2025-06-22 12:00:00,838.25,CMP003
B007252,C08002,2025-08-22 00:00:00,227.73,CMP005
B007253,C08003,2025-03-26 19:00:00,100.0,CMP004
B007254,C08003,2025-04-02 22:00:00,466.38,CMP003
B007255,C08004,2025-02-04 05:00:00,342.27,
B007256,C08004,2025-02-11 10:00:00,273.6,CMP001
B007257,C08004,2025-03-28 14:00:00,467.46,CMP005
B007258,C08006,2025-03-02 20:00:00,458.12,CMP001
B007259,C08007,2025-09-18 12:00:00,479.28,CMP005
B007260,C08007,2025-11-17 21:00:00,393.52,CMP001
B007261,C08007,2025-11-25 01:00:00,671.61,CMP003
B007262,C08007,2025-12-16 07:00:00,641.92,CMP005
B007263,C08008,2025-03-20 15:00:00,566.68,CMP002
B007264,C08009,2025-08-15 06:00:00,523.47,CMP005
B007265,C08009,2025-09-05 12:00:00,370.9,CMP002
B007266,C08010,2025-08-25 03:00:00,120.55,CMP001
B007267,C08012,2025-04-28 14:00:00,150.8,CMP002
B007268,C08012,2025-05-28 20:00:00,307.85,CMP004
B007269,C08012,2025-07-12 21:00:00,320.47,CMP003
B007270,C08012,2025-09-11 03:00:00,288.74,CMP003
B007271,C08015,2025-05-12 04:00:00,123.12,CMP001
B007272,C08015,2025-08-10 14:00:00,257.97,
B007273,C08016,2025-08-13 17:00:00,224.9,CMP003
B007274,C08018,2025-04-10 19:00:00,196.97,CMP001
B007275,C08020,2025-06-17 10:00:00,339.32,CMP005
B007276,C08021,2025-06-12 03:00:00,321.58,CMP001
B007277,C08021,2025-07-03 11:00:00,490.2,CMP001
B007278,C08021,2025-08-17 14:00:00,271.5,CMP003
B007279,C08021,2025-09-17 00:00:00,104.66,CMP002
B007280,C08023,2025-09-30 16:00:00,355.54,CMP002
B007281,C08025,2025-07-13 12:00:00,517.55,CMP003
B007282,C08026,2025-02-28 14:00:00,100.0,CMP001
B007283,C08027,2025-03-09 07:00:00,456.88,CMP003
B007284,C08028,2025-11-17 11:00:00,247.88,CMP002
B007285,C08029,2025-05-21 07:00:00,601.15,CMP002
B007286,C08029,2025-06-04 19:00:00,292.76,CMP001
B007287,C08029,2025-07-05 07:00:00,161.32,CMP002
B007288,C08029,2025-08-19 13:00:00,200.58,
B007289,C08030,2025-09-30 04:00:00,202.03,CMP001
B007290,C08030,2025-10-21 07:00:00,100.0,CMP002
B007291,C08033,2025-02-21 02:00:00,100.0,CMP001
B007292,C08033,2025-04-07 14:00:00,369.94,CMP003
B007293,C08034,2025-03-30 17:00:00,399.84,CMP002
B007294,C08035,2025-04-18 02:00:00,244.33,CMP005
B007295,C08036,2025-09-02 03:00:00,136.04,CMP005
B007296,C08037,2025-07-26 16:00:00,184.27,CMP003
B007297,C08037,2025-08-16 17:00:00,114.96,CMP002
B007298,C08037,2025-08-23 22:00:00,438.71,CMP004
B007299,C08037,2025-09-23 10:00:00,163.38,CMP001
B007300,C08038,2025-03-31 17:00:00,380.24,CMP003
B007301,C08040,2025-01-17 12:00:00,589.94,CMP003
B007302,C08041,2025-05-08 06:00:00,549.46,
B007303,C08042,2025-10-05 15:00:00,264.7,CMP001
B007304,C08044,2025-02-19 20:00:00,211.8,CMP004
B007305,C08045,2025-05-01 04:00:00,335.63,CMP002
B007306,C08046,2025-04-30 13:00:00,562.88,
B007307,C08047,2025-05-31 09:00:00,287.19,CMP001
B007308,C08049,2025-06-28 10:00:00,242.35,CMP002
B007309,C08050,2025-10-20 15:00:00,185.44,
B007310,C08052,2025-05-13 15:00:00,341.52,CMP004
B007311,C08053,2025-03-11 20:00:00,323.7,CMP002
B007312,C08053,2025-03-26 00:00:00,160.69,CMP002
B007313,C08053,2025-04-02 11:00:00,253.23,CMP001
B007314,C08053,2025-05-17 19:00:00,249.89,CMP002
B007315,C08055,2025-06-21 04:00:00,117.95,CMP005
B007316,C08055,2025-08-05 13:00:00,258.36,
B007317,C08056,2025-09-30 12:00:00,544.4,CMP002
B007318,C08060,2025-10-03 13:00:00,278.8,CMP001
B007319,C08061,2025-11-30 17:00:00,100.0,CMP001
B007320,C08061,2025-12-21 20:00:00,368.43,CMP005
B007321,C08062,2025-08-24 15:00:00,418.14,CMP005
B007322,C08064,2025-04-29 13:00:00,486.84,CMP004
B007323,C08066,2025-03-19 19:00:00,327.29,CMP001
B007324,C08067,2025-12-15 07:00:00,193.38,CMP003
B007325,C08068,2025-07-28 16:00:00,374.61,CMP001
B007326,C08071,2025-08-02 19:00:00,285.53,CMP004
B007327,C08072,2025-02-19 20:00:00,645.07,
B007328,C08074,2025-09-10 08:00:00,360.87,CMP004
B007329,C08074,2025-09-17 12:00:00,264.19,CMP004
B007330,C08074,2025-09-24 21:00:00,401.57,CMP003
B007331,C08074,2025-10-16 08:00:00,163.5,CMP004
B007332,C08076,2025-06-29 09:00:00,669.87,CMP001
B007333,C08076,2025-07-13 21:00:00,404.8,CMP002
B007334,C08076,2025-09-12 09:00:00,221.27,
B007335,C08077,2025-05-01 13:00:00,276.1,CMP002
B007336,C08078,2025-06-06 10:00:00,299.51,CMP002
B007337,C08079,2025-07-09 01:00:00,336.32,CMP002
B007338,C08080,2025-09-14 01:00:00,100.0,CMP004
B007339,C08080,2025-10-29 13:00:00,170.4,
B007340,C08080,2025-11-13 00:00:00,100.0,CMP003
B007341,C08084,2025-04-03 10:00:00,149.86,
B007342,C08084,2025-05-18 11:00:00,458.19,CMP002
B007343,C08084,2025-07-17 19:00:00,491.07,CMP001
B007344,C08085,2025-03-17 20:00:00,127.19,CMP003
B007345,C08089,2025-07-29 02:00:00,1379.62,CMP003
B007346,C08089,2025-08-28 12:00:00,464.26,CMP004
B007347,C08089,2025-09-11 21:00:00,409.33,CMP005
B007348,C08091,2025-03-09 15:00:00,195.23,CMP004
B007349,C08093,2025-07-27 05:00:00,839.53,CMP004
B007350,C08094,2025-11-03 02:00:00,297.49,CMP003
B007351,C08101,2025-11-27 03:00:00,628.51,CMP001
B007352,C08104,2025-10-02 13:00:00,311.74,CMP004
B007353,C08104,2025-12-01 20:00:00,331.92,CMP002
B007354,C08105,2025-09-09 12:00:00,100.0,CMP003
B007355,C08105,2025-12-08 13:00:00,329.84,
B007356,C08107,2025-02-12 19:00:00,258.65,CMP003
B007357,C08108,2025-11-07 11:00:00,419.63,CMP005
B007358,C08108,2025-11-28 13:00:00,346.63,CMP003
B007359,C08108,2025-12-05 20:00:00,226.01,CMP004
B007360,C08109,2025-10-31 17:00:00,183.38,CMP003
B007361,C08113,2025-12-13 06:00:00,570.15,CMP002
B007362,C08113,2025-12-20 08:00:00,100.0,CMP005
B007363,C08114,2025-05-06 04:00:00,141.68,
B007364,C08115,2025-04-26 18:00:00,100.0,
B007365,C08115,2025-06-10 20:00:00,222.0,CMP004
B007366,C08115,2025-06-25 02:00:00,887.57,CMP001
B007367,C08115,2025-09-23 12:00:00,618.53,
B007368,C08116,2025-08-13 08:00:00,300.01,CMP002
B007369,C08118,2025-08-01 06:00:00,364.41,CMP003
B007370,C08118,2025-08-22 17:00:00,913.99,CMP004
B007371,C08118,2025-11-20 19:00:00,555.37,CMP005
B007372,C08118,2025-12-12 07:00:00,551.9,CMP001
B007373,C08119,2025-04-22 15:00:00,664.74,CMP001
B007374,C08122,2025-10-26 04:00:00,405.91,CMP003
B007375,C08123,2025-05-17 09:00:00,457.39,CMP005
B007376,C08123,2025-05-24 16:00:00,153.79,CMP001
B007377,C08125,2025-01-27 10:00:00,322.89,CMP004
B007378,C08131,2025-08-13 12:00:00,255.69,CMP002
B007379,C08133,2025-05-21 01:00:00,350.58,
B007380,C08133,2025-06-04 13:00:00,295.82,CMP003
B007381,C08133,2025-06-25 16:00:00,491.75,CMP003
B007382,C08133,2025-07-10 02:00:00,276.17,CMP002
B007383,C08135,2025-08-11 05:00:00,217.66,CMP004
B007384,C08135,2025-10-10 17:00:00,259.7,
B007385,C08136,2025-08-16 03:00:00,579.5,
B007386,C08136,2025-10-15 04:00:00,787.23,
B007387,C08136,2025-11-05 08:00:00,100.0,CMP001
B007388,C08141,2025-02-17 02:00:00,281.99,CMP002
B007389,C08143,2025-10-30 14:00:00,687.87,CMP002
B007390,C08143,2025-12-14 21:00:00,704.78,CMP004
B007391,C08144,2025-09-15 05:00:00,452.32,
B007392,C08144,2025-11-14 11:00:00,216.67,
B007393,C08144,2025-11-28 18:00:00,487.05,CMP002
B007394,C08144,2025-12-29 03:00:00,386.32,CMP005
B007395,C08146,2025-05-22 04:00:00,209.62,CMP004
B007396,C08148,2025-05-08 06:00:00,203.88,CMP002
B007397,C08148,2025-06-22 08:00:00,343.62,
B007398,C08148,2025-06-29 13:00:00,176.53,CMP004
B007399,C08148,2025-08-13 22:00:00,160.08,CMP001
B007400,C08149,2025-06-02 16:00:00,669.14,
B007401,C08149,2025-08-01 23:00:00,111.13,
B007402,C08152,2025-07-18 16:00:00,190.36,CMP005
B007403,C08152,2025-08-18 02:00:00,305.36,CMP005
B007404,C08152,2025-09-01 06:00:00,152.58,CMP003
B007405,C08152,2025-11-30 10:00:00,252.55,CMP002
B007406,C08153,2025-09-10 07:00:00,807.21,CMP003
B007407,C08153,2025-11-09 10:00:00,134.32,CMP001
B007408,C08153,2025-11-30 16:00:00,187.62,CMP001
B007409,C08153,2025-12-22 01:00:00,549.76,CMP004
B007410,C08155,2025-06-20 12:00:00,745.68,
B007411,C08155,2025-09-18 22:00:00,371.53,
B007412,C08155,2025-12-18 10:00:00,494.16,CMP004
B007413,C08156,2025-10-04 09:00:00,227.05,CMP004
B007414,C08156,2025-11-18 11:00:00,141.57,
B007415,C08156,2025-11-25 13:00:00,333.51,CMP004
B007416,C08157,2025-12-21 06:00:00,490.85,CMP004
B007417,C08159,2025-03-14 11:00:00,1632.05,CMP003
B007418,C08160,2025-08-26 15:00:00,262.93,CMP002
B007419,C08160,2025-11-24 20:00:00,361.05,
B007420,C08162,2025-06-28 19:00:00,920.0,CMP003
B007421,C08163,2025-04-02 10:00:00,127.34,
B007422,C08163,2025-05-17 19:00:00,632.37,
B007423,C08163,2025-05-24 20:00:00,524.18,CMP001
B007424,C08163,2025-06-08 02:00:00,688.2,CMP004
B007425,C08166,2025-09-13 10:00:00,250.77,
B007426,C08167,2025-08-08 14:00:00,702.72,CMP004
B007427,C08167,2025-11-06 20:00:00,100.0,
B007428,C08169,2025-11-30 01:00:00,135.42,CMP003
B007429,C08170,2025-07-21 13:00:00,493.05,
B007430,C08170,2025-10-19 19:00:00,524.23,CMP001
B007431,C08171,2025-06-29 09:00:00,134.61,CMP004
B007432,C08172,2025-04-03 20:00:00,256.44,CMP004
B007433,C08172,2025-07-03 04:00:00,522.84,
B007434,C08172,2025-07-10 15:00:00,160.9,CMP001
B007435,C08172,2025-08-09 21:00:00,256.19,CMP002
B007436,C08173,2025-03-20 13:00:00,210.24,CMP004
B007437,C08173,2025-04-03 20:00:00,216.3,CMP001
B007438,C08173,2025-04-11 04:00:00,341.28,CMP001
B007439,C08178,2025-03-11 13:00:00,398.55,
B007440,C08179,2025-04-25 19:00:00,195.31,CMP001
B007441,C08179,2025-05-26 05:00:00,762.88,CMP002
B007442,C08181,2025-07-19 12:00:00,215.23,CMP001
B007443,C08181,2025-08-02 20:00:00,348.45,CMP003
B007444,C08181,2025-09-02 07:00:00,187.02,CMP002
B007445,C08183,2025-11-09 08:00:00,437.05,CMP001
B007446,C08185,2025-06-29 04:00:00,116.79,CMP004
B007447,C08186,2025-11-29 16:00:00,197.98,CMP001
B007448,C08186,2025-12-20 20:00:00,138.48,
B007449,C08187,2025-02-24 12:00:00,997.86,CMP001
B007450,C08187,2025-04-10 23:00:00,373.37,CMP001
B007451,C08188,2025-05-10 10:00:00,451.08,CMP003
B007452,C08188,2025-06-09 11:00:00,229.86,CMP004
B007453,C08188,2025-07-09 16:00:00,184.16,CMP003
B007454,C08189,2025-08-20 07:00:00,1361.02,CMP004
B007455,C08189,2025-09-03 16:00:00,505.05,CMP001
B007456,C08190,2025-09-25 16:00:00,100.0,CMP004
B007457,C08194,2025-03-22 05:00:00,165.18,
B007458,C08202,2025-08-06 14:00:00,294.38,CMP002
B007459,C08205,2025-08-22 14:00:00,231.64,CMP004
B007460,C08205,2025-08-29 19:00:00,276.03,CMP001
B007461,C08205,2025-09-20 07:00:00,287.59,CMP002
B007462,C08205,2025-10-11 08:00:00,506.15,CMP003
B007463,C08211,2025-11-11 05:00:00,480.95,CMP004
B007464,C08213,2025-10-01 09:00:00,508.15,
B007465,C08214,2025-02-25 09:00:00,502.85,CMP004
B007466,C08214,2025-03-04 17:00:00,252.7,CMP003
B007467,C08214,2025-03-19 00:00:00,349.34,CMP005
B007468,C08215,2025-08-04 11:00:00,730.77,CMP003
B007469,C08216,2025-12-05 08:00:00,120.01,CMP003
B007470,C08216,2025-12-12 16:00:00,215.04,CMP001
B007471,C08217,2025-10-06 14:00:00,189.6,CMP001
B007472,C08218,2025-05-03 02:00:00,315.59,CMP003
B007473,C08220,2025-11-20 07:00:00,323.17,CMP001
B007474,C08220,2025-12-20 17:00:00,261.67,CMP002
B007475,C08222,2025-06-02 12:00:00,240.56,CMP001
B007476,C08223,2025-12-11 07:00:00,677.3,CMP004
B007477,C08224,2025-04-22 07:00:00,357.54,CMP005
B007478,C08225,2025-07-04 09:00:00,147.61,CMP002
B007479,C08227,2025-05-23 13:00:00,134.47,CMP005
B007480,C08227,2025-07-23 00:00:00,252.08,CMP001
B007481,C08227,2025-09-06 06:00:00,184.74,CMP004
B007482,C08229,2025-08-31 18:00:00,589.79,
B007483,C08229,2025-10-31 02:00:00,455.08,
B007484,C08230,2025-08-06 16:00:00,175.11,CMP003
B007485,C08234,2025-11-13 19:00:00,176.13,
B007486,C08235,2025-05-20 20:00:00,508.67,CMP003
B007487,C08235,2025-07-20 00:00:00,232.56,CMP005
B007488,C08235,2025-10-18 05:00:00,408.76,CMP003
B007489,C08235,2025-12-02 17:00:00,902.06,CMP001
B007490,C08236,2025-04-23 15:00:00,527.77,CMP001
B007491,C08241,2025-06-02 04:00:00,385.76,CMP004
B007492,C08242,2025-04-18 13:00:00,155.12,CMP002
B007493,C08246,2025-02-18 17:00:00,177.45,CMP002
B007494,C08248,2025-05-09 13:00:00,257.57,CMP004
B007495,C08249,2025-12-14 12:00:00,121.64,CMP001
B007496,C08252,2025-12-02 07:00:00,783.48,CMP002
B007497,C08253,2025-12-16 08:00:00,206.99,CMP002
B007498,C08253,2025-12-30 15:00:00,371.25,CMP001
B007499,C08254,2025-02-25 02:00:00,603.82,CMP003
B007500,C08255,2025-11-09 04:00:00,245.41,CMP001
B007501,C08257,2025-10-13 08:00:00,223.48,CMP002
B007502,C08259,2025-12-02 05:00:00,348.18,CMP002
B007503,C08260,2025-03-01 13:00:00,214.95,CMP003
B007504,C08262,2025-12-13 03:00:00,432.69,CMP001
B007505,C08263,2025-07-27 05:00:00,472.1,CMP002
B007506,C08263,2025-09-10 12:00:00,318.13,CMP005
B007507,C08263,2025-09-24 23:00:00,416.26,CMP005
B007508,C08266,2025-02-12 12:00:00,173.23,CMP001
B007509,C08266,2025-03-05 16:00:00,1144.9,CMP005
B007510,C08268,2025-05-21 16:00:00,227.47,CMP004
B007511,C08270,2025-02-27 01:00:00,326.91,CMP001
B007512,C08270,2025-04-13 08:00:00,283.38,CMP003
B007513,C08271,2025-09-15 19:00:00,452.38,CMP004
B007514,C08271,2025-11-15 03:00:00,658.01,CMP004
B007515,C08272,2025-02-01 14:00:00,174.94,CMP005
B007516,C08275,2025-11-09 03:00:00,160.74,CMP001
B007517,C08276,2025-01-26 07:00:00,165.25,CMP004
B007518,C08277,2025-12-15 13:00:00,297.13,CMP002
B007519,C08278,2025-12-09 08:00:00,100.0,CMP004
B007520,C08278,2025-12-16 12:00:00,239.53,CMP001
B007521,C08279,2025-09-27 02:00:00,238.49,CMP003
B007522,C08280,2025-06-05 11:00:00,821.14,CMP004
B007523,C08282,2025-03-25 05:00:00,226.98,CMP002
B007524,C08284,2025-07-09 19:00:00,401.14,CMP001
B007525,C08284,2025-07-31 04:00:00,279.5,CMP002
B007526,C08284,2025-10-29 16:00:00,393.44,CMP005
B007527,C08284,2025-11-29 00:00:00,221.05,CMP002
B007528,C08287,2025-06-26 16:00:00,475.21,CMP004
B007529,C08288,2025-10-07 09:00:00,122.99,CMP002
B007530,C08289,2025-04-17 17:00:00,558.72,CMP004
B007531,C08289,2025-05-17 18:00:00,1101.85,CMP001
B007532,C08290,2025-06-05 06:00:00,331.03,CMP002
B007533,C08291,2025-07-08 18:00:00,437.39,CMP008
B007534,C08292,2025-09-28 19:00:00,374.35,CMP004
B007535,C08295,2025-07-11 17:00:00,343.08,CMP004
B007536,C08295,2025-10-09 18:00:00,437.02,
B007537,C08295,2025-12-08 22:00:00,519.28,CMP003
B007538,C08296,2025-11-30 13:00:00,237.9,CMP001
B007539,C08300,2025-02-11 09:00:00,311.51,CMP002
B007540,C08302,2025-04-24 11:00:00,100.0,
B007541,C08302,2025-06-08 22:00:00,1071.46,
B007542,C08302,2025-08-08 02:00:00,387.14,CMP004
B007543,C08303,2025-08-16 17:00:00,415.41,
B007544,C08304,2025-10-22 09:00:00,142.73,CMP002
B007545,C08304,2025-10-29 21:00:00,232.09,CMP005
B007546,C08304,2025-11-20 05:00:00,707.58,CMP001
B007547,C08309,2025-08-29 02:00:00,172.42,CMP002
B007548,C08311,2025-03-02 10:00:00,100.0,CMP001
B007549,C08312,2025-12-28 06:00:00,250.31,
B007550,C08313,2025-03-30 04:00:00,274.28,CMP001
B007551,C08313,2025-04-13 06:00:00,443.17,CMP004
B007552,C08313,2025-04-20 18:00:00,102.3,CMP003
B007553,C08314,2025-05-01 13:00:00,490.02,CMP004
B007554,C08315,2025-05-08 09:00:00,184.17,
B007555,C08317,2025-09-14 09:00:00,123.72,CMP005
B007556,C08323,2025-06-03 04:00:00,124.54,
B007557,C08323,2025-06-17 07:00:00,265.07,CMP001
B007558,C08323,2025-07-08 14:00:00,100.0,CMP002
B007559,C08324,2025-10-25 16:00:00,324.27,CMP003
B007560,C08326,2025-05-25 16:00:00,330.01,CMP002
B007561,C08329,2025-12-31 07:00:00,206.31,CMP001
B007562,C08330,2025-02-12 05:00:00,378.37,CMP002
B007563,C08331,2025-05-19 14:00:00,285.36,
B007564,C08331,2025-07-03 19:00:00,100.0,CMP003
B007565,C08331,2025-07-11 05:00:00,370.88,CMP002
B007566,C08332,2025-08-21 06:00:00,288.09,CMP004
B007567,C08333,2025-12-23 18:00:00,331.91,CMP001
B007568,C08335,2025-01-20 08:00:00,293.76,CMP002
B007569,C08337,2025-03-24 01:00:00,460.58,CMP001
B007570,C08337,2025-04-14 09:00:00,406.49,CMP003
B007571,C08337,2025-05-14 12:00:00,179.3,CMP005
B007572,C08337,2025-08-12 20:00:00,783.15,CMP001
B007573,C08338,2025-10-28 14:00:00,114.82,CMP003
B007574,C08339,2025-12-16 15:00:00,805.37,CMP005
B007575,C08339,2025-12-23 17:00:00,264.65,CMP003
B007576,C08339,2025-12-31 00:00:00,103.27,CMP004
B007577,C08340,2025-10-21 02:00:00,356.03,CMP001
B007578,C08343,2025-03-06 15:00:00,305.23,
B007579,C08347,2025-04-21 04:00:00,104.16,
B007580,C08349,2025-05-01 09:00:00,720.09,CMP001
B007581,C08349,2025-06-30 18:00:00,521.38,
B007582,C08349,2025-08-30 03:00:00,787.08,CMP001
B007583,C08349,2025-10-14 11:00:00,152.18,
B007584,C08351,2025-06-23 10:00:00,1312.53,CMP003
B007585,C08352,2025-09-24 18:00:00,100.0,CMP001
B007586,C08353,2025-11-14 12:00:00,1950.37,CMP001
B007587,C08353,2025-11-28 21:00:00,278.68,CMP002
B007588,C08354,2025-10-17 15:00:00,131.42,CMP002
B007589,C08355,2025-07-06 18:00:00,307.21,CMP002
B007590,C08355,2025-07-28 05:00:00,136.31,CMP001
B007591,C08355,2025-08-11 16:00:00,236.01,CMP003
B007592,C08357,2025-08-13 07:00:00,419.76,CMP003
B007593,C08358,2025-03-08 06:00:00,658.01,CMP003
B007594,C08358,2025-04-22 17:00:00,218.37,CMP001
B007595,C08359,2025-11-08 02:00:00,424.02,CMP003
B007596,C08360,2025-03-18 05:00:00,459.92,
B007597,C08360,2025-05-02 15:00:00,125.61,CMP001
B007598,C08360,2025-07-02 00:00:00,101.18,
B007599,C08360,2025-08-31 05:00:00,1168.32,CMP001
B007600,C08363,2025-04-17 14:00:00,478.3,CMP002
B007601,C08363,2025-06-16 23:00:00,281.22,CMP001
B007602,C08364,2025-06-01 02:00:00,214.71,
B007603,C08366,2025-06-02 05:00:00,566.85,
B007604,C08366,2025-06-16 10:00:00,193.71,CMP001
B007605,C08367,2025-12-08 20:00:00,670.99,
B007606,C08367,2025-12-30 01:00:00,232.02,CMP003
B007607,C08371,2025-11-27 14:00:00,278.13,CMP002
B007608,C08374,2025-09-16 12:00:00,158.45,CMP005
B007609,C08374,2025-09-30 21:00:00,159.31,CMP001
B007610,C08375,2025-08-10 15:00:00,364.56,CMP002
B007611,C08376,2025-03-04 03:00:00,821.23,CMP002
B007612,C08377,2025-04-15 03:00:00,1019.56,CMP001
B007613,C08378,2025-12-10 12:00:00,1096.38,CMP004
B007614,C08379,2025-10-18 04:00:00,628.58,CMP004
B007615,C08379,2025-11-17 13:00:00,103.26,CMP005
B007616,C08380,2025-08-28 03:00:00,203.99,CMP002
B007617,C08380,2025-09-04 12:00:00,385.73,CMP001
B007618,C08380,2025-09-18 22:00:00,151.1,CMP002
B007619,C08380,2025-09-26 07:00:00,356.69,CMP002
B007620,C08381,2025-03-26 16:00:00,100.0,CMP001
B007621,C08385,2025-10-28 14:00:00,1579.62,CMP003
B007622,C08385,2025-12-12 20:00:00,100.0,
B007623,C08386,2025-03-05 05:00:00,544.19,CMP005
B007624,C08387,2025-01-27 07:00:00,118.67,CMP003
B007625,C08387,2025-02-10 15:00:00,764.31,CMP003
B007626,C08387,2025-02-24 17:00:00,711.52,CMP002
B007627,C08390,2025-08-12 13:00:00,257.37,CMP004
B007628,C08390,2025-08-26 20:00:00,1128.0,CMP003
B007629,C08390,2025-09-26 00:00:00,1358.96,CMP003
B007630,C08390,2025-11-10 02:00:00,149.02,CMP004
B007631,C08391,2025-11-04 18:00:00,221.68,CMP003
B007632,C08392,2025-11-03 07:00:00,162.21,CMP003
B007633,C08393,2025-05-30 10:00:00,143.96,CMP003
B007634,C08393,2025-08-28 22:00:00,310.53,CMP004
B007635,C08393,2025-09-19 09:00:00,348.07,CMP002
B007636,C08394,2025-06-11 16:00:00,342.53,CMP001
B007637,C08396,2025-08-07 19:00:00,130.0,
B007638,C08397,2025-11-22 05:00:00,320.86,CMP002
B007639,C08399,2025-11-17 15:00:00,239.45,CMP004
B007640,C08399,2025-12-02 00:00:00,284.5,CMP002
B007641,C08399,2025-12-23 05:00:00,291.9,CMP002
B007642,C08400,2025-11-07 07:00:00,175.77,CMP001
B007643,C08401,2025-07-05 16:00:00,427.43,
B007644,C08401,2025-08-19 18:00:00,226.48,CMP002
B007645,C08403,2025-07-01 16:00:00,645.95,CMP003
B007646,C08404,2025-10-24 15:00:00,307.16,CMP002
B007647,C08405,2025-04-24 12:00:00,704.7,
B007648,C08406,2025-04-15 09:00:00,446.67,CMP002
B007649,C08406,2025-05-15 19:00:00,184.45,CMP004
B007650,C08408,2025-04-25 15:00:00,1041.17,CMP005
B007651,C08412,2025-06-12 05:00:00,205.37,CMP001
B007652,C08414,2025-04-16 04:00:00,191.28,
B007653,C08415,2025-07-05 11:00:00,592.52,CMP005
B007654,C08416,2025-11-13 14:00:00,1261.41,CMP005
B007655,C08416,2025-11-20 15:00:00,445.03,CMP001
B007656,C08416,2025-12-12 03:00:00,515.88,CMP002
B007657,C08419,2025-03-11 20:00:00,293.65,CMP002
B007658,C08420,2025-09-15 08:00:00,310.83,CMP004
B007659,C08420,2025-10-30 16:00:00,116.31,
B007660,C08420,2025-11-20 17:00:00,294.47,CMP001
B007661,C08420,2025-12-21 01:00:00,321.41,CMP004
B007662,C08422,2025-08-08 20:00:00,149.64,CMP001
B007663,C08422,2025-08-16 02:00:00,529.99,CMP004
B007664,C08422,2025-09-30 13:00:00,159.29,
B007665,C08423,2025-08-24 10:00:00,658.29,CMP002
B007666,C08423,2025-08-31 16:00:00,794.41,CMP003
B007667,C08425,2025-09-13 19:00:00,439.11,CMP003
B007668,C08427,2025-08-21 06:00:00,286.11,CMP005
B007669,C08427,2025-09-20 08:00:00,128.65,CMP004
B007670,C08427,2025-09-27 18:00:00,227.57,CMP001
B007671,C08430,2025-10-14 16:00:00,345.93,CMP001
B007672,C08431,2025-09-07 16:00:00,342.3,CMP004
B007673,C08432,2025-01-13 04:00:00,101.16,CMP002
B007674,C08432,2025-02-03 16:00:00,149.4,CMP004
B007675,C08434,2025-02-22 19:00:00,319.47,CMP004
B007676,C08434,2025-03-09 02:00:00,214.81,CMP004
B007677,C08434,2025-06-07 11:00:00,336.91,CMP005
B007678,C08434,2025-06-21 20:00:00,614.71,CMP004
B007679,C08435,2025-11-03 12:00:00,295.04,CMP001
B007680,C08436,2025-09-10 18:00:00,282.85,
B007681,C08436,2025-12-10 05:00:00,100.3,
B007682,C08436,2025-12-31 17:00:00,554.55,CMP005
B007683,C08437,2025-06-24 18:00:00,101.85,CMP001
B007684,C08437,2025-07-08 19:00:00,201.75,CMP001
B007685,C08437,2025-07-16 02:00:00,225.49,CMP002
B007686,C08442,2025-12-29 14:00:00,288.72,CMP001
B007687,C08443,2025-05-22 08:00:00,270.03,CMP004
B007688,C08445,2025-09-04 10:00:00,707.02,
B007689,C08447,2025-03-28 17:00:00,628.92,CMP001
B007690,C08447,2025-04-12 03:00:00,202.84,CMP001
B007691,C08448,2025-06-09 01:00:00,176.95,CMP004
B007692,C08449,2025-09-02 05:00:00,156.49,
B007693,C08449,2025-11-01 14:00:00,270.62,CMP001
B007694,C08450,2025-10-28 12:00:00,285.97,
B007695,C08451,2025-04-06 14:00:00,311.03,CMP003
B007696,C08452,2025-07-17 11:00:00,383.61,CMP002
B007697,C08455,2025-07-05 05:00:00,274.11,CMP003
B007698,C08456,2025-02-27 03:00:00,313.96,CMP004
B007699,C08460,2025-12-27 08:00:00,731.59,
B007700,C08465,2025-02-20 18:00:00,159.94,CMP002
B007701,C08465,2025-03-07 06:00:00,784.06,CMP004
B007702,C08465,2025-06-05 13:00:00,246.78,CMP001
B007703,C08465,2025-09-03 15:00:00,475.34,
B007704,C08468,2025-01-11 12:00:00,378.21,CMP004
B007705,C08468,2025-02-25 14:00:00,280.54,CMP002
B007706,C08470,2025-06-14 17:00:00,741.9,CMP005
B007707,C08471,2025-09-26 03:00:00,383.75,CMP002
B007708,C08471,2025-12-25 06:00:00,438.3,
B007709,C08472,2025-07-19 03:00:00,178.2,CMP001
B007710,C08473,2025-12-27 15:00:00,107.23,
B007711,C08474,2025-12-07 15:00:00,454.19,CMP001
B007712,C08475,2025-07-12 19:00:00,287.79,CMP003
B007713,C08477,2025-06-21 19:00:00,100.0,CMP002
B007714,C08477,2025-07-06 03:00:00,335.46,CMP001
B007715,C08477,2025-07-27 05:00:00,222.47,CMP001
B007716,C08479,2025-06-25 18:00:00,478.37,
B007717,C08480,2025-09-21 02:00:00,352.71,CMP002
B007718,C08480,2025-12-20 07:00:00,316.66,
B007719,C08482,2025-03-17 11:00:00,441.87,CMP002
B007720,C08482,2025-06-15 19:00:00,416.88,
B007721,C08483,2025-04-10 06:00:00,758.75,
B007722,C08483,2025-06-09 17:00:00,478.6,
B007723,C08484,2025-01-30 19:00:00,326.27,CMP003
B007724,C08487,2025-11-10 07:00:00,632.48,CMP002
B007725,C08489,2025-06-19 09:00:00,312.85,
B007726,C08490,2025-04-02 03:00:00,147.14,CMP001
B007727,C08493,2025-06-28 16:00:00,265.91,CMP004
B007728,C08496,2025-06-05 14:00:00,285.68,CMP004
B007729,C08496,2025-09-04 02:00:00,101.47,
B007730,C08496,2025-09-11 06:00:00,423.92,CMP003
B007731,C08497,2025-03-20 17:00:00,134.96,CMP004
B007732,C08497,2025-04-11 03:00:00,595.48,CMP004
B007733,C08497,2025-04-18 04:00:00,439.62,CMP002
B007734,C08497,2025-04-25 11:00:00,338.58,CMP004
B007735,C08498,2025-12-13 11:00:00,110.69,CMP002
B007736,C08499,2025-12-16 02:00:00,441.97,CMP004
B007737,C08500,2025-05-27 10:00:00,557.36,CMP004
B007738,C08502,2025-04-20 14:00:00,415.22,CMP003
B007739,C08504,2025-10-10 06:00:00,264.45,CMP001
B007740,C08505,2025-05-04 19:00:00,883.86,CMP003
B007741,C08505,2025-07-03 23:00:00,492.13,
B007742,C08505,2025-07-18 04:00:00,220.36,CMP005
B007743,C08507,2025-10-28 20:00:00,147.63,CMP005
B007744,C08507,2025-12-28 04:00:00,144.48,
B007745,C08509,2025-09-22 20:00:00,166.94,CMP003
B007746,C08511,2025-11-28 16:00:00,299.42,CMP002
B007747,C08515,2025-05-14 15:00:00,441.03,
B007748,C08515,2025-08-13 01:00:00,165.89,
B007749,C08515,2025-09-03 02:00:00,893.43,CMP002
B007750,C08515,2025-09-17 13:00:00,189.74,CMP005
B007751,C08517,2025-05-28 09:00:00,253.14,CMP005
B007752,C08518,2025-05-20 01:00:00,171.41,CMP005
B007753,C08523,2025-05-15 06:00:00,693.47,CMP002
B007754,C08524,2025-07-28 20:00:00,272.43,CMP002
B007755,C08526,2025-03-16 09:00:00,221.73,CMP002
B007756,C08529,2025-01-26 06:00:00,218.84,CMP001
B007757,C08530,2025-12-30 16:00:00,279.38,CMP004
B007758,C08531,2025-09-11 19:00:00,556.48,CMP004
B007759,C08533,2025-03-29 19:00:00,530.84,CMP002
B007760,C08536,2025-10-15 07:00:00,414.93,CMP002
B007761,C08541,2025-11-15 17:00:00,442.98,CMP004
B007762,C08541,2025-11-29 21:00:00,722.25,CMP003
B007763,C08542,2025-11-01 12:00:00,612.39,CMP004
B007764,C08545,2025-09-12 01:00:00,348.2,CMP005
B007765,C08545,2025-09-26 08:00:00,381.35,CMP002
B007766,C08546,2025-05-26 05:00:00,428.7,CMP005
B007767,C08548,2025-07-29 05:00:00,142.57,CMP005
B007768,C08548,2025-08-05 13:00:00,520.38,CMP005
B007769,C08548,2025-09-05 00:00:00,284.44,CMP002
B007770,C08549,2025-11-29 16:00:00,202.79,
B007771,C08550,2025-04-10 17:00:00,248.16,CMP005
B007772,C08551,2025-04-05 05:00:00,138.91,CMP002
B007773,C08555,2025-04-02 20:00:00,279.97,CMP002
B007774,C08560,2025-06-25 17:00:00,243.7,CMP001
B007775,C08561,2025-06-25 19:00:00,124.26,CMP002
B007776,C08562,2025-10-08 04:00:00,352.78,CMP004
B007777,C08562,2025-10-15 15:00:00,416.85,CMP005
B007778,C08562,2025-11-29 19:00:00,162.53,CMP002
B007779,C08563,2025-11-21 02:00:00,339.14,CMP001
B007780,C08564,2025-06-26 04:00:00,289.94,CMP005
B007781,C08564,2025-08-10 13:00:00,749.83,CMP002
B007782,C08564,2025-10-10 01:00:00,280.51,CMP004
B007783,C08565,2025-03-13 11:00:00,235.91,CMP002
B007784,C08566,2025-10-22 20:00:00,100.0,CMP005
B007785,C08567,2025-06-24 06:00:00,226.55,
B007786,C08571,2025-05-12 09:00:00,579.07,CMP002
B007787,C08571,2025-05-26 14:00:00,323.22,CMP001
B007788,C08571,2025-08-24 20:00:00,120.26,
B007789,C08571,2025-09-01 04:00:00,206.73,CMP001
B007790,C08572,2025-04-06 08:00:00,181.73,CMP002
B007791,C08572,2025-07-05 12:00:00,628.31,
B007792,C08572,2025-08-19 19:00:00,430.22,CMP003
B007793,C08572,2025-08-26 20:00:00,261.46,CMP003
B007794,C08574,2025-09-16 13:00:00,228.47,CMP002
B007795,C08576,2025-07-19 01:00:00,223.02,CMP003
B007796,C08578,2025-07-28 05:00:00,114.97,CMP003
B007797,C08578,2025-08-27 12:00:00,100.0,CMP004
B007798,C08578,2025-10-26 16:00:00,189.64,
B007799,C08578,2025-11-26 03:00:00,369.07,CMP003
B007800,C08580,2025-12-28 04:00:00,253.35,CMP003
B007801,C08581,2025-01-30 11:00:00,410.53,CMP003
B007802,C08582,2025-04-10 13:00:00,238.97,CMP002
B007803,C08583,2025-12-07 01:00:00,258.02,CMP002
B007804,C08586,2025-03-25 12:00:00,313.59,CMP003
B007805,C08586,2025-04-08 23:00:00,490.42,CMP002
B007806,C08586,2025-05-09 03:00:00,261.77,CMP003
B007807,C08587,2025-10-14 06:00:00,1005.56,CMP001
B007808,C08587,2025-11-04 16:00:00,441.4,CMP003
B007809,C08587,2025-12-05 03:00:00,113.62,CMP003
B007810,C08588,2025-03-30 05:00:00,170.42,CMP001
B007811,C08588,2025-04-06 17:00:00,346.64,CMP003
B007812,C08588,2025-04-21 03:00:00,149.73,CMP003
B007813,C08588,2025-05-21 15:00:00,267.38,CMP005
B007814,C08589,2025-11-17 07:00:00,366.74,CMP005
B007815,C08589,2025-12-17 14:00:00,347.88,CMP004
B007816,C08590,2025-04-12 20:00:00,120.12,CMP002
B007817,C08591,2025-07-17 16:00:00,184.34,CMP005
B007818,C08591,2025-07-31 21:00:00,241.81,CMP004
B007819,C08591,2025-09-15 03:00:00,661.75,CMP002
B007820,C08592,2025-04-12 14:00:00,325.44,CMP002
B007821,C08593,2025-10-22 13:00:00,120.54,
B007822,C08594,2025-07-07 03:00:00,219.4,CMP001
B007823,C08595,2025-03-09 10:00:00,170.8,CMP004
B007824,C08595,2025-06-07 13:00:00,420.66,CMP004
B007825,C08595,2025-07-07 15:00:00,260.75,CMP001
B007826,C08596,2025-03-26 13:00:00,444.75,CMP005
B007827,C08597,2025-11-08 08:00:00,416.18,CMP001
B007828,C08598,2025-07-02 13:00:00,351.86,CMP004
B007829,C08598,2025-08-16 15:00:00,361.51,CMP003
B007830,C08598,2025-09-07 01:00:00,339.97,CMP002
B007831,C08598,2025-10-22 06:00:00,975.03,CMP002
B007832,C08599,2025-03-29 10:00:00,304.78,CMP005
B007833,C08604,2025-03-14 04:00:00,107.15,CMP004
B007834,C08604,2025-03-21 08:00:00,454.79,CMP003
B007835,C08604,2025-03-28 20:00:00,267.74,CMP003
B007836,C08606,2025-07-02 09:00:00,292.4,CMP003
B007837,C08607,2025-11-30 13:00:00,703.19,CMP005
B007838,C08610,2025-08-07 18:00:00,215.97,CMP005
B007839,C08611,2025-03-19 13:00:00,156.75,CMP005
B007840,C08612,2025-04-15 10:00:00,217.76,CMP001
B007841,C08612,2025-05-06 20:00:00,243.38,
B007842,C08613,2025-09-29 01:00:00,140.81,CMP003
B007843,C08613,2025-10-06 06:00:00,341.98,CMP001
B007844,C08613,2025-11-05 15:00:00,420.27,CMP001
B007845,C08614,2025-07-22 20:00:00,147.8,CMP002
B007846,C08614,2025-09-05 22:00:00,299.71,CMP002
B007847,C08614,2025-09-13 09:00:00,335.86,CMP003
B007848,C08614,2025-11-12 10:00:00,111.8,CMP001
B007849,C08616,2025-05-23 05:00:00,227.53,CMP002
B007850,C08616,2025-07-22 16:00:00,214.56,CMP004
B007851,C08617,2025-08-02 16:00:00,359.94,
B007852,C08618,2025-11-10 16:00:00,222.37,CMP004
B007853,C08620,2025-09-25 16:00:00,195.55,CMP001
B007854,C08621,2025-09-02 10:00:00,928.59,CMP002
B007855,C08624,2025-01-30 10:00:00,414.41,CMP002
B007856,C08625,2025-12-23 02:00:00,377.78,CMP004
B007857,C08627,2025-03-24 15:00:00,242.18,CMP003
B007858,C08627,2025-05-23 21:00:00,312.44,CMP001
B007859,C08628,2025-02-18 03:00:00,471.86,CMP002
B007860,C08632,2025-03-03 17:00:00,902.16,
B007861,C08632,2025-05-03 02:00:00,809.04,
B007862,C08632,2025-06-17 14:00:00,791.23,CMP004
B007863,C08632,2025-07-01 20:00:00,591.15,CMP005
B007864,C08633,2025-05-30 05:00:00,307.64,CMP001
B007865,C08635,2025-09-08 20:00:00,162.15,
B007866,C08635,2025-09-30 06:00:00,398.93,CMP002
B007867,C08636,2025-05-26 20:00:00,174.3,CMP004
B007868,C08636,2025-07-11 02:00:00,497.0,CMP001
B007869,C08636,2025-08-01 08:00:00,113.25,CMP005
B007870,C08636,2025-08-22 13:00:00,207.66,CMP001
B007871,C08637,2025-09-08 20:00:00,691.54,CMP001
B007872,C08638,2025-04-28 16:00:00,121.58,CMP002
B007873,C08639,2025-02-19 08:00:00,312.98,CMP001
B007874,C08640,2025-06-24 12:00:00,188.63,CMP001
B007875,C08641,2025-03-22 08:00:00,295.14,
B007876,C08642,2025-08-14 20:00:00,255.38,CMP003
B007877,C08646,2025-07-06 13:00:00,525.55,CMP002
B007878,C08649,2025-04-12 12:00:00,260.06,CMP004
B007879,C08650,2025-11-04 03:00:00,193.41,CMP001
B007880,C08651,2025-04-12 18:00:00,200.14,
B007881,C08652,2025-05-30 08:00:00,249.81,CMP005
B007882,C08654,2025-07-17 12:00:00,242.89,
B007883,C08654,2025-08-07 21:00:00,120.44,CMP005
B007884,C08654,2025-08-15 09:00:00,770.3,CMP002
B007885,C08654,2025-08-22 11:00:00,657.75,CMP004
B007886,C08656,2025-07-09 05:00:00,566.68,CMP004
B007887,C08657,2025-09-08 18:00:00,570.74,CMP002
B007888,C08659,2025-05-07 13:00:00,336.03,CMP003
B007889,C08660,2025-08-19 14:00:00,282.14,CMP003
B007890,C08662,2025-05-20 18:00:00,261.49,CMP005
B007891,C08663,2025-03-07 20:00:00,304.79,CMP001
B007892,C08663,2025-04-07 05:00:00,968.31,CMP002
B007893,C08663,2025-05-22 15:00:00,592.31,CMP004
B007894,C08663,2025-05-29 17:00:00,601.53,CMP002
B007895,C08665,2025-09-16 07:00:00,309.77,
B007896,C08666,2025-07-27 19:00:00,252.78,
B007897,C08666,2025-09-26 02:00:00,653.84,CMP004
B007898,C08667,2025-11-22 13:00:00,100.0,CMP001
B007899,C08668,2025-01-22 03:00:00,1209.2,CMP004
B007900,C08668,2025-04-22 04:00:00,442.12,CMP002
B007901,C08669,2025-03-19 20:00:00,424.33,CMP002
B007902,C08673,2025-05-09 20:00:00,331.79,CMP005
B007903,C08676,2025-07-22 13:00:00,138.09,CMP002
B007904,C08678,2025-07-28 09:00:00,342.88,CMP004
B007905,C08678,2025-09-11 16:00:00,380.45,
B007906,C08678,2025-10-12 02:00:00,200.43,CMP001
B007907,C08678,2025-10-19 14:00:00,571.22,CMP003
B007908,C08679,2025-06-09 07:00:00,401.64,CMP004
B007909,C08680,2025-08-06 08:00:00,128.96,CMP003
B007910,C08681,2025-11-06 17:00:00,448.4,CMP002
B007911,C08681,2025-11-13 20:00:00,476.38,CMP004
B007912,C08681,2025-12-13 22:00:00,216.07,CMP002
B007913,C08681,2025-12-21 09:00:00,356.89,CMP005
B007914,C08682,2025-08-02 18:00:00,196.48,CMP005
B007915,C08682,2025-10-02 05:00:00,251.88,CMP003
B007916,C08683,2025-04-06 02:00:00,794.94,CMP005
B007917,C08685,2025-04-21 17:00:00,195.33,
B007918,C08687,2025-11-17 02:00:00,394.84,CMP005
B007919,C08688,2025-04-10 13:00:00,583.39,CMP001
B007920,C08691,2025-11-29 02:00:00,353.24,CMP005
B007921,C08691,2025-12-13 04:00:00,639.72,CMP001
B007922,C08692,2025-11-01 09:00:00,180.22,
B007923,C08693,2025-08-18 06:00:00,286.91,CMP004
B007924,C08694,2025-06-02 06:00:00,381.84,CMP004
B007925,C08697,2025-12-17 13:00:00,460.18,CMP004
B007926,C08698,2025-11-10 05:00:00,796.15,CMP003
B007927,C08699,2025-07-17 02:00:00,338.71,
B007928,C08701,2025-10-10 09:00:00,304.22,CMP004
B007929,C08702,2025-11-04 19:00:00,510.25,CMP004
B007930,C08702,2025-12-04 20:00:00,267.18,CMP004
B007931,C08705,2025-05-18 08:00:00,200.46,CMP005
B007932,C08707,2025-07-18 16:00:00,246.42,CMP002
B007933,C08707,2025-08-01 23:00:00,206.67,CMP002
B007934,C08707,2025-10-31 00:00:00,170.26,
B007935,C08707,2025-12-15 10:00:00,320.93,CMP001
B007936,C08708,2025-03-15 19:00:00,209.16,CMP003
B007937,C08709,2025-11-17 06:00:00,171.0,CMP002
B007938,C08712,2025-12-08 08:00:00,147.45,CMP002
B007939,C08712,2025-12-15 09:00:00,100.0,CMP005
B007940,C08713,2025-06-04 01:00:00,126.63,CMP001
B007941,C08714,2025-12-27 15:00:00,283.1,
B007942,C08715,2025-09-17 05:00:00,249.17,CMP005
B007943,C08715,2025-10-08 09:00:00,232.17,CMP003
B007944,C08716,2025-12-25 10:00:00,137.92,CMP001
B007945,C08717,2025-09-18 17:00:00,497.82,CMP001
B007946,C08718,2025-08-18 04:00:00,264.35,CMP003
B007947,C08718,2025-09-17 11:00:00,123.08,CMP003
B007948,C08720,2025-12-18 16:00:00,176.53,CMP003
B007949,C08721,2025-03-19 04:00:00,177.42,CMP001
B007950,C08724,2025-06-15 09:00:00,285.13,CMP003
B007951,C08724,2025-08-14 16:00:00,159.58,
B007952,C08725,2025-08-28 13:00:00,203.43,CMP003
B007953,C08726,2025-07-12 14:00:00,189.08,CMP002
B007954,C08726,2025-09-10 15:00:00,179.72,
B007955,C08726,2025-11-09 20:00:00,125.18,CMP002
B007956,C08726,2025-11-24 02:00:00,1005.72,CMP003
B007957,C08727,2025-12-03 13:00:00,199.12,CMP005
B007958,C08732,2025-09-24 18:00:00,127.06,CMP002
B007959,C08733,2025-07-31 08:00:00,100.0,CMP004
B007960,C08733,2025-08-14 20:00:00,524.68,CMP001
B007961,C08733,2025-08-29 04:00:00,170.38,CMP001
B007962,C08734,2025-04-13 02:00:00,707.4,
B007963,C08735,2025-02-18 08:00:00,625.32,CMP001
B007964,C08737,2025-10-13 16:00:00,266.99,CMP002
B007965,C08740,2025-08-14 02:00:00,186.98,CMP004
B007966,C08740,2025-08-28 03:00:00,743.78,CMP004
B007967,C08741,2025-09-03 01:00:00,591.31,CMP003
B007968,C08742,2025-02-08 03:00:00,146.01,CMP004
B007969,C08744,2025-03-17 19:00:00,364.4,CMP005
B007970,C08744,2025-03-25 02:00:00,616.1,CMP001
B007971,C08744,2025-05-09 04:00:00,353.75,
B007972,C08745,2025-02-03 18:00:00,132.39,CMP001
B007973,C08746,2025-06-01 13:00:00,106.25,CMP002
B007974,C08747,2025-02-07 14:00:00,215.03,CMP001
B007975,C08747,2025-02-14 17:00:00,623.45,CMP002
B007976,C08747,2025-03-07 20:00:00,211.79,CMP005
B007977,C08747,2025-03-22 05:00:00,113.36,CMP003
B007978,C08748,2025-05-23 02:00:00,312.77,CMP003
B007979,C08748,2025-06-13 03:00:00,230.92,CMP002
B007980,C08748,2025-09-11 09:00:00,377.15,CMP001
B007981,C08748,2025-11-10 13:00:00,313.67,CMP001
B007982,C08751,2025-02-01 07:00:00,100.0,CMP005
B007983,C08753,2025-07-04 16:00:00,350.75,CMP001
B007984,C08754,2025-04-28 15:00:00,206.3,CMP004
B007985,C08754,2025-05-28 22:00:00,396.19,CMP001
B007986,C08754,2025-06-28 10:00:00,351.42,CMP001
B007987,C08755,2025-05-01 14:00:00,133.78,CMP002
B007988,C08757,2025-08-26 08:00:00,567.76,CMP001
B007989,C08757,2025-09-16 18:00:00,122.76,CMP005
B007990,C08757,2025-09-24 05:00:00,359.22,CMP002
B007991,C08757,2025-11-08 06:00:00,135.25,
B007992,C08759,2025-05-25 18:00:00,619.73,CMP005
B007993,C08759,2025-06-08 21:00:00,630.61,CMP004
B007994,C08759,2025-06-30 05:00:00,438.99,CMP001
B007995,C08759,2025-07-30 12:00:00,120.75,CMP003
B007996,C08761,2025-09-30 01:00:00,330.43,CMP003
B007997,C08763,2025-03-27 14:00:00,324.94,CMP004
B007998,C08763,2025-06-25 18:00:00,210.4,
B007999,C08763,2025-07-16 21:00:00,314.82,CMP002
B008000,C08767,2025-06-26 07:00:00,100.0,CMP005
B008001,C08768,2025-01-26 09:00:00,197.24,CMP002
B008002,C08771,2025-10-11 04:00:00,231.67,CMP001
B008003,C08772,2025-11-11 04:00:00,386.13,CMP002
B008004,C08772,2025-11-18 10:00:00,223.83,CMP005
B008005,C08773,2025-11-14 16:00:00,500.96,CMP003
B008006,C08774,2025-02-06 15:00:00,1330.87,CMP005
B008007,C08774,2025-04-07 16:00:00,231.0,
B008008,C08774,2025-05-22 18:00:00,145.76,CMP001
B008009,C08774,2025-05-30 01:00:00,311.5,CMP003
B008010,C08777,2025-12-24 09:00:00,905.21,CMP004
B008011,C08780,2025-09-28 10:00:00,288.98,CMP002
B008012,C08783,2025-06-05 01:00:00,734.46,CMP002
B008013,C08783,2025-06-19 03:00:00,654.75,CMP003
B008014,C08783,2025-08-03 11:00:00,194.39,CMP005
B008015,C08785,2025-09-24 01:00:00,514.89,CMP003
B008016,C08787,2025-09-13 01:00:00,147.31,
B008017,C08787,2025-09-20 04:00:00,208.64,CMP001
B008018,C08787,2025-10-11 11:00:00,157.96,CMP005
B008019,C08789,2025-12-21 05:00:00,300.58,
B008020,C08790,2025-12-17 04:00:00,429.48,CMP003
B008021,C08791,2025-08-19 17:00:00,245.08,CMP001
B008022,C08793,2025-10-21 20:00:00,100.0,CMP002
B008023,C08796,2025-08-30 09:00:00,196.91,CMP002
B008024,C08797,2025-11-14 18:00:00,651.19,CMP004
B008025,C08799,2025-12-22 05:00:00,373.35,
B008026,C08801,2025-07-13 04:00:00,906.52,CMP002
B008027,C08802,2025-07-23 17:00:00,170.95,CMP001
B008028,C08803,2025-10-03 13:00:00,509.38,CMP003
B008029,C08804,2025-11-05 13:00:00,558.36,CMP005
B008030,C08806,2025-04-28 03:00:00,222.0,CMP002
B008031,C08810,2025-11-19 17:00:00,111.88,CMP003
B008032,C08811,2025-02-11 19:00:00,444.39,CMP004
B008033,C08811,2025-03-04 22:00:00,230.78,CMP005
B008034,C08813,2025-11-12 10:00:00,251.24,CMP004
B008035,C08816,2025-03-08 15:00:00,919.96,CMP001
B008036,C08817,2025-04-23 20:00:00,683.26,CMP003
B008037,C08817,2025-07-23 05:00:00,228.34,CMP004
B008038,C08819,2025-05-25 10:00:00,112.39,CMP004
B008039,C08822,2025-08-03 03:00:00,455.14,CMP004
B008040,C08823,2025-10-30 17:00:00,568.5,CMP001
B008041,C08823,2025-11-06 18:00:00,254.43,CMP004
B008042,C08823,2025-11-13 23:00:00,891.14,CMP002
B008043,C08823,2025-12-14 04:00:00,189.11,CMP001
B008044,C08824,2025-11-28 06:00:00,404.53,CMP002
B008045,C08824,2025-12-05 13:00:00,437.27,CMP002
B008046,C08826,2025-08-12 18:00:00,100.0,CMP002
B008047,C08827,2025-12-22 09:00:00,141.99,CMP001
B008048,C08828,2025-03-22 03:00:00,584.37,CMP005
B008049,C08829,2025-11-22 08:00:00,106.13,CMP002
B008050,C08829,2025-12-13 19:00:00,534.79,CMP004
B008051,C08830,2025-08-01 05:00:00,130.96,CMP004
B008052,C08830,2025-08-22 16:00:00,142.05,CMP002
B008053,C08830,2025-09-12 22:00:00,100.0,CMP001
B008054,C08831,2025-03-29 14:00:00,278.75,CMP004
B008055,C08831,2025-05-29 00:00:00,212.71,CMP005
B008056,C08831,2025-06-05 12:00:00,449.6,CMP001
B008057,C08833,2025-05-16 03:00:00,333.15,
B008058,C08833,2025-05-23 08:00:00,362.0,CMP003
B008059,C08835,2025-11-21 06:00:00,329.6,CMP001
B008060,C08835,2025-11-28 11:00:00,391.73,CMP005
B008061,C08835,2025-12-12 14:00:00,553.08,CMP005
B008062,C08836,2025-08-28 15:00:00,264.3,
B008063,C08836,2025-11-26 22:00:00,423.39,CMP005
B008064,C08836,2025-12-18 06:00:00,460.06,CMP003
B008065,C08837,2025-12-23 13:00:00,164.03,CMP002
B008066,C08838,2025-06-18 16:00:00,910.76,
B008067,C08839,2025-10-11 06:00:00,327.78,
B008068,C08839,2025-10-18 17:00:00,178.01,CMP001
B008069,C08839,2025-11-08 19:00:00,100.0,CMP003
B008070,C08840,2025-04-11 08:00:00,363.12,CMP005
B008071,C08843,2025-07-18 06:00:00,195.94,CMP002
B008072,C08844,2025-03-11 13:00:00,634.16,CMP002
B008073,C08844,2025-05-10 17:00:00,379.3,CMP001
B008074,C08844,2025-05-17 18:00:00,100.0,CMP002
B008075,C08844,2025-07-02 03:00:00,100.0,
B008076,C08845,2025-05-03 17:00:00,691.21,CMP004
B008077,C08847,2025-06-23 03:00:00,171.58,CMP003
B008078,C08847,2025-07-14 12:00:00,111.3,CMP003
B008079,C08848,2025-07-30 03:00:00,100.0,
B008080,C08849,2025-05-30 09:00:00,1383.21,CMP003
B008081,C08849,2025-07-14 13:00:00,308.7,CMP002
B008082,C08851,2025-04-26 08:00:00,309.42,CMP002
B008083,C08851,2025-05-10 14:00:00,1846.99,CMP001
B008084,C08851,2025-06-24 16:00:00,371.33,
B008085,C08851,2025-09-22 20:00:00,269.6,
B008086,C08852,2025-05-31 12:00:00,271.13,CMP004
B008087,C08854,2025-08-20 17:00:00,1712.62,CMP002
B008088,C08855,2025-09-10 15:00:00,285.8,
B008089,C08855,2025-09-24 19:00:00,565.62,CMP002
B008090,C08856,2025-02-09 10:00:00,634.13,CMP001
B008091,C08856,2025-03-11 15:00:00,761.14,CMP004
B008092,C08856,2025-03-25 17:00:00,150.15,CMP005
B008093,C08857,2025-08-21 18:00:00,371.87,CMP002
B008094,C08858,2025-03-17 11:00:00,279.6,CMP001
B008095,C08858,2025-05-01 21:00:00,253.87,CMP002
B008096,C08860,2025-07-04 13:00:00,135.41,CMP003
B008097,C08861,2025-02-26 09:00:00,213.94,CMP004
B008098,C08861,2025-03-05 20:00:00,329.46,CMP001
B008099,C08861,2025-04-05 05:00:00,524.51,CMP001
B008100,C08863,2025-03-29 06:00:00,277.69,
B008101,C08863,2025-04-19 12:00:00,476.65,CMP002
B008102,C08863,2025-06-03 16:00:00,1178.2,CMP003
B008103,C08863,2025-09-01 19:00:00,100.0,
B008104,C08865,2025-12-08 02:00:00,437.74,CMP005
B008105,C08866,2025-06-27 11:00:00,199.86,CMP004
B008106,C08867,2025-09-15 05:00:00,477.79,CMP004
B008107,C08867,2025-09-22 15:00:00,232.64,CMP003
B008108,C08867,2025-12-21 23:00:00,488.31,CMP001
B008109,C08868,2025-12-02 19:00:00,142.76,
B008110,C08868,2025-12-17 00:00:00,448.71,CMP002
B008111,C08868,2025-12-24 01:00:00,356.44,CMP005
B008112,C08871,2025-04-19 01:00:00,382.97,
B008113,C08875,2025-12-19 03:00:00,132.67,CMP001
B008114,C08876,2025-04-15 10:00:00,597.65,CMP002
B008115,C08877,2025-09-23 14:00:00,274.99,CMP002
B008116,C08877,2025-10-01 02:00:00,498.13,CMP005
B008117,C08877,2025-12-30 14:00:00,106.97,
B008118,C08878,2025-09-15 05:00:00,274.67,
B008119,C08879,2025-09-26 02:00:00,240.1,
B008120,C08879,2025-10-17 09:00:00,181.28,CMP001
B008121,C08879,2025-10-31 14:00:00,228.54,CMP002
B008122,C08879,2025-11-30 18:00:00,407.1,CMP001
B008123,C08882,2025-04-11 15:00:00,205.37,CMP002
B008124,C08884,2025-09-30 10:00:00,407.75,CMP004
B008125,C08884,2025-11-14 17:00:00,284.43,
B008126,C08885,2025-02-20 08:00:00,180.0,CMP004
B008127,C08885,2025-04-06 10:00:00,580.85,CMP004
B008128,C08885,2025-05-06 12:00:00,154.06,CMP002
B008129,C08886,2025-11-07 08:00:00,344.36,CMP004
B008130,C08888,2025-06-09 14:00:00,144.28,CMP005
B008131,C08893,2025-04-13 10:00:00,627.05,CMP004
B008132,C08893,2025-07-12 11:00:00,412.74,
B008133,C08893,2025-08-11 21:00:00,388.36,CMP004
B008134,C08893,2025-11-10 05:00:00,317.62,
B008135,C08895,2025-04-25 06:00:00,288.33,CMP003
B008136,C08895,2025-05-02 12:00:00,408.53,CMP003
B008137,C08898,2025-10-16 01:00:00,259.08,CMP004
B008138,C08898,2025-10-30 08:00:00,256.72,CMP001
B008139,C08898,2025-11-13 11:00:00,197.93,CMP002
B008140,C08899,2025-05-04 04:00:00,517.86,CMP003
B008141,C08900,2025-04-09 15:00:00,897.91,CMP001
B008142,C08900,2025-04-16 17:00:00,450.1,CMP001
B008143,C08900,2025-05-16 21:00:00,730.29,CMP001
B008144,C08900,2025-08-15 07:00:00,454.69,CMP002
B008145,C08901,2025-02-14 15:00:00,657.3,CMP002
B008146,C08901,2025-03-31 17:00:00,239.36,CMP003
B008147,C08904,2025-12-22 09:00:00,101.2,CMP001
B008148,C08906,2025-10-30 02:00:00,121.84,CMP004
B008149,C08906,2025-11-06 05:00:00,254.43,CMP001
B008150,C08906,2025-11-20 07:00:00,444.22,CMP001
B008151,C08907,2025-08-27 15:00:00,364.82,
B008152,C08910,2025-07-13 08:00:00,139.38,CMP002
B008153,C08910,2025-07-27 13:00:00,324.24,CMP002
B008154,C08911,2025-03-01 16:00:00,324.55,CMP003
B008155,C08913,2025-08-13 15:00:00,298.97,
B008156,C08914,2025-08-18 10:00:00,556.63,CMP003
B008157,C08915,2025-02-06 05:00:00,513.14,CMP003
B008158,C08915,2025-03-08 09:00:00,287.85,CMP005
B008159,C08915,2025-03-29 19:00:00,300.29,CMP002
B008160,C08915,2025-05-29 07:00:00,196.09,
B008161,C08916,2025-04-04 05:00:00,935.59,
B008162,C08921,2025-11-20 12:00:00,343.63,
B008163,C08927,2025-10-31 19:00:00,373.61,CMP005
B008164,C08938,2025-04-07 19:00:00,157.61,CMP002
B008165,C08939,2025-04-18 04:00:00,239.11,CMP003
B008166,C08939,2025-06-17 07:00:00,436.61,CMP004
B008167,C08939,2025-06-24 17:00:00,763.06,CMP002
B008168,C08942,2025-10-10 05:00:00,288.92,
B008169,C08942,2025-12-09 11:00:00,134.95,CMP004
B008170,C08947,2025-04-04 10:00:00,653.62,CMP002
B008171,C08949,2025-10-17 07:00:00,146.39,CMP003
B008172,C08950,2025-09-24 07:00:00,243.15,
B008173,C08950,2025-11-23 17:00:00,385.66,
B008174,C08952,2025-01-17 15:00:00,412.44,CMP004
B008175,C08954,2025-05-07 16:00:00,257.43,CMP004
B008176,C08955,2025-05-08 10:00:00,306.41,CMP004
B008177,C08956,2025-12-16 13:00:00,106.25,CMP003
B008178,C08958,2025-08-22 13:00:00,174.72,CMP002
B008179,C08959,2025-12-20 20:00:00,467.01,CMP002
B008180,C08960,2025-07-19 04:00:00,100.0,CMP004
B008181,C08963,2025-12-02 02:00:00,157.73,CMP001
B008182,C08967,2025-11-19 18:00:00,853.92,CMP002
B008183,C08968,2025-09-21 01:00:00,977.69,CMP001
B008184,C08968,2025-10-05 08:00:00,186.13,CMP001
B008185,C08968,2025-10-26 09:00:00,148.21,CMP003
B008186,C08968,2025-12-25 14:00:00,125.71,CMP001
B008187,C08971,2025-07-08 06:00:00,231.38,CMP003
B008188,C08971,2025-09-06 15:00:00,163.87,CMP005
B008189,C08971,2025-09-28 01:00:00,434.8,CMP001
B008190,C08973,2025-07-07 16:00:00,255.83,CMP001
B008191,C08973,2025-07-15 04:00:00,226.83,
B008192,C08973,2025-09-13 05:00:00,100.0,CMP001
B008193,C08974,2025-01-22 12:00:00,315.66,CMP003
B008194,C08975,2025-04-25 05:00:00,343.03,
B008195,C08975,2025-07-24 07:00:00,100.0,
B008196,C08975,2025-10-22 18:00:00,100.0,CMP001
B008197,C08977,2025-02-23 11:00:00,294.27,CMP003
B008198,C08982,2025-06-09 08:00:00,775.03,
B008199,C08983,2025-06-12 10:00:00,320.41,CMP008
B008200,C08985,2025-07-24 10:00:00,178.79,
B008201,C08987,2025-12-14 07:00:00,255.61,CMP003
B008202,C08988,2025-02-24 14:00:00,393.08,CMP002
B008203,C08988,2025-04-25 20:00:00,657.79,CMP002
B008204,C08988,2025-06-10 06:00:00,161.96,CMP003
B008205,C08988,2025-07-01 10:00:00,396.48,CMP001
B008206,C08989,2025-09-25 18:00:00,150.78,CMP003
B008207,C08990,2025-10-28 20:00:00,434.42,CMP001
B008208,C08990,2025-12-28 07:00:00,645.68,CMP001
B008209,C08991,2025-02-14 14:00:00,431.45,CMP005
B008210,C08992,2025-10-04 03:00:00,492.04,CMP002
B008211,C08992,2025-12-03 10:00:00,354.69,CMP005
B008212,C08993,2025-05-09 09:00:00,142.59,CMP002
B008213,C08996,2025-11-11 01:00:00,391.99,CMP003
B008214,C08996,2025-12-11 03:00:00,330.11,CMP001
B008215,C08998,2025-12-05 02:00:00,327.08,
B008216,C08999,2025-08-16 05:00:00,490.61,CMP002
B008217,C09003,2025-11-22 11:00:00,353.07,CMP002
B008218,C09003,2025-12-06 19:00:00,100.0,CMP004
B008219,C09003,2025-12-21 01:00:00,641.68,CMP004
B008220,C09004,2025-11-02 08:00:00,565.83,
B008221,C09007,2025-04-04 10:00:00,218.22,CMP002
B008222,C09008,2025-04-26 02:00:00,137.72,CMP001
B008223,C09009,2025-11-24 14:00:00,460.89,CMP001
B008224,C09015,2025-08-16 18:00:00,228.08,
B008225,C09016,2025-05-29 03:00:00,578.06,CMP003
B008226,C09019,2025-07-31 12:00:00,100.0,CMP003
B008227,C09019,2025-08-22 00:00:00,570.75,CMP002
B008228,C09021,2025-09-02 02:00:00,215.47,CMP003
B008229,C09024,2025-11-14 18:00:00,285.88,CMP002
B008230,C09025,2025-07-29 17:00:00,407.46,CMP003
B008231,C09026,2025-07-08 11:00:00,385.62,
B008232,C09026,2025-09-06 23:00:00,299.88,CMP001
B008233,C09026,2025-09-28 11:00:00,432.29,
B008234,C09026,2025-10-05 15:00:00,275.1,CMP004
B008235,C09027,2025-11-07 04:00:00,176.2,CMP003
B008236,C09028,2025-11-11 10:00:00,169.31,CMP002
B008237,C09032,2025-04-12 14:00:00,300.57,CMP002
B008238,C09032,2025-05-03 20:00:00,169.31,
B008239,C09033,2025-12-13 20:00:00,214.84,CMP001
B008240,C09033,2025-12-28 03:00:00,123.92,CMP005
B008241,C09035,2025-05-23 14:00:00,100.0,CMP002
B008242,C09035,2025-06-13 18:00:00,343.88,CMP004
B008243,C09038,2025-08-04 03:00:00,446.13,
B008244,C09041,2025-05-09 06:00:00,354.23,CMP005
B008245,C09043,2025-10-28 11:00:00,353.8,
B008246,C09044,2025-07-26 03:00:00,240.26,CMP002
B008247,C09045,2025-11-11 16:00:00,142.7,CMP005
B008248,C09045,2025-12-27 03:00:00,458.73,CMP002
B008249,C09058,2025-11-03 11:00:00,100.0,CMP003
B008250,C09058,2025-12-03 18:00:00,208.37,CMP004
B008251,C09060,2025-06-18 10:00:00,594.0,
B008252,C09060,2025-09-16 16:00:00,465.25,CMP004
B008253,C09064,2025-03-29 01:00:00,330.57,CMP004
B008254,C09065,2025-04-21 18:00:00,172.83,
B008255,C09066,2025-11-13 12:00:00,116.79,CMP003
B008256,C09067,2025-03-25 05:00:00,119.64,CMP004
B008257,C09070,2025-03-16 05:00:00,439.15,
B008258,C09070,2025-03-23 06:00:00,187.06,
B008259,C09070,2025-04-06 07:00:00,315.64,CMP001
B008260,C09071,2025-07-27 01:00:00,475.11,CMP001
B008261,C09071,2025-08-26 09:00:00,675.33,CMP001
B008262,C09072,2025-07-23 14:00:00,341.9,CMP003
B008263,C09073,2025-07-05 01:00:00,265.46,CMP004
B008264,C09074,2025-06-27 17:00:00,362.28,CMP008
B008265,C09075,2025-06-01 05:00:00,940.84,CMP001
B008266,C09075,2025-07-01 13:00:00,179.1,CMP004
B008267,C09075,2025-08-15 19:00:00,232.35,CMP005
B008268,C09076,2025-05-16 15:00:00,188.29,
B008269,C09079,2025-11-08 03:00:00,168.56,CMP001
B008270,C09080,2025-08-17 02:00:00,134.72,CMP005
B008271,C09080,2025-09-07 10:00:00,518.92,CMP002
B008272,C09080,2025-09-21 21:00:00,290.97,CMP003
B008273,C09080,2025-09-29 04:00:00,1221.64,CMP004
B008274,C09081,2025-07-21 13:00:00,444.05,CMP002
B008275,C09081,2025-09-05 00:00:00,127.79,CMP002
B008276,C09085,2025-06-10 12:00:00,193.59,CMP002
B008277,C09089,2025-04-21 13:00:00,251.76,CMP004
B008278,C09091,2025-04-01 10:00:00,197.07,CMP003
B008279,C09092,2025-03-17 12:00:00,119.23,CMP004
B008280,C09097,2025-04-24 14:00:00,244.55,CMP003
B008281,C09097,2025-05-08 21:00:00,731.77,CMP001
B008282,C09097,2025-06-08 00:00:00,140.36,CMP002
B008283,C09098,2025-12-12 08:00:00,554.37,
B008284,C09099,2025-09-21 05:00:00,501.12,CMP002
B008285,C09099,2025-12-20 07:00:00,125.74,
B008286,C09100,2025-07-16 12:00:00,444.79,CMP004
B008287,C09101,2025-11-17 04:00:00,917.81,CMP003
B008288,C09101,2025-12-01 06:00:00,1247.74,CMP002
B008289,C09102,2025-09-05 14:00:00,241.84,CMP001
B008290,C09107,2025-12-18 16:00:00,121.29,CMP002
B008291,C09108,2025-12-11 03:00:00,695.22,CMP001
B008292,C09109,2025-12-24 14:00:00,128.86,CMP004
B008293,C09109,2025-12-31 17:00:00,117.62,CMP005
B008294,C09110,2025-08-30 15:00:00,222.63,CMP004
B008295,C09110,2025-10-29 23:00:00,127.02,
B008296,C09110,2025-11-13 02:00:00,247.86,CMP002
B008297,C09111,2025-08-07 12:00:00,200.78,
B008298,C09113,2025-10-11 09:00:00,179.96,CMP002
B008299,C09113,2025-10-18 14:00:00,230.55,CMP002
B008300,C09114,2025-11-26 16:00:00,390.18,CMP002
B008301,C09114,2025-12-17 23:00:00,215.2,CMP002
B008302,C09115,2025-03-14 19:00:00,187.58,CMP003
B008303,C09116,2025-08-19 20:00:00,115.06,CMP002
B008304,C09120,2025-07-14 10:00:00,139.39,
B008305,C09121,2025-05-23 17:00:00,215.37,CMP005
B008306,C09122,2025-06-20 16:00:00,302.28,
B008307,C09122,2025-07-05 03:00:00,300.79,CMP002
B008308,C09122,2025-07-19 12:00:00,178.77,CMP004
B008309,C09122,2025-09-03 00:00:00,100.0,CMP002
B008310,C09123,2025-06-05 02:00:00,1113.63,CMP004
B008311,C09125,2025-08-07 01:00:00,544.32,
B008312,C09125,2025-08-21 13:00:00,216.34,CMP002
B008313,C09125,2025-08-28 15:00:00,288.26,CMP005
B008314,C09125,2025-09-19 03:00:00,1259.83,CMP004
B008315,C09126,2025-02-08 10:00:00,154.98,CMP003
B008316,C09127,2025-10-22 03:00:00,100.0,CMP002
B008317,C09127,2025-11-21 08:00:00,334.9,CMP003
B008318,C09128,2025-05-20 06:00:00,215.49,
B008319,C09128,2025-07-19 17:00:00,1354.24,
B008320,C09130,2025-05-13 19:00:00,565.86,
B008321,C09130,2025-06-13 06:00:00,156.21,CMP001
B008322,C09133,2025-08-12 06:00:00,398.77,CMP001
B008323,C09137,2025-05-31 10:00:00,430.46,CMP001
B008324,C09139,2025-06-30 10:00:00,320.9,CMP005
B008325,C09139,2025-07-21 12:00:00,456.41,CMP001
B008326,C09140,2025-04-18 02:00:00,231.34,CMP005
B008327,C09141,2025-04-06 12:00:00,320.49,CMP002
B008328,C09141,2025-05-21 22:00:00,424.02,CMP002
B008329,C09141,2025-05-29 02:00:00,742.34,CMP002
B008330,C09144,2025-08-23 19:00:00,100.0,
B008331,C09144,2025-10-08 01:00:00,131.66,
B008332,C09147,2025-03-10 03:00:00,313.04,CMP004
B008333,C09148,2025-06-07 03:00:00,573.46,
B008334,C09148,2025-09-05 14:00:00,634.29,CMP003
B008335,C09148,2025-09-26 16:00:00,590.49,
B008336,C09148,2025-10-11 03:00:00,787.67,CMP001
B008337,C09149,2025-04-22 08:00:00,211.33,CMP001
B008338,C09149,2025-05-22 14:00:00,299.07,CMP005
B008339,C09149,2025-05-29 22:00:00,100.0,CMP004
B008340,C09149,2025-08-28 08:00:00,348.26,
B008341,C09152,2025-06-13 12:00:00,203.46,CMP002
B008342,C09152,2025-07-04 16:00:00,675.87,CMP001
B008343,C09153,2025-03-12 03:00:00,230.13,CMP003
B008344,C09153,2025-03-26 10:00:00,204.48,
B008345,C09153,2025-05-10 14:00:00,169.54,
B008346,C09154,2025-02-17 12:00:00,132.96,
B008347,C09157,2025-05-19 12:00:00,216.82,CMP005
B008348,C09158,2025-09-25 02:00:00,285.44,CMP003
B008349,C09158,2025-10-16 10:00:00,361.71,CMP001
B008350,C09158,2025-12-15 21:00:00,344.17,CMP002
B008351,C09159,2025-10-17 14:00:00,359.96,CMP001
B008352,C09163,2025-04-12 20:00:00,369.37,CMP001
B008353,C09164,2025-09-19 15:00:00,248.5,CMP003
B008354,C09165,2025-05-21 03:00:00,518.22,CMP003
B008355,C09166,2025-08-11 12:00:00,822.55,CMP002
B008356,C09167,2025-06-01 05:00:00,277.8,CMP003
B008357,C09167,2025-07-16 11:00:00,341.45,
B008358,C09170,2025-06-27 16:00:00,305.98,CMP002
B008359,C09173,2025-08-23 16:00:00,208.37,CMP004
B008360,C09173,2025-09-23 04:00:00,245.65,CMP001
B008361,C09173,2025-09-30 15:00:00,153.08,CMP002
B008362,C09174,2025-11-27 07:00:00,210.25,CMP001
B008363,C09175,2025-04-22 05:00:00,318.73,
B008364,C09175,2025-05-22 13:00:00,364.19,
B008365,C09175,2025-06-13 00:00:00,252.29,CMP008
B008366,C09176,2025-10-18 03:00:00,292.36,CMP004
B008367,C09177,2025-09-01 07:00:00,370.24,CMP001
B008368,C09179,2025-03-20 15:00:00,190.19,CMP002
B008369,C09180,2025-05-21 08:00:00,252.88,CMP003
B008370,C09182,2025-12-26 18:00:00,249.1,CMP005
B008371,C09183,2025-05-19 19:00:00,180.96,CMP003
B008372,C09183,2025-06-03 02:00:00,317.93,CMP001
B008373,C09183,2025-07-18 12:00:00,327.14,CMP003
B008374,C09185,2025-04-09 19:00:00,423.38,CMP002
B008375,C09186,2025-11-22 20:00:00,251.3,CMP001
B008376,C09187,2025-06-14 03:00:00,286.62,
B008377,C09187,2025-09-12 09:00:00,485.47,
B008378,C09187,2025-09-19 20:00:00,246.54,CMP002
B008379,C09187,2025-10-10 21:00:00,140.86,CMP002
B008380,C09188,2025-05-25 15:00:00,285.41,CMP002
B008381,C09188,2025-07-24 18:00:00,279.06,CMP001
B008382,C09188,2025-07-31 22:00:00,593.41,CMP004
B008383,C09188,2025-10-30 00:00:00,528.67,
B008384,C09189,2025-09-15 07:00:00,358.61,CMP003
B008385,C09190,2025-12-22 20:00:00,366.88,
B008386,C09193,2025-04-20 09:00:00,130.26,CMP001
B008387,C09194,2025-04-04 10:00:00,302.26,CMP003
B008388,C09196,2025-05-28 08:00:00,189.61,CMP005
B008389,C09196,2025-07-27 19:00:00,436.61,CMP005
B008390,C09196,2025-08-26 20:00:00,401.9,CMP002
B008391,C09196,2025-09-25 22:00:00,323.25,
B008392,C09197,2025-10-11 13:00:00,512.83,CMP004
B008393,C09198,2025-11-10 03:00:00,494.19,CMP002
B008394,C09199,2025-06-30 04:00:00,541.25,CMP003
B008395,C09200,2025-10-21 14:00:00,277.98,CMP001
B008396,C09201,2025-09-02 15:00:00,100.0,CMP002
B008397,C09202,2025-11-02 13:00:00,533.72,
B008398,C09202,2025-12-02 18:00:00,261.32,CMP001
B008399,C09204,2025-02-22 04:00:00,152.34,CMP001
B008400,C09205,2025-06-06 20:00:00,143.78,
B008401,C09205,2025-09-05 02:00:00,319.74,
B008402,C09205,2025-10-20 04:00:00,265.53,CMP001
B008403,C09205,2025-10-27 09:00:00,363.11,CMP003
B008404,C09208,2025-04-18 04:00:00,330.89,CMP003
B008405,C09210,2025-11-25 14:00:00,496.29,
B008406,C09211,2025-05-17 08:00:00,125.47,CMP002
B008407,C09211,2025-07-01 09:00:00,115.92,CMP003
B008408,C09212,2025-10-12 10:00:00,990.07,CMP001
B008409,C09213,2025-03-24 19:00:00,367.35,CMP004
B008410,C09215,2025-09-26 03:00:00,153.92,CMP001
B008411,C09215,2025-10-17 09:00:00,111.93,CMP001
B008412,C09215,2025-12-16 10:00:00,124.9,CMP004
B008413,C09215,2025-12-30 21:00:00,128.41,CMP005
B008414,C09216,2025-10-30 02:00:00,488.11,
B008415,C09216,2025-12-29 05:00:00,459.8,
B008416,C09217,2025-05-10 02:00:00,291.3,CMP004
B008417,C09217,2025-05-24 13:00:00,292.62,CMP002
B008418,C09219,2025-11-15 09:00:00,110.09,CMP001
B008419,C09220,2025-11-18 13:00:00,100.0,CMP001
B008420,C09223,2025-04-07 18:00:00,367.96,
B008421,C09224,2025-07-23 07:00:00,541.67,CMP001
B008422,C09224,2025-09-21 18:00:00,247.6,CMP002
B008423,C09224,2025-11-20 20:00:00,168.58,
B008424,C09224,2025-11-28 05:00:00,119.51,CMP003
B008425,C09225,2025-03-02 03:00:00,277.95,CMP003
B008426,C09229,2025-12-31 06:00:00,341.07,
B008427,C09230,2025-10-17 12:00:00,134.03,CMP002
B008428,C09237,2025-02-15 13:00:00,199.41,CMP003
B008429,C09237,2025-03-08 16:00:00,286.13,CMP002
B008430,C09237,2025-04-07 22:00:00,278.47,CMP002
B008431,C09237,2025-05-08 01:00:00,156.52,CMP001
B008432,C09238,2025-02-23 07:00:00,170.41,CMP001
B008433,C09238,2025-03-02 08:00:00,255.8,CMP004
B008434,C09239,2025-06-03 02:00:00,469.85,CMP002
B008435,C09239,2025-06-24 08:00:00,207.46,CMP001
B008436,C09239,2025-07-01 09:00:00,392.94,CMP002
B008437,C09240,2025-06-21 05:00:00,458.61,
B008438,C09240,2025-06-28 12:00:00,100.0,CMP001
B008439,C09241,2025-12-25 08:00:00,482.67,CMP002
B008440,C09243,2025-12-07 08:00:00,100.0,CMP004
B008441,C09243,2025-12-21 20:00:00,235.5,CMP002
B008442,C09246,2025-12-04 18:00:00,337.3,
B008443,C09251,2025-12-22 12:00:00,376.45,CMP005
B008444,C09253,2025-06-05 07:00:00,495.8,CMP003
B008445,C09253,2025-07-20 09:00:00,374.72,
B008446,C09254,2025-10-19 12:00:00,334.72,CMP003
B008447,C09256,2025-01-10 17:00:00,287.58,CMP002
B008448,C09260,2025-03-12 18:00:00,306.77,CMP004
B008449,C09260,2025-06-10 20:00:00,186.87,CMP001
B008450,C09260,2025-07-26 07:00:00,373.31,
B008451,C09261,2025-03-19 19:00:00,496.31,CMP001
B008452,C09261,2025-04-10 02:00:00,803.97,CMP003
B008453,C09263,2025-04-26 17:00:00,142.65,CMP001
B008454,C09264,2025-12-31 14:00:00,990.55,CMP003
B008455,C09267,2025-03-22 12:00:00,239.46,CMP001
B008456,C09267,2025-03-29 21:00:00,232.25,CMP002
B008457,C09267,2025-04-28 23:00:00,295.54,CMP001
B008458,C09267,2025-05-20 06:00:00,173.02,CMP004
B008459,C09270,2025-03-18 08:00:00,100.0,CMP001
B008460,C09270,2025-06-16 15:00:00,339.27,
B008461,C09270,2025-09-15 00:00:00,951.71,
B008462,C09271,2025-05-06 01:00:00,336.97,CMP002
B008463,C09272,2025-12-30 06:00:00,252.92,
B008464,C09273,2025-09-02 14:00:00,304.44,CMP001
B008465,C09279,2025-12-17 12:00:00,145.51,CMP003
B008466,C09279,2025-12-31 21:00:00,318.32,CMP001
B008467,C09281,2025-10-24 07:00:00,389.63,CMP002
B008468,C09282,2025-04-15 11:00:00,391.9,CMP001
B008469,C09284,2025-11-15 13:00:00,217.95,CMP003
B008470,C09284,2025-11-22 20:00:00,422.34,CMP004
B008471,C09286,2025-03-29 17:00:00,101.81,CMP001
B008472,C09286,2025-04-19 18:00:00,237.14,CMP002
B008473,C09287,2025-11-07 08:00:00,222.81,CMP005
B008474,C09288,2025-12-11 13:00:00,816.27,
B008475,C09289,2025-07-28 11:00:00,915.13,CMP008
B008476,C09289,2025-08-27 12:00:00,151.87,CMP002
B008477,C09289,2025-10-27 00:00:00,225.81,CMP002
B008478,C09289,2025-12-26 03:00:00,442.31,CMP002
B008479,C09290,2025-11-29 15:00:00,433.27,CMP002
B008480,C09291,2025-04-21 17:00:00,549.21,CMP001
B008481,C09292,2025-07-08 19:00:00,271.21,CMP001
B008482,C09294,2025-12-21 08:00:00,474.76,CMP001
B008483,C09296,2025-07-12 18:00:00,281.74,CMP001
B008484,C09297,2025-02-15 06:00:00,792.59,CMP001
B008485,C09297,2025-04-16 11:00:00,201.78,CMP003
B008486,C09297,2025-05-31 13:00:00,138.18,CMP002
B008487,C09297,2025-06-07 21:00:00,171.29,CMP005
B008488,C09301,2025-03-25 02:00:00,729.48,CMP004
B008489,C09302,2025-12-03 05:00:00,283.83,CMP003
B008490,C09304,2025-06-04 09:00:00,226.75,CMP001
B008491,C09304,2025-07-04 12:00:00,210.07,CMP001
B008492,C09304,2025-07-25 15:00:00,267.46,
B008493,C09305,2025-03-30 15:00:00,219.94,CMP004
B008494,C09305,2025-04-06 17:00:00,261.82,CMP004
B008495,C09305,2025-04-27 23:00:00,473.74,CMP001
B008496,C09306,2025-05-25 20:00:00,162.43,CMP001
B008497,C09307,2025-08-07 01:00:00,224.59,CMP001
B008498,C09307,2025-09-21 13:00:00,182.89,
B008499,C09307,2025-11-20 16:00:00,222.2,CMP002
B008500,C09307,2025-12-11 21:00:00,214.39,CMP005
B008501,C09308,2025-10-11 04:00:00,399.45,CMP001
B008502,C09308,2025-11-10 08:00:00,233.53,CMP003
B008503,C09309,2025-07-11 17:00:00,335.9,CMP003
B008504,C09309,2025-09-10 05:00:00,236.06,CMP003
B008505,C09309,2025-10-01 16:00:00,132.0,CMP001
B008506,C09309,2025-12-01 04:00:00,100.0,CMP004
B008507,C09310,2025-03-31 02:00:00,749.12,CMP002
B008508,C09310,2025-05-15 10:00:00,455.69,CMP001
B008509,C09310,2025-06-29 22:00:00,204.5,CMP002
B008510,C09310,2025-08-29 06:00:00,198.67,CMP001
B008511,C09311,2025-02-02 11:00:00,127.33,CMP003
B008512,C09312,2025-02-23 07:00:00,516.64,CMP001
B008513,C09313,2025-03-29 12:00:00,400.87,CMP001
B008514,C09314,2025-10-27 08:00:00,904.21,CMP002
B008515,C09315,2025-09-20 18:00:00,108.97,CMP002
B008516,C09316,2025-12-01 08:00:00,198.97,CMP003
B008517,C09316,2025-12-22 17:00:00,108.08,CMP002
B008518,C09317,2025-06-08 20:00:00,489.29,CMP001
B008519,C09319,2025-11-14 10:00:00,890.67,CMP001
B008520,C09319,2025-12-05 20:00:00,224.91,CMP005
B008521,C09321,2025-03-17 10:00:00,192.22,CMP001
B008522,C09321,2025-03-24 17:00:00,198.22,CMP003
B008523,C09321,2025-03-31 22:00:00,573.68,CMP002
B008524,C09322,2025-12-29 05:00:00,327.27,CMP001
B008525,C09323,2025-06-07 20:00:00,159.6,CMP001
B008526,C09324,2025-06-28 07:00:00,110.58,CMP004
B008527,C09324,2025-07-28 17:00:00,332.28,CMP004
B008528,C09324,2025-08-04 22:00:00,1269.84,CMP002
B008529,C09326,2025-06-05 01:00:00,161.75,CMP001
B008530,C09326,2025-09-03 02:00:00,932.96,CMP001
B008531,C09327,2025-05-06 04:00:00,574.34,CMP002
B008532,C09331,2025-03-15 11:00:00,185.64,CMP002
B008533,C09333,2025-08-09 07:00:00,121.48,CMP003
B008534,C09333,2025-10-08 10:00:00,294.59,CMP001
B008535,C09333,2025-10-22 17:00:00,612.0,CMP001
B008536,C09333,2025-12-06 22:00:00,100.02,CMP001
B008537,C09334,2025-08-18 05:00:00,106.61,CMP002
B008538,C09335,2025-11-24 14:00:00,1289.37,
B008539,C09336,2025-12-05 18:00:00,136.02,CMP004
B008540,C09342,2025-09-21 10:00:00,179.8,CMP001
B008541,C09345,2025-06-11 18:00:00,208.31,CMP001
B008542,C09346,2025-02-20 09:00:00,132.24,CMP001
B008543,C09347,2025-12-04 13:00:00,347.59,
B008544,C09349,2025-11-09 03:00:00,160.47,CMP002
B008545,C09350,2025-05-13 01:00:00,240.97,CMP002
B008546,C09352,2025-04-05 06:00:00,1024.29,CMP001
B008547,C09352,2025-07-04 10:00:00,100.0,
B008548,C09352,2025-10-02 11:00:00,274.45,CMP003
B008549,C09355,2025-10-01 08:00:00,194.16,CMP001
B008550,C09357,2025-03-12 19:00:00,938.42,CMP004
B008551,C09357,2025-05-11 22:00:00,143.41,
B008552,C09359,2025-04-25 11:00:00,1259.74,
B008553,C09359,2025-06-09 18:00:00,334.58,CMP003
B008554,C09359,2025-09-08 03:00:00,899.34,CMP003
B008555,C09359,2025-09-22 11:00:00,172.41,CMP001
B008556,C09361,2025-03-12 15:00:00,687.27,CMP001
B008557,C09364,2025-02-25 04:00:00,743.47,CMP003
B008558,C09365,2025-04-05 03:00:00,525.33,CMP005
B008559,C09365,2025-04-12 11:00:00,301.25,CMP004
B008560,C09365,2025-05-03 14:00:00,135.29,CMP005
B008561,C09367,2025-08-07 18:00:00,187.45,
B008562,C09368,2025-02-05 04:00:00,1011.35,CMP001
B008563,C09369,2025-07-14 11:00:00,259.17,CMP001
B008564,C09371,2025-10-05 09:00:00,234.81,CMP001
B008565,C09371,2025-11-04 19:00:00,363.05,
B008566,C09375,2025-04-16 11:00:00,146.66,CMP002
B008567,C09376,2025-10-10 04:00:00,108.04,CMP002
B008568,C09376,2025-11-09 10:00:00,248.45,CMP003
B008569,C09376,2025-11-30 14:00:00,320.53,CMP001
B008570,C09376,2025-12-22 01:00:00,191.35,CMP002
B008571,C09378,2025-09-03 05:00:00,844.0,CMP004
B008572,C09379,2025-09-28 09:00:00,239.03,CMP001
B008573,C09379,2025-10-19 12:00:00,1102.81,CMP001
B008574,C09383,2025-04-23 03:00:00,156.96,
B008575,C09384,2025-04-16 11:00:00,136.91,CMP003
B008576,C09385,2025-10-04 18:00:00,1766.11,CMP002
B008577,C09385,2025-10-25 21:00:00,100.0,CMP004
B008578,C09385,2025-11-09 04:00:00,351.91,CMP002
B008579,C09385,2025-12-09 09:00:00,436.05,CMP004
B008580,C09386,2025-08-27 01:00:00,339.21,CMP002
B008581,C09388,2025-03-10 17:00:00,181.75,CMP002
B008582,C09389,2025-02-16 16:00:00,128.1,CMP004
B008583,C09390,2025-04-26 06:00:00,266.89,CMP005
B008584,C09391,2025-09-20 09:00:00,322.48,CMP002
B008585,C09391,2025-10-11 18:00:00,223.45,CMP001
B008586,C09391,2025-10-19 02:00:00,249.09,CMP001
B008587,C09391,2025-11-18 08:00:00,100.0,CMP004
B008588,C09392,2025-02-20 03:00:00,306.82,CMP003
B008589,C09392,2025-03-06 10:00:00,223.21,CMP003
B008590,C09394,2025-04-07 14:00:00,322.39,CMP003
B008591,C09394,2025-04-14 15:00:00,954.11,CMP001
B008592,C09394,2025-04-22 03:00:00,443.24,CMP002
B008593,C09394,2025-06-21 08:00:00,271.5,CMP001
B008594,C09397,2025-04-16 11:00:00,811.67,
B008595,C09399,2025-10-09 17:00:00,447.18,CMP002
B008596,C09402,2025-05-21 01:00:00,235.82,CMP005
B008597,C09403,2025-12-06 01:00:00,308.51,
B008598,C09407,2025-06-26 19:00:00,448.67,CMP001
B008599,C09409,2025-04-20 18:00:00,232.14,CMP002
B008600,C09409,2025-04-28 00:00:00,438.58,CMP002
B008601,C09409,2025-05-19 04:00:00,269.71,CMP005
B008602,C09410,2025-11-25 12:00:00,172.76,
B008603,C09412,2025-06-15 11:00:00,525.47,CMP002
B008604,C09414,2025-08-11 06:00:00,678.91,CMP004
B008605,C09416,2025-12-21 15:00:00,241.32,CMP003
B008606,C09418,2025-11-20 12:00:00,399.6,CMP002
B008607,C09421,2025-06-18 19:00:00,245.81,CMP003
B008608,C09422,2025-08-06 05:00:00,359.18,CMP001
B008609,C09422,2025-10-05 06:00:00,100.0,
B008610,C09422,2025-10-19 09:00:00,182.94,CMP001
B008611,C09423,2025-05-07 15:00:00,130.98,CMP002
B008612,C09426,2025-07-04 05:00:00,875.02,CMP004
B008613,C09428,2025-09-26 16:00:00,831.61,
B008614,C09431,2025-07-22 14:00:00,148.66,CMP003
B008615,C09431,2025-10-20 16:00:00,524.23,
B008616,C09431,2025-12-05 03:00:00,448.31,
B008617,C09433,2025-09-05 05:00:00,186.15,CMP002
B008618,C09433,2025-11-04 16:00:00,292.37,
B008619,C09433,2025-12-05 04:00:00,230.9,CMP002
B008620,C09434,2025-03-17 11:00:00,1933.36,
B008621,C09438,2025-06-08 16:00:00,189.47,CMP003
B008622,C09440,2025-11-26 01:00:00,481.4,CMP004
B008623,C09441,2025-04-16 08:00:00,263.12,CMP002
B008624,C09445,2025-12-30 06:00:00,542.13,CMP004
B008625,C09447,2025-11-10 20:00:00,828.64,CMP004
B008626,C09447,2025-11-18 05:00:00,128.97,CMP002
B008627,C09447,2025-12-09 11:00:00,656.13,CMP001
B008628,C09450,2025-11-19 09:00:00,189.49,CMP003
B008629,C09451,2025-12-13 13:00:00,230.78,CMP002
B008630,C09452,2025-12-04 16:00:00,373.95,CMP002
B008631,C09454,2025-04-03 03:00:00,452.96,CMP004
B008632,C09454,2025-07-02 07:00:00,266.93,
B008633,C09455,2025-02-15 17:00:00,311.78,CMP004
B008634,C09455,2025-04-02 04:00:00,137.3,
B008635,C09456,2025-10-14 02:00:00,818.59,CMP001
B008636,C09459,2025-03-07 09:00:00,444.24,CMP004
B008637,C09460,2025-08-31 01:00:00,285.45,CMP002
B008638,C09461,2025-06-13 16:00:00,352.79,CMP004
B008639,C09462,2025-05-03 12:00:00,215.16,CMP003
B008640,C09464,2025-07-10 11:00:00,484.75,CMP005
B008641,C09465,2025-05-10 15:00:00,731.44,CMP002
B008642,C09465,2025-05-18 00:00:00,999.37,CMP001
B008643,C09465,2025-08-16 06:00:00,100.0,
B008644,C09465,2025-08-23 15:00:00,266.6,CMP005
B008645,C09466,2025-09-12 13:00:00,193.71,CMP001
B008646,C09466,2025-11-11 22:00:00,295.61,CMP002
B008647,C09466,2025-12-03 02:00:00,552.79,CMP002
B008648,C09467,2025-07-27 13:00:00,592.76,CMP001
B008649,C09467,2025-08-10 20:00:00,160.27,CMP001
B008650,C09467,2025-08-18 01:00:00,242.58,CMP004
B008651,C09468,2025-02-23 17:00:00,338.74,CMP005
B008652,C09470,2025-06-03 15:00:00,273.98,CMP001
B008653,C09470,2025-07-18 22:00:00,663.54,CMP001
B008654,C09470,2025-10-17 05:00:00,237.23,CMP004
B008655,C09470,2025-10-24 13:00:00,178.63,CMP003
B008656,C09471,2025-09-23 15:00:00,120.88,
B008657,C09472,2025-09-29 11:00:00,476.55,CMP005
B008658,C09472,2025-10-20 19:00:00,179.29,CMP004
B008659,C09472,2025-11-11 02:00:00,781.0,CMP002
B008660,C09473,2025-04-12 05:00:00,112.08,CMP001
B008661,C09474,2025-08-21 19:00:00,263.0,CMP003
B008662,C09474,2025-09-21 01:00:00,323.77,CMP002
B008663,C09474,2025-10-12 05:00:00,785.64,CMP001
B008664,C09478,2025-04-27 15:00:00,545.68,CMP002
B008665,C09481,2025-04-16 13:00:00,509.34,CMP004
B008666,C09481,2025-05-17 00:00:00,160.06,CMP002
B008667,C09482,2025-09-08 04:00:00,869.33,
B008668,C09484,2025-08-26 09:00:00,353.66,CMP003
B008669,C09484,2025-09-02 21:00:00,408.67,CMP001
B008670,C09484,2025-12-02 00:00:00,347.6,
B008671,C09486,2025-10-21 18:00:00,178.27,
B008672,C09488,2025-11-14 09:00:00,449.31,CMP002
B008673,C09489,2025-04-08 20:00:00,202.04,
B008674,C09491,2025-09-18 11:00:00,387.82,
B008675,C09491,2025-10-18 22:00:00,130.19,CMP003
B008676,C09492,2025-08-30 03:00:00,100.0,CMP003
B008677,C09492,2025-09-06 07:00:00,510.32,CMP003
B008678,C09493,2025-11-19 11:00:00,104.85,CMP003
B008679,C09494,2025-04-22 14:00:00,317.4,CMP001
B008680,C09494,2025-05-06 22:00:00,268.71,CMP001
B008681,C09494,2025-05-28 07:00:00,560.08,CMP003
B008682,C09497,2025-05-21 01:00:00,527.79,CMP002
B008683,C09497,2025-06-04 03:00:00,640.84,CMP004
B008684,C09497,2025-07-04 11:00:00,325.49,CMP002
B008685,C09497,2025-07-11 21:00:00,346.41,CMP001
B008686,C09499,2025-09-18 12:00:00,150.1,CMP002
B008687,C09499,2025-10-18 16:00:00,248.74,
B008688,C09499,2025-11-09 00:00:00,125.21,CMP001
B008689,C09501,2025-09-09 12:00:00,152.99,CMP002
B008690,C09503,2025-11-29 03:00:00,206.25,CMP003
B008691,C09506,2025-11-17 18:00:00,110.01,CMP001
B008692,C09507,2025-05-31 02:00:00,686.1,CMP003
B008693,C09508,2025-08-27 11:00:00,165.76,CMP001
B008694,C09511,2025-01-22 01:00:00,879.27,CMP004
B008695,C09512,2025-08-22 12:00:00,126.83,
B008696,C09513,2025-03-24 01:00:00,206.66,CMP005
B008697,C09515,2025-06-10 02:00:00,444.12,CMP001
B008698,C09515,2025-06-24 14:00:00,1135.35,CMP002
B008699,C09515,2025-07-24 15:00:00,203.98,CMP004
B008700,C09515,2025-07-31 22:00:00,166.84,CMP001
B008701,C09516,2025-08-06 03:00:00,172.65,CMP004
B008702,C09517,2025-12-01 05:00:00,625.53,
B008703,C09518,2025-09-23 02:00:00,496.6,CMP005
B008704,C09518,2025-09-30 11:00:00,312.71,CMP001
B008705,C09518,2025-11-14 22:00:00,431.15,CMP001
B008706,C09518,2025-12-15 01:00:00,543.39,CMP005
B008707,C09519,2025-06-21 20:00:00,186.13,CMP001
B008708,C09519,2025-07-22 06:00:00,131.59,CMP002
B008709,C09524,2025-09-04 06:00:00,130.23,CMP002
B008710,C09525,2025-10-08 18:00:00,181.73,CMP002
B008711,C09527,2025-03-05 18:00:00,578.37,CMP002
B008712,C09527,2025-04-20 04:00:00,191.66,CMP004
B008713,C09527,2025-05-04 16:00:00,154.12,CMP005
B008714,C09528,2025-02-14 15:00:00,821.74,CMP001
B008715,C09530,2025-03-12 18:00:00,279.57,CMP001
B008716,C09530,2025-06-11 03:00:00,393.75,
B008717,C09531,2025-06-30 19:00:00,196.15,CMP005
B008718,C09531,2025-08-29 23:00:00,271.43,
B008719,C09531,2025-11-28 09:00:00,214.99,
B008720,C09532,2025-12-27 17:00:00,158.38,
B008721,C09533,2025-04-28 12:00:00,495.35,CMP004
B008722,C09536,2025-10-18 10:00:00,318.64,CMP002
B008723,C09538,2025-07-01 09:00:00,307.11,
B008724,C09539,2025-05-25 03:00:00,308.46,CMP003
B008725,C09539,2025-06-08 14:00:00,462.7,CMP003
B008726,C09539,2025-06-29 16:00:00,411.04,CMP008
B008727,C09541,2025-07-20 18:00:00,150.04,CMP001
B008728,C09541,2025-08-11 05:00:00,281.87,CMP004
B008729,C09543,2025-05-16 18:00:00,209.3,CMP001
B008730,C09543,2025-08-14 21:00:00,471.93,
B008731,C09545,2025-10-30 18:00:00,165.54,
B008732,C09546,2025-04-08 15:00:00,582.56,CMP001
B008733,C09546,2025-07-07 22:00:00,891.93,
B008734,C09547,2025-09-22 11:00:00,742.28,CMP004
B008735,C09547,2025-11-06 15:00:00,416.54,CMP001
B008736,C09548,2025-03-12 07:00:00,232.79,CMP001
B008737,C09551,2025-09-22 11:00:00,631.14,
B008738,C09553,2025-09-17 19:00:00,141.79,CMP001
B008739,C09553,2025-10-01 21:00:00,287.52,CMP002
B008740,C09554,2025-03-22 04:00:00,726.76,CMP002
B008741,C09555,2025-04-18 05:00:00,378.37,
B008742,C09555,2025-05-09 06:00:00,357.11,CMP003
B008743,C09555,2025-06-08 10:00:00,209.39,CMP001
B008744,C09555,2025-06-22 14:00:00,497.72,CMP002
B008745,C09557,2025-10-22 09:00:00,100.0,CMP001
B008746,C09559,2025-02-05 13:00:00,713.99,CMP001
B008747,C09560,2025-09-29 09:00:00,153.21,CMP002
B008748,C09561,2025-04-05 17:00:00,1059.79,CMP004
B008749,C09561,2025-04-19 20:00:00,353.59,CMP003
B008750,C09562,2025-04-04 14:00:00,185.78,CMP001
B008751,C09562,2025-05-05 01:00:00,258.11,CMP002
B008752,C09562,2025-06-19 05:00:00,207.32,CMP005
B008753,C09562,2025-08-03 10:00:00,185.99,CMP001
B008754,C09563,2025-09-18 19:00:00,625.74,CMP001
B008755,C09565,2025-06-29 11:00:00,473.49,CMP003
B008756,C09566,2025-08-25 05:00:00,489.48,CMP001
B008757,C09567,2025-07-07 03:00:00,209.74,
B008758,C09572,2025-11-21 08:00:00,157.89,
B008759,C09572,2025-12-21 13:00:00,221.23,CMP002
B008760,C09572,2025-12-29 01:00:00,145.19,CMP004
B008761,C09576,2025-03-03 14:00:00,123.99,CMP001
B008762,C09576,2025-03-10 16:00:00,138.54,CMP001
B008763,C09576,2025-04-24 21:00:00,429.86,CMP001
B008764,C09576,2025-05-09 08:00:00,247.59,CMP001
B008765,C09577,2025-12-26 02:00:00,192.4,CMP001
B008766,C09578,2025-08-06 19:00:00,402.25,CMP001
B008767,C09579,2025-02-20 14:00:00,320.03,CMP001
B008768,C09579,2025-04-21 15:00:00,241.26,CMP002
B008769,C09580,2025-11-27 04:00:00,436.9,CMP004
B008770,C09582,2025-02-25 16:00:00,150.53,CMP004
B008771,C09584,2025-05-25 07:00:00,238.03,CMP003
B008772,C09585,2025-08-18 18:00:00,358.9,CMP002
B008773,C09586,2025-03-02 05:00:00,252.75,CMP001
B008774,C09587,2025-03-25 07:00:00,326.29,CMP004
B008775,C09588,2025-09-19 16:00:00,100.0,CMP004
B008776,C09589,2025-02-16 04:00:00,501.51,CMP001
B008777,C09589,2025-04-17 08:00:00,342.22,
B008778,C09589,2025-07-16 12:00:00,534.28,CMP003
B008779,C09589,2025-10-14 22:00:00,427.6,CMP005
B008780,C09590,2025-12-24 10:00:00,100.0,CMP004
B008781,C09591,2025-11-09 14:00:00,268.52,CMP003
B008782,C09591,2025-12-09 18:00:00,153.57,CMP005
B008783,C09592,2025-05-18 12:00:00,918.15,CMP005
B008784,C09595,2025-02-28 12:00:00,965.22,CMP001
B008785,C09596,2025-05-22 11:00:00,106.7,CMP004
B008786,C09596,2025-07-06 17:00:00,1098.86,CMP003
B008787,C09596,2025-07-21 00:00:00,192.82,
B008788,C09596,2025-08-20 02:00:00,252.49,CMP002
B008789,C09597,2025-12-31 05:00:00,548.56,CMP002
B008790,C09599,2025-02-04 11:00:00,1237.69,CMP001
B008791,C09601,2025-04-24 16:00:00,208.97,CMP001
B008792,C09601,2025-05-24 21:00:00,167.36,CMP001
B008793,C09604,2025-08-25 04:00:00,416.09,CMP002
B008794,C09607,2025-09-16 10:00:00,265.56,CMP003
B008795,C09609,2025-09-24 18:00:00,146.62,CMP001
B008796,C09610,2025-02-08 07:00:00,170.44,
B008797,C09610,2025-02-22 18:00:00,347.74,CMP003
B008798,C09610,2025-04-08 23:00:00,268.5,
B008799,C09611,2025-07-05 04:00:00,416.62,CMP008
B008800,C09611,2025-08-19 13:00:00,184.59,
B008801,C09611,2025-09-09 17:00:00,250.91,CMP003
B008802,C09611,2025-11-08 20:00:00,615.73,CMP001
B008803,C09613,2025-10-05 17:00:00,362.99,
B008804,C09614,2025-03-05 14:00:00,358.54,CMP003
B008805,C09617,2025-10-28 16:00:00,455.36,CMP002
B008806,C09618,2025-02-06 09:00:00,200.49,CMP004
B008807,C09620,2025-08-22 15:00:00,704.43,CMP002
B008808,C09620,2025-09-13 02:00:00,119.75,CMP004
B008809,C09620,2025-10-13 04:00:00,134.26,CMP002
B008810,C09620,2025-10-20 12:00:00,827.69,CMP002
B008811,C09621,2025-09-18 18:00:00,629.38,CMP003
B008812,C09622,2025-04-24 03:00:00,273.3,CMP002
B008813,C09623,2025-05-07 20:00:00,302.54,CMP005
B008814,C09623,2025-05-21 23:00:00,356.72,CMP001
B008815,C09623,2025-06-12 04:00:00,719.3,CMP002
B008816,C09624,2025-07-28 19:00:00,133.07,CMP002
B008817,C09624,2025-09-27 03:00:00,902.28,
B008818,C09625,2025-03-28 03:00:00,279.67,
B008819,C09627,2025-12-24 09:00:00,376.88,CMP004
B008820,C09628,2025-03-16 03:00:00,247.5,CMP003
B008821,C09631,2025-04-11 11:00:00,1059.96,CMP004
B008822,C09631,2025-06-10 20:00:00,514.89,
B008823,C09632,2025-09-05 04:00:00,662.64,CMP002
B008824,C09632,2025-11-04 11:00:00,175.83,CMP001
B008825,C09636,2025-12-10 13:00:00,114.52,CMP004
B008826,C09639,2025-03-03 15:00:00,817.53,CMP003
B008827,C09639,2025-03-24 17:00:00,100.0,CMP002
B008828,C09639,2025-05-23 18:00:00,392.67,CMP001
B008829,C09640,2025-09-24 02:00:00,137.77,
B008830,C09642,2025-11-13 10:00:00,651.4,CMP001
B008831,C09643,2025-03-11 06:00:00,173.57,
B008832,C09647,2025-09-28 18:00:00,345.85,CMP002
B008833,C09649,2025-03-16 14:00:00,482.4,CMP004
B008834,C09650,2025-12-16 16:00:00,178.44,CMP001
B008835,C09652,2025-01-29 05:00:00,178.5,CMP004
B008836,C09652,2025-02-28 10:00:00,424.21,CMP002
B008837,C09652,2025-03-07 14:00:00,155.33,CMP004
B008838,C09652,2025-04-22 00:00:00,441.64,CMP001
B008839,C09663,2025-10-30 18:00:00,317.06,CMP001
B008840,C09666,2025-06-23 04:00:00,256.4,CMP004
B008841,C09667,2025-05-24 15:00:00,504.04,CMP002
B008842,C09668,2025-04-23 05:00:00,633.4,CMP004
B008843,C09668,2025-05-07 10:00:00,403.69,CMP003
B008844,C09668,2025-06-21 11:00:00,285.46,CMP002
B008845,C09668,2025-08-20 21:00:00,199.16,CMP005
B008846,C09671,2025-07-03 09:00:00,255.19,
B008847,C09671,2025-09-01 16:00:00,924.14,CMP004
B008848,C09671,2025-10-01 19:00:00,615.91,CMP001
B008849,C09674,2025-06-04 09:00:00,135.98,CMP001
B008850,C09674,2025-09-02 17:00:00,159.13,
B008851,C09674,2025-11-02 01:00:00,221.9,CMP004
B008852,C09674,2025-12-17 09:00:00,236.64,CMP002
B008853,C09675,2025-08-17 19:00:00,1022.83,CMP001
B008854,C09675,2025-10-16 23:00:00,107.38,
B008855,C09675,2025-10-31 09:00:00,508.91,CMP003
B008856,C09676,2025-09-05 03:00:00,224.08,CMP001
B008857,C09677,2025-04-15 19:00:00,347.72,CMP002
B008858,C09677,2025-06-14 21:00:00,945.88,CMP004
B008859,C09680,2025-09-11 11:00:00,344.36,CMP002
B008860,C09682,2025-10-25 15:00:00,277.35,CMP001
B008861,C09682,2025-12-09 20:00:00,558.03,CMP001
B008862,C09683,2025-12-11 08:00:00,598.34,CMP002
B008863,C09683,2025-12-25 16:00:00,210.48,CMP003
B008864,C09686,2025-06-25 02:00:00,209.18,
B008865,C09686,2025-07-02 11:00:00,266.0,CMP004
B008866,C09688,2025-05-16 08:00:00,143.73,
B008867,C09689,2025-03-16 13:00:00,382.87,CMP002
B008868,C09690,2025-12-09 09:00:00,331.7,CMP002
B008869,C09692,2025-03-27 06:00:00,100.0,CMP002
B008870,C09692,2025-05-11 08:00:00,304.74,
B008871,C09692,2025-06-01 13:00:00,444.29,CMP001
B008872,C09693,2025-08-30 18:00:00,706.81,CMP004
B008873,C09694,2025-12-09 05:00:00,541.7,CMP002
B008874,C09694,2025-12-23 06:00:00,1139.34,CMP001
B008875,C09695,2025-03-08 09:00:00,100.0,CMP004
B008876,C09695,2025-04-07 12:00:00,126.88,CMP003
B008877,C09697,2025-02-08 18:00:00,629.57,CMP004
B008878,C09700,2025-05-12 01:00:00,461.98,CMP001
B008879,C09700,2025-06-26 09:00:00,617.85,CMP004
B008880,C09701,2025-10-16 15:00:00,290.06,CMP001
B008881,C09701,2025-12-01 00:00:00,1477.06,CMP004
B008882,C09701,2025-12-31 09:00:00,293.41,CMP004
B008883,C09702,2025-05-10 15:00:00,100.0,CMP001
B008884,C09702,2025-08-08 18:00:00,458.21,CMP002
B008885,C09702,2025-10-07 23:00:00,139.66,CMP002
B008886,C09703,2025-06-09 16:00:00,192.47,CMP002
B008887,C09704,2025-06-06 03:00:00,130.74,CMP003
B008888,C09704,2025-06-27 04:00:00,518.24,CMP003
B008889,C09704,2025-09-25 16:00:00,171.32,
B008890,C09707,2025-03-25 20:00:00,545.45,CMP004
B008891,C09707,2025-06-24 05:00:00,635.83,
B008892,C09709,2025-10-05 09:00:00,357.08,CMP003
B008893,C09711,2025-08-12 10:00:00,111.6,CMP004
B008894,C09711,2025-09-26 21:00:00,329.07,CMP001
B008895,C09711,2025-12-26 06:00:00,167.47,CMP002
B008896,C09712,2025-06-15 19:00:00,449.23,CMP003
B008897,C09714,2025-06-30 20:00:00,461.11,CMP001
B008898,C09714,2025-07-31 04:00:00,447.83,CMP001
B008899,C09714,2025-09-14 13:00:00,540.48,CMP002
B008900,C09714,2025-10-29 14:00:00,414.21,CMP001
B008901,C09715,2025-03-16 17:00:00,120.18,CMP004
B008902,C09719,2025-06-16 08:00:00,378.8,CMP004
B008903,C09719,2025-08-15 20:00:00,140.56,CMP002
B008904,C09720,2025-12-01 16:00:00,498.87,CMP005
B008905,C09721,2025-12-19 15:00:00,194.47,CMP001
B008906,C09723,2025-12-18 12:00:00,249.45,CMP005
B008907,C09724,2025-05-11 06:00:00,513.61,CMP002
B008908,C09725,2025-09-22 13:00:00,354.24,CMP001
B008909,C09725,2025-10-22 21:00:00,159.29,CMP003
B008910,C09725,2025-11-13 00:00:00,357.2,CMP004
B008911,C09726,2025-05-21 15:00:00,147.32,CMP001
B008912,C09727,2025-09-05 02:00:00,416.28,CMP005
B008913,C09727,2025-10-05 06:00:00,253.04,CMP001
B008914,C09728,2025-12-11 01:00:00,523.38,CMP003
B008915,C09731,2025-12-31 09:00:00,1605.3,CMP002
B008916,C09733,2025-08-03 06:00:00,418.44,
B008917,C09738,2025-03-08 14:00:00,381.13,
B008918,C09740,2025-08-28 09:00:00,1425.96,CMP001
B008919,C09740,2025-10-27 19:00:00,374.89,CMP005
B008920,C09740,2025-11-18 07:00:00,804.75,CMP002
B008921,C09741,2025-04-07 06:00:00,359.07,CMP002
B008922,C09742,2025-06-01 06:00:00,173.5,
B008923,C09743,2025-12-09 04:00:00,400.97,CMP005
B008924,C09744,2025-10-12 08:00:00,148.65,CMP001
B008925,C09744,2025-11-11 12:00:00,143.92,CMP005
B008926,C09744,2025-11-25 20:00:00,724.03,CMP005
B008927,C09746,2025-03-07 14:00:00,489.18,CMP003
B008928,C09747,2025-03-29 14:00:00,101.94,CMP004
B008929,C09749,2025-03-11 01:00:00,421.08,
B008930,C09749,2025-03-18 08:00:00,202.24,CMP002
B008931,C09749,2025-06-16 14:00:00,249.81,CMP003
B008932,C09750,2025-04-26 16:00:00,110.99,CMP001
B008933,C09751,2025-12-01 06:00:00,116.43,
B008934,C09752,2025-05-23 14:00:00,285.19,
B008935,C09756,2025-04-06 03:00:00,371.28,CMP001
B008936,C09756,2025-05-06 08:00:00,129.05,
B008937,C09756,2025-06-05 20:00:00,524.48,CMP001
B008938,C09757,2025-04-01 15:00:00,502.31,CMP002
B008939,C09758,2025-05-05 04:00:00,510.92,CMP003
B008940,C09758,2025-07-04 09:00:00,264.96,CMP003
B008941,C09759,2025-02-19 14:00:00,903.01,
B008942,C09761,2025-09-13 12:00:00,324.42,CMP002
B008943,C09762,2025-03-12 05:00:00,703.75,CMP001
B008944,C09763,2025-02-08 16:00:00,193.01,CMP001
B008945,C09765,2025-10-21 12:00:00,254.17,CMP004
B008946,C09767,2025-09-10 15:00:00,330.24,CMP001
B008947,C09767,2025-12-10 02:00:00,837.44,
B008948,C09767,2025-12-24 10:00:00,425.85,CMP002
B008949,C09768,2025-10-26 13:00:00,131.54,CMP003
B008950,C09768,2025-11-02 14:00:00,433.04,CMP001
B008951,C09768,2025-12-03 02:00:00,523.8,CMP002
B008952,C09769,2025-06-18 03:00:00,284.33,CMP001
B008953,C09772,2025-06-03 16:00:00,273.16,CMP002
B008954,C09773,2025-07-07 03:00:00,561.96,CMP003
B008955,C09774,2025-12-06 03:00:00,207.77,CMP002
B008956,C09775,2025-04-11 14:00:00,315.51,
B008957,C09776,2025-02-09 14:00:00,696.64,CMP004
B008958,C09778,2025-11-22 04:00:00,648.42,CMP003
B008959,C09780,2025-09-01 12:00:00,273.39,CMP001
B008960,C09781,2025-12-10 16:00:00,451.4,CMP003
B008961,C09783,2025-03-09 04:00:00,1677.6,
B008962,C09784,2025-02-09 06:00:00,856.46,CMP003
B008963,C09786,2025-01-11 06:00:00,180.97,CMP002
B008964,C09786,2025-01-18 16:00:00,232.2,CMP002
B008965,C09786,2025-02-18 00:00:00,371.63,
B008966,C09786,2025-04-19 07:00:00,538.53,CMP001
B008967,C09787,2025-06-06 09:00:00,1107.69,CMP001
B008968,C09787,2025-07-21 11:00:00,100.0,CMP004
B008969,C09787,2025-08-04 18:00:00,410.61,CMP002
B008970,C09787,2025-09-04 04:00:00,527.96,CMP001
B008971,C09788,2025-12-22 02:00:00,709.42,CMP004
B008972,C09791,2025-10-02 14:00:00,246.71,
B008973,C09793,2025-06-21 12:00:00,139.18,CMP001
B008974,C09793,2025-08-20 15:00:00,282.6,
B008975,C09793,2025-10-04 17:00:00,872.28,CMP004
B008976,C09793,2025-10-25 21:00:00,185.22,CMP004
B008977,C09794,2025-02-14 04:00:00,249.18,CMP004
B008978,C09798,2025-06-15 18:00:00,353.92,CMP003
B008979,C09799,2025-01-19 16:00:00,506.55,CMP002
B008980,C09800,2025-11-20 03:00:00,655.06,CMP001
B008981,C09800,2025-12-11 09:00:00,272.08,CMP001
B008982,C09805,2025-07-30 19:00:00,224.67,
B008983,C09807,2025-12-04 09:00:00,292.96,CMP003
B008984,C09808,2025-11-06 15:00:00,644.13,CMP003
B008985,C09809,2025-11-06 02:00:00,100.0,CMP004
B008986,C09811,2025-04-15 13:00:00,268.94,CMP002
B008987,C09813,2025-11-04 20:00:00,359.08,
B008988,C09814,2025-09-16 04:00:00,164.34,CMP003
B008989,C09815,2025-10-30 01:00:00,818.49,
B008990,C09815,2025-11-06 08:00:00,192.23,CMP004
B008991,C09816,2025-11-22 02:00:00,106.32,CMP002
B008992,C09816,2025-12-22 09:00:00,146.14,CMP001
B008993,C09817,2025-10-23 05:00:00,318.45,CMP001
B008994,C09818,2025-12-29 11:00:00,113.2,CMP002
B008995,C09820,2025-02-12 11:00:00,160.84,CMP001
B008996,C09823,2025-04-08 15:00:00,170.47,CMP002
B008997,C09824,2025-08-17 12:00:00,1201.7,
B008998,C09825,2025-12-13 15:00:00,423.0,CMP001
B008999,C09827,2025-04-27 02:00:00,349.24,CMP003
B009000,C09829,2025-08-02 19:00:00,660.22,CMP004
B009001,C09829,2025-09-02 04:00:00,221.48,CMP004
B009002,C09831,2025-10-21 13:00:00,269.17,CMP004
B009003,C09832,2025-04-18 13:00:00,207.72,CMP001
B009004,C09834,2025-11-09 04:00:00,137.46,CMP003
B009005,C09834,2025-11-30 13:00:00,548.23,CMP003
B009006,C09836,2025-05-07 02:00:00,227.92,CMP004
B009007,C09838,2025-10-18 14:00:00,283.25,CMP002
B009008,C09841,2025-03-06 04:00:00,161.16,CMP003
B009009,C09842,2025-04-22 09:00:00,511.41,CMP004
B009010,C09842,2025-06-21 16:00:00,347.02,CMP001
B009011,C09843,2025-08-01 08:00:00,223.16,CMP003
B009012,C09843,2025-08-08 09:00:00,404.76,CMP004
B009013,C09843,2025-09-07 20:00:00,310.02,CMP001
B009014,C09843,2025-09-15 06:00:00,144.86,CMP002
B009015,C09846,2025-12-04 20:00:00,636.89,CMP001
B009016,C09846,2025-12-12 03:00:00,314.24,CMP005
B009017,C09849,2025-03-30 04:00:00,223.91,CMP004
B009018,C09850,2025-05-20 02:00:00,322.97,
B009019,C09851,2025-12-13 02:00:00,393.68,CMP001
B009020,C09853,2025-03-07 12:00:00,496.28,CMP002
B009021,C09855,2025-06-25 19:00:00,457.57,CMP002
B009022,C09856,2025-07-28 05:00:00,184.92,CMP001
B009023,C09856,2025-10-26 09:00:00,372.3,
B009024,C09857,2025-03-26 07:00:00,172.39,CMP004
B009025,C09858,2025-11-02 01:00:00,128.07,CMP004
B009026,C09858,2025-11-16 04:00:00,135.65,CMP005
B009027,C09860,2025-03-18 19:00:00,518.98,
B009028,C09860,2025-05-18 00:00:00,405.28,CMP004
B009029,C09860,2025-05-25 01:00:00,591.37,CMP002
B009030,C09861,2025-11-02 18:00:00,334.34,CMP005
B009031,C09862,2025-11-23 16:00:00,313.16,CMP002
B009032,C09864,2025-01-20 10:00:00,361.47,CMP001
B009033,C09866,2025-02-17 12:00:00,431.79,CMP003
B009034,C09867,2025-08-19 08:00:00,238.37,CMP001
B009035,C09869,2025-08-09 17:00:00,746.34,CMP003
B009036,C09869,2025-08-23 21:00:00,467.75,CMP001
B009037,C09869,2025-08-31 01:00:00,236.84,CMP003
B009038,C09869,2025-09-21 02:00:00,263.16,CMP005
B009039,C09870,2025-02-19 12:00:00,516.39,CMP004
B009040,C09870,2025-05-21 00:00:00,421.06,
B009041,C09873,2025-10-23 10:00:00,684.86,CMP004
B009042,C09875,2025-11-30 08:00:00,141.15,CMP001
B009043,C09875,2025-12-21 12:00:00,711.64,CMP002
B009044,C09877,2025-03-04 15:00:00,473.46,CMP001
B009045,C09885,2025-08-25 05:00:00,734.1,CMP001
B009046,C09887,2025-08-08 15:00:00,361.74,CMP002
B009047,C09887,2025-08-15 17:00:00,135.21,CMP001
B009048,C09887,2025-10-14 22:00:00,518.94,
B009049,C09887,2025-11-14 06:00:00,729.15,
B009050,C09888,2025-12-24 13:00:00,113.55,CMP002
B009051,C09889,2025-03-17 17:00:00,623.97,CMP002
B009052,C09890,2025-11-26 03:00:00,121.37,CMP004
B009053,C09891,2025-01-27 06:00:00,393.45,CMP003
B009054,C09893,2025-03-22 07:00:00,211.16,CMP004
B009055,C09893,2025-04-05 11:00:00,376.11,CMP002
B009056,C09893,2025-04-19 21:00:00,207.75,CMP003
B009057,C09893,2025-06-19 00:00:00,280.93,CMP001
B009058,C09894,2025-12-11 06:00:00,216.95,CMP003
B009059,C09895,2025-04-26 03:00:00,305.66,CMP002
B009060,C09896,2025-02-26 06:00:00,127.31,CMP002
B009061,C09897,2025-05-11 09:00:00,171.82,CMP001
B009062,C09902,2025-11-21 16:00:00,187.12,CMP002
B009063,C09902,2025-12-21 19:00:00,695.06,CMP001
B009064,C09902,2025-12-28 20:00:00,285.26,CMP003
B009065,C09904,2025-10-31 06:00:00,208.65,CMP002
B009066,C09912,2025-11-02 09:00:00,317.47,CMP002
B009067,C09912,2025-12-17 11:00:00,164.24,CMP001
B009068,C09913,2025-11-26 03:00:00,463.07,CMP002
B009069,C09914,2025-04-28 04:00:00,159.63,CMP005
B009070,C09915,2025-09-20 18:00:00,179.76,
B009071,C09915,2025-10-05 06:00:00,566.9,CMP003
B009072,C09917,2025-10-10 10:00:00,545.47,
B009073,C09918,2025-09-08 12:00:00,263.31,
B009074,C09919,2025-03-05 18:00:00,430.08,CMP003
B009075,C09919,2025-03-19 19:00:00,147.61,CMP002
B009076,C09920,2025-10-03 13:00:00,166.84,CMP003
B009077,C09921,2025-09-30 03:00:00,565.12,CMP001
B009078,C09921,2025-11-14 10:00:00,468.63,CMP004
B009079,C09922,2025-06-23 17:00:00,283.19,CMP001
B009080,C09924,2025-03-08 02:00:00,522.33,CMP005
B009081,C09925,2025-08-01 18:00:00,305.63,CMP003
B009082,C09928,2025-05-15 12:00:00,395.43,
B009083,C09932,2025-11-06 02:00:00,819.42,CMP002
B009084,C09932,2025-11-20 08:00:00,357.48,CMP001
B009085,C09933,2025-05-20 05:00:00,208.66,CMP003
B009086,C09938,2025-09-11 11:00:00,251.41,
B009087,C09938,2025-11-10 19:00:00,365.25,CMP003
B009088,C09941,2025-12-02 08:00:00,226.9,CMP001
B009089,C09942,2025-10-20 16:00:00,168.98,CMP001
B009090,C09943,2025-05-13 10:00:00,264.3,CMP004
B009091,C09943,2025-05-27 18:00:00,135.89,CMP001
B009092,C09943,2025-07-11 23:00:00,233.34,
B009093,C09943,2025-08-02 03:00:00,247.36,CMP004
B009094,C09944,2025-05-22 10:00:00,297.25,CMP003
B009095,C09944,2025-06-21 22:00:00,409.81,CMP003
B009096,C09944,2025-08-06 10:00:00,260.38,CMP005
B009097,C09944,2025-08-13 22:00:00,780.22,CMP005
B009098,C09948,2025-06-30 04:00:00,326.56,CMP001
B009099,C09951,2025-09-15 07:00:00,161.48,
B009100,C09951,2025-12-14 16:00:00,220.61,
B009101,C09952,2025-12-23 01:00:00,102.78,CMP001
B009102,C09954,2025-09-01 10:00:00,335.5,CMP002
B009103,C09954,2025-10-01 21:00:00,619.62,
B009104,C09954,2025-10-09 09:00:00,153.48,
B009105,C09955,2025-11-04 05:00:00,100.0,CMP003
B009106,C09955,2025-12-04 17:00:00,234.19,CMP001
B009107,C09955,2025-12-12 02:00:00,250.49,CMP004
B009108,C09958,2025-07-06 19:00:00,256.23,CMP002
B009109,C09960,2025-07-31 15:00:00,255.68,
B009110,C09963,2025-03-18 18:00:00,242.69,
B009111,C09964,2025-03-30 17:00:00,198.59,CMP004
B009112,C09965,2025-10-22 04:00:00,660.65,
B009113,C09966,2025-04-10 05:00:00,180.46,
B009114,C09966,2025-04-17 14:00:00,271.83,
B009115,C09966,2025-06-16 23:00:00,498.34,
B009116,C09968,2025-08-09 14:00:00,510.54,
B009117,C09976,2025-07-17 13:00:00,407.03,CMP003
B009118,C09977,2025-02-23 11:00:00,190.95,CMP001
B009119,C09977,2025-03-25 23:00:00,263.37,CMP002
B009120,C09977,2025-05-25 02:00:00,881.32,CMP005
B009121,C09978,2025-01-09 16:00:00,666.73,CMP002
B009122,C09978,2025-02-23 23:00:00,162.78,CMP003
B009123,C09978,2025-05-25 02:00:00,161.74,
B009124,C09978,2025-07-24 04:00:00,416.11,CMP002
B009125,C09982,2025-02-25 03:00:00,225.92,CMP001
B009126,C09982,2025-03-18 12:00:00,100.0,CMP002
B009127,C09986,2025-07-15 08:00:00,186.36,CMP004
B009128,C09988,2025-07-13 12:00:00,106.1,CMP003
B009129,C09990,2025-12-21 13:00:00,419.69,
B009130,C09991,2025-11-30 12:00:00,164.76,CMP001
B009131,C09994,2025-11-05 03:00:00,238.8,CMP001
B009132,C09994,2025-12-20 14:00:00,841.49,CMP005
B009133,C09995,2025-09-28 10:00:00,178.61,
B009134,C09995,2025-12-27 13:00:00,267.64,
B009135,C09996,2025-04-30 03:00:00,100.0,CMP002
B009136,C09996,2025-05-30 08:00:00,154.61,CMP001
B009137,C09996,2025-07-14 10:00:00,284.35,
B009138,C09996,2025-07-21 14:00:00,428.64,CMP005
B009139,C09997,2025-10-27 08:00:00,755.77,CMP002
B009140,C09997,2025-12-26 11:00:00,954.43,CMP002
