customer_id,country,signup_date,journey_type
C00001,Indonesia,2025-11-24,non_converter
C00002,Indonesia,2025-05-21,converter
C00003,Thailand,2025-03-13,no_touchpoint
C00004,Thailand,2025-12-13,no_touchpoint
C00005,Indonesia,2025-10-07,non_converter
C00006,Indonesia,2025-08-05,converter
C00007,Indonesia,2025-02-17,non_converter
C00008,Thailand,2025-09-16,converter
C00009,Indonesia,2025-10-15,converter
C00010,Thailand,2025-11-29,no_touchpoint
C00011,Indonesia,2025-08-03,converter
C00012,Indonesia,2025-10-29,non_converter
C00013,Thailand,2025-01-04,no_touchpoint
C00014,Thailand,2025-03-23,non_converter
C00015,Indonesia,2025-06-24,converter
C00016,Singapore,2025-04-21,converter
C00017,Indonesia,2025-06-22,non_converter
C00018,Indonesia,2025-07-14,non_converter
C00019,Thailand,2025-06-26,converter
C00020,Thailand,2025-01-23,converter
C00021,Indonesia,2025-10-02,no_touchpoint
C00022,Indonesia,2025-07-13,non_converter
C00023,Thailand,2025-05-31,non_converter
C00024,Singapore,2025-11-13,converter
C00025,Indonesia,2025-07-05,converter
C00026,Indonesia,2025-12-27,converter
C00027,Indonesia,2025-12-05,non_converter
C00028,Singapore,2025-05-29,non_converter
C00029,Singapore,2025-04-30,converter
C00030,Indonesia,2025-07-14,converter
C00031,Thailand,2025-11-22,non_converter
C00032,Indonesia,2025-03-25,converter
C00033,Thailand,2025-04-18,non_converter
C00034,Singapore,2025-12-26,non_converter
C00035,Indonesia,2025-11-28,non_converter
C00036,Indonesia,2025-11-22,no_touchpoint
C00037,Indonesia,2025-05-06,non_converter
C00038,Indonesia,2025-07-14,no_touchpoint
C00039,Thailand,2025-11-24,no_touchpoint
C00040,Thailand,2025-04-23,converter
C00041,Indonesia,2025-01-29,non_converter
C00042,Thailand,2025-01-17,non_converter
C00043,Indonesia,2025-07-25,non_converter
C00044,Singapore,2025-04-19,non_converter
C00045,Singapore,2025-10-18,non_converter
C00046,Indonesia,2025-06-11,converter
C00047,Indonesia,2025-09-13,converter
C00048,Indonesia,2025-11-26,no_touchpoint
C00049,Indonesia,2025-05-16,non_converter
C00050,Indonesia,2025-10-15,converter
C00051,Indonesia,2025-10-27,non_converter
C00052,Indonesia,2025-10-26,no_touchpoint
C00053,Singapore,2025-04-23,converter
C00054,Indonesia,2025-03-12,non_converter
C00055,Thailand,2025-02-16,non_converter
C00056,Indonesia,2025-02-26,non_converter
C00057,Thailand,2025-03-23,converter
C00058,Indonesia,2025-08-05,converter
C00059,Indonesia,2025-07-17,converter
C00060,Indonesia,2025-08-28,converter
C00061,Singapore,2025-10-11,non_converter
C00062,Thailand,2025-01-06,non_converter
C00063,Thailand,2025-02-28,non_converter
C00064,Thailand,2025-10-02,converter
C00065,Indonesia,2025-11-25,non_converter
C00066,Indonesia,2025-05-31,non_converter
C00067,Indonesia,2025-08-21,no_touchpoint
C00068,Singapore,2025-05-15,non_converter
C00069,Indonesia,2025-04-02,non_converter
C00070,Singapore,2025-02-24,converter
C00071,Thailand,2025-06-02,no_touchpoint
C00072,Thailand,2025-09-17,non_converter
C00073,Indonesia,2025-03-20,non_converter
C00074,Indonesia,2025-03-24,non_converter
C00075,Singapore,2025-09-29,converter
C00076,Indonesia,2025-11-03,no_touchpoint
C00077,Indonesia,2025-01-10,non_converter
C00078,Singapore,2025-07-05,non_converter
C00079,Indonesia,2025-06-07,non_converter
C00080,Singapore,2025-05-04,converter
C00081,Indonesia,2025-02-10,no_touchpoint
C00082,Thailand,2025-09-06,no_touchpoint
C00083,Thailand,2025-09-30,non_converter
C00084,Thailand,2025-03-07,no_touchpoint
C00085,Indonesia,2025-10-09,no_touchpoint
C00086,Singapore,2025-09-28,no_touchpoint
C00087,Singapore,2025-08-05,converter
C00088,Thailand,2025-10-04,converter
C00089,Indonesia,2025-12-20,no_touchpoint
C00090,Indonesia,2025-06-09,converter
C00091,Thailand,2025-12-10,non_converter
C00092,Singapore,2025-08-13,converter
C00093,Indonesia,2025-08-20,no_touchpoint
C00094,Indonesia,2025-04-26,converter
C00095,Indonesia,2025-01-11,no_touchpoint
C00096,Indonesia,2025-04-28,no_touchpoint
C00097,Indonesia,2025-01-04,converter
C00098,Indonesia,2025-11-20,non_converter
C00099,Singapore,2025-02-04,converter
C00100,Indonesia,2025-06-19,non_converter
C00101,Indonesia,2025-05-02,no_touchpoint
C00102,Indonesia,2025-09-06,converter
C00103,Thailand,2025-03-09,non_converter
C00104,Indonesia,2025-10-20,converter
C00105,Thailand,2025-05-05,non_converter
C00106,Indonesia,2025-07-28,non_converter
C00107,Thailand,2025-02-19,no_touchpoint
C00108,Indonesia,2025-07-01,converter
C00109,Singapore,2025-08-28,no_touchpoint
C00110,Thailand,2025-01-28,non_converter
C00111,Indonesia,2025-11-27,non_converter
C00112,Thailand,2025-07-26,no_touchpoint
C00113,Indonesia,2025-02-25,converter
C00114,Indonesia,2025-04-08,non_converter
C00115,Indonesia,2025-03-13,converter
C00116,Indonesia,2025-05-23,converter
C00117,Indonesia,2025-02-08,converter
C00118,Indonesia,2025-10-09,non_converter
C00119,Singapore,2025-11-30,converter
C00120,Singapore,2025-01-08,converter
C00121,Indonesia,2025-05-02,non_converter
C00122,Indonesia,2025-09-06,converter
C00123,Singapore,2025-07-25,non_converter
C00124,Indonesia,2025-03-26,converter
C00125,Indonesia,2025-07-19,converter
C00126,Indonesia,2025-08-21,no_touchpoint
C00127,Singapore,2025-12-23,non_converter
C00128,Thailand,2025-10-12,non_converter
C00129,Indonesia,2025-09-07,non_converter
C00130,Indonesia,2025-06-01,no_touchpoint
C00131,Indonesia,2025-01-30,no_touchpoint
C00132,Indonesia,2025-10-05,converter
C00133,Indonesia,2025-06-10,non_converter
C00134,Indonesia,2025-10-27,converter
C00135,Indonesia,2025-09-29,converter
C00136,Indonesia,2025-09-18,converter
C00137,Indonesia,2025-04-06,converter
C00138,Thailand,2025-02-04,no_touchpoint
C00139,Indonesia,2025-05-01,non_converter
C00140,Indonesia,2025-10-19,non_converter
C00141,Indonesia,2025-11-01,no_touchpoint
C00142,Indonesia,2025-02-11,non_converter
C00143,Indonesia,2025-10-26,non_converter
C00144,Singapore,2025-06-11,no_touchpoint
C00145,Thailand,2025-04-15,non_converter
C00146,Indonesia,2025-06-10,no_touchpoint
C00147,Indonesia,2025-07-22,non_converter
C00148,Indonesia,2025-11-27,no_touchpoint
C00149,Singapore,2025-06-11,non_converter
C00150,Indonesia,2025-02-07,no_touchpoint
C00151,Singapore,2025-11-15,converter
C00152,Indonesia,2025-02-21,non_converter
C00153,Indonesia,2025-04-20,no_touchpoint
C00154,Singapore,2025-03-09,non_converter
C00155,Singapore,2025-02-05,converter
C00156,Indonesia,2025-07-09,no_touchpoint
C00157,Thailand,2025-08-13,converter
C00158,Indonesia,2025-12-27,converter
C00159,Indonesia,2025-12-01,no_touchpoint
C00160,Thailand,2025-12-08,non_converter
C00161,Singapore,2025-06-03,converter
C00162,Singapore,2025-02-23,converter
C00163,Indonesia,2025-03-10,non_converter
C00164,Thailand,2025-02-24,converter
C00165,Indonesia,2025-03-21,converter
C00166,Indonesia,2025-11-06,converter
C00167,Indonesia,2025-06-25,non_converter
C00168,Singapore,2025-11-21,non_converter
C00169,Indonesia,2025-09-16,converter
C00170,Indonesia,2025-01-27,non_converter
C00171,Thailand,2025-08-05,non_converter
C00172,Indonesia,2025-01-23,non_converter
C00173,Thailand,2025-03-08,non_converter
C00174,Indonesia,2025-05-15,no_touchpoint
C00175,Indonesia,2025-08-15,non_converter
C00176,Indonesia,2025-08-07,non_converter
C00177,Indonesia,2025-02-27,converter
C00178,Singapore,2025-12-20,converter
C00179,Indonesia,2025-10-07,non_converter
C00180,Indonesia,2025-07-09,converter
C00181,Indonesia,2025-03-17,no_touchpoint
C00182,Indonesia,2025-01-22,non_converter
C00183,Singapore,2025-01-21,no_touchpoint
C00184,Thailand,2025-04-18,no_touchpoint
C00185,Indonesia,2025-12-08,converter
C00186,Singapore,2025-10-14,non_converter
C00187,Singapore,2025-07-28,non_converter
C00188,Singapore,2025-03-21,non_converter
C00189,Singapore,2025-05-02,converter
C00190,Singapore,2025-04-01,non_converter
C00191,Indonesia,2025-01-13,non_converter
C00192,Thailand,2025-06-20,non_converter
C00193,Thailand,2025-07-30,non_converter
C00194,Indonesia,2025-05-08,converter
C00195,Indonesia,2025-12-26,non_converter
C00196,Singapore,2025-01-20,non_converter
C00197,Indonesia,2025-04-24,converter
C00198,Indonesia,2025-08-24,converter
C00199,Indonesia,2025-04-27,non_converter
C00200,Indonesia,2025-12-04,converter
C00201,Indonesia,2025-06-18,non_converter
C00202,Singapore,2025-02-05,no_touchpoint
C00203,Indonesia,2025-05-23,no_touchpoint
C00204,Indonesia,2025-09-18,non_converter
C00205,Indonesia,2025-10-02,no_touchpoint
C00206,Indonesia,2025-01-15,converter
C00207,Indonesia,2025-05-14,no_touchpoint
C00208,Indonesia,2025-05-16,no_touchpoint
C00209,Indonesia,2025-11-02,non_converter
C00210,Indonesia,2025-06-10,non_converter
C00211,Indonesia,2025-09-19,non_converter
C00212,Indonesia,2025-10-23,non_converter
C00213,Thailand,2025-01-23,converter
C00214,Indonesia,2025-01-01,non_converter
C00215,Thailand,2025-10-03,converter
C00216,Indonesia,2025-12-10,no_touchpoint
C00217,Indonesia,2025-08-09,non_converter
C00218,Singapore,2025-12-07,non_converter
C00219,Indonesia,2025-11-16,non_converter
C00220,Thailand,2025-03-05,non_converter
C00221,Indonesia,2025-06-03,non_converter
C00222,Indonesia,2025-12-08,no_touchpoint
C00223,Thailand,2025-07-26,converter
C00224,Indonesia,2025-10-11,non_converter
C00225,Thailand,2025-08-04,no_touchpoint
C00226,Thailand,2025-07-14,non_converter
C00227,Thailand,2025-03-31,converter
C00228,Indonesia,2025-06-04,non_converter
C00229,Indonesia,2025-01-01,non_converter
C00230,Indonesia,2025-04-18,no_touchpoint
C00231,Thailand,2025-10-24,no_touchpoint
C00232,Indonesia,2025-06-14,no_touchpoint
C00233,Thailand,2025-08-15,non_converter
C00234,Indonesia,2025-09-19,no_touchpoint
C00235,Thailand,2025-03-28,no_touchpoint
C00236,Indonesia,2025-05-26,non_converter
C00237,Thailand,2025-11-21,no_touchpoint
C00238,Thailand,2025-02-17,converter
C00239,Thailand,2025-05-01,converter
C00240,Thailand,2025-04-26,non_converter
C00241,Indonesia,2025-03-17,no_touchpoint
C00242,Singapore,2025-05-06,converter
C00243,Thailand,2025-11-09,non_converter
C00244,Indonesia,2025-02-07,converter
C00245,Indonesia,2025-11-19,no_touchpoint
C00246,Indonesia,2025-12-23,converter
C00247,Indonesia,2025-07-24,non_converter
C00248,Thailand,2025-12-02,converter
C00249,Thailand,2025-02-24,no_touchpoint
C00250,Indonesia,2025-04-23,converter
C00251,Indonesia,2025-12-23,no_touchpoint
C00252,Indonesia,2025-01-26,no_touchpoint
C00253,Indonesia,2025-03-04,non_converter
C00254,Thailand,2025-08-26,no_touchpoint
C00255,Indonesia,2025-10-14,non_converter
C00256,Thailand,2025-08-15,no_touchpoint
C00257,Indonesia,2025-09-16,converter
C00258,Indonesia,2025-10-08,converter
C00259,Thailand,2025-03-23,non_converter
C00260,Indonesia,2025-09-01,converter
C00261,Thailand,2025-05-07,non_converter
C00262,Thailand,2025-05-22,converter
C00263,Indonesia,2025-09-24,non_converter
C00264,Indonesia,2025-05-03,non_converter
C00265,Thailand,2025-02-09,converter
C00266,Indonesia,2025-05-01,no_touchpoint
C00267,Singapore,2025-06-13,non_converter
C00268,Indonesia,2025-02-11,no_touchpoint
C00269,Indonesia,2025-04-29,no_touchpoint
C00270,Thailand,2025-03-20,no_touchpoint
C00271,Indonesia,2025-02-02,no_touchpoint
C00272,Indonesia,2025-06-19,non_converter
C00273,Indonesia,2025-08-01,non_converter
C00274,Indonesia,2025-08-04,converter
C00275,Singapore,2025-10-27,converter
C00276,Singapore,2025-01-11,converter
C00277,Indonesia,2025-10-22,non_converter
C00278,Singapore,2025-01-04,non_converter
C00279,Thailand,2025-06-02,non_converter
C00280,Indonesia,2025-08-03,converter
C00281,Thailand,2025-10-07,no_touchpoint
C00282,Indonesia,2025-04-23,converter
C00283,Indonesia,2025-05-20,non_converter
C00284,Indonesia,2025-01-15,no_touchpoint
C00285,Thailand,2025-12-09,converter
C00286,Thailand,2025-07-27,non_converter
C00287,Singapore,2025-08-28,converter
C00288,Indonesia,2025-11-15,converter
C00289,Indonesia,2025-07-21,converter
C00290,Indonesia,2025-12-06,no_touchpoint
C00291,Indonesia,2025-11-26,non_converter
C00292,Indonesia,2025-08-25,no_touchpoint
C00293,Indonesia,2025-05-14,non_converter
C00294,Indonesia,2025-04-19,converter
C00295,Thailand,2025-06-22,non_converter
C00296,Indonesia,2025-07-14,no_touchpoint
C00297,Indonesia,2025-08-04,non_converter
C00298,Indonesia,2025-02-11,non_converter
C00299,Indonesia,2025-10-04,non_converter
C00300,Indonesia,2025-06-29,non_converter
C00301,Thailand,2025-02-05,non_converter
C00302,Indonesia,2025-11-30,converter
C00303,Singapore,2025-01-16,converter
C00304,Thailand,2025-04-13,converter
C00305,Indonesia,2025-11-15,non_converter
C00306,Indonesia,2025-03-06,converter
C00307,Indonesia,2025-02-28,converter
C00308,Indonesia,2025-04-22,non_converter
C00309,Thailand,2025-05-12,converter
C00310,Thailand,2025-03-27,converter
C00311,Thailand,2025-02-28,no_touchpoint
C00312,Singapore,2025-03-25,non_converter
C00313,Indonesia,2025-02-25,non_converter
C00314,Indonesia,2025-06-09,non_converter
C00315,Indonesia,2025-07-12,non_converter
C00316,Indonesia,2025-04-12,non_converter
C00317,Thailand,2025-12-20,converter
C00318,Indonesia,2025-05-05,non_converter
C00319,Singapore,2025-06-04,converter
C00320,Thailand,2025-11-04,non_converter
C00321,Thailand,2025-10-17,non_converter
C00322,Indonesia,2025-06-27,converter
C00323,Indonesia,2025-12-05,converter
C00324,Thailand,2025-09-17,non_converter
C00325,Thailand,2025-01-07,no_touchpoint
C00326,Indonesia,2025-09-08,non_converter
C00327,Thailand,2025-07-05,non_converter
C00328,Thailand,2025-08-24,no_touchpoint
C00329,Indonesia,2025-08-11,non_converter
C00330,Singapore,2025-09-25,non_converter
C00331,Thailand,2025-05-19,non_converter
C00332,Thailand,2025-10-03,no_touchpoint
C00333,Indonesia,2025-08-27,no_touchpoint
C00334,Indonesia,2025-10-31,no_touchpoint
C00335,Thailand,2025-05-06,converter
C00336,Indonesia,2025-02-14,no_touchpoint
C00337,Indonesia,2025-08-19,non_converter
C00338,Indonesia,2025-08-26,no_touchpoint
C00339,Indonesia,2025-12-09,non_converter
C00340,Indonesia,2025-01-15,non_converter
C00341,Indonesia,2025-06-16,no_touchpoint
C00342,Indonesia,2025-04-19,converter
C00343,Indonesia,2025-05-13,non_converter
C00344,Thailand,2025-11-02,converter
C00345,Indonesia,2025-05-22,converter
C00346,Singapore,2025-09-22,non_converter
C00347,Indonesia,2025-02-13,no_touchpoint
C00348,Indonesia,2025-07-28,converter
C00349,Thailand,2025-05-04,converter
C00350,Thailand,2025-11-27,non_converter
C00351,Thailand,2025-08-18,converter
C00352,Indonesia,2025-02-17,non_converter
C00353,Thailand,2025-07-27,non_converter
C00354,Thailand,2025-06-06,converter
C00355,Indonesia,2025-07-08,converter
C00356,Indonesia,2025-09-29,non_converter
C00357,Indonesia,2025-10-09,converter
C00358,Indonesia,2025-12-26,converter
C00359,Indonesia,2025-06-06,no_touchpoint
C00360,Thailand,2025-03-03,non_converter
C00361,Indonesia,2025-06-11,non_converter
C00362,Singapore,2025-10-02,converter
C00363,Indonesia,2025-12-20,no_touchpoint
C00364,Thailand,2025-04-21,non_converter
C00365,Thailand,2025-05-22,converter
C00366,Indonesia,2025-09-26,non_converter
C00367,Thailand,2025-02-21,non_converter
C00368,Indonesia,2025-06-01,non_converter
C00369,Indonesia,2025-04-02,non_converter
C00370,Indonesia,2025-12-29,no_touchpoint
C00371,Indonesia,2025-05-21,converter
C00372,Indonesia,2025-01-28,converter
C00373,Singapore,2025-12-24,converter
C00374,Singapore,2025-11-23,converter
C00375,Indonesia,2025-09-09,no_touchpoint
C00376,Indonesia,2025-01-07,non_converter
C00377,Indonesia,2025-08-29,no_touchpoint
C00378,Indonesia,2025-06-24,non_converter
C00379,Indonesia,2025-01-27,non_converter
C00380,Indonesia,2025-09-02,non_converter
C00381,Indonesia,2025-02-03,non_converter
C00382,Indonesia,2025-02-07,converter
C00383,Indonesia,2025-12-18,converter
C00384,Thailand,2025-03-18,non_converter
C00385,Indonesia,2025-06-05,no_touchpoint
C00386,Indonesia,2025-05-08,converter
C00387,Thailand,2025-08-02,converter
C00388,Indonesia,2025-11-13,non_converter
C00389,Indonesia,2025-09-25,non_converter
C00390,Indonesia,2025-08-15,non_converter
C00391,Singapore,2025-10-29,converter
C00392,Indonesia,2025-06-06,non_converter
C00393,Thailand,2025-01-31,non_converter
C00394,Singapore,2025-02-20,converter
C00395,Thailand,2025-04-17,converter
C00396,Thailand,2025-05-16,non_converter
C00397,Indonesia,2025-03-22,non_converter
C00398,Indonesia,2025-10-10,non_converter
C00399,Indonesia,2025-01-02,non_converter
C00400,Indonesia,2025-12-19,non_converter
C00401,Indonesia,2025-05-30,converter
C00402,Thailand,2025-05-28,converter
C00403,Singapore,2025-12-26,non_converter
C00404,Thailand,2025-02-06,converter
C00405,Thailand,2025-05-16,converter
C00406,Indonesia,2025-11-17,non_converter
C00407,Indonesia,2025-04-12,converter
C00408,Indonesia,2025-10-06,non_converter
C00409,Singapore,2025-03-18,non_converter
C00410,Indonesia,2025-03-14,non_converter
C00411,Thailand,2025-03-26,non_converter
C00412,Thailand,2025-11-01,converter
C00413,Singapore,2025-10-19,non_converter
C00414,Indonesia,2025-08-13,converter
C00415,Indonesia,2025-12-19,non_converter
C00416,Singapore,2025-07-26,non_converter
C00417,Indonesia,2025-09-14,converter
C00418,Indonesia,2025-08-13,no_touchpoint
C00419,Singapore,2025-01-21,non_converter
C00420,Thailand,2025-06-15,non_converter
C00421,Indonesia,2025-01-14,no_touchpoint
C00422,Thailand,2025-12-12,non_converter
C00423,Indonesia,2025-10-22,non_converter
C00424,Singapore,2025-01-11,non_converter
C00425,Thailand,2025-12-11,converter
C00426,Indonesia,2025-10-23,non_converter
C00427,Indonesia,2025-03-31,converter
C00428,Indonesia,2025-11-30,converter
C00429,Indonesia,2025-05-23,converter
C00430,Indonesia,2025-10-27,non_converter
C00431,Singapore,2025-09-09,no_touchpoint
C00432,Indonesia,2025-08-29,non_converter
C00433,Indonesia,2025-06-20,converter
C00434,Singapore,2025-02-23,non_converter
C00435,Indonesia,2025-06-18,non_converter
C00436,Indonesia,2025-09-11,converter
C00437,Thailand,2025-07-25,non_converter
C00438,Indonesia,2025-10-09,non_converter
C00439,Indonesia,2025-02-15,converter
C00440,Indonesia,2025-06-15,no_touchpoint
C00441,Singapore,2025-07-26,converter
C00442,Thailand,2025-01-01,non_converter
C00443,Indonesia,2025-10-05,non_converter
C00444,Indonesia,2025-01-28,converter
C00445,Thailand,2025-07-05,no_touchpoint
C00446,Thailand,2025-09-13,non_converter
C00447,Indonesia,2025-01-27,converter
C00448,Indonesia,2025-10-09,converter
C00449,Indonesia,2025-05-28,non_converter
C00450,Indonesia,2025-12-24,non_converter
C00451,Singapore,2025-01-15,converter
C00452,Thailand,2025-11-08,non_converter
C00453,Indonesia,2025-12-30,converter
C00454,Indonesia,2025-10-10,converter
C00455,Indonesia,2025-07-28,converter
C00456,Indonesia,2025-02-28,non_converter
C00457,Thailand,2025-03-02,non_converter
C00458,Indonesia,2025-03-20,converter
C00459,Indonesia,2025-05-30,converter
C00460,Indonesia,2025-05-20,converter
C00461,Singapore,2025-09-05,non_converter
C00462,Indonesia,2025-05-05,non_converter
C00463,Indonesia,2025-03-16,non_converter
C00464,Indonesia,2025-11-03,converter
C00465,Singapore,2025-03-11,no_touchpoint
C00466,Thailand,2025-05-22,non_converter
C00467,Indonesia,2025-08-01,non_converter
C00468,Indonesia,2025-09-17,converter
C00469,Indonesia,2025-01-02,non_converter
C00470,Thailand,2025-06-02,converter
C00471,Singapore,2025-10-24,converter
C00472,Singapore,2025-09-08,no_touchpoint
C00473,Indonesia,2025-08-17,non_converter
C00474,Indonesia,2025-06-26,converter
C00475,Indonesia,2025-10-06,no_touchpoint
C00476,Singapore,2025-06-14,converter
C00477,Indonesia,2025-12-24,converter
C00478,Indonesia,2025-07-16,converter
C00479,Indonesia,2025-07-30,no_touchpoint
C00480,Thailand,2025-08-31,no_touchpoint
C00481,Indonesia,2025-07-15,non_converter
C00482,Thailand,2025-12-06,non_converter
C00483,Singapore,2025-11-30,no_touchpoint
C00484,Singapore,2025-09-11,converter
C00485,Indonesia,2025-03-06,non_converter
C00486,Indonesia,2025-10-30,no_touchpoint
C00487,Singapore,2025-02-21,non_converter
C00488,Indonesia,2025-08-14,converter
C00489,Indonesia,2025-08-22,non_converter
C00490,Indonesia,2025-03-15,converter
C00491,Singapore,2025-12-02,non_converter
C00492,Indonesia,2025-02-08,converter
C00493,Indonesia,2025-05-16,converter
C00494,Indonesia,2025-12-21,non_converter
C00495,Singapore,2025-02-11,converter
C00496,Singapore,2025-12-12,converter
C00497,Singapore,2025-07-14,converter
C00498,Thailand,2025-11-17,no_touchpoint
C00499,Singapore,2025-09-07,non_converter
C00500,Thailand,2025-01-19,non_converter
C00501,Thailand,2025-05-01,no_touchpoint
C00502,Singapore,2025-05-28,non_converter
C00503,Indonesia,2025-02-16,converter
C00504,Thailand,2025-02-20,no_touchpoint
C00505,Singapore,2025-12-27,non_converter
C00506,Indonesia,2025-08-16,converter
C00507,Singapore,2025-06-03,converter
C00508,Indonesia,2025-01-24,converter
C00509,Indonesia,2025-01-29,non_converter
C00510,Indonesia,2025-07-11,non_converter
C00511,Indonesia,2025-05-06,non_converter
C00512,Thailand,2025-10-17,non_converter
C00513,Indonesia,2025-04-03,non_converter
C00514,Thailand,2025-02-10,non_converter
C00515,Thailand,2025-07-15,no_touchpoint
C00516,Indonesia,2025-05-04,non_converter
C00517,Indonesia,2025-10-26,no_touchpoint
C00518,Thailand,2025-08-25,converter
C00519,Indonesia,2025-08-24,non_converter
C00520,Singapore,2025-01-05,no_touchpoint
C00521,Singapore,2025-08-27,converter
C00522,Indonesia,2025-12-13,converter
C00523,Indonesia,2025-02-07,converter
C00524,Singapore,2025-06-26,converter
C00525,Thailand,2025-06-03,converter
C00526,Thailand,2025-08-06,no_touchpoint
C00527,Thailand,2025-08-22,converter
C00528,Singapore,2025-04-12,non_converter
C00529,Indonesia,2025-09-05,non_converter
C00530,Indonesia,2025-07-15,converter
C00531,Indonesia,2025-10-22,no_touchpoint
C00532,Indonesia,2025-12-25,no_touchpoint
C00533,Indonesia,2025-12-04,no_touchpoint
C00534,Indonesia,2025-01-05,converter
C00535,Thailand,2025-12-18,no_touchpoint
C00536,Singapore,2025-01-26,no_touchpoint
C00537,Thailand,2025-09-12,non_converter
C00538,Thailand,2025-05-27,non_converter
C00539,Thailand,2025-04-28,converter
C00540,Indonesia,2025-06-30,converter
C00541,Thailand,2025-04-08,no_touchpoint
C00542,Thailand,2025-12-14,no_touchpoint
C00543,Thailand,2025-12-04,non_converter
C00544,Thailand,2025-03-12,converter
C00545,Thailand,2025-11-18,converter
C00546,Thailand,2025-06-08,no_touchpoint
C00547,Indonesia,2025-01-18,converter
C00548,Indonesia,2025-03-09,converter
C00549,Indonesia,2025-06-01,non_converter
C00550,Indonesia,2025-08-01,non_converter
C00551,Thailand,2025-03-09,no_touchpoint
C00552,Indonesia,2025-07-07,converter
C00553,Thailand,2025-05-20,converter
C00554,Singapore,2025-05-12,no_touchpoint
C00555,Singapore,2025-09-04,no_touchpoint
C00556,Thailand,2025-06-01,non_converter
C00557,Thailand,2025-06-23,non_converter
C00558,Singapore,2025-08-28,no_touchpoint
C00559,Thailand,2025-03-14,converter
C00560,Singapore,2025-04-26,no_touchpoint
C00561,Singapore,2025-12-12,converter
C00562,Indonesia,2025-10-13,non_converter
C00563,Indonesia,2025-07-22,no_touchpoint
C00564,Indonesia,2025-10-02,converter
C00565,Thailand,2025-07-08,converter
C00566,Indonesia,2025-12-11,converter
C00567,Thailand,2025-07-15,non_converter
C00568,Indonesia,2025-07-10,converter
C00569,Indonesia,2025-04-30,converter
C00570,Singapore,2025-11-14,non_converter
C00571,Indonesia,2025-10-15,converter
C00572,Indonesia,2025-11-09,converter
C00573,Thailand,2025-02-02,non_converter
C00574,Singapore,2025-08-26,non_converter
C00575,Thailand,2025-06-04,no_touchpoint
C00576,Indonesia,2025-03-01,non_converter
C00577,Indonesia,2025-01-20,converter
C00578,Indonesia,2025-09-10,non_converter
C00579,Singapore,2025-05-01,converter
C00580,Indonesia,2025-03-11,no_touchpoint
C00581,Thailand,2025-07-09,non_converter
C00582,Singapore,2025-12-23,non_converter
C00583,Indonesia,2025-08-03,no_touchpoint
C00584,Singapore,2025-03-21,non_converter
C00585,Indonesia,2025-12-02,non_converter
C00586,Thailand,2025-09-08,converter
C00587,Indonesia,2025-05-24,converter
C00588,Indonesia,2025-07-09,converter
C00589,Singapore,2025-08-16,converter
C00590,Indonesia,2025-07-05,non_converter
C00591,Indonesia,2025-12-18,non_converter
C00592,Indonesia,2025-11-27,non_converter
C00593,Indonesia,2025-07-23,non_converter
C00594,Singapore,2025-03-04,converter
C00595,Indonesia,2025-08-21,non_converter
C00596,Thailand,2025-04-19,no_touchpoint
C00597,Singapore,2025-11-02,no_touchpoint
C00598,Thailand,2025-01-26,converter
C00599,Singapore,2025-05-05,no_touchpoint
C00600,Indonesia,2025-10-17,no_touchpoint
C00601,Indonesia,2025-10-11,non_converter
C00602,Thailand,2025-04-21,converter
C00603,Indonesia,2025-04-30,no_touchpoint
C00604,Thailand,2025-03-17,non_converter
C00605,Indonesia,2025-11-02,no_touchpoint
C00606,Singapore,2025-03-16,converter
C00607,Indonesia,2025-10-04,non_converter
C00608,Indonesia,2025-03-31,no_touchpoint
C00609,Indonesia,2025-01-14,non_converter
C00610,Thailand,2025-07-03,no_touchpoint
C00611,Indonesia,2025-05-02,no_touchpoint
C00612,Indonesia,2025-01-09,non_converter
C00613,Indonesia,2025-01-27,converter
C00614,Indonesia,2025-08-04,converter
C00615,Indonesia,2025-02-02,non_converter
C00616,Indonesia,2025-07-05,converter
C00617,Indonesia,2025-02-25,converter
C00618,Singapore,2025-04-24,non_converter
C00619,Thailand,2025-01-23,no_touchpoint
C00620,Indonesia,2025-12-04,no_touchpoint
C00621,Thailand,2025-08-23,converter
C00622,Indonesia,2025-01-16,converter
C00623,Thailand,2025-09-03,converter
C00624,Thailand,2025-08-07,non_converter
C00625,Thailand,2025-09-09,converter
C00626,Indonesia,2025-08-16,non_converter
C00627,Indonesia,2025-02-11,converter
C00628,Indonesia,2025-03-17,converter
C00629,Thailand,2025-05-21,non_converter
C00630,Indonesia,2025-10-27,non_converter
C00631,Indonesia,2025-06-16,converter
C00632,Indonesia,2025-11-02,no_touchpoint
C00633,Indonesia,2025-08-21,non_converter
C00634,Indonesia,2025-08-09,converter
C00635,Indonesia,2025-12-26,non_converter
C00636,Thailand,2025-12-02,converter
C00637,Thailand,2025-10-10,no_touchpoint
C00638,Indonesia,2025-04-21,converter
C00639,Indonesia,2025-04-27,converter
C00640,Indonesia,2025-08-21,non_converter
C00641,Indonesia,2025-02-18,non_converter
C00642,Thailand,2025-06-10,converter
C00643,Singapore,2025-07-11,non_converter
C00644,Singapore,2025-12-18,converter
C00645,Indonesia,2025-02-04,non_converter
C00646,Indonesia,2025-02-13,converter
C00647,Thailand,2025-02-19,converter
C00648,Thailand,2025-07-10,non_converter
C00649,Indonesia,2025-10-12,converter
C00650,Indonesia,2025-10-15,converter
C00651,Indonesia,2025-12-10,converter
C00652,Singapore,2025-07-01,converter
C00653,Singapore,2025-08-05,no_touchpoint
C00654,Singapore,2025-01-27,converter
C00655,Indonesia,2025-11-04,non_converter
C00656,Indonesia,2025-02-23,non_converter
C00657,Indonesia,2025-04-19,converter
C00658,Indonesia,2025-09-04,non_converter
C00659,Indonesia,2025-02-25,converter
C00660,Indonesia,2025-10-12,non_converter
C00661,Indonesia,2025-05-23,converter
C00662,Thailand,2025-08-08,converter
C00663,Thailand,2025-11-15,non_converter
C00664,Indonesia,2025-11-26,converter
C00665,Singapore,2025-11-08,converter
C00666,Indonesia,2025-12-22,non_converter
C00667,Indonesia,2025-04-03,converter
C00668,Singapore,2025-06-08,no_touchpoint
C00669,Indonesia,2025-06-29,non_converter
C00670,Indonesia,2025-03-15,non_converter
C00671,Indonesia,2025-07-25,non_converter
C00672,Singapore,2025-11-21,converter
C00673,Thailand,2025-02-16,non_converter
C00674,Indonesia,2025-04-21,no_touchpoint
C00675,Indonesia,2025-08-21,non_converter
C00676,Indonesia,2025-07-09,non_converter
C00677,Thailand,2025-06-16,non_converter
C00678,Indonesia,2025-10-18,converter
C00679,Indonesia,2025-01-27,converter
C00680,Indonesia,2025-11-13,converter
C00681,Indonesia,2025-02-11,converter
C00682,Indonesia,2025-12-05,non_converter
C00683,Indonesia,2025-11-07,no_touchpoint
C00684,Indonesia,2025-05-20,converter
C00685,Indonesia,2025-09-20,non_converter
C00686,Indonesia,2025-08-09,non_converter
C00687,Thailand,2025-12-14,non_converter
C00688,Indonesia,2025-09-07,no_touchpoint
C00689,Indonesia,2025-06-07,converter
C00690,Singapore,2025-07-22,converter
C00691,Indonesia,2025-01-29,non_converter
C00692,Singapore,2025-06-04,converter
C00693,Thailand,2025-03-12,non_converter
C00694,Indonesia,2025-05-29,non_converter
C00695,Indonesia,2025-01-04,no_touchpoint
C00696,Indonesia,2025-08-09,converter
C00697,Indonesia,2025-07-14,converter
C00698,Indonesia,2025-04-28,no_touchpoint
C00699,Thailand,2025-12-09,non_converter
C00700,Indonesia,2025-02-06,non_converter
C00701,Indonesia,2025-01-22,converter
C00702,Singapore,2025-08-24,converter
C00703,Indonesia,2025-06-10,converter
C00704,Indonesia,2025-10-21,non_converter
C00705,Indonesia,2025-11-24,non_converter
C00706,Indonesia,2025-02-28,converter
C00707,Indonesia,2025-06-16,no_touchpoint
C00708,Indonesia,2025-11-13,non_converter
C00709,Singapore,2025-12-20,converter
C00710,Indonesia,2025-02-15,non_converter
C00711,Indonesia,2025-02-24,non_converter
C00712,Indonesia,2025-10-29,no_touchpoint
C00713,Indonesia,2025-02-10,converter
C00714,Thailand,2025-06-08,no_touchpoint
C00715,Indonesia,2025-04-24,converter
C00716,Indonesia,2025-03-28,non_converter
C00717,Indonesia,2025-11-21,non_converter
C00718,Indonesia,2025-09-19,non_converter
C00719,Indonesia,2025-06-28,non_converter
C00720,Thailand,2025-11-27,non_converter
C00721,Indonesia,2025-05-01,no_touchpoint
C00722,Indonesia,2025-05-12,non_converter
C00723,Indonesia,2025-11-05,no_touchpoint
C00724,Indonesia,2025-12-02,no_touchpoint
C00725,Indonesia,2025-11-18,non_converter
C00726,Thailand,2025-10-16,non_converter
C00727,Thailand,2025-08-18,no_touchpoint
C00728,Thailand,2025-10-17,no_touchpoint
C00729,Indonesia,2025-11-16,non_converter
C00730,Indonesia,2025-11-18,converter
C00731,Indonesia,2025-08-14,no_touchpoint
C00732,Thailand,2025-08-15,converter
C00733,Indonesia,2025-05-21,no_touchpoint
C00734,Indonesia,2025-06-30,non_converter
C00735,Indonesia,2025-06-08,converter
C00736,Indonesia,2025-01-20,non_converter
C00737,Indonesia,2025-05-27,converter
C00738,Thailand,2025-02-16,non_converter
C00739,Indonesia,2025-09-17,converter
C00740,Indonesia,2025-10-25,non_converter
C00741,Indonesia,2025-01-22,non_converter
C00742,Thailand,2025-10-20,non_converter
C00743,Thailand,2025-06-14,non_converter
C00744,Indonesia,2025-09-14,non_converter
C00745,Indonesia,2025-02-01,non_converter
C00746,Singapore,2025-06-25,non_converter
C00747,Indonesia,2025-02-13,no_touchpoint
C00748,Indonesia,2025-03-30,non_converter
C00749,Indonesia,2025-12-29,non_converter
C00750,Indonesia,2025-08-13,no_touchpoint
C00751,Indonesia,2025-11-09,non_converter
C00752,Singapore,2025-07-10,converter
C00753,Indonesia,2025-07-18,no_touchpoint
C00754,Thailand,2025-06-23,converter
C00755,Thailand,2025-01-27,converter
C00756,Indonesia,2025-11-28,no_touchpoint
C00757,Indonesia,2025-06-18,converter
C00758,Indonesia,2025-12-14,converter
C00759,Thailand,2025-05-10,converter
C00760,Singapore,2025-12-03,non_converter
C00761,Singapore,2025-11-05,non_converter
C00762,Indonesia,2025-06-20,non_converter
C00763,Indonesia,2025-12-06,non_converter
C00764,Indonesia,2025-06-29,converter
C00765,Thailand,2025-12-02,converter
C00766,Indonesia,2025-07-20,converter
C00767,Singapore,2025-12-29,converter
C00768,Indonesia,2025-06-08,converter
C00769,Thailand,2025-11-26,converter
C00770,Thailand,2025-03-07,non_converter
C00771,Singapore,2025-12-17,no_touchpoint
C00772,Thailand,2025-02-17,no_touchpoint
C00773,Indonesia,2025-08-05,converter
C00774,Indonesia,2025-01-10,non_converter
C00775,Singapore,2025-04-03,no_touchpoint
C00776,Singapore,2025-06-24,converter
C00777,Indonesia,2025-09-06,converter
C00778,Indonesia,2025-03-12,converter
C00779,Thailand,2025-06-01,non_converter
C00780,Indonesia,2025-02-21,no_touchpoint
C00781,Thailand,2025-10-04,no_touchpoint
C00782,Indonesia,2025-09-27,no_touchpoint
C00783,Singapore,2025-06-22,no_touchpoint
C00784,Indonesia,2025-11-13,no_touchpoint
C00785,Indonesia,2025-07-12,converter
C00786,Thailand,2025-04-03,converter
C00787,Thailand,2025-11-16,non_converter
C00788,Thailand,2025-03-26,non_converter
C00789,Indonesia,2025-01-23,converter
C00790,Thailand,2025-12-13,non_converter
C00791,Thailand,2025-08-16,non_converter
C00792,Indonesia,2025-08-18,converter
C00793,Indonesia,2025-05-03,non_converter
C00794,Singapore,2025-08-29,converter
C00795,Indonesia,2025-04-10,no_touchpoint
C00796,Singapore,2025-10-20,non_converter
C00797,Thailand,2025-08-25,non_converter
C00798,Indonesia,2025-07-15,non_converter
C00799,Singapore,2025-08-03,non_converter
C00800,Thailand,2025-04-13,converter
C00801,Singapore,2025-03-12,non_converter
C00802,Thailand,2025-01-27,non_converter
C00803,Indonesia,2025-07-10,non_converter
C00804,Thailand,2025-02-22,non_converter
C00805,Singapore,2025-09-22,converter
C00806,Indonesia,2025-05-26,converter
C00807,Indonesia,2025-03-24,no_touchpoint
C00808,Indonesia,2025-09-20,converter
C00809,Indonesia,2025-08-12,non_converter
C00810,Thailand,2025-04-24,non_converter
C00811,Singapore,2025-06-28,converter
C00812,Indonesia,2025-08-01,no_touchpoint
C00813,Indonesia,2025-09-15,converter
C00814,Singapore,2025-07-17,no_touchpoint
C00815,Indonesia,2025-07-11,non_converter
C00816,Singapore,2025-06-13,non_converter
C00817,Indonesia,2025-11-29,converter
C00818,Indonesia,2025-03-16,non_converter
C00819,Singapore,2025-05-27,no_touchpoint
C00820,Thailand,2025-08-30,converter
C00821,Thailand,2025-03-13,converter
C00822,Indonesia,2025-08-29,non_converter
C00823,Singapore,2025-01-03,non_converter
C00824,Indonesia,2025-01-10,converter
C00825,Indonesia,2025-03-18,non_converter
C00826,Indonesia,2025-11-08,no_touchpoint
C00827,Thailand,2025-02-26,non_converter
C00828,Indonesia,2025-05-02,converter
C00829,Indonesia,2025-01-25,no_touchpoint
C00830,Thailand,2025-11-24,converter
C00831,Indonesia,2025-08-23,non_converter
C00832,Indonesia,2025-09-13,non_converter
C00833,Thailand,2025-01-09,converter
C00834,Indonesia,2025-10-22,non_converter
C00835,Indonesia,2025-03-15,converter
C00836,Thailand,2025-01-01,no_touchpoint
C00837,Indonesia,2025-05-04,non_converter
C00838,Thailand,2025-04-06,no_touchpoint
C00839,Indonesia,2025-02-13,no_touchpoint
C00840,Indonesia,2025-07-04,non_converter
C00841,Indonesia,2025-09-27,non_converter
C00842,Indonesia,2025-09-17,non_converter
C00843,Singapore,2025-07-19,converter
C00844,Thailand,2025-01-23,converter
C00845,Indonesia,2025-07-11,non_converter
C00846,Indonesia,2025-01-09,converter
C00847,Indonesia,2025-02-04,non_converter
C00848,Thailand,2025-12-03,non_converter
C00849,Thailand,2025-10-25,non_converter
C00850,Indonesia,2025-06-20,non_converter
C00851,Indonesia,2025-06-30,non_converter
C00852,Indonesia,2025-11-26,converter
C00853,Indonesia,2025-12-17,non_converter
C00854,Indonesia,2025-12-23,non_converter
C00855,Thailand,2025-04-04,non_converter
C00856,Thailand,2025-02-02,non_converter
C00857,Indonesia,2025-08-23,non_converter
C00858,Indonesia,2025-04-14,converter
C00859,Singapore,2025-04-13,converter
C00860,Singapore,2025-06-11,converter
C00861,Indonesia,2025-09-21,non_converter
C00862,Indonesia,2025-10-06,non_converter
C00863,Thailand,2025-01-19,no_touchpoint
C00864,Indonesia,2025-04-08,converter
C00865,Singapore,2025-01-25,non_converter
C00866,Indonesia,2025-06-19,non_converter
C00867,Indonesia,2025-07-08,converter
C00868,Thailand,2025-07-24,non_converter
C00869,Indonesia,2025-07-17,converter
C00870,Indonesia,2025-04-06,non_converter
C00871,Indonesia,2025-09-12,converter
C00872,Indonesia,2025-09-23,converter
C00873,Thailand,2025-02-12,non_converter
C00874,Indonesia,2025-02-10,non_converter
C00875,Indonesia,2025-04-03,non_converter
C00876,Indonesia,2025-06-14,converter
C00877,Thailand,2025-06-17,converter
C00878,Indonesia,2025-06-06,non_converter
C00879,Indonesia,2025-08-07,non_converter
C00880,Indonesia,2025-08-16,converter
C00881,Thailand,2025-01-22,converter
C00882,Thailand,2025-06-30,non_converter
C00883,Indonesia,2025-08-11,no_touchpoint
C00884,Indonesia,2025-01-30,no_touchpoint
C00885,Indonesia,2025-11-23,non_converter
C00886,Thailand,2025-09-20,non_converter
C00887,Indonesia,2025-12-14,non_converter
C00888,Indonesia,2025-01-16,non_converter
C00889,Thailand,2025-11-08,converter
C00890,Indonesia,2025-08-13,converter
C00891,Indonesia,2025-02-04,converter
C00892,Indonesia,2025-11-27,non_converter
C00893,Singapore,2025-07-16,converter
C00894,Thailand,2025-01-17,non_converter
C00895,Indonesia,2025-12-14,converter
C00896,Indonesia,2025-07-09,non_converter
C00897,Indonesia,2025-02-09,non_converter
C00898,Indonesia,2025-09-29,no_touchpoint
C00899,Thailand,2025-06-10,no_touchpoint
C00900,Singapore,2025-05-08,converter
C00901,Thailand,2025-01-14,non_converter
C00902,Indonesia,2025-09-13,no_touchpoint
C00903,Indonesia,2025-10-15,converter
C00904,Thailand,2025-05-14,no_touchpoint
C00905,Singapore,2025-04-20,non_converter
C00906,Thailand,2025-05-27,no_touchpoint
C00907,Indonesia,2025-09-09,non_converter
C00908,Singapore,2025-03-11,converter
C00909,Indonesia,2025-08-20,non_converter
C00910,Singapore,2025-08-16,no_touchpoint
C00911,Singapore,2025-12-16,non_converter
C00912,Thailand,2025-06-13,converter
C00913,Indonesia,2025-12-30,non_converter
C00914,Indonesia,2025-10-05,non_converter
C00915,Singapore,2025-06-03,non_converter
C00916,Thailand,2025-12-31,converter
C00917,Thailand,2025-12-25,no_touchpoint
C00918,Indonesia,2025-07-05,non_converter
C00919,Singapore,2025-03-04,no_touchpoint
C00920,Indonesia,2025-03-13,non_converter
C00921,Indonesia,2025-09-10,non_converter
C00922,Indonesia,2025-10-11,non_converter
C00923,Thailand,2025-08-28,converter
C00924,Indonesia,2025-10-10,no_touchpoint
C00925,Indonesia,2025-02-14,non_converter
C00926,Singapore,2025-07-23,non_converter
C00927,Indonesia,2025-09-03,converter
C00928,Thailand,2025-07-29,no_touchpoint
C00929,Indonesia,2025-02-07,converter
C00930,Thailand,2025-06-12,non_converter
C00931,Indonesia,2025-08-19,no_touchpoint
C00932,Indonesia,2025-09-22,no_touchpoint
C00933,Thailand,2025-10-10,converter
C00934,Thailand,2025-04-04,non_converter
C00935,Indonesia,2025-03-08,converter
C00936,Thailand,2025-01-29,converter
C00937,Indonesia,2025-09-23,non_converter
C00938,Indonesia,2025-03-26,non_converter
C00939,Indonesia,2025-12-30,no_touchpoint
C00940,Singapore,2025-09-23,non_converter
C00941,Indonesia,2025-02-10,non_converter
C00942,Singapore,2025-11-22,converter
C00943,Indonesia,2025-05-21,converter
C00944,Thailand,2025-06-05,non_converter
C00945,Indonesia,2025-02-17,non_converter
C00946,Indonesia,2025-03-28,converter
C00947,Indonesia,2025-10-25,converter
C00948,Thailand,2025-12-04,non_converter
C00949,Indonesia,2025-11-06,converter
C00950,Indonesia,2025-10-16,non_converter
C00951,Indonesia,2025-01-15,non_converter
C00952,Thailand,2025-11-25,non_converter
C00953,Thailand,2025-05-16,non_converter
C00954,Indonesia,2025-10-20,non_converter
C00955,Indonesia,2025-11-24,non_converter
C00956,Indonesia,2025-11-18,no_touchpoint
C00957,Singapore,2025-11-25,non_converter
C00958,Indonesia,2025-09-05,non_converter
C00959,Indonesia,2025-12-17,non_converter
C00960,Indonesia,2025-08-21,converter
C00961,Indonesia,2025-01-31,non_converter
C00962,Indonesia,2025-08-01,no_touchpoint
C00963,Indonesia,2025-04-15,converter
C00964,Indonesia,2025-03-15,no_touchpoint
C00965,Thailand,2025-06-13,converter
C00966,Singapore,2025-06-26,no_touchpoint
C00967,Thailand,2025-03-08,converter
C00968,Indonesia,2025-09-21,no_touchpoint
C00969,Indonesia,2025-06-13,non_converter
C00970,Indonesia,2025-03-04,no_touchpoint
C00971,Indonesia,2025-05-07,non_converter
C00972,Indonesia,2025-01-26,converter
C00973,Singapore,2025-07-16,no_touchpoint
C00974,Indonesia,2025-08-03,non_converter
C00975,Thailand,2025-03-23,non_converter
C00976,Thailand,2025-10-23,non_converter
C00977,Thailand,2025-04-08,non_converter
C00978,Singapore,2025-09-13,converter
C00979,Indonesia,2025-08-28,converter
C00980,Indonesia,2025-06-07,non_converter
C00981,Singapore,2025-02-16,converter
C00982,Indonesia,2025-09-16,converter
C00983,Indonesia,2025-05-04,no_touchpoint
C00984,Indonesia,2025-06-30,converter
C00985,Indonesia,2025-05-25,converter
C00986,Thailand,2025-12-01,converter
C00987,Indonesia,2025-05-27,converter
C00988,Indonesia,2025-02-25,converter
C00989,Thailand,2025-05-16,non_converter
C00990,Indonesia,2025-07-26,non_converter
C00991,Indonesia,2025-07-25,converter
C00992,Indonesia,2025-10-15,converter
C00993,Indonesia,2025-10-11,no_touchpoint
C00994,Indonesia,2025-07-17,converter
C00995,Indonesia,2025-10-09,no_touchpoint
C00996,Thailand,2025-11-16,converter
C00997,Indonesia,2025-03-02,non_converter
C00998,Indonesia,2025-02-19,converter
C00999,Indonesia,2025-06-23,no_touchpoint
C01000,Thailand,2025-07-07,non_converter
C01001,Thailand,2025-04-12,converter
C01002,Indonesia,2025-07-25,non_converter
C01003,Indonesia,2025-01-24,converter
C01004,Thailand,2025-06-20,no_touchpoint
C01005,Indonesia,2025-09-23,non_converter
C01006,Singapore,2025-11-07,converter
C01007,Indonesia,2025-03-13,converter
C01008,Indonesia,2025-11-10,converter
C01009,Singapore,2025-07-21,no_touchpoint
C01010,Indonesia,2025-06-03,converter
C01011,Thailand,2025-09-17,non_converter
C01012,Indonesia,2025-09-30,non_converter
C01013,Indonesia,2025-10-16,non_converter
C01014,Indonesia,2025-01-09,no_touchpoint
C01015,Indonesia,2025-12-11,converter
C01016,Indonesia,2025-08-02,converter
C01017,Thailand,2025-12-19,converter
C01018,Indonesia,2025-11-02,converter
C01019,Thailand,2025-12-02,no_touchpoint
C01020,Indonesia,2025-10-24,no_touchpoint
C01021,Indonesia,2025-01-27,converter
C01022,Indonesia,2025-03-29,non_converter
C01023,Thailand,2025-11-14,non_converter
C01024,Indonesia,2025-07-14,no_touchpoint
C01025,Indonesia,2025-12-15,no_touchpoint
C01026,Singapore,2025-10-21,non_converter
C01027,Indonesia,2025-02-26,converter
C01028,Indonesia,2025-08-14,non_converter
C01029,Indonesia,2025-03-19,converter
C01030,Indonesia,2025-04-15,non_converter
C01031,Singapore,2025-11-10,non_converter
C01032,Thailand,2025-02-01,non_converter
C01033,Indonesia,2025-09-23,non_converter
C01034,Singapore,2025-06-16,no_touchpoint
C01035,Indonesia,2025-09-02,converter
C01036,Singapore,2025-06-10,converter
C01037,Singapore,2025-08-24,non_converter
C01038,Indonesia,2025-06-25,non_converter
C01039,Thailand,2025-12-13,converter
C01040,Thailand,2025-12-15,no_touchpoint
C01041,Indonesia,2025-12-21,converter
C01042,Indonesia,2025-09-05,no_touchpoint
C01043,Indonesia,2025-05-07,non_converter
C01044,Indonesia,2025-06-02,non_converter
C01045,Thailand,2025-06-02,converter
C01046,Indonesia,2025-12-27,non_converter
C01047,Indonesia,2025-12-27,converter
C01048,Indonesia,2025-09-03,no_touchpoint
C01049,Indonesia,2025-05-21,non_converter
C01050,Thailand,2025-10-21,non_converter
C01051,Singapore,2025-07-14,no_touchpoint
C01052,Thailand,2025-07-22,converter
C01053,Indonesia,2025-03-16,no_touchpoint
C01054,Singapore,2025-05-28,non_converter
C01055,Indonesia,2025-02-10,non_converter
C01056,Thailand,2025-08-15,converter
C01057,Indonesia,2025-09-03,converter
C01058,Indonesia,2025-10-03,no_touchpoint
C01059,Thailand,2025-10-15,no_touchpoint
C01060,Indonesia,2025-03-12,non_converter
C01061,Indonesia,2025-10-28,converter
C01062,Thailand,2025-01-26,converter
C01063,Indonesia,2025-09-29,no_touchpoint
C01064,Indonesia,2025-04-30,non_converter
C01065,Indonesia,2025-07-31,non_converter
C01066,Indonesia,2025-08-30,converter
C01067,Indonesia,2025-03-12,converter
C01068,Singapore,2025-10-09,converter
C01069,Indonesia,2025-03-22,converter
C01070,Indonesia,2025-09-01,converter
C01071,Thailand,2025-04-13,no_touchpoint
C01072,Indonesia,2025-05-28,non_converter
C01073,Indonesia,2025-11-27,no_touchpoint
C01074,Thailand,2025-02-15,no_touchpoint
C01075,Indonesia,2025-04-29,converter
C01076,Singapore,2025-01-20,non_converter
C01077,Indonesia,2025-03-31,converter
C01078,Singapore,2025-04-01,no_touchpoint
C01079,Singapore,2025-01-19,converter
C01080,Thailand,2025-07-23,converter
C01081,Singapore,2025-04-06,converter
C01082,Singapore,2025-05-29,non_converter
C01083,Indonesia,2025-01-05,converter
C01084,Indonesia,2025-11-05,non_converter
C01085,Indonesia,2025-06-21,converter
C01086,Indonesia,2025-11-25,no_touchpoint
C01087,Singapore,2025-09-10,converter
C01088,Singapore,2025-03-10,non_converter
C01089,Indonesia,2025-08-28,converter
C01090,Indonesia,2025-02-27,non_converter
C01091,Thailand,2025-08-23,non_converter
C01092,Indonesia,2025-04-06,no_touchpoint
C01093,Thailand,2025-06-22,converter
C01094,Thailand,2025-10-18,non_converter
C01095,Indonesia,2025-04-09,converter
C01096,Singapore,2025-11-24,converter
C01097,Indonesia,2025-08-07,no_touchpoint
C01098,Indonesia,2025-02-14,non_converter
C01099,Indonesia,2025-02-18,non_converter
C01100,Indonesia,2025-03-13,non_converter
C01101,Indonesia,2025-05-08,converter
C01102,Indonesia,2025-07-16,no_touchpoint
C01103,Singapore,2025-05-17,converter
C01104,Indonesia,2025-06-04,non_converter
C01105,Indonesia,2025-10-21,non_converter
C01106,Indonesia,2025-12-01,converter
C01107,Indonesia,2025-05-01,no_touchpoint
C01108,Indonesia,2025-03-02,no_touchpoint
C01109,Indonesia,2025-03-23,non_converter
C01110,Singapore,2025-09-15,converter
C01111,Thailand,2025-12-27,non_converter
C01112,Indonesia,2025-12-20,converter
C01113,Indonesia,2025-06-01,non_converter
C01114,Indonesia,2025-04-24,converter
C01115,Indonesia,2025-03-10,non_converter
C01116,Thailand,2025-08-21,non_converter
C01117,Indonesia,2025-11-07,non_converter
C01118,Indonesia,2025-12-26,converter
C01119,Thailand,2025-08-30,converter
C01120,Thailand,2025-12-07,non_converter
C01121,Thailand,2025-05-07,non_converter
C01122,Singapore,2025-11-02,non_converter
C01123,Indonesia,2025-02-11,converter
C01124,Thailand,2025-09-28,no_touchpoint
C01125,Singapore,2025-02-09,no_touchpoint
C01126,Indonesia,2025-02-27,no_touchpoint
C01127,Singapore,2025-10-08,no_touchpoint
C01128,Indonesia,2025-04-14,no_touchpoint
C01129,Indonesia,2025-03-18,non_converter
C01130,Indonesia,2025-09-24,converter
C01131,Indonesia,2025-12-15,no_touchpoint
C01132,Indonesia,2025-10-26,converter
C01133,Indonesia,2025-09-19,converter
C01134,Indonesia,2025-01-29,non_converter
C01135,Indonesia,2025-09-20,converter
C01136,Indonesia,2025-10-16,converter
C01137,Thailand,2025-08-25,no_touchpoint
C01138,Thailand,2025-06-07,converter
C01139,Indonesia,2025-07-22,converter
C01140,Thailand,2025-01-02,no_touchpoint
C01141,Indonesia,2025-10-24,converter
C01142,Indonesia,2025-08-05,converter
C01143,Indonesia,2025-02-02,non_converter
C01144,Singapore,2025-01-31,converter
C01145,Singapore,2025-02-05,converter
C01146,Indonesia,2025-08-30,converter
C01147,Indonesia,2025-07-29,non_converter
C01148,Thailand,2025-03-11,non_converter
C01149,Singapore,2025-11-27,non_converter
C01150,Singapore,2025-07-11,non_converter
C01151,Indonesia,2025-07-15,non_converter
C01152,Indonesia,2025-07-13,non_converter
C01153,Singapore,2025-12-16,non_converter
C01154,Indonesia,2025-10-04,converter
C01155,Indonesia,2025-06-28,converter
C01156,Indonesia,2025-10-03,no_touchpoint
C01157,Thailand,2025-03-07,no_touchpoint
C01158,Thailand,2025-04-25,no_touchpoint
C01159,Singapore,2025-01-12,converter
C01160,Thailand,2025-08-26,converter
C01161,Indonesia,2025-10-06,converter
C01162,Thailand,2025-07-14,non_converter
C01163,Indonesia,2025-05-07,non_converter
C01164,Indonesia,2025-03-21,no_touchpoint
C01165,Indonesia,2025-02-27,no_touchpoint
C01166,Indonesia,2025-12-05,converter
C01167,Indonesia,2025-01-09,no_touchpoint
C01168,Indonesia,2025-02-04,no_touchpoint
C01169,Indonesia,2025-01-18,no_touchpoint
C01170,Thailand,2025-12-11,converter
C01171,Indonesia,2025-01-25,converter
C01172,Indonesia,2025-01-23,non_converter
C01173,Indonesia,2025-04-30,converter
C01174,Indonesia,2025-01-29,non_converter
C01175,Indonesia,2025-05-29,converter
C01176,Indonesia,2025-10-22,converter
C01177,Thailand,2025-11-03,converter
C01178,Indonesia,2025-06-14,no_touchpoint
C01179,Singapore,2025-03-15,non_converter
C01180,Indonesia,2025-09-24,no_touchpoint
C01181,Indonesia,2025-06-03,converter
C01182,Singapore,2025-10-13,non_converter
C01183,Thailand,2025-03-31,non_converter
C01184,Indonesia,2025-08-07,converter
C01185,Singapore,2025-01-25,no_touchpoint
C01186,Thailand,2025-11-26,non_converter
C01187,Indonesia,2025-09-26,non_converter
C01188,Indonesia,2025-08-02,non_converter
C01189,Indonesia,2025-06-03,non_converter
C01190,Indonesia,2025-10-03,non_converter
C01191,Indonesia,2025-04-26,non_converter
C01192,Indonesia,2025-12-29,no_touchpoint
C01193,Singapore,2025-08-26,no_touchpoint
C01194,Indonesia,2025-10-15,converter
C01195,Indonesia,2025-08-02,non_converter
C01196,Indonesia,2025-03-10,non_converter
C01197,Indonesia,2025-05-11,non_converter
C01198,Indonesia,2025-11-28,non_converter
C01199,Thailand,2025-08-19,non_converter
C01200,Indonesia,2025-02-17,converter
C01201,Indonesia,2025-04-08,no_touchpoint
C01202,Thailand,2025-07-13,converter
C01203,Indonesia,2025-11-05,non_converter
C01204,Indonesia,2025-02-07,non_converter
C01205,Thailand,2025-10-28,converter
C01206,Indonesia,2025-10-14,non_converter
C01207,Singapore,2025-04-17,non_converter
C01208,Indonesia,2025-06-20,non_converter
C01209,Indonesia,2025-01-08,converter
C01210,Singapore,2025-04-08,non_converter
C01211,Thailand,2025-03-02,non_converter
C01212,Singapore,2025-09-03,non_converter
C01213,Thailand,2025-12-23,no_touchpoint
C01214,Indonesia,2025-04-15,converter
C01215,Indonesia,2025-05-03,non_converter
C01216,Indonesia,2025-05-25,converter
C01217,Thailand,2025-10-01,no_touchpoint
C01218,Indonesia,2025-06-07,non_converter
C01219,Singapore,2025-09-20,no_touchpoint
C01220,Indonesia,2025-08-27,non_converter
C01221,Thailand,2025-08-29,converter
C01222,Singapore,2025-06-13,non_converter
C01223,Indonesia,2025-07-09,no_touchpoint
C01224,Indonesia,2025-01-24,converter
C01225,Thailand,2025-04-24,no_touchpoint
C01226,Indonesia,2025-01-09,converter
C01227,Indonesia,2025-10-27,non_converter
C01228,Indonesia,2025-08-02,converter
C01229,Indonesia,2025-04-11,no_touchpoint
C01230,Indonesia,2025-07-14,non_converter
C01231,Indonesia,2025-05-06,no_touchpoint
C01232,Singapore,2025-12-02,converter
C01233,Indonesia,2025-06-22,converter
C01234,Singapore,2025-09-08,converter
C01235,Thailand,2025-11-25,non_converter
C01236,Indonesia,2025-08-24,no_touchpoint
C01237,Indonesia,2025-06-30,non_converter
C01238,Indonesia,2025-10-07,converter
C01239,Singapore,2025-10-05,converter
C01240,Indonesia,2025-01-31,non_converter
C01241,Singapore,2025-02-08,non_converter
C01242,Indonesia,2025-12-09,non_converter
C01243,Indonesia,2025-01-04,converter
C01244,Indonesia,2025-11-19,no_touchpoint
C01245,Indonesia,2025-12-29,non_converter
C01246,Indonesia,2025-04-22,converter
C01247,Indonesia,2025-07-11,converter
C01248,Thailand,2025-11-23,converter
C01249,Singapore,2025-11-12,converter
C01250,Indonesia,2025-12-04,no_touchpoint
C01251,Indonesia,2025-01-04,non_converter
C01252,Indonesia,2025-07-30,non_converter
C01253,Thailand,2025-09-29,non_converter
C01254,Singapore,2025-10-02,non_converter
C01255,Indonesia,2025-01-09,non_converter
C01256,Thailand,2025-12-24,non_converter
C01257,Indonesia,2025-04-02,no_touchpoint
C01258,Indonesia,2025-02-19,non_converter
C01259,Indonesia,2025-05-04,no_touchpoint
C01260,Indonesia,2025-09-27,converter
C01261,Indonesia,2025-07-01,converter
C01262,Indonesia,2025-07-23,no_touchpoint
C01263,Indonesia,2025-07-27,non_converter
C01264,Singapore,2025-05-05,non_converter
C01265,Indonesia,2025-04-26,converter
C01266,Thailand,2025-02-11,converter
C01267,Thailand,2025-11-29,no_touchpoint
C01268,Indonesia,2025-02-17,converter
C01269,Indonesia,2025-07-13,no_touchpoint
C01270,Thailand,2025-01-29,converter
C01271,Indonesia,2025-12-26,no_touchpoint
C01272,Thailand,2025-09-13,converter
C01273,Thailand,2025-11-27,converter
C01274,Singapore,2025-10-17,non_converter
C01275,Singapore,2025-02-18,non_converter
C01276,Indonesia,2025-01-22,converter
C01277,Singapore,2025-12-21,converter
C01278,Indonesia,2025-09-01,converter
C01279,Thailand,2025-02-08,non_converter
C01280,Singapore,2025-05-24,converter
C01281,Thailand,2025-10-16,non_converter
C01282,Singapore,2025-04-02,non_converter
C01283,Indonesia,2025-06-11,converter
C01284,Indonesia,2025-04-17,non_converter
C01285,Thailand,2025-12-31,no_touchpoint
C01286,Indonesia,2025-02-09,converter
C01287,Indonesia,2025-10-16,no_touchpoint
C01288,Thailand,2025-07-19,non_converter
C01289,Indonesia,2025-10-04,non_converter
C01290,Thailand,2025-03-13,no_touchpoint
C01291,Thailand,2025-12-19,non_converter
C01292,Thailand,2025-09-14,non_converter
C01293,Indonesia,2025-06-27,no_touchpoint
C01294,Indonesia,2025-08-12,converter
C01295,Indonesia,2025-02-08,no_touchpoint
C01296,Singapore,2025-11-11,converter
C01297,Singapore,2025-07-23,no_touchpoint
C01298,Indonesia,2025-06-17,converter
C01299,Thailand,2025-05-20,converter
C01300,Indonesia,2025-08-19,non_converter
C01301,Indonesia,2025-07-02,non_converter
C01302,Indonesia,2025-07-12,non_converter
C01303,Indonesia,2025-12-15,converter
C01304,Indonesia,2025-07-14,non_converter
C01305,Indonesia,2025-11-13,converter
C01306,Thailand,2025-05-07,converter
C01307,Indonesia,2025-02-12,non_converter
C01308,Thailand,2025-07-14,non_converter
C01309,Indonesia,2025-11-21,converter
C01310,Indonesia,2025-07-19,converter
C01311,Indonesia,2025-02-24,converter
C01312,Indonesia,2025-06-07,no_touchpoint
C01313,Indonesia,2025-05-19,non_converter
C01314,Indonesia,2025-02-14,no_touchpoint
C01315,Indonesia,2025-08-18,non_converter
C01316,Indonesia,2025-09-20,no_touchpoint
C01317,Indonesia,2025-01-14,non_converter
C01318,Indonesia,2025-10-11,converter
C01319,Thailand,2025-11-03,non_converter
C01320,Indonesia,2025-07-17,no_touchpoint
C01321,Indonesia,2025-07-31,no_touchpoint
C01322,Thailand,2025-02-13,no_touchpoint
C01323,Singapore,2025-10-14,non_converter
C01324,Indonesia,2025-05-05,no_touchpoint
C01325,Thailand,2025-03-28,non_converter
C01326,Indonesia,2025-03-28,non_converter
C01327,Indonesia,2025-06-04,non_converter
C01328,Indonesia,2025-03-16,converter
C01329,Indonesia,2025-08-11,no_touchpoint
C01330,Indonesia,2025-06-03,converter
C01331,Indonesia,2025-02-09,converter
C01332,Thailand,2025-05-07,converter
C01333,Indonesia,2025-09-11,non_converter
C01334,Indonesia,2025-04-11,converter
C01335,Indonesia,2025-03-11,converter
C01336,Indonesia,2025-07-22,no_touchpoint
C01337,Indonesia,2025-11-14,converter
C01338,Indonesia,2025-06-18,non_converter
C01339,Thailand,2025-08-09,converter
C01340,Singapore,2025-11-30,non_converter
C01341,Indonesia,2025-03-11,non_converter
C01342,Singapore,2025-11-05,converter
C01343,Indonesia,2025-04-13,non_converter
C01344,Singapore,2025-04-01,converter
C01345,Indonesia,2025-06-13,no_touchpoint
C01346,Thailand,2025-12-22,no_touchpoint
C01347,Thailand,2025-10-22,converter
C01348,Indonesia,2025-06-16,no_touchpoint
C01349,Indonesia,2025-07-21,non_converter
C01350,Indonesia,2025-10-16,no_touchpoint
C01351,Indonesia,2025-10-07,converter
C01352,Indonesia,2025-10-09,non_converter
C01353,Singapore,2025-08-25,no_touchpoint
C01354,Indonesia,2025-04-18,converter
C01355,Thailand,2025-05-30,no_touchpoint
C01356,Thailand,2025-02-05,no_touchpoint
C01357,Thailand,2025-07-29,no_touchpoint
C01358,Thailand,2025-03-13,converter
C01359,Indonesia,2025-05-04,converter
C01360,Thailand,2025-03-20,non_converter
C01361,Indonesia,2025-07-13,no_touchpoint
C01362,Indonesia,2025-11-03,non_converter
C01363,Indonesia,2025-07-25,converter
C01364,Indonesia,2025-12-21,no_touchpoint
C01365,Thailand,2025-01-19,non_converter
C01366,Thailand,2025-07-04,non_converter
C01367,Indonesia,2025-10-02,no_touchpoint
C01368,Indonesia,2025-02-13,non_converter
C01369,Thailand,2025-05-08,non_converter
C01370,Indonesia,2025-07-01,non_converter
C01371,Indonesia,2025-11-10,converter
C01372,Thailand,2025-11-27,converter
C01373,Singapore,2025-07-24,non_converter
C01374,Singapore,2025-06-19,no_touchpoint
C01375,Indonesia,2025-08-09,non_converter
C01376,Indonesia,2025-02-20,converter
C01377,Thailand,2025-09-19,no_touchpoint
C01378,Indonesia,2025-10-13,converter
C01379,Indonesia,2025-10-22,converter
C01380,Indonesia,2025-07-11,no_touchpoint
C01381,Indonesia,2025-12-14,non_converter
C01382,Indonesia,2025-09-14,non_converter
C01383,Indonesia,2025-01-13,non_converter
C01384,Indonesia,2025-06-01,converter
C01385,Indonesia,2025-02-13,converter
C01386,Indonesia,2025-03-14,converter
C01387,Indonesia,2025-06-25,converter
C01388,Indonesia,2025-04-16,no_touchpoint
C01389,Indonesia,2025-06-28,non_converter
C01390,Thailand,2025-08-13,converter
C01391,Indonesia,2025-08-20,converter
C01392,Indonesia,2025-06-03,non_converter
C01393,Indonesia,2025-12-30,converter
C01394,Thailand,2025-06-25,converter
C01395,Thailand,2025-12-13,converter
C01396,Indonesia,2025-05-05,non_converter
C01397,Indonesia,2025-10-10,converter
C01398,Indonesia,2025-10-14,non_converter
C01399,Indonesia,2025-08-25,converter
C01400,Thailand,2025-07-27,non_converter
C01401,Thailand,2025-04-06,non_converter
C01402,Indonesia,2025-08-10,converter
C01403,Singapore,2025-11-11,converter
C01404,Indonesia,2025-08-19,converter
C01405,Indonesia,2025-07-19,converter
C01406,Indonesia,2025-04-20,converter
C01407,Thailand,2025-12-27,no_touchpoint
C01408,Indonesia,2025-02-02,non_converter
C01409,Indonesia,2025-10-02,non_converter
C01410,Indonesia,2025-06-16,non_converter
C01411,Indonesia,2025-02-28,converter
C01412,Indonesia,2025-09-08,no_touchpoint
C01413,Indonesia,2025-11-24,converter
C01414,Thailand,2025-07-18,no_touchpoint
C01415,Indonesia,2025-10-28,converter
C01416,Thailand,2025-06-30,converter
C01417,Indonesia,2025-11-13,non_converter
C01418,Thailand,2025-12-11,non_converter
C01419,Singapore,2025-06-02,non_converter
C01420,Indonesia,2025-10-30,no_touchpoint
C01421,Indonesia,2025-03-10,non_converter
C01422,Indonesia,2025-05-03,non_converter
C01423,Indonesia,2025-04-04,converter
C01424,Indonesia,2025-03-14,non_converter
C01425,Indonesia,2025-08-03,no_touchpoint
C01426,Indonesia,2025-10-22,converter
C01427,Indonesia,2025-04-06,converter
C01428,Thailand,2025-10-03,no_touchpoint
C01429,Singapore,2025-11-27,non_converter
C01430,Indonesia,2025-03-30,converter
C01431,Indonesia,2025-09-08,converter
C01432,Indonesia,2025-04-06,converter
C01433,Thailand,2025-08-19,no_touchpoint
C01434,Singapore,2025-07-03,converter
C01435,Indonesia,2025-09-06,non_converter
C01436,Singapore,2025-07-16,non_converter
C01437,Thailand,2025-09-16,converter
C01438,Thailand,2025-07-29,non_converter
C01439,Thailand,2025-08-01,non_converter
C01440,Indonesia,2025-08-16,non_converter
C01441,Indonesia,2025-02-12,non_converter
C01442,Indonesia,2025-04-23,no_touchpoint
C01443,Indonesia,2025-05-21,converter
C01444,Indonesia,2025-05-28,non_converter
C01445,Indonesia,2025-08-23,no_touchpoint
C01446,Indonesia,2025-09-11,converter
C01447,Indonesia,2025-02-27,non_converter
C01448,Thailand,2025-05-18,converter
C01449,Indonesia,2025-07-07,non_converter
C01450,Thailand,2025-01-22,non_converter
C01451,Indonesia,2025-08-14,non_converter
C01452,Indonesia,2025-08-06,non_converter
C01453,Thailand,2025-12-01,non_converter
C01454,Singapore,2025-06-02,non_converter
C01455,Indonesia,2025-01-17,no_touchpoint
C01456,Singapore,2025-06-28,converter
C01457,Indonesia,2025-02-14,non_converter
C01458,Thailand,2025-03-02,converter
C01459,Indonesia,2025-05-02,non_converter
C01460,Thailand,2025-10-29,non_converter
C01461,Thailand,2025-12-30,non_converter
C01462,Indonesia,2025-08-08,converter
C01463,Thailand,2025-03-13,no_touchpoint
C01464,Thailand,2025-04-16,converter
C01465,Indonesia,2025-10-19,converter
C01466,Indonesia,2025-05-24,converter
C01467,Indonesia,2025-03-28,no_touchpoint
C01468,Indonesia,2025-12-27,non_converter
C01469,Indonesia,2025-10-21,non_converter
C01470,Singapore,2025-09-21,converter
C01471,Thailand,2025-12-14,non_converter
C01472,Singapore,2025-03-11,non_converter
C01473,Singapore,2025-07-30,no_touchpoint
C01474,Singapore,2025-05-22,converter
C01475,Thailand,2025-03-06,non_converter
C01476,Indonesia,2025-03-09,no_touchpoint
C01477,Indonesia,2025-12-31,non_converter
C01478,Thailand,2025-05-07,non_converter
C01479,Indonesia,2025-12-13,non_converter
C01480,Indonesia,2025-03-14,non_converter
C01481,Thailand,2025-05-18,converter
C01482,Indonesia,2025-07-12,no_touchpoint
C01483,Thailand,2025-11-21,non_converter
C01484,Indonesia,2025-02-17,non_converter
C01485,Thailand,2025-05-23,converter
C01486,Indonesia,2025-07-08,non_converter
C01487,Indonesia,2025-09-07,no_touchpoint
C01488,Singapore,2025-01-02,non_converter
C01489,Thailand,2025-02-17,non_converter
C01490,Thailand,2025-08-23,no_touchpoint
C01491,Indonesia,2025-12-24,converter
C01492,Thailand,2025-02-02,no_touchpoint
C01493,Indonesia,2025-07-23,non_converter
C01494,Thailand,2025-08-08,non_converter
C01495,Indonesia,2025-09-11,converter
C01496,Indonesia,2025-05-26,non_converter
C01497,Indonesia,2025-10-23,non_converter
C01498,Thailand,2025-09-06,converter
C01499,Thailand,2025-12-16,no_touchpoint
C01500,Indonesia,2025-01-24,non_converter
C01501,Indonesia,2025-08-24,non_converter
C01502,Indonesia,2025-03-22,non_converter
C01503,Singapore,2025-01-01,non_converter
C01504,Indonesia,2025-08-08,non_converter
C01505,Singapore,2025-12-19,non_converter
C01506,Indonesia,2025-11-29,non_converter
C01507,Indonesia,2025-05-21,converter
C01508,Indonesia,2025-07-04,non_converter
C01509,Thailand,2025-07-10,non_converter
C01510,Indonesia,2025-11-29,non_converter
C01511,Thailand,2025-07-22,non_converter
C01512,Thailand,2025-12-25,non_converter
C01513,Thailand,2025-08-08,no_touchpoint
C01514,Indonesia,2025-12-27,non_converter
C01515,Indonesia,2025-04-20,converter
C01516,Indonesia,2025-03-09,converter
C01517,Thailand,2025-09-23,converter
C01518,Indonesia,2025-01-05,no_touchpoint
C01519,Thailand,2025-06-25,non_converter
C01520,Thailand,2025-08-05,non_converter
C01521,Indonesia,2025-09-02,non_converter
C01522,Indonesia,2025-07-16,converter
C01523,Indonesia,2025-02-22,non_converter
C01524,Singapore,2025-07-08,non_converter
C01525,Indonesia,2025-03-12,non_converter
C01526,Thailand,2025-03-10,converter
C01527,Indonesia,2025-12-13,no_touchpoint
C01528,Indonesia,2025-09-29,non_converter
C01529,Thailand,2025-11-09,converter
C01530,Indonesia,2025-08-14,non_converter
C01531,Thailand,2025-04-20,non_converter
C01532,Singapore,2025-03-19,non_converter
C01533,Thailand,2025-11-12,converter
C01534,Indonesia,2025-04-22,no_touchpoint
C01535,Indonesia,2025-02-21,non_converter
C01536,Indonesia,2025-03-05,converter
C01537,Indonesia,2025-07-16,converter
C01538,Indonesia,2025-08-08,non_converter
C01539,Indonesia,2025-03-13,no_touchpoint
C01540,Indonesia,2025-11-27,converter
C01541,Thailand,2025-10-11,converter
C01542,Indonesia,2025-11-08,no_touchpoint
C01543,Indonesia,2025-12-20,no_touchpoint
C01544,Singapore,2025-12-04,non_converter
C01545,Indonesia,2025-04-16,non_converter
C01546,Indonesia,2025-09-18,non_converter
C01547,Indonesia,2025-07-20,non_converter
C01548,Thailand,2025-01-28,no_touchpoint
C01549,Indonesia,2025-05-03,converter
C01550,Indonesia,2025-02-27,no_touchpoint
C01551,Indonesia,2025-11-23,non_converter
C01552,Singapore,2025-09-28,non_converter
C01553,Singapore,2025-01-07,non_converter
C01554,Indonesia,2025-06-12,converter
C01555,Indonesia,2025-10-19,no_touchpoint
C01556,Thailand,2025-10-07,converter
C01557,Singapore,2025-08-30,non_converter
C01558,Indonesia,2025-02-07,no_touchpoint
C01559,Indonesia,2025-02-04,converter
C01560,Indonesia,2025-04-21,no_touchpoint
C01561,Singapore,2025-01-31,non_converter
C01562,Indonesia,2025-07-23,converter
C01563,Thailand,2025-11-18,non_converter
C01564,Indonesia,2025-08-01,non_converter
C01565,Indonesia,2025-07-25,non_converter
C01566,Indonesia,2025-10-02,non_converter
C01567,Indonesia,2025-03-20,converter
C01568,Indonesia,2025-06-08,converter
C01569,Singapore,2025-04-15,no_touchpoint
C01570,Indonesia,2025-03-21,non_converter
C01571,Indonesia,2025-07-20,converter
C01572,Thailand,2025-11-29,non_converter
C01573,Indonesia,2025-02-03,no_touchpoint
C01574,Thailand,2025-08-12,converter
C01575,Indonesia,2025-05-03,converter
C01576,Singapore,2025-02-14,converter
C01577,Indonesia,2025-03-01,no_touchpoint
C01578,Indonesia,2025-11-08,non_converter
C01579,Thailand,2025-12-08,converter
C01580,Indonesia,2025-03-31,converter
C01581,Indonesia,2025-12-29,converter
C01582,Indonesia,2025-01-06,non_converter
C01583,Indonesia,2025-06-27,non_converter
C01584,Indonesia,2025-05-13,converter
C01585,Thailand,2025-03-06,non_converter
C01586,Thailand,2025-05-18,non_converter
C01587,Thailand,2025-03-02,no_touchpoint
C01588,Indonesia,2025-01-16,converter
C01589,Indonesia,2025-08-08,non_converter
C01590,Indonesia,2025-02-02,non_converter
C01591,Thailand,2025-10-23,non_converter
C01592,Indonesia,2025-09-12,converter
C01593,Indonesia,2025-07-04,no_touchpoint
C01594,Indonesia,2025-10-18,non_converter
C01595,Indonesia,2025-03-22,non_converter
C01596,Singapore,2025-02-22,converter
C01597,Thailand,2025-12-12,converter
C01598,Thailand,2025-04-27,non_converter
C01599,Indonesia,2025-01-02,non_converter
C01600,Indonesia,2025-01-07,non_converter
C01601,Indonesia,2025-08-30,non_converter
C01602,Indonesia,2025-03-18,converter
C01603,Indonesia,2025-01-19,no_touchpoint
C01604,Indonesia,2025-12-02,no_touchpoint
C01605,Indonesia,2025-06-14,non_converter
C01606,Indonesia,2025-06-13,non_converter
C01607,Indonesia,2025-02-09,non_converter
C01608,Indonesia,2025-03-03,no_touchpoint
C01609,Indonesia,2025-01-27,no_touchpoint
C01610,Singapore,2025-09-22,converter
C01611,Indonesia,2025-07-25,non_converter
C01612,Singapore,2025-08-27,converter
C01613,Indonesia,2025-06-09,no_touchpoint
C01614,Indonesia,2025-10-11,non_converter
C01615,Indonesia,2025-07-08,converter
C01616,Thailand,2025-10-16,non_converter
C01617,Indonesia,2025-11-15,converter
C01618,Indonesia,2025-07-08,no_touchpoint
C01619,Singapore,2025-09-10,non_converter
C01620,Thailand,2025-04-11,no_touchpoint
C01621,Thailand,2025-10-07,non_converter
C01622,Indonesia,2025-05-06,converter
C01623,Indonesia,2025-07-29,converter
C01624,Indonesia,2025-10-05,non_converter
C01625,Singapore,2025-12-22,converter
C01626,Indonesia,2025-06-21,converter
C01627,Indonesia,2025-12-03,non_converter
C01628,Indonesia,2025-06-07,non_converter
C01629,Singapore,2025-09-29,no_touchpoint
C01630,Indonesia,2025-08-03,no_touchpoint
C01631,Singapore,2025-01-31,converter
C01632,Thailand,2025-03-14,no_touchpoint
C01633,Indonesia,2025-02-17,converter
C01634,Singapore,2025-04-29,non_converter
C01635,Indonesia,2025-09-24,non_converter
C01636,Indonesia,2025-07-10,non_converter
C01637,Indonesia,2025-02-13,non_converter
C01638,Indonesia,2025-09-16,non_converter
C01639,Indonesia,2025-07-21,no_touchpoint
C01640,Indonesia,2025-10-18,converter
C01641,Singapore,2025-12-06,no_touchpoint
C01642,Indonesia,2025-05-02,non_converter
C01643,Singapore,2025-06-11,non_converter
C01644,Thailand,2025-07-21,non_converter
C01645,Indonesia,2025-06-17,non_converter
C01646,Indonesia,2025-05-20,converter
C01647,Indonesia,2025-04-14,non_converter
C01648,Indonesia,2025-10-27,no_touchpoint
C01649,Indonesia,2025-02-24,non_converter
C01650,Indonesia,2025-08-27,non_converter
C01651,Indonesia,2025-03-03,non_converter
C01652,Indonesia,2025-04-17,non_converter
C01653,Indonesia,2025-08-26,converter
C01654,Indonesia,2025-03-03,non_converter
C01655,Indonesia,2025-12-18,non_converter
C01656,Thailand,2025-12-27,non_converter
C01657,Indonesia,2025-01-21,non_converter
C01658,Indonesia,2025-06-17,no_touchpoint
C01659,Indonesia,2025-12-31,converter
C01660,Indonesia,2025-07-02,non_converter
C01661,Thailand,2025-01-26,non_converter
C01662,Thailand,2025-05-14,no_touchpoint
C01663,Indonesia,2025-03-31,converter
C01664,Singapore,2025-07-27,converter
C01665,Thailand,2025-10-12,non_converter
C01666,Indonesia,2025-05-08,converter
C01667,Thailand,2025-02-22,non_converter
C01668,Indonesia,2025-03-13,no_touchpoint
C01669,Thailand,2025-02-01,converter
C01670,Indonesia,2025-04-24,converter
C01671,Indonesia,2025-07-25,no_touchpoint
C01672,Singapore,2025-11-19,converter
C01673,Indonesia,2025-02-13,non_converter
C01674,Singapore,2025-05-13,converter
C01675,Indonesia,2025-02-08,converter
C01676,Indonesia,2025-02-03,converter
C01677,Indonesia,2025-11-27,no_touchpoint
C01678,Indonesia,2025-03-07,converter
C01679,Indonesia,2025-06-19,non_converter
C01680,Indonesia,2025-08-25,converter
C01681,Indonesia,2025-10-21,non_converter
C01682,Indonesia,2025-07-22,non_converter
C01683,Thailand,2025-07-15,non_converter
C01684,Indonesia,2025-03-30,no_touchpoint
C01685,Indonesia,2025-04-06,converter
C01686,Singapore,2025-08-17,non_converter
C01687,Thailand,2025-01-18,non_converter
C01688,Indonesia,2025-11-12,non_converter
C01689,Indonesia,2025-06-01,non_converter
C01690,Indonesia,2025-10-09,non_converter
C01691,Indonesia,2025-02-14,converter
C01692,Indonesia,2025-03-12,non_converter
C01693,Singapore,2025-11-26,no_touchpoint
C01694,Indonesia,2025-09-27,non_converter
C01695,Thailand,2025-10-06,non_converter
C01696,Thailand,2025-07-15,converter
C01697,Indonesia,2025-07-03,non_converter
C01698,Indonesia,2025-09-06,converter
C01699,Indonesia,2025-10-17,non_converter
C01700,Indonesia,2025-07-18,non_converter
C01701,Indonesia,2025-01-14,converter
C01702,Indonesia,2025-04-23,non_converter
C01703,Indonesia,2025-05-24,non_converter
C01704,Indonesia,2025-08-30,no_touchpoint
C01705,Singapore,2025-10-27,no_touchpoint
C01706,Indonesia,2025-03-23,non_converter
C01707,Indonesia,2025-12-03,no_touchpoint
C01708,Thailand,2025-10-01,converter
C01709,Thailand,2025-01-29,no_touchpoint
C01710,Indonesia,2025-04-23,non_converter
C01711,Indonesia,2025-07-18,no_touchpoint
C01712,Indonesia,2025-03-30,non_converter
C01713,Indonesia,2025-10-31,non_converter
C01714,Indonesia,2025-12-24,non_converter
C01715,Indonesia,2025-10-30,converter
C01716,Indonesia,2025-12-25,non_converter
C01717,Indonesia,2025-10-18,non_converter
C01718,Singapore,2025-10-16,no_touchpoint
C01719,Indonesia,2025-09-10,non_converter
C01720,Indonesia,2025-03-31,non_converter
C01721,Indonesia,2025-02-16,converter
C01722,Indonesia,2025-11-05,converter
C01723,Indonesia,2025-09-27,no_touchpoint
C01724,Singapore,2025-06-19,converter
C01725,Thailand,2025-04-14,non_converter
C01726,Thailand,2025-06-24,non_converter
C01727,Indonesia,2025-06-15,non_converter
C01728,Indonesia,2025-03-17,converter
C01729,Thailand,2025-03-14,non_converter
C01730,Singapore,2025-09-27,no_touchpoint
C01731,Indonesia,2025-02-07,non_converter
C01732,Indonesia,2025-12-06,converter
C01733,Indonesia,2025-02-21,non_converter
C01734,Indonesia,2025-06-15,non_converter
C01735,Thailand,2025-03-22,non_converter
C01736,Thailand,2025-08-12,non_converter
C01737,Thailand,2025-09-07,non_converter
C01738,Thailand,2025-03-31,no_touchpoint
C01739,Thailand,2025-10-15,non_converter
C01740,Thailand,2025-11-11,no_touchpoint
C01741,Thailand,2025-04-25,converter
C01742,Indonesia,2025-03-31,converter
C01743,Indonesia,2025-12-19,non_converter
C01744,Thailand,2025-04-01,non_converter
C01745,Singapore,2025-12-26,converter
C01746,Singapore,2025-07-20,converter
C01747,Indonesia,2025-10-18,non_converter
C01748,Indonesia,2025-11-05,no_touchpoint
C01749,Indonesia,2025-11-10,non_converter
C01750,Indonesia,2025-10-17,non_converter
C01751,Indonesia,2025-09-12,no_touchpoint
C01752,Indonesia,2025-02-09,converter
C01753,Indonesia,2025-06-13,no_touchpoint
C01754,Thailand,2025-02-15,converter
C01755,Thailand,2025-12-10,non_converter
C01756,Indonesia,2025-06-21,non_converter
C01757,Indonesia,2025-05-16,no_touchpoint
C01758,Indonesia,2025-12-21,converter
C01759,Thailand,2025-05-12,non_converter
C01760,Indonesia,2025-01-01,non_converter
C01761,Thailand,2025-08-13,no_touchpoint
C01762,Singapore,2025-03-27,no_touchpoint
C01763,Singapore,2025-09-10,non_converter
C01764,Indonesia,2025-06-29,non_converter
C01765,Thailand,2025-02-21,non_converter
C01766,Thailand,2025-10-23,converter
C01767,Indonesia,2025-12-18,converter
C01768,Indonesia,2025-08-20,converter
C01769,Indonesia,2025-01-18,non_converter
C01770,Indonesia,2025-06-13,converter
C01771,Indonesia,2025-02-23,non_converter
C01772,Singapore,2025-03-29,no_touchpoint
C01773,Thailand,2025-03-24,non_converter
C01774,Singapore,2025-10-08,no_touchpoint
C01775,Indonesia,2025-02-17,non_converter
C01776,Singapore,2025-11-11,non_converter
C01777,Indonesia,2025-12-27,non_converter
C01778,Indonesia,2025-12-01,converter
C01779,Indonesia,2025-08-11,non_converter
C01780,Indonesia,2025-02-21,converter
C01781,Indonesia,2025-04-08,non_converter
C01782,Thailand,2025-10-11,non_converter
C01783,Indonesia,2025-10-04,no_touchpoint
C01784,Indonesia,2025-05-25,converter
C01785,Indonesia,2025-02-19,non_converter
C01786,Indonesia,2025-10-20,no_touchpoint
C01787,Indonesia,2025-09-09,non_converter
C01788,Indonesia,2025-07-04,non_converter
C01789,Indonesia,2025-02-14,non_converter
C01790,Thailand,2025-12-05,non_converter
C01791,Indonesia,2025-09-03,non_converter
C01792,Indonesia,2025-01-14,converter
C01793,Indonesia,2025-11-23,non_converter
C01794,Indonesia,2025-02-11,non_converter
C01795,Indonesia,2025-03-01,converter
C01796,Indonesia,2025-07-23,non_converter
C01797,Indonesia,2025-12-05,non_converter
C01798,Indonesia,2025-11-25,non_converter
C01799,Indonesia,2025-04-05,converter
C01800,Indonesia,2025-07-15,converter
C01801,Indonesia,2025-08-17,no_touchpoint
C01802,Indonesia,2025-08-14,non_converter
C01803,Thailand,2025-04-26,non_converter
C01804,Indonesia,2025-10-16,non_converter
C01805,Thailand,2025-12-23,non_converter
C01806,Thailand,2025-02-13,non_converter
C01807,Indonesia,2025-10-05,non_converter
C01808,Indonesia,2025-10-29,converter
C01809,Thailand,2025-02-01,converter
C01810,Indonesia,2025-09-25,no_touchpoint
C01811,Thailand,2025-10-02,converter
C01812,Indonesia,2025-09-01,non_converter
C01813,Indonesia,2025-05-01,non_converter
C01814,Indonesia,2025-02-10,non_converter
C01815,Indonesia,2025-01-18,converter
C01816,Thailand,2025-09-22,no_touchpoint
C01817,Singapore,2025-12-13,non_converter
C01818,Indonesia,2025-03-17,non_converter
C01819,Indonesia,2025-08-18,converter
C01820,Singapore,2025-03-27,converter
C01821,Indonesia,2025-04-09,non_converter
C01822,Indonesia,2025-08-05,converter
C01823,Indonesia,2025-12-16,converter
C01824,Indonesia,2025-11-18,converter
C01825,Indonesia,2025-11-01,converter
C01826,Indonesia,2025-02-04,non_converter
C01827,Indonesia,2025-10-12,non_converter
C01828,Singapore,2025-06-16,non_converter
C01829,Indonesia,2025-09-24,converter
C01830,Thailand,2025-01-07,converter
C01831,Indonesia,2025-11-16,converter
C01832,Indonesia,2025-08-03,non_converter
C01833,Indonesia,2025-03-18,converter
C01834,Indonesia,2025-10-29,non_converter
C01835,Singapore,2025-02-21,non_converter
C01836,Thailand,2025-10-16,converter
C01837,Singapore,2025-05-27,converter
C01838,Singapore,2025-06-26,converter
C01839,Indonesia,2025-05-16,no_touchpoint
C01840,Indonesia,2025-09-06,no_touchpoint
C01841,Indonesia,2025-08-31,non_converter
C01842,Indonesia,2025-05-22,non_converter
C01843,Thailand,2025-11-13,converter
C01844,Indonesia,2025-12-22,non_converter
C01845,Singapore,2025-07-22,converter
C01846,Thailand,2025-06-19,converter
C01847,Thailand,2025-01-26,converter
C01848,Singapore,2025-05-18,converter
C01849,Indonesia,2025-01-11,non_converter
C01850,Indonesia,2025-06-05,non_converter
C01851,Singapore,2025-09-09,non_converter
C01852,Indonesia,2025-12-17,converter
C01853,Indonesia,2025-04-27,non_converter
C01854,Thailand,2025-08-15,no_touchpoint
C01855,Indonesia,2025-06-14,no_touchpoint
C01856,Thailand,2025-08-02,non_converter
C01857,Indonesia,2025-02-15,non_converter
C01858,Singapore,2025-04-19,non_converter
C01859,Thailand,2025-07-28,converter
C01860,Singapore,2025-09-22,converter
C01861,Indonesia,2025-01-29,converter
C01862,Indonesia,2025-03-23,converter
C01863,Indonesia,2025-12-30,converter
C01864,Thailand,2025-03-11,non_converter
C01865,Singapore,2025-09-26,non_converter
C01866,Indonesia,2025-01-15,converter
C01867,Thailand,2025-04-13,non_converter
C01868,Indonesia,2025-05-08,non_converter
C01869,Singapore,2025-01-26,non_converter
C01870,Indonesia,2025-12-27,no_touchpoint
C01871,Thailand,2025-07-08,converter
C01872,Indonesia,2025-09-16,non_converter
C01873,Thailand,2025-03-05,non_converter
C01874,Indonesia,2025-05-04,non_converter
C01875,Indonesia,2025-11-01,converter
C01876,Indonesia,2025-08-31,converter
C01877,Indonesia,2025-06-29,no_touchpoint
C01878,Thailand,2025-05-13,no_touchpoint
C01879,Indonesia,2025-12-19,non_converter
C01880,Indonesia,2025-01-15,converter
C01881,Singapore,2025-03-25,non_converter
C01882,Singapore,2025-04-20,non_converter
C01883,Indonesia,2025-11-28,non_converter
C01884,Indonesia,2025-04-16,converter
C01885,Indonesia,2025-07-29,non_converter
C01886,Indonesia,2025-12-16,converter
C01887,Thailand,2025-03-09,no_touchpoint
C01888,Thailand,2025-11-04,converter
C01889,Indonesia,2025-04-25,converter
C01890,Thailand,2025-06-06,converter
C01891,Thailand,2025-12-30,converter
C01892,Singapore,2025-08-05,non_converter
C01893,Indonesia,2025-06-28,converter
C01894,Indonesia,2025-04-22,converter
C01895,Indonesia,2025-12-13,non_converter
C01896,Indonesia,2025-11-16,non_converter
C01897,Indonesia,2025-02-22,non_converter
C01898,Singapore,2025-12-06,no_touchpoint
C01899,Indonesia,2025-07-11,converter
C01900,Thailand,2025-11-01,converter
C01901,Thailand,2025-06-02,non_converter
C01902,Indonesia,2025-09-04,non_converter
C01903,Thailand,2025-05-22,converter
C01904,Indonesia,2025-05-22,no_touchpoint
C01905,Singapore,2025-12-31,converter
C01906,Indonesia,2025-11-30,non_converter
C01907,Indonesia,2025-03-18,non_converter
C01908,Singapore,2025-05-04,converter
C01909,Indonesia,2025-11-04,converter
C01910,Thailand,2025-06-13,non_converter
C01911,Thailand,2025-01-14,converter
C01912,Indonesia,2025-06-01,converter
C01913,Indonesia,2025-08-03,converter
C01914,Indonesia,2025-01-19,no_touchpoint
C01915,Thailand,2025-10-20,converter
C01916,Thailand,2025-06-25,no_touchpoint
C01917,Thailand,2025-04-24,converter
C01918,Thailand,2025-11-23,no_touchpoint
C01919,Indonesia,2025-12-10,non_converter
C01920,Thailand,2025-06-03,non_converter
C01921,Singapore,2025-12-03,no_touchpoint
C01922,Indonesia,2025-04-03,converter
C01923,Indonesia,2025-08-30,non_converter
C01924,Thailand,2025-05-13,converter
C01925,Thailand,2025-10-14,converter
C01926,Singapore,2025-04-04,non_converter
C01927,Thailand,2025-06-21,non_converter
C01928,Indonesia,2025-04-24,non_converter
C01929,Indonesia,2025-06-07,no_touchpoint
C01930,Indonesia,2025-06-19,converter
C01931,Indonesia,2025-10-27,no_touchpoint
C01932,Indonesia,2025-03-02,no_touchpoint
C01933,Indonesia,2025-11-21,non_converter
C01934,Indonesia,2025-11-14,converter
C01935,Indonesia,2025-04-10,converter
C01936,Indonesia,2025-12-15,converter
C01937,Indonesia,2025-06-02,converter
C01938,Indonesia,2025-03-19,no_touchpoint
C01939,Indonesia,2025-04-13,non_converter
C01940,Singapore,2025-10-19,converter
C01941,Indonesia,2025-08-23,non_converter
C01942,Thailand,2025-04-03,converter
C01943,Indonesia,2025-09-07,non_converter
C01944,Indonesia,2025-04-01,no_touchpoint
C01945,Indonesia,2025-01-30,non_converter
C01946,Indonesia,2025-05-21,converter
C01947,Indonesia,2025-03-28,converter
C01948,Indonesia,2025-03-23,non_converter
C01949,Indonesia,2025-02-15,non_converter
C01950,Thailand,2025-08-11,non_converter
C01951,Indonesia,2025-07-26,converter
C01952,Indonesia,2025-09-02,no_touchpoint
C01953,Indonesia,2025-01-20,converter
C01954,Singapore,2025-07-11,non_converter
C01955,Thailand,2025-06-14,non_converter
C01956,Indonesia,2025-09-29,non_converter
C01957,Indonesia,2025-12-13,non_converter
C01958,Indonesia,2025-05-08,non_converter
C01959,Indonesia,2025-06-26,non_converter
C01960,Indonesia,2025-02-22,converter
C01961,Indonesia,2025-10-29,non_converter
C01962,Thailand,2025-02-03,non_converter
C01963,Singapore,2025-06-02,converter
C01964,Thailand,2025-08-22,converter
C01965,Indonesia,2025-11-02,converter
C01966,Singapore,2025-08-11,non_converter
C01967,Indonesia,2025-03-10,non_converter
C01968,Indonesia,2025-09-08,converter
C01969,Indonesia,2025-04-07,non_converter
C01970,Indonesia,2025-07-26,non_converter
C01971,Thailand,2025-04-25,converter
C01972,Indonesia,2025-03-09,converter
C01973,Indonesia,2025-01-12,converter
C01974,Indonesia,2025-03-28,non_converter
C01975,Thailand,2025-12-31,non_converter
C01976,Indonesia,2025-01-20,no_touchpoint
C01977,Indonesia,2025-11-24,non_converter
C01978,Thailand,2025-10-01,converter
C01979,Singapore,2025-11-01,no_touchpoint
C01980,Indonesia,2025-12-05,non_converter
C01981,Indonesia,2025-01-11,non_converter
C01982,Indonesia,2025-03-01,converter
C01983,Indonesia,2025-07-14,no_touchpoint
C01984,Indonesia,2025-05-10,no_touchpoint
C01985,Indonesia,2025-03-20,non_converter
C01986,Thailand,2025-12-18,non_converter
C01987,Indonesia,2025-06-04,non_converter
C01988,Thailand,2025-02-21,non_converter
C01989,Thailand,2025-05-19,converter
C01990,Indonesia,2025-12-25,non_converter
C01991,Indonesia,2025-02-23,non_converter
C01992,Indonesia,2025-11-13,converter
C01993,Thailand,2025-02-28,non_converter
C01994,Indonesia,2025-09-12,no_touchpoint
C01995,Thailand,2025-04-13,converter
C01996,Singapore,2025-09-25,non_converter
C01997,Thailand,2025-07-03,non_converter
C01998,Indonesia,2025-06-01,non_converter
C01999,Indonesia,2025-10-08,non_converter
C02000,Thailand,2025-04-17,no_touchpoint
C02001,Indonesia,2025-09-04,converter
C02002,Indonesia,2025-01-02,non_converter
C02003,Singapore,2025-02-15,no_touchpoint
C02004,Thailand,2025-10-21,no_touchpoint
C02005,Singapore,2025-03-18,converter
C02006,Indonesia,2025-09-19,non_converter
C02007,Singapore,2025-02-21,converter
C02008,Indonesia,2025-11-26,non_converter
C02009,Indonesia,2025-06-01,non_converter
C02010,Indonesia,2025-01-26,non_converter
C02011,Singapore,2025-03-31,converter
C02012,Indonesia,2025-05-29,converter
C02013,Indonesia,2025-12-13,non_converter
C02014,Indonesia,2025-03-01,non_converter
C02015,Indonesia,2025-01-24,converter
C02016,Thailand,2025-03-12,converter
C02017,Indonesia,2025-03-29,no_touchpoint
C02018,Singapore,2025-08-13,converter
C02019,Singapore,2025-05-18,non_converter
C02020,Indonesia,2025-02-17,no_touchpoint
C02021,Indonesia,2025-06-25,converter
C02022,Indonesia,2025-07-25,no_touchpoint
C02023,Indonesia,2025-08-22,no_touchpoint
C02024,Thailand,2025-07-17,non_converter
C02025,Thailand,2025-09-02,non_converter
C02026,Singapore,2025-11-29,converter
C02027,Indonesia,2025-03-27,non_converter
C02028,Thailand,2025-12-23,no_touchpoint
C02029,Indonesia,2025-03-23,non_converter
C02030,Indonesia,2025-10-30,converter
C02031,Thailand,2025-10-19,non_converter
C02032,Thailand,2025-04-03,non_converter
C02033,Thailand,2025-07-03,non_converter
C02034,Singapore,2025-12-17,non_converter
C02035,Indonesia,2025-03-08,converter
C02036,Indonesia,2025-09-07,converter
C02037,Indonesia,2025-07-30,non_converter
C02038,Indonesia,2025-02-02,non_converter
C02039,Indonesia,2025-06-10,no_touchpoint
C02040,Indonesia,2025-12-14,non_converter
C02041,Thailand,2025-10-23,non_converter
C02042,Singapore,2025-04-25,converter
C02043,Singapore,2025-12-09,converter
C02044,Indonesia,2025-09-23,converter
C02045,Thailand,2025-12-25,non_converter
C02046,Thailand,2025-08-10,converter
C02047,Indonesia,2025-05-08,no_touchpoint
C02048,Thailand,2025-12-06,no_touchpoint
C02049,Indonesia,2025-07-17,non_converter
C02050,Singapore,2025-10-13,converter
C02051,Indonesia,2025-11-10,non_converter
C02052,Singapore,2025-11-26,non_converter
C02053,Thailand,2025-09-16,non_converter
C02054,Singapore,2025-09-11,non_converter
C02055,Thailand,2025-02-08,non_converter
C02056,Indonesia,2025-06-14,converter
C02057,Indonesia,2025-05-23,no_touchpoint
C02058,Indonesia,2025-04-25,converter
C02059,Indonesia,2025-07-13,converter
C02060,Indonesia,2025-05-01,converter
C02061,Thailand,2025-08-16,non_converter
C02062,Indonesia,2025-08-18,converter
C02063,Indonesia,2025-09-13,no_touchpoint
C02064,Singapore,2025-03-02,non_converter
C02065,Indonesia,2025-12-01,non_converter
C02066,Indonesia,2025-07-26,converter
C02067,Indonesia,2025-10-13,no_touchpoint
C02068,Thailand,2025-02-16,converter
C02069,Thailand,2025-11-13,converter
C02070,Indonesia,2025-09-18,converter
C02071,Thailand,2025-12-02,converter
C02072,Indonesia,2025-06-24,converter
C02073,Thailand,2025-01-28,converter
C02074,Indonesia,2025-08-21,converter
C02075,Indonesia,2025-11-14,converter
C02076,Indonesia,2025-12-03,converter
C02077,Indonesia,2025-08-20,converter
C02078,Indonesia,2025-12-04,no_touchpoint
C02079,Indonesia,2025-06-24,non_converter
C02080,Singapore,2025-11-21,non_converter
C02081,Indonesia,2025-05-30,non_converter
C02082,Thailand,2025-07-11,non_converter
C02083,Singapore,2025-01-24,no_touchpoint
C02084,Indonesia,2025-09-10,non_converter
C02085,Indonesia,2025-07-29,non_converter
C02086,Indonesia,2025-11-09,non_converter
C02087,Singapore,2025-03-03,converter
C02088,Indonesia,2025-07-21,converter
C02089,Thailand,2025-04-08,non_converter
C02090,Thailand,2025-02-25,non_converter
C02091,Singapore,2025-01-24,non_converter
C02092,Indonesia,2025-12-11,converter
C02093,Indonesia,2025-08-19,non_converter
C02094,Singapore,2025-10-29,converter
C02095,Singapore,2025-03-10,no_touchpoint
C02096,Indonesia,2025-01-03,converter
C02097,Indonesia,2025-01-25,non_converter
C02098,Thailand,2025-08-10,non_converter
C02099,Singapore,2025-09-05,no_touchpoint
C02100,Thailand,2025-04-01,converter
C02101,Thailand,2025-03-30,no_touchpoint
C02102,Indonesia,2025-03-07,converter
C02103,Thailand,2025-12-03,converter
C02104,Indonesia,2025-06-14,converter
C02105,Indonesia,2025-07-16,no_touchpoint
C02106,Singapore,2025-11-08,no_touchpoint
C02107,Indonesia,2025-05-08,no_touchpoint
C02108,Singapore,2025-06-25,non_converter
C02109,Thailand,2025-08-20,no_touchpoint
C02110,Indonesia,2025-03-12,no_touchpoint
C02111,Singapore,2025-12-25,non_converter
C02112,Indonesia,2025-09-20,converter
C02113,Indonesia,2025-12-26,no_touchpoint
C02114,Thailand,2025-06-10,converter
C02115,Thailand,2025-10-11,converter
C02116,Indonesia,2025-04-13,non_converter
C02117,Thailand,2025-05-29,converter
C02118,Indonesia,2025-12-11,non_converter
C02119,Thailand,2025-12-30,non_converter
C02120,Indonesia,2025-04-02,no_touchpoint
C02121,Thailand,2025-12-22,converter
C02122,Indonesia,2025-12-30,no_touchpoint
C02123,Indonesia,2025-06-30,no_touchpoint
C02124,Indonesia,2025-10-26,converter
C02125,Thailand,2025-12-08,converter
C02126,Thailand,2025-12-12,converter
C02127,Indonesia,2025-10-01,non_converter
C02128,Thailand,2025-08-05,non_converter
C02129,Indonesia,2025-09-25,no_touchpoint
C02130,Indonesia,2025-07-15,non_converter
C02131,Indonesia,2025-12-10,converter
C02132,Thailand,2025-05-17,converter
C02133,Singapore,2025-03-24,non_converter
C02134,Indonesia,2025-12-16,no_touchpoint
C02135,Thailand,2025-02-01,non_converter
C02136,Indonesia,2025-06-01,non_converter
C02137,Indonesia,2025-10-05,no_touchpoint
C02138,Indonesia,2025-08-20,non_converter
C02139,Thailand,2025-12-12,no_touchpoint
C02140,Thailand,2025-04-25,converter
C02141,Indonesia,2025-10-15,non_converter
C02142,Thailand,2025-09-19,non_converter
C02143,Indonesia,2025-12-23,non_converter
C02144,Indonesia,2025-12-07,converter
C02145,Indonesia,2025-07-15,non_converter
C02146,Indonesia,2025-12-17,converter
C02147,Indonesia,2025-10-10,converter
C02148,Indonesia,2025-05-09,converter
C02149,Thailand,2025-08-15,non_converter
C02150,Thailand,2025-11-21,non_converter
C02151,Indonesia,2025-11-28,no_touchpoint
C02152,Indonesia,2025-10-29,no_touchpoint
C02153,Indonesia,2025-11-05,non_converter
C02154,Indonesia,2025-04-10,non_converter
C02155,Singapore,2025-04-01,no_touchpoint
C02156,Indonesia,2025-02-08,non_converter
C02157,Thailand,2025-03-30,non_converter
C02158,Indonesia,2025-03-03,converter
C02159,Indonesia,2025-08-08,non_converter
C02160,Indonesia,2025-05-16,non_converter
C02161,Thailand,2025-10-27,non_converter
C02162,Indonesia,2025-01-03,no_touchpoint
C02163,Singapore,2025-12-30,converter
C02164,Indonesia,2025-01-21,no_touchpoint
C02165,Indonesia,2025-06-15,no_touchpoint
C02166,Thailand,2025-11-17,non_converter
C02167,Indonesia,2025-12-05,non_converter
C02168,Indonesia,2025-10-21,converter
C02169,Thailand,2025-02-07,non_converter
C02170,Indonesia,2025-06-12,non_converter
C02171,Indonesia,2025-04-05,no_touchpoint
C02172,Indonesia,2025-09-16,non_converter
C02173,Indonesia,2025-10-06,converter
C02174,Indonesia,2025-02-17,no_touchpoint
C02175,Thailand,2025-04-20,converter
C02176,Indonesia,2025-06-19,no_touchpoint
C02177,Singapore,2025-04-22,no_touchpoint
C02178,Indonesia,2025-11-13,non_converter
C02179,Thailand,2025-10-15,converter
C02180,Indonesia,2025-11-29,non_converter
C02181,Indonesia,2025-12-09,converter
C02182,Singapore,2025-05-04,non_converter
C02183,Singapore,2025-11-11,no_touchpoint
C02184,Singapore,2025-05-05,non_converter
C02185,Singapore,2025-12-16,no_touchpoint
C02186,Singapore,2025-07-15,converter
C02187,Indonesia,2025-02-28,non_converter
C02188,Thailand,2025-10-04,no_touchpoint
C02189,Singapore,2025-01-13,non_converter
C02190,Indonesia,2025-07-11,non_converter
C02191,Indonesia,2025-09-18,no_touchpoint
C02192,Indonesia,2025-01-23,no_touchpoint
C02193,Indonesia,2025-11-30,non_converter
C02194,Indonesia,2025-09-21,non_converter
C02195,Indonesia,2025-02-19,converter
C02196,Indonesia,2025-10-03,converter
C02197,Indonesia,2025-11-17,no_touchpoint
C02198,Thailand,2025-12-10,non_converter
C02199,Singapore,2025-04-20,non_converter
C02200,Thailand,2025-08-06,no_touchpoint
C02201,Indonesia,2025-04-16,converter
C02202,Singapore,2025-12-26,no_touchpoint
C02203,Thailand,2025-08-11,non_converter
C02204,Thailand,2025-02-06,no_touchpoint
C02205,Indonesia,2025-03-20,no_touchpoint
C02206,Indonesia,2025-06-19,non_converter
C02207,Indonesia,2025-02-07,non_converter
C02208,Indonesia,2025-05-09,no_touchpoint
C02209,Thailand,2025-10-22,non_converter
C02210,Indonesia,2025-05-13,converter
C02211,Thailand,2025-08-19,converter
C02212,Indonesia,2025-08-10,non_converter
C02213,Thailand,2025-07-19,no_touchpoint
C02214,Indonesia,2025-10-01,no_touchpoint
C02215,Indonesia,2025-11-13,converter
C02216,Indonesia,2025-10-27,non_converter
C02217,Indonesia,2025-02-07,converter
C02218,Indonesia,2025-09-15,converter
C02219,Indonesia,2025-12-18,converter
C02220,Indonesia,2025-02-14,converter
C02221,Indonesia,2025-08-13,converter
C02222,Indonesia,2025-12-05,no_touchpoint
C02223,Indonesia,2025-03-22,no_touchpoint
C02224,Thailand,2025-03-11,converter
C02225,Indonesia,2025-10-07,converter
C02226,Indonesia,2025-11-21,non_converter
C02227,Singapore,2025-12-13,no_touchpoint
C02228,Indonesia,2025-11-28,non_converter
C02229,Indonesia,2025-01-06,non_converter
C02230,Indonesia,2025-10-12,no_touchpoint
C02231,Indonesia,2025-01-22,converter
C02232,Indonesia,2025-11-02,converter
C02233,Singapore,2025-10-08,converter
C02234,Indonesia,2025-06-06,non_converter
C02235,Indonesia,2025-06-26,converter
C02236,Singapore,2025-11-27,converter
C02237,Indonesia,2025-03-14,no_touchpoint
C02238,Thailand,2025-04-24,no_touchpoint
C02239,Indonesia,2025-05-10,non_converter
C02240,Thailand,2025-04-03,no_touchpoint
C02241,Singapore,2025-10-18,non_converter
C02242,Indonesia,2025-10-09,non_converter
C02243,Indonesia,2025-10-09,non_converter
C02244,Indonesia,2025-12-10,converter
C02245,Indonesia,2025-02-20,no_touchpoint
C02246,Indonesia,2025-10-25,converter
C02247,Indonesia,2025-06-19,converter
C02248,Thailand,2025-12-10,converter
C02249,Indonesia,2025-02-21,non_converter
C02250,Singapore,2025-02-05,non_converter
C02251,Indonesia,2025-06-12,converter
C02252,Thailand,2025-06-18,converter
C02253,Thailand,2025-06-06,non_converter
C02254,Indonesia,2025-03-20,no_touchpoint
C02255,Thailand,2025-07-06,non_converter
C02256,Indonesia,2025-08-08,non_converter
C02257,Indonesia,2025-06-10,no_touchpoint
C02258,Thailand,2025-04-24,non_converter
C02259,Indonesia,2025-11-25,non_converter
C02260,Indonesia,2025-07-04,no_touchpoint
C02261,Singapore,2025-06-19,converter
C02262,Indonesia,2025-08-25,non_converter
C02263,Indonesia,2025-06-06,no_touchpoint
C02264,Indonesia,2025-02-25,non_converter
C02265,Indonesia,2025-11-07,converter
C02266,Singapore,2025-05-24,converter
C02267,Singapore,2025-03-13,no_touchpoint
C02268,Indonesia,2025-04-11,converter
C02269,Indonesia,2025-11-17,no_touchpoint
C02270,Singapore,2025-02-08,converter
C02271,Thailand,2025-09-17,converter
C02272,Indonesia,2025-10-25,non_converter
C02273,Indonesia,2025-10-30,non_converter
C02274,Indonesia,2025-01-19,no_touchpoint
C02275,Singapore,2025-10-06,no_touchpoint
C02276,Indonesia,2025-10-04,no_touchpoint
C02277,Indonesia,2025-03-18,non_converter
C02278,Singapore,2025-04-25,no_touchpoint
C02279,Thailand,2025-10-29,converter
C02280,Indonesia,2025-05-29,non_converter
C02281,Indonesia,2025-09-14,converter
C02282,Indonesia,2025-07-23,no_touchpoint
C02283,Thailand,2025-01-06,converter
C02284,Thailand,2025-11-11,non_converter
C02285,Indonesia,2025-09-21,non_converter
C02286,Indonesia,2025-03-23,converter
C02287,Thailand,2025-10-17,non_converter
C02288,Thailand,2025-03-16,non_converter
C02289,Singapore,2025-09-05,non_converter
C02290,Indonesia,2025-01-21,non_converter
C02291,Indonesia,2025-09-07,non_converter
C02292,Indonesia,2025-05-16,non_converter
C02293,Thailand,2025-01-22,converter
C02294,Singapore,2025-09-23,converter
C02295,Indonesia,2025-07-04,converter
C02296,Singapore,2025-08-21,no_touchpoint
C02297,Singapore,2025-01-21,non_converter
C02298,Indonesia,2025-06-15,converter
C02299,Thailand,2025-09-24,converter
C02300,Thailand,2025-05-21,non_converter
C02301,Indonesia,2025-05-15,non_converter
C02302,Indonesia,2025-10-19,non_converter
C02303,Indonesia,2025-12-01,no_touchpoint
C02304,Thailand,2025-10-28,converter
C02305,Indonesia,2025-02-09,non_converter
C02306,Singapore,2025-07-12,converter
C02307,Indonesia,2025-04-25,converter
C02308,Thailand,2025-06-30,converter
C02309,Indonesia,2025-06-26,no_touchpoint
C02310,Singapore,2025-09-04,no_touchpoint
C02311,Indonesia,2025-01-04,non_converter
C02312,Indonesia,2025-03-13,converter
C02313,Indonesia,2025-04-28,no_touchpoint
C02314,Indonesia,2025-11-26,non_converter
C02315,Indonesia,2025-03-18,no_touchpoint
C02316,Thailand,2025-07-05,non_converter
C02317,Thailand,2025-03-02,converter
C02318,Thailand,2025-08-01,converter
C02319,Indonesia,2025-02-28,converter
C02320,Indonesia,2025-09-03,converter
C02321,Indonesia,2025-10-30,converter
C02322,Indonesia,2025-07-30,non_converter
C02323,Indonesia,2025-01-23,non_converter
C02324,Indonesia,2025-10-31,converter
C02325,Indonesia,2025-11-19,no_touchpoint
C02326,Indonesia,2025-10-21,no_touchpoint
C02327,Indonesia,2025-03-27,non_converter
C02328,Indonesia,2025-04-03,non_converter
C02329,Indonesia,2025-07-27,non_converter
C02330,Thailand,2025-10-16,non_converter
C02331,Thailand,2025-12-05,non_converter
C02332,Indonesia,2025-02-13,converter
C02333,Singapore,2025-11-07,no_touchpoint
C02334,Indonesia,2025-09-04,no_touchpoint
C02335,Thailand,2025-07-30,non_converter
C02336,Thailand,2025-10-26,converter
C02337,Thailand,2025-04-04,non_converter
C02338,Indonesia,2025-09-19,non_converter
C02339,Indonesia,2025-12-18,no_touchpoint
C02340,Indonesia,2025-08-21,converter
C02341,Indonesia,2025-02-05,no_touchpoint
C02342,Indonesia,2025-07-17,no_touchpoint
C02343,Indonesia,2025-01-09,no_touchpoint
C02344,Thailand,2025-09-16,converter
C02345,Thailand,2025-03-18,non_converter
C02346,Indonesia,2025-04-01,converter
C02347,Indonesia,2025-11-11,no_touchpoint
C02348,Indonesia,2025-09-30,no_touchpoint
C02349,Indonesia,2025-03-02,converter
C02350,Indonesia,2025-12-04,no_touchpoint
C02351,Indonesia,2025-11-05,non_converter
C02352,Singapore,2025-01-01,non_converter
C02353,Thailand,2025-12-14,no_touchpoint
C02354,Indonesia,2025-09-25,no_touchpoint
C02355,Thailand,2025-01-23,non_converter
C02356,Indonesia,2025-08-08,non_converter
C02357,Thailand,2025-09-04,non_converter
C02358,Indonesia,2025-07-15,converter
C02359,Indonesia,2025-12-23,non_converter
C02360,Indonesia,2025-08-06,non_converter
C02361,Thailand,2025-09-02,no_touchpoint
C02362,Indonesia,2025-02-12,no_touchpoint
C02363,Indonesia,2025-10-06,non_converter
C02364,Indonesia,2025-04-07,non_converter
C02365,Indonesia,2025-01-04,converter
C02366,Indonesia,2025-03-02,converter
C02367,Thailand,2025-07-12,no_touchpoint
C02368,Thailand,2025-12-19,no_touchpoint
C02369,Indonesia,2025-07-29,converter
C02370,Indonesia,2025-03-21,no_touchpoint
C02371,Indonesia,2025-10-27,converter
C02372,Indonesia,2025-10-02,converter
C02373,Thailand,2025-07-07,non_converter
C02374,Indonesia,2025-12-15,converter
C02375,Indonesia,2025-04-15,non_converter
C02376,Indonesia,2025-10-13,converter
C02377,Indonesia,2025-07-09,no_touchpoint
C02378,Indonesia,2025-09-05,non_converter
C02379,Indonesia,2025-06-07,converter
C02380,Indonesia,2025-12-28,converter
C02381,Singapore,2025-03-12,non_converter
C02382,Indonesia,2025-12-04,non_converter
C02383,Indonesia,2025-04-28,converter
C02384,Singapore,2025-12-25,converter
C02385,Indonesia,2025-02-21,converter
C02386,Thailand,2025-07-25,non_converter
C02387,Thailand,2025-10-09,non_converter
C02388,Thailand,2025-12-17,non_converter
C02389,Indonesia,2025-03-24,converter
C02390,Indonesia,2025-11-22,non_converter
C02391,Thailand,2025-02-16,converter
C02392,Singapore,2025-08-30,converter
C02393,Indonesia,2025-08-11,converter
C02394,Indonesia,2025-05-15,converter
C02395,Thailand,2025-02-10,non_converter
C02396,Singapore,2025-07-16,non_converter
C02397,Thailand,2025-07-25,non_converter
C02398,Indonesia,2025-09-24,non_converter
C02399,Indonesia,2025-11-02,no_touchpoint
C02400,Thailand,2025-03-31,converter
C02401,Indonesia,2025-08-13,converter
C02402,Singapore,2025-12-03,converter
C02403,Indonesia,2025-09-23,non_converter
C02404,Thailand,2025-01-18,converter
C02405,Indonesia,2025-09-19,non_converter
C02406,Thailand,2025-04-29,no_touchpoint
C02407,Indonesia,2025-12-12,no_touchpoint
C02408,Thailand,2025-05-03,converter
C02409,Indonesia,2025-03-22,converter
C02410,Thailand,2025-05-22,no_touchpoint
C02411,Thailand,2025-06-30,no_touchpoint
C02412,Indonesia,2025-07-27,converter
C02413,Indonesia,2025-09-23,non_converter
C02414,Indonesia,2025-12-27,converter
C02415,Indonesia,2025-02-16,non_converter
C02416,Singapore,2025-10-14,non_converter
C02417,Indonesia,2025-06-28,non_converter
C02418,Indonesia,2025-05-22,non_converter
C02419,Indonesia,2025-04-10,converter
C02420,Indonesia,2025-07-26,converter
C02421,Indonesia,2025-05-14,non_converter
C02422,Indonesia,2025-09-17,converter
C02423,Indonesia,2025-02-07,no_touchpoint
C02424,Singapore,2025-06-24,non_converter
C02425,Singapore,2025-09-20,converter
C02426,Thailand,2025-10-03,no_touchpoint
C02427,Indonesia,2025-10-22,non_converter
C02428,Singapore,2025-08-15,non_converter
C02429,Indonesia,2025-10-16,non_converter
C02430,Thailand,2025-05-05,non_converter
C02431,Thailand,2025-08-23,no_touchpoint
C02432,Singapore,2025-10-28,non_converter
C02433,Indonesia,2025-09-04,converter
C02434,Indonesia,2025-02-04,non_converter
C02435,Thailand,2025-04-23,non_converter
C02436,Thailand,2025-04-28,non_converter
C02437,Singapore,2025-07-31,converter
C02438,Indonesia,2025-09-22,converter
C02439,Thailand,2025-12-25,non_converter
C02440,Indonesia,2025-05-08,no_touchpoint
C02441,Thailand,2025-07-24,no_touchpoint
C02442,Indonesia,2025-06-25,no_touchpoint
C02443,Indonesia,2025-04-02,no_touchpoint
C02444,Indonesia,2025-07-01,converter
C02445,Indonesia,2025-10-21,converter
C02446,Singapore,2025-12-16,converter
C02447,Indonesia,2025-04-08,converter
C02448,Indonesia,2025-04-13,non_converter
C02449,Singapore,2025-05-04,no_touchpoint
C02450,Indonesia,2025-04-16,non_converter
C02451,Thailand,2025-05-08,converter
C02452,Indonesia,2025-07-02,converter
C02453,Indonesia,2025-02-24,non_converter
C02454,Thailand,2025-02-10,non_converter
C02455,Indonesia,2025-12-06,converter
C02456,Thailand,2025-01-04,converter
C02457,Singapore,2025-10-05,no_touchpoint
C02458,Indonesia,2025-09-04,converter
C02459,Indonesia,2025-06-11,no_touchpoint
C02460,Singapore,2025-10-22,non_converter
C02461,Indonesia,2025-09-09,non_converter
C02462,Indonesia,2025-09-19,no_touchpoint
C02463,Thailand,2025-04-24,non_converter
C02464,Indonesia,2025-03-07,non_converter
C02465,Indonesia,2025-08-05,no_touchpoint
C02466,Indonesia,2025-10-04,non_converter
C02467,Indonesia,2025-06-27,converter
C02468,Thailand,2025-12-18,non_converter
C02469,Singapore,2025-08-23,no_touchpoint
C02470,Indonesia,2025-12-24,non_converter
C02471,Thailand,2025-06-11,converter
C02472,Thailand,2025-01-07,non_converter
C02473,Indonesia,2025-07-14,converter
C02474,Indonesia,2025-06-16,no_touchpoint
C02475,Indonesia,2025-05-13,non_converter
C02476,Indonesia,2025-05-15,no_touchpoint
C02477,Singapore,2025-08-30,no_touchpoint
C02478,Indonesia,2025-06-25,converter
C02479,Indonesia,2025-09-13,converter
C02480,Thailand,2025-08-03,non_converter
C02481,Indonesia,2025-07-10,non_converter
C02482,Indonesia,2025-07-25,non_converter
C02483,Indonesia,2025-04-03,converter
C02484,Thailand,2025-10-22,converter
C02485,Thailand,2025-02-21,non_converter
C02486,Indonesia,2025-05-01,converter
C02487,Indonesia,2025-07-15,converter
C02488,Indonesia,2025-03-18,non_converter
C02489,Indonesia,2025-01-05,no_touchpoint
C02490,Indonesia,2025-09-13,converter
C02491,Indonesia,2025-11-19,converter
C02492,Thailand,2025-06-11,no_touchpoint
C02493,Indonesia,2025-06-03,no_touchpoint
C02494,Indonesia,2025-10-18,non_converter
C02495,Thailand,2025-02-20,no_touchpoint
C02496,Indonesia,2025-01-31,no_touchpoint
C02497,Indonesia,2025-05-11,non_converter
C02498,Indonesia,2025-11-19,no_touchpoint
C02499,Indonesia,2025-06-21,no_touchpoint
C02500,Indonesia,2025-07-04,non_converter
C02501,Indonesia,2025-05-12,non_converter
C02502,Indonesia,2025-07-30,non_converter
C02503,Singapore,2025-12-14,no_touchpoint
C02504,Indonesia,2025-04-12,converter
C02505,Thailand,2025-11-29,converter
C02506,Singapore,2025-03-31,no_touchpoint
C02507,Indonesia,2025-05-26,converter
C02508,Indonesia,2025-12-11,no_touchpoint
C02509,Singapore,2025-08-17,converter
C02510,Thailand,2025-07-15,converter
C02511,Thailand,2025-08-26,non_converter
C02512,Singapore,2025-03-16,non_converter
C02513,Thailand,2025-11-24,no_touchpoint
C02514,Indonesia,2025-06-22,converter
C02515,Indonesia,2025-11-10,non_converter
C02516,Indonesia,2025-02-06,non_converter
C02517,Indonesia,2025-06-25,non_converter
C02518,Thailand,2025-06-12,non_converter
C02519,Indonesia,2025-12-30,non_converter
C02520,Indonesia,2025-11-27,converter
C02521,Thailand,2025-08-16,non_converter
C02522,Thailand,2025-07-05,converter
C02523,Singapore,2025-09-24,converter
C02524,Indonesia,2025-07-31,converter
C02525,Indonesia,2025-01-12,converter
C02526,Thailand,2025-05-01,non_converter
C02527,Thailand,2025-12-25,converter
C02528,Indonesia,2025-04-18,converter
C02529,Indonesia,2025-02-22,non_converter
C02530,Indonesia,2025-08-31,no_touchpoint
C02531,Thailand,2025-01-14,no_touchpoint
C02532,Thailand,2025-09-26,non_converter
C02533,Indonesia,2025-02-12,converter
C02534,Indonesia,2025-11-13,converter
C02535,Singapore,2025-12-02,non_converter
C02536,Indonesia,2025-07-19,converter
C02537,Thailand,2025-05-07,no_touchpoint
C02538,Thailand,2025-08-15,non_converter
C02539,Indonesia,2025-03-09,non_converter
C02540,Indonesia,2025-03-29,no_touchpoint
C02541,Indonesia,2025-12-06,non_converter
C02542,Singapore,2025-06-16,converter
C02543,Singapore,2025-08-28,non_converter
C02544,Singapore,2025-10-04,non_converter
C02545,Indonesia,2025-10-08,converter
C02546,Indonesia,2025-12-24,non_converter
C02547,Indonesia,2025-10-30,no_touchpoint
C02548,Thailand,2025-11-20,non_converter
C02549,Indonesia,2025-10-16,non_converter
C02550,Thailand,2025-11-24,non_converter
C02551,Singapore,2025-06-08,non_converter
C02552,Indonesia,2025-09-04,non_converter
C02553,Indonesia,2025-02-15,no_touchpoint
C02554,Indonesia,2025-07-07,converter
C02555,Indonesia,2025-03-21,converter
C02556,Indonesia,2025-01-01,converter
C02557,Indonesia,2025-03-11,no_touchpoint
C02558,Indonesia,2025-08-29,non_converter
C02559,Singapore,2025-12-19,converter
C02560,Indonesia,2025-09-02,non_converter
C02561,Thailand,2025-08-09,converter
C02562,Indonesia,2025-11-02,non_converter
C02563,Indonesia,2025-01-04,converter
C02564,Indonesia,2025-04-07,converter
C02565,Indonesia,2025-10-15,non_converter
C02566,Indonesia,2025-05-08,non_converter
C02567,Indonesia,2025-11-27,converter
C02568,Indonesia,2025-07-13,non_converter
C02569,Indonesia,2025-02-10,no_touchpoint
C02570,Indonesia,2025-05-03,no_touchpoint
C02571,Thailand,2025-11-10,converter
C02572,Indonesia,2025-12-17,converter
C02573,Thailand,2025-11-29,non_converter
C02574,Indonesia,2025-05-18,non_converter
C02575,Indonesia,2025-02-05,converter
C02576,Indonesia,2025-05-29,converter
C02577,Thailand,2025-08-22,non_converter
C02578,Thailand,2025-05-20,converter
C02579,Indonesia,2025-09-09,non_converter
C02580,Indonesia,2025-01-10,non_converter
C02581,Indonesia,2025-10-01,non_converter
C02582,Indonesia,2025-02-22,converter
C02583,Thailand,2025-03-06,converter
C02584,Indonesia,2025-01-05,non_converter
C02585,Indonesia,2025-03-19,non_converter
C02586,Indonesia,2025-04-22,non_converter
C02587,Thailand,2025-06-09,no_touchpoint
C02588,Singapore,2025-09-13,converter
C02589,Thailand,2025-08-26,no_touchpoint
C02590,Indonesia,2025-01-17,non_converter
C02591,Indonesia,2025-03-16,non_converter
C02592,Indonesia,2025-07-20,non_converter
C02593,Indonesia,2025-08-29,non_converter
C02594,Thailand,2025-05-09,no_touchpoint
C02595,Indonesia,2025-01-07,non_converter
C02596,Indonesia,2025-05-08,converter
C02597,Indonesia,2025-08-15,converter
C02598,Indonesia,2025-01-18,non_converter
C02599,Indonesia,2025-02-18,non_converter
C02600,Indonesia,2025-04-17,non_converter
C02601,Singapore,2025-12-15,converter
C02602,Indonesia,2025-06-15,non_converter
C02603,Thailand,2025-01-22,no_touchpoint
C02604,Indonesia,2025-10-09,no_touchpoint
C02605,Indonesia,2025-05-10,no_touchpoint
C02606,Indonesia,2025-06-02,converter
C02607,Singapore,2025-01-27,non_converter
C02608,Singapore,2025-04-22,non_converter
C02609,Thailand,2025-05-01,converter
C02610,Indonesia,2025-06-16,non_converter
C02611,Indonesia,2025-05-22,non_converter
C02612,Thailand,2025-07-22,non_converter
C02613,Singapore,2025-01-05,no_touchpoint
C02614,Thailand,2025-10-25,converter
C02615,Thailand,2025-09-01,converter
C02616,Indonesia,2025-03-21,non_converter
C02617,Indonesia,2025-02-15,non_converter
C02618,Indonesia,2025-09-13,converter
C02619,Indonesia,2025-11-13,converter
C02620,Indonesia,2025-11-17,no_touchpoint
C02621,Thailand,2025-07-02,converter
C02622,Indonesia,2025-12-26,non_converter
C02623,Indonesia,2025-02-24,no_touchpoint
C02624,Indonesia,2025-04-30,non_converter
C02625,Thailand,2025-10-13,non_converter
C02626,Thailand,2025-06-27,non_converter
C02627,Thailand,2025-08-13,no_touchpoint
C02628,Thailand,2025-01-11,converter
C02629,Thailand,2025-07-03,non_converter
C02630,Singapore,2025-05-09,non_converter
C02631,Thailand,2025-09-06,converter
C02632,Indonesia,2025-10-14,converter
C02633,Indonesia,2025-12-23,non_converter
C02634,Indonesia,2025-10-18,converter
C02635,Indonesia,2025-06-28,converter
C02636,Indonesia,2025-08-28,converter
C02637,Singapore,2025-11-03,non_converter
C02638,Indonesia,2025-10-11,non_converter
C02639,Indonesia,2025-09-29,converter
C02640,Thailand,2025-06-01,non_converter
C02641,Indonesia,2025-10-05,converter
C02642,Thailand,2025-01-01,non_converter
C02643,Indonesia,2025-09-17,converter
C02644,Singapore,2025-04-05,no_touchpoint
C02645,Singapore,2025-11-14,converter
C02646,Indonesia,2025-11-14,converter
C02647,Thailand,2025-02-02,converter
C02648,Thailand,2025-10-03,no_touchpoint
C02649,Indonesia,2025-04-08,no_touchpoint
C02650,Thailand,2025-09-12,converter
C02651,Thailand,2025-03-20,non_converter
C02652,Indonesia,2025-06-15,converter
C02653,Indonesia,2025-06-14,non_converter
C02654,Thailand,2025-09-25,converter
C02655,Thailand,2025-01-23,no_touchpoint
C02656,Indonesia,2025-03-08,converter
C02657,Indonesia,2025-01-17,no_touchpoint
C02658,Indonesia,2025-09-06,non_converter
C02659,Indonesia,2025-01-17,non_converter
C02660,Thailand,2025-07-18,converter
C02661,Thailand,2025-09-27,non_converter
C02662,Indonesia,2025-10-30,no_touchpoint
C02663,Indonesia,2025-07-07,converter
C02664,Indonesia,2025-02-06,non_converter
C02665,Thailand,2025-04-17,no_touchpoint
C02666,Indonesia,2025-02-10,converter
C02667,Indonesia,2025-11-24,converter
C02668,Thailand,2025-10-13,non_converter
C02669,Thailand,2025-08-01,converter
C02670,Indonesia,2025-12-29,non_converter
C02671,Indonesia,2025-11-12,no_touchpoint
C02672,Thailand,2025-01-21,converter
C02673,Indonesia,2025-06-05,no_touchpoint
C02674,Singapore,2025-04-21,non_converter
C02675,Indonesia,2025-02-19,converter
C02676,Indonesia,2025-04-29,non_converter
C02677,Indonesia,2025-04-08,converter
C02678,Indonesia,2025-12-03,no_touchpoint
C02679,Singapore,2025-11-17,no_touchpoint
C02680,Thailand,2025-10-13,non_converter
C02681,Thailand,2025-08-01,converter
C02682,Indonesia,2025-11-23,non_converter
C02683,Indonesia,2025-12-12,converter
C02684,Indonesia,2025-12-07,non_converter
C02685,Indonesia,2025-02-23,no_touchpoint
C02686,Indonesia,2025-04-03,no_touchpoint
C02687,Indonesia,2025-09-16,converter
C02688,Indonesia,2025-03-22,converter
C02689,Indonesia,2025-11-04,non_converter
C02690,Singapore,2025-06-30,non_converter
C02691,Singapore,2025-10-09,converter
C02692,Thailand,2025-06-16,non_converter
C02693,Thailand,2025-07-31,converter
C02694,Thailand,2025-08-09,no_touchpoint
C02695,Thailand,2025-06-15,non_converter
C02696,Indonesia,2025-10-16,non_converter
C02697,Thailand,2025-07-12,converter
C02698,Indonesia,2025-05-11,converter
C02699,Indonesia,2025-08-20,converter
C02700,Indonesia,2025-07-23,converter
C02701,Singapore,2025-01-18,non_converter
C02702,Indonesia,2025-11-02,converter
C02703,Singapore,2025-03-11,no_touchpoint
C02704,Indonesia,2025-06-04,non_converter
C02705,Indonesia,2025-04-24,no_touchpoint
C02706,Indonesia,2025-06-11,non_converter
C02707,Thailand,2025-12-20,converter
C02708,Indonesia,2025-10-11,non_converter
C02709,Singapore,2025-10-20,converter
C02710,Indonesia,2025-03-21,non_converter
C02711,Indonesia,2025-08-24,non_converter
C02712,Indonesia,2025-03-12,no_touchpoint
C02713,Indonesia,2025-10-26,no_touchpoint
C02714,Thailand,2025-05-12,non_converter
C02715,Indonesia,2025-02-17,non_converter
C02716,Singapore,2025-10-19,non_converter
C02717,Thailand,2025-02-09,non_converter
C02718,Indonesia,2025-09-05,converter
C02719,Thailand,2025-12-20,no_touchpoint
C02720,Indonesia,2025-02-18,converter
C02721,Indonesia,2025-06-03,non_converter
C02722,Indonesia,2025-10-23,converter
C02723,Singapore,2025-01-29,converter
C02724,Indonesia,2025-06-21,non_converter
C02725,Indonesia,2025-08-11,no_touchpoint
C02726,Singapore,2025-03-03,no_touchpoint
C02727,Thailand,2025-04-27,non_converter
C02728,Singapore,2025-11-05,converter
C02729,Thailand,2025-11-21,converter
C02730,Indonesia,2025-07-15,non_converter
C02731,Indonesia,2025-09-26,converter
C02732,Indonesia,2025-10-04,no_touchpoint
C02733,Indonesia,2025-06-17,no_touchpoint
C02734,Indonesia,2025-04-24,converter
C02735,Thailand,2025-12-11,no_touchpoint
C02736,Singapore,2025-07-21,non_converter
C02737,Indonesia,2025-11-01,converter
C02738,Indonesia,2025-02-16,no_touchpoint
C02739,Thailand,2025-05-29,converter
C02740,Indonesia,2025-03-17,converter
C02741,Indonesia,2025-02-12,converter
C02742,Indonesia,2025-01-26,non_converter
C02743,Indonesia,2025-05-15,converter
C02744,Indonesia,2025-09-14,non_converter
C02745,Indonesia,2025-12-24,non_converter
C02746,Indonesia,2025-03-11,no_touchpoint
C02747,Indonesia,2025-04-12,no_touchpoint
C02748,Indonesia,2025-11-30,non_converter
C02749,Thailand,2025-10-15,non_converter
C02750,Indonesia,2025-09-26,non_converter
C02751,Indonesia,2025-02-06,non_converter
C02752,Indonesia,2025-08-09,converter
C02753,Indonesia,2025-10-22,converter
C02754,Indonesia,2025-12-10,no_touchpoint
C02755,Indonesia,2025-07-07,converter
C02756,Indonesia,2025-06-14,non_converter
C02757,Indonesia,2025-12-02,converter
C02758,Indonesia,2025-06-06,converter
C02759,Thailand,2025-06-29,non_converter
C02760,Thailand,2025-08-15,non_converter
C02761,Indonesia,2025-08-14,converter
C02762,Indonesia,2025-04-30,non_converter
C02763,Indonesia,2025-07-11,no_touchpoint
C02764,Indonesia,2025-02-13,converter
C02765,Indonesia,2025-01-28,converter
C02766,Singapore,2025-11-14,non_converter
C02767,Indonesia,2025-05-28,converter
C02768,Thailand,2025-12-22,no_touchpoint
C02769,Indonesia,2025-06-06,converter
C02770,Indonesia,2025-01-12,converter
C02771,Indonesia,2025-10-03,no_touchpoint
C02772,Indonesia,2025-10-07,converter
C02773,Indonesia,2025-05-13,non_converter
C02774,Thailand,2025-11-15,no_touchpoint
C02775,Thailand,2025-03-14,converter
C02776,Indonesia,2025-12-09,non_converter
C02777,Singapore,2025-10-26,converter
C02778,Indonesia,2025-09-27,non_converter
C02779,Indonesia,2025-03-29,converter
C02780,Thailand,2025-04-13,non_converter
C02781,Indonesia,2025-11-13,converter
C02782,Thailand,2025-08-27,no_touchpoint
C02783,Indonesia,2025-01-05,converter
C02784,Indonesia,2025-12-05,converter
C02785,Indonesia,2025-12-04,non_converter
C02786,Indonesia,2025-02-25,non_converter
C02787,Indonesia,2025-11-29,converter
C02788,Indonesia,2025-07-14,non_converter
C02789,Indonesia,2025-12-30,converter
C02790,Indonesia,2025-06-11,converter
C02791,Indonesia,2025-11-02,non_converter
C02792,Indonesia,2025-04-06,converter
C02793,Indonesia,2025-08-23,converter
C02794,Indonesia,2025-12-31,no_touchpoint
C02795,Singapore,2025-05-07,non_converter
C02796,Indonesia,2025-06-06,converter
C02797,Thailand,2025-07-21,converter
C02798,Indonesia,2025-01-10,converter
C02799,Indonesia,2025-06-30,converter
C02800,Indonesia,2025-06-04,non_converter
C02801,Indonesia,2025-09-14,no_touchpoint
C02802,Thailand,2025-02-01,converter
C02803,Singapore,2025-07-18,non_converter
C02804,Singapore,2025-01-16,non_converter
C02805,Indonesia,2025-05-24,converter
C02806,Singapore,2025-06-24,converter
C02807,Indonesia,2025-12-03,non_converter
C02808,Indonesia,2025-07-15,converter
C02809,Thailand,2025-12-14,converter
C02810,Thailand,2025-11-17,no_touchpoint
C02811,Indonesia,2025-08-02,converter
C02812,Indonesia,2025-03-20,converter
C02813,Singapore,2025-06-09,converter
C02814,Indonesia,2025-06-18,non_converter
C02815,Indonesia,2025-03-09,converter
C02816,Indonesia,2025-03-12,non_converter
C02817,Thailand,2025-12-17,non_converter
C02818,Indonesia,2025-03-12,converter
C02819,Singapore,2025-12-28,non_converter
C02820,Indonesia,2025-03-11,non_converter
C02821,Thailand,2025-03-16,no_touchpoint
C02822,Singapore,2025-10-17,converter
C02823,Indonesia,2025-06-12,converter
C02824,Singapore,2025-09-30,non_converter
C02825,Indonesia,2025-03-02,converter
C02826,Thailand,2025-03-16,converter
C02827,Singapore,2025-06-13,non_converter
C02828,Singapore,2025-07-31,non_converter
C02829,Indonesia,2025-06-05,no_touchpoint
C02830,Singapore,2025-11-23,non_converter
C02831,Indonesia,2025-05-21,no_touchpoint
C02832,Indonesia,2025-04-07,non_converter
C02833,Indonesia,2025-04-05,non_converter
C02834,Thailand,2025-11-10,converter
C02835,Indonesia,2025-11-07,non_converter
C02836,Indonesia,2025-04-29,non_converter
C02837,Thailand,2025-04-29,non_converter
C02838,Indonesia,2025-07-03,converter
C02839,Indonesia,2025-09-02,non_converter
C02840,Indonesia,2025-11-06,converter
C02841,Indonesia,2025-11-29,converter
C02842,Indonesia,2025-07-18,converter
C02843,Indonesia,2025-03-12,non_converter
C02844,Indonesia,2025-04-26,non_converter
C02845,Singapore,2025-01-08,no_touchpoint
C02846,Indonesia,2025-07-31,non_converter
C02847,Singapore,2025-12-10,converter
C02848,Indonesia,2025-04-15,converter
C02849,Singapore,2025-08-13,non_converter
C02850,Thailand,2025-09-08,non_converter
C02851,Singapore,2025-08-23,non_converter
C02852,Indonesia,2025-08-07,converter
C02853,Thailand,2025-01-22,non_converter
C02854,Thailand,2025-07-14,converter
C02855,Thailand,2025-07-21,non_converter
C02856,Indonesia,2025-10-20,non_converter
C02857,Thailand,2025-09-26,converter
C02858,Thailand,2025-12-27,non_converter
C02859,Indonesia,2025-09-24,non_converter
C02860,Thailand,2025-08-22,non_converter
C02861,Singapore,2025-01-22,converter
C02862,Indonesia,2025-05-06,converter
C02863,Singapore,2025-07-22,no_touchpoint
C02864,Indonesia,2025-01-21,non_converter
C02865,Thailand,2025-09-22,no_touchpoint
C02866,Indonesia,2025-01-26,non_converter
C02867,Indonesia,2025-08-14,non_converter
C02868,Thailand,2025-06-05,converter
C02869,Indonesia,2025-05-27,no_touchpoint
C02870,Indonesia,2025-08-05,non_converter
C02871,Thailand,2025-01-28,converter
C02872,Indonesia,2025-03-14,non_converter
C02873,Indonesia,2025-11-27,no_touchpoint
C02874,Indonesia,2025-09-14,non_converter
C02875,Singapore,2025-10-27,no_touchpoint
C02876,Indonesia,2025-12-23,converter
C02877,Indonesia,2025-07-21,non_converter
C02878,Indonesia,2025-08-19,converter
C02879,Indonesia,2025-08-21,converter
C02880,Singapore,2025-12-31,non_converter
C02881,Indonesia,2025-08-21,non_converter
C02882,Thailand,2025-06-15,non_converter
C02883,Thailand,2025-12-31,no_touchpoint
C02884,Indonesia,2025-03-05,converter
C02885,Indonesia,2025-12-28,non_converter
C02886,Indonesia,2025-07-05,converter
C02887,Indonesia,2025-12-29,converter
C02888,Thailand,2025-09-19,converter
C02889,Indonesia,2025-03-23,non_converter
C02890,Indonesia,2025-07-14,non_converter
C02891,Singapore,2025-03-29,no_touchpoint
C02892,Singapore,2025-10-17,non_converter
C02893,Indonesia,2025-03-18,non_converter
C02894,Indonesia,2025-03-16,no_touchpoint
C02895,Indonesia,2025-12-31,non_converter
C02896,Indonesia,2025-06-07,converter
C02897,Indonesia,2025-08-17,non_converter
C02898,Indonesia,2025-04-03,non_converter
C02899,Singapore,2025-03-09,converter
C02900,Thailand,2025-01-02,converter
C02901,Indonesia,2025-05-10,non_converter
C02902,Singapore,2025-09-12,converter
C02903,Thailand,2025-10-06,converter
C02904,Singapore,2025-11-08,non_converter
C02905,Indonesia,2025-05-02,converter
C02906,Indonesia,2025-12-04,non_converter
C02907,Indonesia,2025-07-29,non_converter
C02908,Thailand,2025-11-04,non_converter
C02909,Singapore,2025-05-06,non_converter
C02910,Thailand,2025-05-23,no_touchpoint
C02911,Thailand,2025-10-13,no_touchpoint
C02912,Indonesia,2025-04-17,non_converter
C02913,Indonesia,2025-03-17,converter
C02914,Indonesia,2025-06-28,converter
C02915,Thailand,2025-01-17,non_converter
C02916,Indonesia,2025-11-05,non_converter
C02917,Indonesia,2025-02-14,non_converter
C02918,Singapore,2025-08-02,no_touchpoint
C02919,Thailand,2025-03-24,no_touchpoint
C02920,Thailand,2025-11-09,non_converter
C02921,Indonesia,2025-12-25,non_converter
C02922,Indonesia,2025-10-15,converter
C02923,Thailand,2025-08-22,non_converter
C02924,Singapore,2025-07-04,non_converter
C02925,Thailand,2025-02-17,converter
C02926,Indonesia,2025-06-15,converter
C02927,Thailand,2025-07-14,no_touchpoint
C02928,Thailand,2025-08-07,non_converter
C02929,Indonesia,2025-02-03,non_converter
C02930,Indonesia,2025-03-10,no_touchpoint
C02931,Indonesia,2025-05-21,non_converter
C02932,Indonesia,2025-07-31,non_converter
C02933,Indonesia,2025-12-23,no_touchpoint
C02934,Indonesia,2025-01-30,converter
C02935,Indonesia,2025-11-19,non_converter
C02936,Indonesia,2025-02-14,non_converter
C02937,Thailand,2025-12-19,non_converter
C02938,Indonesia,2025-12-28,no_touchpoint
C02939,Thailand,2025-11-08,converter
C02940,Indonesia,2025-05-13,non_converter
C02941,Indonesia,2025-11-16,non_converter
C02942,Thailand,2025-03-08,converter
C02943,Indonesia,2025-09-12,converter
C02944,Indonesia,2025-11-20,non_converter
C02945,Singapore,2025-04-03,non_converter
C02946,Thailand,2025-04-30,no_touchpoint
C02947,Indonesia,2025-04-10,non_converter
C02948,Indonesia,2025-01-13,non_converter
C02949,Thailand,2025-03-02,non_converter
C02950,Thailand,2025-04-17,converter
C02951,Indonesia,2025-08-01,converter
C02952,Indonesia,2025-06-20,non_converter
C02953,Indonesia,2025-11-23,non_converter
C02954,Indonesia,2025-11-24,converter
C02955,Indonesia,2025-05-25,no_touchpoint
C02956,Indonesia,2025-02-04,non_converter
C02957,Indonesia,2025-09-17,converter
C02958,Indonesia,2025-01-04,non_converter
C02959,Indonesia,2025-06-20,non_converter
C02960,Thailand,2025-10-19,converter
C02961,Thailand,2025-01-15,no_touchpoint
C02962,Indonesia,2025-04-10,converter
C02963,Singapore,2025-06-23,converter
C02964,Singapore,2025-09-03,converter
C02965,Thailand,2025-01-19,non_converter
C02966,Indonesia,2025-09-04,non_converter
C02967,Singapore,2025-08-24,no_touchpoint
C02968,Singapore,2025-10-02,non_converter
C02969,Thailand,2025-08-25,converter
C02970,Singapore,2025-07-31,converter
C02971,Thailand,2025-01-29,non_converter
C02972,Indonesia,2025-06-03,non_converter
C02973,Indonesia,2025-12-14,converter
C02974,Indonesia,2025-10-02,converter
C02975,Thailand,2025-10-23,non_converter
C02976,Indonesia,2025-07-01,converter
C02977,Indonesia,2025-03-18,non_converter
C02978,Indonesia,2025-01-16,non_converter
C02979,Thailand,2025-07-12,no_touchpoint
C02980,Indonesia,2025-03-26,no_touchpoint
C02981,Indonesia,2025-07-19,converter
C02982,Singapore,2025-03-01,non_converter
C02983,Thailand,2025-06-07,non_converter
C02984,Thailand,2025-06-11,converter
C02985,Indonesia,2025-05-20,non_converter
C02986,Singapore,2025-09-12,converter
C02987,Indonesia,2025-07-10,non_converter
C02988,Indonesia,2025-06-04,non_converter
C02989,Indonesia,2025-06-04,non_converter
C02990,Thailand,2025-07-11,non_converter
C02991,Singapore,2025-04-14,no_touchpoint
C02992,Indonesia,2025-08-16,converter
C02993,Singapore,2025-09-05,no_touchpoint
C02994,Indonesia,2025-03-20,converter
C02995,Thailand,2025-09-05,non_converter
C02996,Indonesia,2025-09-26,no_touchpoint
C02997,Indonesia,2025-06-17,no_touchpoint
C02998,Thailand,2025-02-20,non_converter
C02999,Thailand,2025-09-22,non_converter
C03000,Indonesia,2025-03-09,converter
C03001,Indonesia,2025-01-19,non_converter
C03002,Indonesia,2025-09-25,non_converter
C03003,Singapore,2025-06-09,no_touchpoint
C03004,Thailand,2025-12-18,no_touchpoint
C03005,Indonesia,2025-02-14,converter
C03006,Indonesia,2025-01-24,no_touchpoint
C03007,Thailand,2025-12-04,no_touchpoint
C03008,Indonesia,2025-01-12,converter
C03009,Thailand,2025-06-09,converter
C03010,Indonesia,2025-04-18,converter
C03011,Indonesia,2025-04-09,converter
C03012,Indonesia,2025-09-30,non_converter
C03013,Thailand,2025-08-14,non_converter
C03014,Indonesia,2025-05-20,converter
C03015,Indonesia,2025-05-21,no_touchpoint
C03016,Indonesia,2025-11-15,no_touchpoint
C03017,Indonesia,2025-02-22,converter
C03018,Indonesia,2025-06-29,no_touchpoint
C03019,Indonesia,2025-05-19,converter
C03020,Thailand,2025-12-27,non_converter
C03021,Indonesia,2025-10-21,non_converter
C03022,Indonesia,2025-02-06,converter
C03023,Indonesia,2025-06-23,non_converter
C03024,Indonesia,2025-01-26,non_converter
C03025,Singapore,2025-08-30,no_touchpoint
C03026,Indonesia,2025-01-26,no_touchpoint
C03027,Indonesia,2025-01-28,no_touchpoint
C03028,Indonesia,2025-07-20,non_converter
C03029,Singapore,2025-11-02,non_converter
C03030,Thailand,2025-11-19,non_converter
C03031,Indonesia,2025-12-25,converter
C03032,Indonesia,2025-07-02,no_touchpoint
C03033,Thailand,2025-04-12,no_touchpoint
C03034,Thailand,2025-12-10,no_touchpoint
C03035,Singapore,2025-02-10,non_converter
C03036,Indonesia,2025-08-27,converter
C03037,Thailand,2025-02-17,non_converter
C03038,Indonesia,2025-12-24,non_converter
C03039,Indonesia,2025-08-22,no_touchpoint
C03040,Thailand,2025-11-26,converter
C03041,Indonesia,2025-08-27,non_converter
C03042,Indonesia,2025-04-25,converter
C03043,Indonesia,2025-11-12,non_converter
C03044,Indonesia,2025-07-06,converter
C03045,Singapore,2025-12-25,no_touchpoint
C03046,Thailand,2025-06-19,non_converter
C03047,Indonesia,2025-06-16,converter
C03048,Indonesia,2025-01-16,non_converter
C03049,Indonesia,2025-02-27,converter
C03050,Thailand,2025-08-25,converter
C03051,Thailand,2025-05-25,converter
C03052,Indonesia,2025-11-06,converter
C03053,Indonesia,2025-09-18,no_touchpoint
C03054,Indonesia,2025-02-24,converter
C03055,Indonesia,2025-11-29,non_converter
C03056,Indonesia,2025-06-04,converter
C03057,Indonesia,2025-07-25,converter
C03058,Thailand,2025-05-03,converter
C03059,Indonesia,2025-10-08,converter
C03060,Indonesia,2025-09-04,non_converter
C03061,Indonesia,2025-06-24,no_touchpoint
C03062,Indonesia,2025-12-22,no_touchpoint
C03063,Indonesia,2025-08-11,converter
C03064,Indonesia,2025-06-25,no_touchpoint
C03065,Indonesia,2025-05-01,converter
C03066,Indonesia,2025-12-09,non_converter
C03067,Indonesia,2025-12-31,non_converter
C03068,Indonesia,2025-09-07,no_touchpoint
C03069,Indonesia,2025-11-02,converter
C03070,Indonesia,2025-10-12,no_touchpoint
C03071,Indonesia,2025-08-16,non_converter
C03072,Indonesia,2025-07-27,non_converter
C03073,Thailand,2025-02-25,converter
C03074,Thailand,2025-11-02,converter
C03075,Indonesia,2025-07-14,no_touchpoint
C03076,Thailand,2025-11-27,non_converter
C03077,Indonesia,2025-02-16,non_converter
C03078,Singapore,2025-03-13,converter
C03079,Thailand,2025-11-22,converter
C03080,Thailand,2025-03-17,non_converter
C03081,Indonesia,2025-08-20,no_touchpoint
C03082,Thailand,2025-07-19,converter
C03083,Indonesia,2025-08-17,non_converter
C03084,Singapore,2025-12-15,non_converter
C03085,Indonesia,2025-06-03,converter
C03086,Indonesia,2025-12-14,non_converter
C03087,Thailand,2025-08-11,converter
C03088,Singapore,2025-06-26,non_converter
C03089,Indonesia,2025-10-26,non_converter
C03090,Indonesia,2025-09-19,no_touchpoint
C03091,Singapore,2025-03-07,converter
C03092,Indonesia,2025-02-01,converter
C03093,Singapore,2025-10-09,non_converter
C03094,Thailand,2025-01-01,non_converter
C03095,Indonesia,2025-07-03,no_touchpoint
C03096,Singapore,2025-05-25,converter
C03097,Indonesia,2025-05-01,no_touchpoint
C03098,Indonesia,2025-10-30,non_converter
C03099,Thailand,2025-06-12,non_converter
C03100,Indonesia,2025-07-27,no_touchpoint
C03101,Indonesia,2025-10-07,converter
C03102,Indonesia,2025-03-30,non_converter
C03103,Indonesia,2025-04-07,non_converter
C03104,Thailand,2025-07-04,no_touchpoint
C03105,Indonesia,2025-03-20,non_converter
C03106,Indonesia,2025-12-10,non_converter
C03107,Indonesia,2025-01-06,non_converter
C03108,Indonesia,2025-01-09,non_converter
C03109,Thailand,2025-09-07,no_touchpoint
C03110,Indonesia,2025-03-11,converter
C03111,Thailand,2025-11-25,non_converter
C03112,Singapore,2025-08-22,non_converter
C03113,Thailand,2025-12-23,converter
C03114,Thailand,2025-08-06,non_converter
C03115,Indonesia,2025-08-21,non_converter
C03116,Thailand,2025-10-10,converter
C03117,Indonesia,2025-07-16,non_converter
C03118,Indonesia,2025-04-06,no_touchpoint
C03119,Indonesia,2025-01-04,converter
C03120,Thailand,2025-05-02,non_converter
C03121,Indonesia,2025-05-18,non_converter
C03122,Indonesia,2025-10-07,non_converter
C03123,Singapore,2025-01-18,no_touchpoint
C03124,Indonesia,2025-10-18,converter
C03125,Indonesia,2025-07-08,converter
C03126,Singapore,2025-09-04,converter
C03127,Indonesia,2025-02-10,converter
C03128,Singapore,2025-09-27,no_touchpoint
C03129,Indonesia,2025-05-24,no_touchpoint
C03130,Indonesia,2025-02-10,no_touchpoint
C03131,Indonesia,2025-11-09,converter
C03132,Thailand,2025-08-30,no_touchpoint
C03133,Singapore,2025-12-06,converter
C03134,Thailand,2025-02-09,converter
C03135,Thailand,2025-10-04,non_converter
C03136,Thailand,2025-06-09,no_touchpoint
C03137,Indonesia,2025-06-25,converter
C03138,Indonesia,2025-01-06,converter
C03139,Singapore,2025-09-20,converter
C03140,Thailand,2025-10-21,converter
C03141,Indonesia,2025-08-04,converter
C03142,Indonesia,2025-05-31,non_converter
C03143,Thailand,2025-01-19,no_touchpoint
C03144,Thailand,2025-11-02,non_converter
C03145,Indonesia,2025-10-16,non_converter
C03146,Indonesia,2025-11-19,no_touchpoint
C03147,Indonesia,2025-03-28,non_converter
C03148,Singapore,2025-12-03,converter
C03149,Indonesia,2025-11-16,non_converter
C03150,Indonesia,2025-09-06,no_touchpoint
C03151,Indonesia,2025-09-16,non_converter
C03152,Indonesia,2025-05-23,no_touchpoint
C03153,Indonesia,2025-11-12,no_touchpoint
C03154,Indonesia,2025-05-12,non_converter
C03155,Thailand,2025-02-27,no_touchpoint
C03156,Thailand,2025-10-30,converter
C03157,Indonesia,2025-12-04,converter
C03158,Indonesia,2025-03-31,converter
C03159,Indonesia,2025-12-25,non_converter
C03160,Thailand,2025-04-03,converter
C03161,Indonesia,2025-01-17,no_touchpoint
C03162,Singapore,2025-02-13,converter
C03163,Singapore,2025-11-01,non_converter
C03164,Thailand,2025-03-20,non_converter
C03165,Thailand,2025-07-31,non_converter
C03166,Thailand,2025-05-02,converter
C03167,Indonesia,2025-11-23,converter
C03168,Thailand,2025-10-23,non_converter
C03169,Indonesia,2025-06-26,non_converter
C03170,Thailand,2025-05-16,non_converter
C03171,Indonesia,2025-03-01,non_converter
C03172,Indonesia,2025-08-26,non_converter
C03173,Indonesia,2025-06-04,converter
C03174,Indonesia,2025-09-30,non_converter
C03175,Thailand,2025-12-16,no_touchpoint
C03176,Indonesia,2025-08-31,converter
C03177,Singapore,2025-09-29,no_touchpoint
C03178,Indonesia,2025-01-07,no_touchpoint
C03179,Indonesia,2025-08-18,converter
C03180,Singapore,2025-06-11,non_converter
C03181,Singapore,2025-12-16,no_touchpoint
C03182,Singapore,2025-02-19,non_converter
C03183,Indonesia,2025-11-23,no_touchpoint
C03184,Thailand,2025-08-10,non_converter
C03185,Singapore,2025-11-30,non_converter
C03186,Indonesia,2025-06-21,converter
C03187,Indonesia,2025-02-20,non_converter
C03188,Indonesia,2025-10-27,non_converter
C03189,Thailand,2025-12-12,no_touchpoint
C03190,Indonesia,2025-12-11,converter
C03191,Indonesia,2025-04-10,converter
C03192,Thailand,2025-12-13,converter
C03193,Indonesia,2025-04-03,no_touchpoint
C03194,Thailand,2025-01-06,converter
C03195,Indonesia,2025-02-04,no_touchpoint
C03196,Indonesia,2025-02-20,converter
C03197,Indonesia,2025-12-17,converter
C03198,Thailand,2025-04-23,non_converter
C03199,Indonesia,2025-05-09,converter
C03200,Thailand,2025-01-13,non_converter
C03201,Singapore,2025-01-30,non_converter
C03202,Singapore,2025-12-03,converter
C03203,Singapore,2025-04-22,no_touchpoint
C03204,Indonesia,2025-11-23,non_converter
C03205,Indonesia,2025-03-03,non_converter
C03206,Indonesia,2025-11-06,no_touchpoint
C03207,Thailand,2025-12-03,non_converter
C03208,Indonesia,2025-11-28,non_converter
C03209,Singapore,2025-04-05,non_converter
C03210,Indonesia,2025-12-23,no_touchpoint
C03211,Indonesia,2025-05-31,converter
C03212,Thailand,2025-02-08,non_converter
C03213,Thailand,2025-05-22,non_converter
C03214,Singapore,2025-12-21,converter
C03215,Indonesia,2025-06-15,non_converter
C03216,Indonesia,2025-02-07,non_converter
C03217,Indonesia,2025-02-01,converter
C03218,Singapore,2025-06-20,non_converter
C03219,Singapore,2025-05-13,converter
C03220,Indonesia,2025-05-16,no_touchpoint
C03221,Indonesia,2025-02-05,no_touchpoint
C03222,Thailand,2025-04-13,non_converter
C03223,Thailand,2025-04-02,no_touchpoint
C03224,Indonesia,2025-02-25,non_converter
C03225,Indonesia,2025-08-09,non_converter
C03226,Indonesia,2025-11-26,non_converter
C03227,Thailand,2025-08-15,non_converter
C03228,Indonesia,2025-02-22,converter
C03229,Indonesia,2025-02-06,converter
C03230,Thailand,2025-05-09,non_converter
C03231,Singapore,2025-01-10,non_converter
C03232,Thailand,2025-03-18,converter
C03233,Singapore,2025-01-01,non_converter
C03234,Indonesia,2025-12-07,converter
C03235,Thailand,2025-03-19,non_converter
C03236,Indonesia,2025-07-20,no_touchpoint
C03237,Thailand,2025-09-21,converter
C03238,Indonesia,2025-09-09,converter
C03239,Thailand,2025-07-26,converter
C03240,Indonesia,2025-02-05,non_converter
C03241,Indonesia,2025-01-02,non_converter
C03242,Thailand,2025-12-19,converter
C03243,Indonesia,2025-09-04,no_touchpoint
C03244,Singapore,2025-10-02,non_converter
C03245,Indonesia,2025-07-03,no_touchpoint
C03246,Indonesia,2025-06-05,converter
C03247,Singapore,2025-11-20,non_converter
C03248,Indonesia,2025-11-28,non_converter
C03249,Singapore,2025-10-01,converter
C03250,Indonesia,2025-06-24,non_converter
C03251,Thailand,2025-08-24,no_touchpoint
C03252,Thailand,2025-05-29,converter
C03253,Indonesia,2025-04-01,no_touchpoint
C03254,Thailand,2025-07-16,converter
C03255,Thailand,2025-06-03,converter
C03256,Thailand,2025-02-24,non_converter
C03257,Indonesia,2025-07-03,non_converter
C03258,Indonesia,2025-11-20,non_converter
C03259,Indonesia,2025-04-08,converter
C03260,Indonesia,2025-04-09,no_touchpoint
C03261,Indonesia,2025-10-31,non_converter
C03262,Indonesia,2025-07-19,no_touchpoint
C03263,Thailand,2025-10-04,non_converter
C03264,Indonesia,2025-09-13,converter
C03265,Singapore,2025-08-19,non_converter
C03266,Indonesia,2025-01-09,non_converter
C03267,Indonesia,2025-01-29,converter
C03268,Indonesia,2025-01-22,non_converter
C03269,Thailand,2025-04-19,no_touchpoint
C03270,Indonesia,2025-12-08,non_converter
C03271,Singapore,2025-12-14,converter
C03272,Indonesia,2025-10-02,non_converter
C03273,Indonesia,2025-10-24,converter
C03274,Indonesia,2025-02-06,converter
C03275,Indonesia,2025-03-14,no_touchpoint
C03276,Indonesia,2025-01-10,no_touchpoint
C03277,Indonesia,2025-11-13,non_converter
C03278,Thailand,2025-12-26,converter
C03279,Indonesia,2025-01-08,non_converter
C03280,Singapore,2025-01-26,converter
C03281,Indonesia,2025-02-19,non_converter
C03282,Thailand,2025-03-29,converter
C03283,Thailand,2025-02-02,converter
C03284,Indonesia,2025-02-24,non_converter
C03285,Thailand,2025-11-01,converter
C03286,Indonesia,2025-04-23,converter
C03287,Indonesia,2025-04-14,non_converter
C03288,Indonesia,2025-12-14,non_converter
C03289,Singapore,2025-03-03,non_converter
C03290,Indonesia,2025-10-22,non_converter
C03291,Thailand,2025-06-14,non_converter
C03292,Thailand,2025-04-20,converter
C03293,Indonesia,2025-10-31,no_touchpoint
C03294,Indonesia,2025-02-02,non_converter
C03295,Thailand,2025-03-14,non_converter
C03296,Thailand,2025-03-28,no_touchpoint
C03297,Indonesia,2025-10-11,non_converter
C03298,Singapore,2025-05-05,non_converter
C03299,Indonesia,2025-01-21,non_converter
C03300,Thailand,2025-11-20,non_converter
C03301,Indonesia,2025-03-22,non_converter
C03302,Indonesia,2025-09-07,no_touchpoint
C03303,Indonesia,2025-01-04,non_converter
C03304,Thailand,2025-02-15,converter
C03305,Singapore,2025-10-31,converter
C03306,Thailand,2025-08-02,converter
C03307,Thailand,2025-09-01,non_converter
C03308,Indonesia,2025-04-16,converter
C03309,Indonesia,2025-05-19,non_converter
C03310,Indonesia,2025-07-30,non_converter
C03311,Thailand,2025-03-31,converter
C03312,Indonesia,2025-01-20,converter
C03313,Thailand,2025-09-13,non_converter
C03314,Thailand,2025-02-15,converter
C03315,Indonesia,2025-06-04,non_converter
C03316,Indonesia,2025-01-03,converter
C03317,Indonesia,2025-04-09,non_converter
C03318,Singapore,2025-09-29,non_converter
C03319,Indonesia,2025-11-13,converter
C03320,Indonesia,2025-10-04,no_touchpoint
C03321,Thailand,2025-08-26,converter
C03322,Indonesia,2025-12-04,no_touchpoint
C03323,Indonesia,2025-01-28,non_converter
C03324,Thailand,2025-03-18,non_converter
C03325,Indonesia,2025-08-31,no_touchpoint
C03326,Thailand,2025-03-23,non_converter
C03327,Indonesia,2025-01-23,no_touchpoint
C03328,Indonesia,2025-07-06,non_converter
C03329,Indonesia,2025-08-11,non_converter
C03330,Thailand,2025-11-12,converter
C03331,Indonesia,2025-08-21,converter
C03332,Singapore,2025-01-27,converter
C03333,Indonesia,2025-04-01,no_touchpoint
C03334,Indonesia,2025-01-15,non_converter
C03335,Indonesia,2025-03-01,no_touchpoint
C03336,Thailand,2025-05-01,no_touchpoint
C03337,Indonesia,2025-10-31,no_touchpoint
C03338,Indonesia,2025-08-03,non_converter
C03339,Singapore,2025-12-13,converter
C03340,Thailand,2025-04-28,non_converter
C03341,Indonesia,2025-06-16,non_converter
C03342,Thailand,2025-05-02,converter
C03343,Indonesia,2025-04-13,converter
C03344,Indonesia,2025-04-23,non_converter
C03345,Indonesia,2025-10-27,converter
C03346,Indonesia,2025-08-12,converter
C03347,Indonesia,2025-11-09,non_converter
C03348,Indonesia,2025-07-18,non_converter
C03349,Thailand,2025-08-23,no_touchpoint
C03350,Indonesia,2025-11-20,converter
C03351,Indonesia,2025-05-19,converter
C03352,Indonesia,2025-03-07,non_converter
C03353,Indonesia,2025-10-19,no_touchpoint
C03354,Indonesia,2025-03-11,converter
C03355,Indonesia,2025-08-27,converter
C03356,Thailand,2025-03-29,non_converter
C03357,Singapore,2025-04-23,non_converter
C03358,Indonesia,2025-11-06,non_converter
C03359,Singapore,2025-11-23,non_converter
C03360,Indonesia,2025-03-29,non_converter
C03361,Singapore,2025-10-11,converter
C03362,Indonesia,2025-02-14,non_converter
C03363,Indonesia,2025-09-25,converter
C03364,Indonesia,2025-04-21,non_converter
C03365,Indonesia,2025-08-25,converter
C03366,Thailand,2025-08-08,non_converter
C03367,Indonesia,2025-05-07,no_touchpoint
C03368,Indonesia,2025-08-11,non_converter
C03369,Singapore,2025-10-30,non_converter
C03370,Singapore,2025-10-21,converter
C03371,Singapore,2025-08-02,non_converter
C03372,Singapore,2025-01-21,converter
C03373,Indonesia,2025-09-16,converter
C03374,Indonesia,2025-09-29,non_converter
C03375,Thailand,2025-12-23,no_touchpoint
C03376,Indonesia,2025-08-20,no_touchpoint
C03377,Indonesia,2025-02-12,converter
C03378,Thailand,2025-01-07,non_converter
C03379,Singapore,2025-07-28,no_touchpoint
C03380,Indonesia,2025-03-09,non_converter
C03381,Thailand,2025-05-03,no_touchpoint
C03382,Indonesia,2025-02-16,converter
C03383,Indonesia,2025-12-09,no_touchpoint
C03384,Indonesia,2025-12-27,non_converter
C03385,Thailand,2025-10-20,non_converter
C03386,Singapore,2025-01-13,non_converter
C03387,Thailand,2025-08-26,non_converter
C03388,Indonesia,2025-12-27,no_touchpoint
C03389,Thailand,2025-07-09,non_converter
C03390,Thailand,2025-12-27,non_converter
C03391,Indonesia,2025-11-18,no_touchpoint
C03392,Indonesia,2025-12-20,non_converter
C03393,Indonesia,2025-01-17,non_converter
C03394,Thailand,2025-05-19,no_touchpoint
C03395,Indonesia,2025-11-10,no_touchpoint
C03396,Thailand,2025-04-17,converter
C03397,Thailand,2025-02-11,converter
C03398,Thailand,2025-06-21,no_touchpoint
C03399,Indonesia,2025-01-29,non_converter
C03400,Indonesia,2025-12-12,no_touchpoint
C03401,Indonesia,2025-01-27,non_converter
C03402,Indonesia,2025-07-07,non_converter
C03403,Indonesia,2025-01-21,converter
C03404,Thailand,2025-03-31,converter
C03405,Indonesia,2025-12-27,converter
C03406,Thailand,2025-12-30,no_touchpoint
C03407,Singapore,2025-03-12,converter
C03408,Indonesia,2025-05-03,converter
C03409,Indonesia,2025-11-29,non_converter
C03410,Singapore,2025-10-25,non_converter
C03411,Indonesia,2025-12-26,non_converter
C03412,Indonesia,2025-04-26,converter
C03413,Indonesia,2025-05-17,no_touchpoint
C03414,Indonesia,2025-08-05,non_converter
C03415,Indonesia,2025-02-02,non_converter
C03416,Indonesia,2025-08-20,no_touchpoint
C03417,Thailand,2025-09-27,non_converter
C03418,Thailand,2025-08-29,no_touchpoint
C03419,Thailand,2025-12-14,converter
C03420,Indonesia,2025-05-30,converter
C03421,Thailand,2025-07-08,converter
C03422,Thailand,2025-12-21,converter
C03423,Indonesia,2025-02-03,non_converter
C03424,Indonesia,2025-08-23,converter
C03425,Singapore,2025-07-20,no_touchpoint
C03426,Singapore,2025-05-28,non_converter
C03427,Indonesia,2025-02-09,no_touchpoint
C03428,Indonesia,2025-05-22,converter
C03429,Indonesia,2025-03-17,non_converter
C03430,Indonesia,2025-04-15,non_converter
C03431,Indonesia,2025-11-18,no_touchpoint
C03432,Singapore,2025-08-02,non_converter
C03433,Singapore,2025-10-05,no_touchpoint
C03434,Indonesia,2025-08-31,non_converter
C03435,Thailand,2025-08-16,no_touchpoint
C03436,Indonesia,2025-01-11,non_converter
C03437,Indonesia,2025-02-02,converter
C03438,Thailand,2025-04-29,non_converter
C03439,Thailand,2025-09-24,converter
C03440,Indonesia,2025-07-30,no_touchpoint
C03441,Thailand,2025-12-02,no_touchpoint
C03442,Indonesia,2025-06-17,non_converter
C03443,Thailand,2025-12-07,converter
C03444,Indonesia,2025-10-08,non_converter
C03445,Indonesia,2025-06-05,non_converter
C03446,Indonesia,2025-06-06,non_converter
C03447,Indonesia,2025-05-14,converter
C03448,Singapore,2025-07-10,no_touchpoint
C03449,Indonesia,2025-01-25,converter
C03450,Indonesia,2025-05-26,non_converter
C03451,Thailand,2025-03-27,non_converter
C03452,Thailand,2025-03-24,non_converter
C03453,Indonesia,2025-05-27,non_converter
C03454,Thailand,2025-03-31,no_touchpoint
C03455,Singapore,2025-12-21,non_converter
C03456,Indonesia,2025-03-20,non_converter
C03457,Indonesia,2025-03-01,no_touchpoint
C03458,Indonesia,2025-06-12,non_converter
C03459,Indonesia,2025-08-14,non_converter
C03460,Indonesia,2025-04-05,non_converter
C03461,Indonesia,2025-12-29,non_converter
C03462,Singapore,2025-06-12,converter
C03463,Indonesia,2025-03-17,converter
C03464,Singapore,2025-10-04,non_converter
C03465,Indonesia,2025-10-01,non_converter
C03466,Indonesia,2025-01-13,no_touchpoint
C03467,Thailand,2025-09-13,non_converter
C03468,Singapore,2025-08-23,no_touchpoint
C03469,Indonesia,2025-03-21,converter
C03470,Singapore,2025-10-07,non_converter
C03471,Thailand,2025-06-19,non_converter
C03472,Indonesia,2025-06-01,non_converter
C03473,Singapore,2025-05-29,converter
C03474,Thailand,2025-10-21,no_touchpoint
C03475,Thailand,2025-10-17,non_converter
C03476,Indonesia,2025-08-15,non_converter
C03477,Thailand,2025-02-27,non_converter
C03478,Indonesia,2025-01-21,converter
C03479,Indonesia,2025-10-10,converter
C03480,Indonesia,2025-01-13,non_converter
C03481,Indonesia,2025-04-23,non_converter
C03482,Indonesia,2025-02-17,non_converter
C03483,Thailand,2025-11-08,non_converter
C03484,Indonesia,2025-10-26,converter
C03485,Indonesia,2025-05-23,no_touchpoint
C03486,Indonesia,2025-02-12,converter
C03487,Thailand,2025-08-17,converter
C03488,Singapore,2025-02-14,non_converter
C03489,Indonesia,2025-07-21,non_converter
C03490,Thailand,2025-06-12,converter
C03491,Singapore,2025-09-19,no_touchpoint
C03492,Indonesia,2025-12-08,non_converter
C03493,Thailand,2025-03-17,no_touchpoint
C03494,Indonesia,2025-08-07,converter
C03495,Indonesia,2025-07-10,no_touchpoint
C03496,Indonesia,2025-06-26,non_converter
C03497,Singapore,2025-08-17,converter
C03498,Indonesia,2025-02-14,non_converter
C03499,Thailand,2025-08-16,converter
C03500,Thailand,2025-08-01,converter
C03501,Indonesia,2025-05-28,no_touchpoint
C03502,Thailand,2025-08-06,non_converter
C03503,Indonesia,2025-08-01,non_converter
C03504,Indonesia,2025-10-28,non_converter
C03505,Indonesia,2025-03-15,converter
C03506,Singapore,2025-09-01,non_converter
C03507,Singapore,2025-09-26,converter
C03508,Singapore,2025-02-03,no_touchpoint
C03509,Thailand,2025-10-30,non_converter
C03510,Indonesia,2025-02-15,non_converter
C03511,Singapore,2025-11-24,non_converter
C03512,Indonesia,2025-08-01,non_converter
C03513,Thailand,2025-08-25,no_touchpoint
C03514,Indonesia,2025-03-12,converter
C03515,Indonesia,2025-07-15,non_converter
C03516,Indonesia,2025-09-09,non_converter
C03517,Thailand,2025-06-04,non_converter
C03518,Indonesia,2025-06-05,non_converter
C03519,Indonesia,2025-08-26,non_converter
C03520,Indonesia,2025-01-02,non_converter
C03521,Singapore,2025-06-03,converter
C03522,Indonesia,2025-11-22,non_converter
C03523,Thailand,2025-12-01,converter
C03524,Indonesia,2025-05-28,non_converter
C03525,Singapore,2025-09-09,non_converter
C03526,Indonesia,2025-11-27,converter
C03527,Thailand,2025-03-03,non_converter
C03528,Singapore,2025-09-10,non_converter
C03529,Indonesia,2025-02-04,non_converter
C03530,Indonesia,2025-07-05,non_converter
C03531,Indonesia,2025-10-17,non_converter
C03532,Thailand,2025-05-13,non_converter
C03533,Singapore,2025-09-01,non_converter
C03534,Indonesia,2025-03-03,converter
C03535,Indonesia,2025-10-22,converter
C03536,Indonesia,2025-05-13,converter
C03537,Indonesia,2025-01-30,non_converter
C03538,Singapore,2025-08-25,non_converter
C03539,Indonesia,2025-03-11,non_converter
C03540,Indonesia,2025-01-28,converter
C03541,Thailand,2025-08-03,non_converter
C03542,Indonesia,2025-07-02,non_converter
C03543,Indonesia,2025-05-30,non_converter
C03544,Indonesia,2025-02-09,converter
C03545,Indonesia,2025-11-18,converter
C03546,Indonesia,2025-02-18,no_touchpoint
C03547,Indonesia,2025-03-27,converter
C03548,Thailand,2025-06-11,converter
C03549,Thailand,2025-12-17,no_touchpoint
C03550,Thailand,2025-05-19,non_converter
C03551,Indonesia,2025-12-19,non_converter
C03552,Indonesia,2025-10-01,non_converter
C03553,Indonesia,2025-03-15,no_touchpoint
C03554,Indonesia,2025-09-23,no_touchpoint
C03555,Indonesia,2025-09-06,non_converter
C03556,Indonesia,2025-03-25,converter
C03557,Indonesia,2025-03-21,no_touchpoint
C03558,Thailand,2025-04-07,converter
C03559,Thailand,2025-10-14,no_touchpoint
C03560,Thailand,2025-09-27,non_converter
C03561,Indonesia,2025-12-31,non_converter
C03562,Indonesia,2025-02-28,converter
C03563,Indonesia,2025-02-09,non_converter
C03564,Singapore,2025-03-09,converter
C03565,Indonesia,2025-09-03,non_converter
C03566,Indonesia,2025-12-20,non_converter
C03567,Singapore,2025-08-15,non_converter
C03568,Indonesia,2025-11-02,non_converter
C03569,Indonesia,2025-06-25,converter
C03570,Indonesia,2025-06-05,no_touchpoint
C03571,Indonesia,2025-03-02,converter
C03572,Indonesia,2025-12-22,non_converter
C03573,Indonesia,2025-04-27,non_converter
C03574,Indonesia,2025-04-18,non_converter
C03575,Indonesia,2025-02-10,non_converter
C03576,Indonesia,2025-02-27,non_converter
C03577,Thailand,2025-09-05,non_converter
C03578,Indonesia,2025-01-22,non_converter
C03579,Thailand,2025-01-17,non_converter
C03580,Indonesia,2025-09-20,converter
C03581,Indonesia,2025-08-29,no_touchpoint
C03582,Indonesia,2025-05-10,non_converter
C03583,Thailand,2025-06-04,converter
C03584,Thailand,2025-02-19,converter
C03585,Indonesia,2025-11-05,no_touchpoint
C03586,Indonesia,2025-04-13,converter
C03587,Indonesia,2025-06-29,no_touchpoint
C03588,Thailand,2025-03-16,no_touchpoint
C03589,Singapore,2025-05-23,non_converter
C03590,Indonesia,2025-06-28,converter
C03591,Thailand,2025-09-14,converter
C03592,Indonesia,2025-11-10,non_converter
C03593,Indonesia,2025-10-19,converter
C03594,Thailand,2025-10-24,non_converter
C03595,Indonesia,2025-09-28,converter
C03596,Singapore,2025-04-09,non_converter
C03597,Singapore,2025-03-29,non_converter
C03598,Indonesia,2025-10-03,non_converter
C03599,Singapore,2025-02-20,non_converter
C03600,Singapore,2025-09-16,converter
C03601,Indonesia,2025-09-01,converter
C03602,Indonesia,2025-10-29,converter
C03603,Singapore,2025-12-11,no_touchpoint
C03604,Thailand,2025-04-03,non_converter
C03605,Indonesia,2025-07-14,non_converter
C03606,Indonesia,2025-09-21,non_converter
C03607,Thailand,2025-02-27,non_converter
C03608,Indonesia,2025-06-10,converter
C03609,Indonesia,2025-02-26,converter
C03610,Thailand,2025-09-11,converter
C03611,Indonesia,2025-12-27,converter
C03612,Indonesia,2025-01-21,non_converter
C03613,Indonesia,2025-09-10,non_converter
C03614,Indonesia,2025-05-26,non_converter
C03615,Thailand,2025-06-09,converter
C03616,Indonesia,2025-08-16,non_converter
C03617,Indonesia,2025-07-28,converter
C03618,Indonesia,2025-08-08,non_converter
C03619,Singapore,2025-02-05,no_touchpoint
C03620,Singapore,2025-09-01,converter
C03621,Indonesia,2025-07-08,non_converter
C03622,Indonesia,2025-12-12,no_touchpoint
C03623,Indonesia,2025-02-23,converter
C03624,Thailand,2025-09-25,converter
C03625,Indonesia,2025-02-13,no_touchpoint
C03626,Indonesia,2025-07-22,non_converter
C03627,Singapore,2025-10-30,non_converter
C03628,Indonesia,2025-03-28,converter
C03629,Indonesia,2025-04-12,converter
C03630,Thailand,2025-11-01,non_converter
C03631,Indonesia,2025-07-26,non_converter
C03632,Thailand,2025-08-06,converter
C03633,Thailand,2025-05-23,no_touchpoint
C03634,Indonesia,2025-10-25,non_converter
C03635,Singapore,2025-11-26,no_touchpoint
C03636,Indonesia,2025-07-02,no_touchpoint
C03637,Singapore,2025-11-05,no_touchpoint
C03638,Indonesia,2025-09-06,converter
C03639,Thailand,2025-03-17,non_converter
C03640,Indonesia,2025-02-25,converter
C03641,Indonesia,2025-09-08,converter
C03642,Singapore,2025-11-18,no_touchpoint
C03643,Indonesia,2025-01-16,no_touchpoint
C03644,Thailand,2025-01-28,converter
C03645,Thailand,2025-09-13,non_converter
C03646,Indonesia,2025-04-02,converter
C03647,Indonesia,2025-12-14,non_converter
C03648,Thailand,2025-06-05,non_converter
C03649,Thailand,2025-02-19,converter
C03650,Thailand,2025-12-05,non_converter
C03651,Thailand,2025-09-10,non_converter
C03652,Indonesia,2025-04-14,no_touchpoint
C03653,Indonesia,2025-09-12,no_touchpoint
C03654,Indonesia,2025-05-14,no_touchpoint
C03655,Indonesia,2025-10-04,converter
C03656,Singapore,2025-01-17,converter
C03657,Indonesia,2025-03-02,converter
C03658,Singapore,2025-06-11,converter
C03659,Indonesia,2025-08-15,non_converter
C03660,Indonesia,2025-01-17,no_touchpoint
C03661,Singapore,2025-12-04,converter
C03662,Singapore,2025-06-05,converter
C03663,Indonesia,2025-03-26,non_converter
C03664,Indonesia,2025-03-10,converter
C03665,Indonesia,2025-07-19,non_converter
C03666,Indonesia,2025-02-26,non_converter
C03667,Thailand,2025-09-09,non_converter
C03668,Indonesia,2025-12-17,non_converter
C03669,Indonesia,2025-08-29,no_touchpoint
C03670,Indonesia,2025-03-22,converter
C03671,Indonesia,2025-07-20,non_converter
C03672,Singapore,2025-10-30,converter
C03673,Thailand,2025-11-12,converter
C03674,Indonesia,2025-05-26,converter
C03675,Indonesia,2025-01-15,no_touchpoint
C03676,Thailand,2025-03-07,converter
C03677,Thailand,2025-06-28,converter
C03678,Indonesia,2025-10-26,non_converter
C03679,Indonesia,2025-11-17,converter
C03680,Indonesia,2025-02-19,non_converter
C03681,Indonesia,2025-07-02,no_touchpoint
C03682,Thailand,2025-01-29,non_converter
C03683,Indonesia,2025-05-07,converter
C03684,Indonesia,2025-06-09,non_converter
C03685,Indonesia,2025-12-19,non_converter
C03686,Indonesia,2025-06-06,no_touchpoint
C03687,Indonesia,2025-03-28,non_converter
C03688,Indonesia,2025-06-16,no_touchpoint
C03689,Singapore,2025-12-03,non_converter
C03690,Indonesia,2025-10-18,converter
C03691,Indonesia,2025-08-04,non_converter
C03692,Indonesia,2025-12-23,no_touchpoint
C03693,Singapore,2025-01-12,non_converter
C03694,Indonesia,2025-07-13,non_converter
C03695,Indonesia,2025-06-15,no_touchpoint
C03696,Indonesia,2025-09-08,converter
C03697,Indonesia,2025-12-12,non_converter
C03698,Indonesia,2025-09-12,converter
C03699,Indonesia,2025-12-08,converter
C03700,Indonesia,2025-11-11,non_converter
C03701,Indonesia,2025-08-12,converter
C03702,Thailand,2025-11-22,converter
C03703,Thailand,2025-02-08,converter
C03704,Indonesia,2025-10-02,converter
C03705,Indonesia,2025-05-16,converter
C03706,Indonesia,2025-10-21,converter
C03707,Thailand,2025-04-26,no_touchpoint
C03708,Thailand,2025-02-17,converter
C03709,Indonesia,2025-10-24,no_touchpoint
C03710,Indonesia,2025-06-22,non_converter
C03711,Thailand,2025-10-18,converter
C03712,Indonesia,2025-09-01,no_touchpoint
C03713,Thailand,2025-06-27,non_converter
C03714,Thailand,2025-11-30,converter
C03715,Thailand,2025-09-16,non_converter
C03716,Thailand,2025-08-10,non_converter
C03717,Indonesia,2025-06-10,no_touchpoint
C03718,Indonesia,2025-07-25,converter
C03719,Indonesia,2025-09-21,non_converter
C03720,Indonesia,2025-10-08,converter
C03721,Thailand,2025-01-10,converter
C03722,Singapore,2025-09-22,converter
C03723,Indonesia,2025-10-23,no_touchpoint
C03724,Singapore,2025-12-05,converter
C03725,Indonesia,2025-08-28,non_converter
C03726,Indonesia,2025-11-23,converter
C03727,Singapore,2025-11-11,converter
C03728,Singapore,2025-08-11,converter
C03729,Indonesia,2025-11-17,converter
C03730,Indonesia,2025-04-13,converter
C03731,Indonesia,2025-03-17,no_touchpoint
C03732,Thailand,2025-12-17,no_touchpoint
C03733,Indonesia,2025-08-11,converter
C03734,Thailand,2025-02-02,converter
C03735,Indonesia,2025-07-31,no_touchpoint
C03736,Thailand,2025-05-27,no_touchpoint
C03737,Thailand,2025-05-12,non_converter
C03738,Indonesia,2025-05-01,no_touchpoint
C03739,Indonesia,2025-02-28,non_converter
C03740,Indonesia,2025-01-15,no_touchpoint
C03741,Indonesia,2025-06-08,converter
C03742,Singapore,2025-10-14,non_converter
C03743,Thailand,2025-08-05,non_converter
C03744,Indonesia,2025-01-19,non_converter
C03745,Indonesia,2025-05-20,non_converter
C03746,Thailand,2025-05-13,converter
C03747,Thailand,2025-05-23,converter
C03748,Thailand,2025-04-01,no_touchpoint
C03749,Singapore,2025-01-22,no_touchpoint
C03750,Thailand,2025-09-06,no_touchpoint
C03751,Singapore,2025-01-29,no_touchpoint
C03752,Indonesia,2025-02-12,converter
C03753,Singapore,2025-06-02,non_converter
C03754,Singapore,2025-07-28,converter
C03755,Thailand,2025-12-10,converter
C03756,Indonesia,2025-02-16,converter
C03757,Indonesia,2025-03-13,converter
C03758,Thailand,2025-10-20,non_converter
C03759,Indonesia,2025-03-03,converter
C03760,Singapore,2025-10-25,converter
C03761,Indonesia,2025-09-26,no_touchpoint
C03762,Indonesia,2025-02-16,no_touchpoint
C03763,Thailand,2025-03-04,non_converter
C03764,Indonesia,2025-06-10,non_converter
C03765,Thailand,2025-10-27,non_converter
C03766,Singapore,2025-05-01,non_converter
C03767,Indonesia,2025-04-22,non_converter
C03768,Indonesia,2025-03-31,non_converter
C03769,Indonesia,2025-05-21,non_converter
C03770,Singapore,2025-05-11,no_touchpoint
C03771,Indonesia,2025-01-29,non_converter
C03772,Thailand,2025-07-11,non_converter
C03773,Indonesia,2025-02-27,non_converter
C03774,Indonesia,2025-08-05,no_touchpoint
C03775,Singapore,2025-05-07,non_converter
C03776,Indonesia,2025-03-16,converter
C03777,Thailand,2025-07-08,converter
C03778,Thailand,2025-01-11,no_touchpoint
C03779,Indonesia,2025-11-07,non_converter
C03780,Thailand,2025-12-06,non_converter
C03781,Thailand,2025-01-28,no_touchpoint
C03782,Indonesia,2025-12-10,no_touchpoint
C03783,Indonesia,2025-10-10,no_touchpoint
C03784,Singapore,2025-11-24,no_touchpoint
C03785,Singapore,2025-07-05,non_converter
C03786,Indonesia,2025-12-17,non_converter
C03787,Singapore,2025-05-02,non_converter
C03788,Indonesia,2025-07-18,converter
C03789,Singapore,2025-07-21,converter
C03790,Indonesia,2025-05-11,non_converter
C03791,Indonesia,2025-05-01,converter
C03792,Singapore,2025-03-24,converter
C03793,Indonesia,2025-11-20,non_converter
C03794,Indonesia,2025-11-26,non_converter
C03795,Indonesia,2025-01-18,converter
C03796,Thailand,2025-02-11,non_converter
C03797,Indonesia,2025-09-09,converter
C03798,Singapore,2025-07-31,non_converter
C03799,Thailand,2025-06-20,non_converter
C03800,Thailand,2025-02-21,non_converter
C03801,Indonesia,2025-12-24,converter
C03802,Indonesia,2025-02-03,non_converter
C03803,Thailand,2025-11-05,no_touchpoint
C03804,Thailand,2025-10-08,no_touchpoint
C03805,Thailand,2025-08-21,converter
C03806,Thailand,2025-01-27,non_converter
C03807,Thailand,2025-04-05,converter
C03808,Indonesia,2025-11-25,converter
C03809,Indonesia,2025-07-25,non_converter
C03810,Indonesia,2025-06-06,converter
C03811,Indonesia,2025-02-12,non_converter
C03812,Indonesia,2025-05-08,non_converter
C03813,Thailand,2025-11-29,no_touchpoint
C03814,Thailand,2025-11-01,no_touchpoint
C03815,Indonesia,2025-06-13,converter
C03816,Indonesia,2025-03-10,converter
C03817,Indonesia,2025-12-18,non_converter
C03818,Thailand,2025-06-17,non_converter
C03819,Indonesia,2025-04-12,no_touchpoint
C03820,Indonesia,2025-07-08,converter
C03821,Singapore,2025-07-13,non_converter
C03822,Indonesia,2025-10-20,non_converter
C03823,Singapore,2025-01-12,converter
C03824,Thailand,2025-11-28,converter
C03825,Singapore,2025-04-28,non_converter
C03826,Indonesia,2025-08-25,non_converter
C03827,Singapore,2025-12-26,converter
C03828,Indonesia,2025-01-26,no_touchpoint
C03829,Thailand,2025-08-08,converter
C03830,Indonesia,2025-03-18,non_converter
C03831,Indonesia,2025-07-08,non_converter
C03832,Indonesia,2025-10-18,no_touchpoint
C03833,Indonesia,2025-09-27,converter
C03834,Thailand,2025-08-21,converter
C03835,Indonesia,2025-09-11,no_touchpoint
C03836,Indonesia,2025-04-15,non_converter
C03837,Indonesia,2025-05-17,converter
C03838,Indonesia,2025-09-11,non_converter
C03839,Singapore,2025-08-09,non_converter
C03840,Indonesia,2025-11-04,no_touchpoint
C03841,Thailand,2025-05-25,non_converter
C03842,Indonesia,2025-04-07,non_converter
C03843,Thailand,2025-07-29,non_converter
C03844,Indonesia,2025-01-15,converter
C03845,Indonesia,2025-05-15,converter
C03846,Singapore,2025-08-19,converter
C03847,Indonesia,2025-07-09,converter
C03848,Indonesia,2025-11-28,converter
C03849,Indonesia,2025-01-06,non_converter
C03850,Singapore,2025-06-15,converter
C03851,Thailand,2025-07-23,non_converter
C03852,Thailand,2025-07-16,no_touchpoint
C03853,Indonesia,2025-11-02,non_converter
C03854,Indonesia,2025-02-18,converter
C03855,Indonesia,2025-01-27,non_converter
C03856,Indonesia,2025-05-01,non_converter
C03857,Singapore,2025-07-01,non_converter
C03858,Singapore,2025-12-10,non_converter
C03859,Thailand,2025-11-03,converter
C03860,Indonesia,2025-01-24,non_converter
C03861,Thailand,2025-09-16,converter
C03862,Singapore,2025-06-04,converter
C03863,Indonesia,2025-12-10,non_converter
C03864,Indonesia,2025-10-14,no_touchpoint
C03865,Indonesia,2025-04-02,non_converter
C03866,Indonesia,2025-09-15,non_converter
C03867,Singapore,2025-06-23,converter
C03868,Indonesia,2025-03-09,converter
C03869,Indonesia,2025-12-30,non_converter
C03870,Indonesia,2025-03-14,non_converter
C03871,Indonesia,2025-06-10,no_touchpoint
C03872,Indonesia,2025-03-07,non_converter
C03873,Thailand,2025-05-24,non_converter
C03874,Indonesia,2025-08-09,non_converter
C03875,Thailand,2025-05-15,converter
C03876,Indonesia,2025-05-16,converter
C03877,Singapore,2025-08-12,converter
C03878,Thailand,2025-06-11,no_touchpoint
C03879,Thailand,2025-09-09,no_touchpoint
C03880,Indonesia,2025-03-19,non_converter
C03881,Thailand,2025-12-03,non_converter
C03882,Indonesia,2025-08-14,non_converter
C03883,Indonesia,2025-03-18,no_touchpoint
C03884,Indonesia,2025-04-04,non_converter
C03885,Indonesia,2025-05-14,non_converter
C03886,Indonesia,2025-08-28,no_touchpoint
C03887,Indonesia,2025-09-11,non_converter
C03888,Singapore,2025-07-02,no_touchpoint
C03889,Indonesia,2025-10-15,non_converter
C03890,Indonesia,2025-09-10,converter
C03891,Indonesia,2025-03-17,non_converter
C03892,Indonesia,2025-02-17,no_touchpoint
C03893,Indonesia,2025-05-26,converter
C03894,Thailand,2025-03-28,non_converter
C03895,Indonesia,2025-05-20,converter
C03896,Indonesia,2025-12-06,converter
C03897,Singapore,2025-10-26,converter
C03898,Indonesia,2025-01-03,converter
C03899,Indonesia,2025-10-20,no_touchpoint
C03900,Indonesia,2025-02-09,converter
C03901,Thailand,2025-09-13,non_converter
C03902,Indonesia,2025-06-18,converter
C03903,Singapore,2025-12-15,non_converter
C03904,Indonesia,2025-03-04,non_converter
C03905,Singapore,2025-10-30,converter
C03906,Thailand,2025-02-24,converter
C03907,Indonesia,2025-03-20,converter
C03908,Thailand,2025-08-24,non_converter
C03909,Indonesia,2025-12-04,non_converter
C03910,Singapore,2025-11-18,converter
C03911,Thailand,2025-11-01,non_converter
C03912,Singapore,2025-06-18,no_touchpoint
C03913,Thailand,2025-12-02,converter
C03914,Indonesia,2025-08-20,non_converter
C03915,Indonesia,2025-10-19,non_converter
C03916,Thailand,2025-01-25,non_converter
C03917,Indonesia,2025-05-25,non_converter
C03918,Thailand,2025-01-29,no_touchpoint
C03919,Singapore,2025-10-08,converter
C03920,Indonesia,2025-07-15,converter
C03921,Indonesia,2025-05-11,converter
C03922,Indonesia,2025-07-24,converter
C03923,Indonesia,2025-04-17,no_touchpoint
C03924,Indonesia,2025-07-26,non_converter
C03925,Indonesia,2025-12-01,non_converter
C03926,Indonesia,2025-06-02,no_touchpoint
C03927,Thailand,2025-08-10,converter
C03928,Singapore,2025-06-08,no_touchpoint
C03929,Indonesia,2025-11-05,converter
C03930,Indonesia,2025-12-07,non_converter
C03931,Indonesia,2025-07-08,no_touchpoint
C03932,Indonesia,2025-09-08,converter
C03933,Indonesia,2025-07-18,non_converter
C03934,Thailand,2025-10-16,no_touchpoint
C03935,Thailand,2025-02-16,converter
C03936,Thailand,2025-07-08,converter
C03937,Thailand,2025-08-11,converter
C03938,Indonesia,2025-02-17,no_touchpoint
C03939,Singapore,2025-06-24,non_converter
C03940,Indonesia,2025-12-13,converter
C03941,Thailand,2025-12-18,no_touchpoint
C03942,Indonesia,2025-09-11,converter
C03943,Indonesia,2025-11-28,converter
C03944,Indonesia,2025-05-29,converter
C03945,Singapore,2025-02-10,converter
C03946,Indonesia,2025-09-02,converter
C03947,Thailand,2025-03-07,converter
C03948,Thailand,2025-06-03,non_converter
C03949,Indonesia,2025-09-25,non_converter
C03950,Indonesia,2025-10-19,no_touchpoint
C03951,Singapore,2025-02-09,non_converter
C03952,Indonesia,2025-09-20,converter
C03953,Indonesia,2025-08-06,non_converter
C03954,Thailand,2025-08-26,no_touchpoint
C03955,Thailand,2025-10-19,non_converter
C03956,Indonesia,2025-07-01,non_converter
C03957,Thailand,2025-02-11,no_touchpoint
C03958,Indonesia,2025-01-09,non_converter
C03959,Indonesia,2025-12-05,non_converter
C03960,Thailand,2025-04-04,non_converter
C03961,Indonesia,2025-01-24,converter
C03962,Indonesia,2025-12-27,non_converter
C03963,Thailand,2025-10-28,no_touchpoint
C03964,Indonesia,2025-12-10,converter
C03965,Indonesia,2025-05-16,converter
C03966,Indonesia,2025-04-06,no_touchpoint
C03967,Thailand,2025-02-10,converter
C03968,Indonesia,2025-11-06,non_converter
C03969,Indonesia,2025-12-11,converter
C03970,Indonesia,2025-10-01,non_converter
C03971,Indonesia,2025-07-22,no_touchpoint
C03972,Thailand,2025-03-29,no_touchpoint
C03973,Thailand,2025-08-24,non_converter
C03974,Singapore,2025-12-03,non_converter
C03975,Thailand,2025-11-05,non_converter
C03976,Thailand,2025-06-05,non_converter
C03977,Indonesia,2025-11-12,non_converter
C03978,Singapore,2025-12-11,non_converter
C03979,Indonesia,2025-12-12,converter
C03980,Indonesia,2025-06-04,non_converter
C03981,Indonesia,2025-03-11,non_converter
C03982,Thailand,2025-02-27,converter
C03983,Singapore,2025-12-23,non_converter
C03984,Indonesia,2025-01-14,converter
C03985,Indonesia,2025-11-29,non_converter
C03986,Indonesia,2025-05-04,converter
C03987,Singapore,2025-11-17,converter
C03988,Indonesia,2025-10-03,converter
C03989,Thailand,2025-06-04,converter
C03990,Indonesia,2025-03-17,no_touchpoint
C03991,Indonesia,2025-01-12,converter
C03992,Thailand,2025-03-20,non_converter
C03993,Singapore,2025-08-16,non_converter
C03994,Indonesia,2025-08-30,converter
C03995,Indonesia,2025-08-19,no_touchpoint
C03996,Indonesia,2025-04-14,converter
C03997,Indonesia,2025-07-20,non_converter
C03998,Indonesia,2025-01-05,converter
C03999,Singapore,2025-08-10,non_converter
C04000,Thailand,2025-09-11,non_converter
C04001,Thailand,2025-11-02,no_touchpoint
C04002,Indonesia,2025-05-29,non_converter
C04003,Indonesia,2025-07-24,non_converter
C04004,Thailand,2025-10-30,converter
C04005,Singapore,2025-12-14,no_touchpoint
C04006,Indonesia,2025-09-07,converter
C04007,Indonesia,2025-02-01,converter
C04008,Indonesia,2025-08-05,non_converter
C04009,Indonesia,2025-10-11,converter
C04010,Indonesia,2025-11-28,converter
C04011,Indonesia,2025-08-31,no_touchpoint
C04012,Singapore,2025-11-15,non_converter
C04013,Indonesia,2025-06-27,converter
C04014,Indonesia,2025-08-12,non_converter
C04015,Thailand,2025-05-28,no_touchpoint
C04016,Indonesia,2025-08-29,no_touchpoint
C04017,Indonesia,2025-04-29,non_converter
C04018,Singapore,2025-10-28,no_touchpoint
C04019,Singapore,2025-06-23,no_touchpoint
C04020,Indonesia,2025-12-03,converter
C04021,Thailand,2025-05-31,non_converter
C04022,Singapore,2025-07-19,non_converter
C04023,Thailand,2025-12-11,no_touchpoint
C04024,Thailand,2025-07-04,non_converter
C04025,Thailand,2025-03-24,non_converter
C04026,Thailand,2025-05-25,non_converter
C04027,Thailand,2025-02-14,no_touchpoint
C04028,Indonesia,2025-03-08,converter
C04029,Thailand,2025-03-22,non_converter
C04030,Thailand,2025-02-21,non_converter
C04031,Indonesia,2025-09-10,no_touchpoint
C04032,Indonesia,2025-04-18,non_converter
C04033,Indonesia,2025-01-10,converter
C04034,Indonesia,2025-05-14,converter
C04035,Indonesia,2025-03-23,no_touchpoint
C04036,Indonesia,2025-09-15,non_converter
C04037,Indonesia,2025-02-02,non_converter
C04038,Thailand,2025-02-28,converter
C04039,Indonesia,2025-03-03,non_converter
C04040,Indonesia,2025-09-07,no_touchpoint
C04041,Thailand,2025-06-24,no_touchpoint
C04042,Thailand,2025-01-24,non_converter
C04043,Indonesia,2025-10-13,non_converter
C04044,Singapore,2025-03-19,no_touchpoint
C04045,Thailand,2025-09-21,non_converter
C04046,Thailand,2025-02-23,no_touchpoint
C04047,Thailand,2025-08-13,non_converter
C04048,Singapore,2025-02-26,converter
C04049,Thailand,2025-11-09,non_converter
C04050,Thailand,2025-02-22,non_converter
C04051,Indonesia,2025-01-22,non_converter
C04052,Thailand,2025-03-27,no_touchpoint
C04053,Singapore,2025-04-16,non_converter
C04054,Thailand,2025-03-22,non_converter
C04055,Indonesia,2025-12-29,non_converter
C04056,Indonesia,2025-09-17,converter
C04057,Indonesia,2025-02-20,non_converter
C04058,Indonesia,2025-07-06,no_touchpoint
C04059,Indonesia,2025-03-12,non_converter
C04060,Indonesia,2025-04-14,converter
C04061,Thailand,2025-08-01,converter
C04062,Indonesia,2025-01-04,converter
C04063,Indonesia,2025-08-31,converter
C04064,Indonesia,2025-09-16,non_converter
C04065,Indonesia,2025-05-17,non_converter
C04066,Indonesia,2025-08-01,converter
C04067,Indonesia,2025-12-07,non_converter
C04068,Indonesia,2025-09-29,converter
C04069,Indonesia,2025-04-27,non_converter
C04070,Indonesia,2025-08-08,converter
C04071,Singapore,2025-07-29,converter
C04072,Thailand,2025-09-22,converter
C04073,Singapore,2025-07-05,converter
C04074,Indonesia,2025-08-15,no_touchpoint
C04075,Thailand,2025-01-06,converter
C04076,Singapore,2025-09-22,converter
C04077,Indonesia,2025-02-13,no_touchpoint
C04078,Singapore,2025-07-25,non_converter
C04079,Indonesia,2025-03-26,non_converter
C04080,Thailand,2025-07-21,non_converter
C04081,Singapore,2025-12-05,non_converter
C04082,Singapore,2025-03-19,converter
C04083,Singapore,2025-01-30,no_touchpoint
C04084,Singapore,2025-12-05,converter
C04085,Indonesia,2025-06-01,non_converter
C04086,Thailand,2025-12-15,non_converter
C04087,Thailand,2025-06-05,no_touchpoint
C04088,Singapore,2025-06-10,non_converter
C04089,Thailand,2025-01-05,converter
C04090,Thailand,2025-09-28,converter
C04091,Thailand,2025-03-17,converter
C04092,Thailand,2025-08-17,non_converter
C04093,Thailand,2025-10-06,converter
C04094,Thailand,2025-11-13,non_converter
C04095,Indonesia,2025-12-24,converter
C04096,Indonesia,2025-11-29,non_converter
C04097,Singapore,2025-04-12,converter
C04098,Indonesia,2025-02-13,non_converter
C04099,Indonesia,2025-06-21,converter
C04100,Indonesia,2025-03-06,converter
C04101,Indonesia,2025-10-04,no_touchpoint
C04102,Indonesia,2025-02-17,non_converter
C04103,Indonesia,2025-06-09,non_converter
C04104,Indonesia,2025-11-22,no_touchpoint
C04105,Singapore,2025-01-15,no_touchpoint
C04106,Indonesia,2025-10-04,non_converter
C04107,Thailand,2025-05-04,converter
C04108,Thailand,2025-06-05,no_touchpoint
C04109,Indonesia,2025-09-16,non_converter
C04110,Thailand,2025-01-31,converter
C04111,Thailand,2025-05-13,no_touchpoint
C04112,Indonesia,2025-07-01,non_converter
C04113,Singapore,2025-11-30,no_touchpoint
C04114,Indonesia,2025-08-18,converter
C04115,Indonesia,2025-01-03,non_converter
C04116,Thailand,2025-05-01,converter
C04117,Indonesia,2025-10-25,non_converter
C04118,Thailand,2025-11-18,no_touchpoint
C04119,Indonesia,2025-11-01,converter
C04120,Indonesia,2025-06-03,no_touchpoint
C04121,Thailand,2025-10-21,non_converter
C04122,Indonesia,2025-07-13,non_converter
C04123,Indonesia,2025-05-07,converter
C04124,Indonesia,2025-09-22,converter
C04125,Indonesia,2025-07-04,converter
C04126,Thailand,2025-03-17,no_touchpoint
C04127,Indonesia,2025-07-30,non_converter
C04128,Indonesia,2025-02-01,converter
C04129,Indonesia,2025-03-08,non_converter
C04130,Indonesia,2025-08-17,non_converter
C04131,Indonesia,2025-12-13,converter
C04132,Indonesia,2025-10-29,non_converter
C04133,Singapore,2025-07-22,converter
C04134,Indonesia,2025-10-27,no_touchpoint
C04135,Singapore,2025-08-05,non_converter
C04136,Singapore,2025-12-19,non_converter
C04137,Thailand,2025-09-08,no_touchpoint
C04138,Thailand,2025-08-02,non_converter
C04139,Indonesia,2025-03-15,non_converter
C04140,Thailand,2025-09-06,non_converter
C04141,Singapore,2025-03-08,converter
C04142,Singapore,2025-09-20,non_converter
C04143,Thailand,2025-03-02,converter
C04144,Indonesia,2025-08-22,converter
C04145,Singapore,2025-03-22,non_converter
C04146,Singapore,2025-07-09,non_converter
C04147,Thailand,2025-03-02,non_converter
C04148,Indonesia,2025-07-29,converter
C04149,Indonesia,2025-07-09,no_touchpoint
C04150,Indonesia,2025-01-21,no_touchpoint
C04151,Indonesia,2025-03-02,no_touchpoint
C04152,Indonesia,2025-07-11,converter
C04153,Indonesia,2025-09-06,non_converter
C04154,Indonesia,2025-03-15,converter
C04155,Indonesia,2025-10-29,non_converter
C04156,Singapore,2025-06-06,non_converter
C04157,Indonesia,2025-04-21,no_touchpoint
C04158,Indonesia,2025-09-08,converter
C04159,Indonesia,2025-10-08,non_converter
C04160,Indonesia,2025-01-23,no_touchpoint
C04161,Indonesia,2025-10-21,converter
C04162,Singapore,2025-08-20,non_converter
C04163,Indonesia,2025-07-13,non_converter
C04164,Indonesia,2025-11-07,converter
C04165,Indonesia,2025-03-12,non_converter
C04166,Thailand,2025-08-24,no_touchpoint
C04167,Indonesia,2025-12-08,converter
C04168,Indonesia,2025-06-16,no_touchpoint
C04169,Thailand,2025-11-16,converter
C04170,Indonesia,2025-07-29,no_touchpoint
C04171,Indonesia,2025-07-22,converter
C04172,Singapore,2025-01-24,converter
C04173,Thailand,2025-08-15,non_converter
C04174,Indonesia,2025-11-27,converter
C04175,Thailand,2025-03-26,converter
C04176,Thailand,2025-10-20,no_touchpoint
C04177,Indonesia,2025-12-29,no_touchpoint
C04178,Indonesia,2025-11-27,converter
C04179,Indonesia,2025-10-14,no_touchpoint
C04180,Indonesia,2025-11-13,non_converter
C04181,Singapore,2025-01-28,no_touchpoint
C04182,Indonesia,2025-09-25,non_converter
C04183,Indonesia,2025-09-01,non_converter
C04184,Indonesia,2025-01-10,non_converter
C04185,Indonesia,2025-09-30,no_touchpoint
C04186,Indonesia,2025-01-10,no_touchpoint
C04187,Indonesia,2025-04-16,non_converter
C04188,Thailand,2025-12-28,no_touchpoint
C04189,Indonesia,2025-10-24,no_touchpoint
C04190,Thailand,2025-10-01,non_converter
C04191,Indonesia,2025-07-25,non_converter
C04192,Singapore,2025-09-09,non_converter
C04193,Indonesia,2025-01-12,non_converter
C04194,Indonesia,2025-04-03,converter
C04195,Indonesia,2025-09-28,converter
C04196,Indonesia,2025-05-12,no_touchpoint
C04197,Indonesia,2025-02-20,non_converter
C04198,Indonesia,2025-05-27,non_converter
C04199,Thailand,2025-05-11,non_converter
C04200,Indonesia,2025-03-20,no_touchpoint
C04201,Thailand,2025-07-28,non_converter
C04202,Thailand,2025-01-31,non_converter
C04203,Indonesia,2025-06-16,converter
C04204,Indonesia,2025-01-30,non_converter
C04205,Indonesia,2025-02-20,converter
C04206,Singapore,2025-07-31,converter
C04207,Indonesia,2025-05-13,no_touchpoint
C04208,Indonesia,2025-03-03,non_converter
C04209,Thailand,2025-05-03,converter
C04210,Indonesia,2025-10-28,converter
C04211,Thailand,2025-09-18,converter
C04212,Singapore,2025-07-17,converter
C04213,Indonesia,2025-05-18,no_touchpoint
C04214,Indonesia,2025-08-26,converter
C04215,Indonesia,2025-02-03,non_converter
C04216,Thailand,2025-07-28,converter
C04217,Indonesia,2025-01-10,converter
C04218,Thailand,2025-10-28,non_converter
C04219,Thailand,2025-05-07,converter
C04220,Thailand,2025-11-30,non_converter
C04221,Indonesia,2025-06-05,non_converter
C04222,Indonesia,2025-08-17,converter
C04223,Indonesia,2025-11-22,converter
C04224,Indonesia,2025-03-14,converter
C04225,Thailand,2025-03-28,no_touchpoint
C04226,Singapore,2025-10-03,non_converter
C04227,Indonesia,2025-10-12,non_converter
C04228,Thailand,2025-01-01,converter
C04229,Indonesia,2025-11-14,non_converter
C04230,Indonesia,2025-03-27,converter
C04231,Indonesia,2025-09-04,non_converter
C04232,Thailand,2025-05-09,converter
C04233,Singapore,2025-07-14,no_touchpoint
C04234,Indonesia,2025-11-20,non_converter
C04235,Indonesia,2025-09-19,converter
C04236,Thailand,2025-03-24,non_converter
C04237,Indonesia,2025-10-16,no_touchpoint
C04238,Indonesia,2025-02-15,non_converter
C04239,Thailand,2025-03-04,non_converter
C04240,Singapore,2025-10-12,non_converter
C04241,Indonesia,2025-08-10,non_converter
C04242,Singapore,2025-09-16,non_converter
C04243,Singapore,2025-06-12,non_converter
C04244,Thailand,2025-06-25,non_converter
C04245,Indonesia,2025-12-29,converter
C04246,Thailand,2025-05-06,non_converter
C04247,Indonesia,2025-06-14,no_touchpoint
C04248,Singapore,2025-08-24,non_converter
C04249,Indonesia,2025-06-18,non_converter
C04250,Indonesia,2025-12-21,no_touchpoint
C04251,Thailand,2025-01-02,no_touchpoint
C04252,Singapore,2025-01-03,converter
C04253,Indonesia,2025-12-11,converter
C04254,Singapore,2025-10-12,no_touchpoint
C04255,Indonesia,2025-12-27,non_converter
C04256,Indonesia,2025-07-21,non_converter
C04257,Thailand,2025-11-29,no_touchpoint
C04258,Indonesia,2025-10-03,non_converter
C04259,Indonesia,2025-12-10,no_touchpoint
C04260,Indonesia,2025-03-05,converter
C04261,Thailand,2025-07-12,non_converter
C04262,Indonesia,2025-07-03,non_converter
C04263,Singapore,2025-12-23,converter
C04264,Indonesia,2025-03-05,no_touchpoint
C04265,Indonesia,2025-04-09,converter
C04266,Thailand,2025-04-24,non_converter
C04267,Thailand,2025-05-24,no_touchpoint
C04268,Indonesia,2025-12-30,no_touchpoint
C04269,Thailand,2025-02-16,non_converter
C04270,Indonesia,2025-11-17,non_converter
C04271,Indonesia,2025-04-24,converter
C04272,Singapore,2025-09-10,converter
C04273,Indonesia,2025-01-19,non_converter
C04274,Thailand,2025-12-27,non_converter
C04275,Indonesia,2025-04-18,non_converter
C04276,Indonesia,2025-11-23,non_converter
C04277,Indonesia,2025-05-23,non_converter
C04278,Indonesia,2025-09-10,no_touchpoint
C04279,Thailand,2025-04-10,non_converter
C04280,Thailand,2025-10-17,no_touchpoint
C04281,Indonesia,2025-11-05,non_converter
C04282,Indonesia,2025-02-03,no_touchpoint
C04283,Indonesia,2025-02-03,converter
C04284,Singapore,2025-10-19,non_converter
C04285,Thailand,2025-09-25,no_touchpoint
C04286,Indonesia,2025-05-21,converter
C04287,Indonesia,2025-12-14,non_converter
C04288,Thailand,2025-12-21,converter
C04289,Indonesia,2025-11-11,non_converter
C04290,Singapore,2025-10-14,non_converter
C04291,Singapore,2025-01-02,non_converter
C04292,Thailand,2025-11-25,converter
C04293,Indonesia,2025-11-29,converter
C04294,Indonesia,2025-06-15,non_converter
C04295,Indonesia,2025-07-28,no_touchpoint
C04296,Indonesia,2025-12-15,non_converter
C04297,Indonesia,2025-09-11,converter
C04298,Singapore,2025-01-23,converter
C04299,Indonesia,2025-04-25,non_converter
C04300,Indonesia,2025-08-04,non_converter
C04301,Indonesia,2025-06-11,non_converter
C04302,Indonesia,2025-04-10,non_converter
C04303,Thailand,2025-10-20,no_touchpoint
C04304,Singapore,2025-04-26,no_touchpoint
C04305,Singapore,2025-08-05,non_converter
C04306,Indonesia,2025-05-08,converter
C04307,Indonesia,2025-06-18,non_converter
C04308,Thailand,2025-11-17,non_converter
C04309,Indonesia,2025-01-15,non_converter
C04310,Indonesia,2025-01-13,non_converter
C04311,Singapore,2025-11-17,converter
C04312,Indonesia,2025-05-09,converter
C04313,Indonesia,2025-08-31,converter
C04314,Thailand,2025-06-24,non_converter
C04315,Indonesia,2025-06-20,non_converter
C04316,Singapore,2025-05-02,converter
C04317,Thailand,2025-11-04,non_converter
C04318,Thailand,2025-02-18,converter
C04319,Indonesia,2025-10-24,no_touchpoint
C04320,Singapore,2025-02-01,non_converter
C04321,Indonesia,2025-07-13,non_converter
C04322,Indonesia,2025-12-22,non_converter
C04323,Indonesia,2025-03-07,non_converter
C04324,Indonesia,2025-08-15,no_touchpoint
C04325,Thailand,2025-11-09,converter
C04326,Indonesia,2025-02-03,non_converter
C04327,Indonesia,2025-01-29,converter
C04328,Thailand,2025-05-31,converter
C04329,Indonesia,2025-07-25,non_converter
C04330,Indonesia,2025-07-30,non_converter
C04331,Thailand,2025-11-03,non_converter
C04332,Indonesia,2025-11-16,non_converter
C04333,Indonesia,2025-07-16,converter
C04334,Singapore,2025-08-08,no_touchpoint
C04335,Indonesia,2025-11-14,non_converter
C04336,Singapore,2025-11-30,converter
C04337,Indonesia,2025-01-14,no_touchpoint
C04338,Indonesia,2025-06-18,no_touchpoint
C04339,Indonesia,2025-02-25,converter
C04340,Thailand,2025-11-01,no_touchpoint
C04341,Thailand,2025-10-31,non_converter
C04342,Singapore,2025-04-10,no_touchpoint
C04343,Thailand,2025-03-06,non_converter
C04344,Indonesia,2025-05-12,no_touchpoint
C04345,Thailand,2025-09-04,no_touchpoint
C04346,Indonesia,2025-08-16,non_converter
C04347,Thailand,2025-03-12,converter
C04348,Indonesia,2025-01-31,non_converter
C04349,Indonesia,2025-10-27,no_touchpoint
C04350,Thailand,2025-11-30,non_converter
C04351,Indonesia,2025-06-09,no_touchpoint
C04352,Thailand,2025-10-05,non_converter
C04353,Indonesia,2025-03-17,non_converter
C04354,Indonesia,2025-11-05,non_converter
C04355,Singapore,2025-07-08,no_touchpoint
C04356,Indonesia,2025-09-23,no_touchpoint
C04357,Indonesia,2025-12-14,non_converter
C04358,Indonesia,2025-05-02,no_touchpoint
C04359,Singapore,2025-10-14,non_converter
C04360,Indonesia,2025-08-05,non_converter
C04361,Thailand,2025-04-13,non_converter
C04362,Thailand,2025-04-14,non_converter
C04363,Indonesia,2025-06-24,converter
C04364,Thailand,2025-09-01,converter
C04365,Indonesia,2025-08-28,converter
C04366,Singapore,2025-06-19,non_converter
C04367,Singapore,2025-10-17,no_touchpoint
C04368,Indonesia,2025-11-12,converter
C04369,Indonesia,2025-06-18,converter
C04370,Singapore,2025-08-21,converter
C04371,Indonesia,2025-01-22,non_converter
C04372,Thailand,2025-01-02,no_touchpoint
C04373,Indonesia,2025-12-21,converter
C04374,Indonesia,2025-11-16,no_touchpoint
C04375,Thailand,2025-09-04,converter
C04376,Thailand,2025-06-19,no_touchpoint
C04377,Indonesia,2025-07-12,non_converter
C04378,Thailand,2025-04-05,non_converter
C04379,Indonesia,2025-01-04,non_converter
C04380,Indonesia,2025-02-07,non_converter
C04381,Indonesia,2025-10-12,converter
C04382,Indonesia,2025-05-29,converter
C04383,Indonesia,2025-11-20,converter
C04384,Indonesia,2025-07-04,non_converter
C04385,Indonesia,2025-01-16,non_converter
C04386,Indonesia,2025-05-26,non_converter
C04387,Thailand,2025-05-15,converter
C04388,Thailand,2025-06-23,non_converter
C04389,Indonesia,2025-05-06,no_touchpoint
C04390,Indonesia,2025-01-12,non_converter
C04391,Singapore,2025-05-15,non_converter
C04392,Thailand,2025-01-11,non_converter
C04393,Indonesia,2025-03-12,converter
C04394,Indonesia,2025-02-26,non_converter
C04395,Indonesia,2025-04-18,non_converter
C04396,Indonesia,2025-05-03,no_touchpoint
C04397,Thailand,2025-07-10,converter
C04398,Singapore,2025-09-27,no_touchpoint
C04399,Singapore,2025-11-16,no_touchpoint
C04400,Indonesia,2025-12-31,non_converter
C04401,Singapore,2025-03-15,converter
C04402,Thailand,2025-03-08,non_converter
C04403,Indonesia,2025-04-09,non_converter
C04404,Indonesia,2025-12-22,converter
C04405,Indonesia,2025-11-03,non_converter
C04406,Indonesia,2025-11-22,non_converter
C04407,Thailand,2025-01-24,no_touchpoint
C04408,Indonesia,2025-10-28,non_converter
C04409,Indonesia,2025-10-02,non_converter
C04410,Indonesia,2025-03-18,no_touchpoint
C04411,Thailand,2025-01-28,non_converter
C04412,Singapore,2025-05-24,non_converter
C04413,Singapore,2025-09-18,non_converter
C04414,Indonesia,2025-09-08,no_touchpoint
C04415,Thailand,2025-02-11,converter
C04416,Thailand,2025-12-06,converter
C04417,Indonesia,2025-03-27,non_converter
C04418,Thailand,2025-11-27,non_converter
C04419,Indonesia,2025-07-11,converter
C04420,Indonesia,2025-08-26,no_touchpoint
C04421,Indonesia,2025-12-31,non_converter
C04422,Indonesia,2025-12-22,converter
C04423,Indonesia,2025-09-11,non_converter
C04424,Indonesia,2025-10-25,no_touchpoint
C04425,Thailand,2025-10-26,converter
C04426,Indonesia,2025-04-17,converter
C04427,Indonesia,2025-04-14,non_converter
C04428,Indonesia,2025-05-01,converter
C04429,Indonesia,2025-06-06,converter
C04430,Indonesia,2025-07-13,converter
C04431,Indonesia,2025-07-11,converter
C04432,Indonesia,2025-02-13,non_converter
C04433,Indonesia,2025-02-13,non_converter
C04434,Indonesia,2025-09-23,non_converter
C04435,Indonesia,2025-10-26,no_touchpoint
C04436,Thailand,2025-09-20,no_touchpoint
C04437,Indonesia,2025-08-07,non_converter
C04438,Indonesia,2025-08-10,non_converter
C04439,Indonesia,2025-09-12,converter
C04440,Indonesia,2025-07-15,no_touchpoint
C04441,Indonesia,2025-08-15,converter
C04442,Indonesia,2025-11-27,converter
C04443,Indonesia,2025-02-12,converter
C04444,Indonesia,2025-09-14,no_touchpoint
C04445,Indonesia,2025-11-26,non_converter
C04446,Singapore,2025-05-22,no_touchpoint
C04447,Indonesia,2025-02-20,non_converter
C04448,Indonesia,2025-07-04,non_converter
C04449,Indonesia,2025-04-13,converter
C04450,Indonesia,2025-12-12,no_touchpoint
C04451,Thailand,2025-06-04,non_converter
C04452,Thailand,2025-12-16,non_converter
C04453,Thailand,2025-04-08,converter
C04454,Singapore,2025-03-12,non_converter
C04455,Singapore,2025-10-06,non_converter
C04456,Thailand,2025-01-05,non_converter
C04457,Thailand,2025-05-25,non_converter
C04458,Singapore,2025-07-26,converter
C04459,Thailand,2025-10-24,non_converter
C04460,Indonesia,2025-01-07,non_converter
C04461,Singapore,2025-09-20,converter
C04462,Singapore,2025-03-18,no_touchpoint
C04463,Indonesia,2025-04-27,converter
C04464,Indonesia,2025-04-18,non_converter
C04465,Indonesia,2025-09-22,non_converter
C04466,Thailand,2025-10-10,no_touchpoint
C04467,Indonesia,2025-08-25,converter
C04468,Indonesia,2025-02-13,converter
C04469,Indonesia,2025-04-07,no_touchpoint
C04470,Indonesia,2025-12-24,non_converter
C04471,Indonesia,2025-08-13,converter
C04472,Indonesia,2025-10-13,non_converter
C04473,Indonesia,2025-03-13,non_converter
C04474,Indonesia,2025-03-07,converter
C04475,Indonesia,2025-01-05,non_converter
C04476,Thailand,2025-12-04,non_converter
C04477,Indonesia,2025-06-23,converter
C04478,Thailand,2025-08-06,no_touchpoint
C04479,Thailand,2025-07-26,no_touchpoint
C04480,Indonesia,2025-12-20,converter
C04481,Indonesia,2025-06-16,converter
C04482,Thailand,2025-10-18,converter
C04483,Indonesia,2025-03-13,non_converter
C04484,Indonesia,2025-06-19,no_touchpoint
C04485,Singapore,2025-11-05,converter
C04486,Singapore,2025-10-21,non_converter
C04487,Indonesia,2025-07-15,non_converter
C04488,Indonesia,2025-07-20,converter
C04489,Indonesia,2025-07-17,converter
C04490,Indonesia,2025-02-25,non_converter
C04491,Thailand,2025-08-20,non_converter
C04492,Indonesia,2025-06-05,non_converter
C04493,Thailand,2025-02-23,converter
C04494,Indonesia,2025-04-01,non_converter
C04495,Thailand,2025-12-19,converter
C04496,Indonesia,2025-01-14,converter
C04497,Singapore,2025-02-05,no_touchpoint
C04498,Indonesia,2025-07-17,non_converter
C04499,Indonesia,2025-04-30,converter
C04500,Indonesia,2025-09-26,converter
C04501,Indonesia,2025-01-30,no_touchpoint
C04502,Indonesia,2025-01-06,converter
C04503,Indonesia,2025-07-30,no_touchpoint
C04504,Indonesia,2025-02-26,non_converter
C04505,Indonesia,2025-08-03,no_touchpoint
C04506,Indonesia,2025-02-05,non_converter
C04507,Indonesia,2025-04-16,no_touchpoint
C04508,Indonesia,2025-04-16,non_converter
C04509,Thailand,2025-12-30,no_touchpoint
C04510,Thailand,2025-03-23,non_converter
C04511,Indonesia,2025-06-08,non_converter
C04512,Thailand,2025-09-15,non_converter
C04513,Indonesia,2025-08-23,no_touchpoint
C04514,Singapore,2025-01-04,converter
C04515,Indonesia,2025-08-17,non_converter
C04516,Thailand,2025-07-24,converter
C04517,Indonesia,2025-05-07,non_converter
C04518,Singapore,2025-10-19,no_touchpoint
C04519,Indonesia,2025-08-24,converter
C04520,Thailand,2025-01-21,non_converter
C04521,Thailand,2025-05-28,converter
C04522,Indonesia,2025-08-22,converter
C04523,Thailand,2025-12-31,non_converter
C04524,Thailand,2025-07-20,converter
C04525,Indonesia,2025-03-31,non_converter
C04526,Singapore,2025-04-02,non_converter
C04527,Indonesia,2025-08-10,non_converter
C04528,Indonesia,2025-12-04,non_converter
C04529,Indonesia,2025-10-19,converter
C04530,Singapore,2025-12-24,converter
C04531,Singapore,2025-05-03,non_converter
C04532,Indonesia,2025-03-22,no_touchpoint
C04533,Indonesia,2025-11-18,converter
C04534,Singapore,2025-12-08,non_converter
C04535,Thailand,2025-12-24,non_converter
C04536,Singapore,2025-04-22,converter
C04537,Singapore,2025-07-30,converter
C04538,Indonesia,2025-10-11,non_converter
C04539,Indonesia,2025-07-08,converter
C04540,Indonesia,2025-02-23,converter
C04541,Indonesia,2025-06-16,non_converter
C04542,Indonesia,2025-03-26,converter
C04543,Indonesia,2025-09-17,non_converter
C04544,Indonesia,2025-01-14,non_converter
C04545,Thailand,2025-12-22,no_touchpoint
C04546,Indonesia,2025-08-25,non_converter
C04547,Singapore,2025-07-24,non_converter
C04548,Indonesia,2025-07-23,non_converter
C04549,Indonesia,2025-05-09,non_converter
C04550,Indonesia,2025-03-11,non_converter
C04551,Indonesia,2025-08-26,non_converter
C04552,Indonesia,2025-02-04,non_converter
C04553,Indonesia,2025-12-03,non_converter
C04554,Indonesia,2025-08-13,converter
C04555,Thailand,2025-05-23,converter
C04556,Thailand,2025-03-29,converter
C04557,Indonesia,2025-11-07,converter
C04558,Indonesia,2025-05-31,converter
C04559,Indonesia,2025-07-20,converter
C04560,Thailand,2025-12-10,non_converter
C04561,Indonesia,2025-12-13,no_touchpoint
C04562,Indonesia,2025-08-14,non_converter
C04563,Thailand,2025-04-21,converter
C04564,Indonesia,2025-12-12,non_converter
C04565,Thailand,2025-08-15,non_converter
C04566,Thailand,2025-11-22,non_converter
C04567,Thailand,2025-11-25,non_converter
C04568,Singapore,2025-12-04,non_converter
C04569,Thailand,2025-07-19,converter
C04570,Indonesia,2025-08-16,non_converter
C04571,Indonesia,2025-01-03,converter
C04572,Thailand,2025-07-13,non_converter
C04573,Indonesia,2025-05-08,converter
C04574,Indonesia,2025-05-03,converter
C04575,Indonesia,2025-01-09,non_converter
C04576,Indonesia,2025-01-08,non_converter
C04577,Thailand,2025-04-09,no_touchpoint
C04578,Indonesia,2025-02-02,non_converter
C04579,Thailand,2025-02-19,non_converter
C04580,Indonesia,2025-12-07,converter
C04581,Indonesia,2025-03-27,no_touchpoint
C04582,Indonesia,2025-09-20,no_touchpoint
C04583,Indonesia,2025-06-17,converter
C04584,Indonesia,2025-11-17,non_converter
C04585,Singapore,2025-04-17,converter
C04586,Singapore,2025-07-22,non_converter
C04587,Indonesia,2025-03-03,converter
C04588,Indonesia,2025-02-24,converter
C04589,Indonesia,2025-03-30,converter
C04590,Indonesia,2025-12-01,non_converter
C04591,Indonesia,2025-07-19,non_converter
C04592,Indonesia,2025-04-23,converter
C04593,Thailand,2025-05-23,non_converter
C04594,Indonesia,2025-07-08,no_touchpoint
C04595,Indonesia,2025-04-22,converter
C04596,Indonesia,2025-11-03,no_touchpoint
C04597,Thailand,2025-02-22,non_converter
C04598,Indonesia,2025-10-19,converter
C04599,Indonesia,2025-02-18,converter
C04600,Thailand,2025-11-20,converter
C04601,Singapore,2025-12-14,no_touchpoint
C04602,Indonesia,2025-12-22,no_touchpoint
C04603,Thailand,2025-03-31,non_converter
C04604,Indonesia,2025-12-19,non_converter
C04605,Indonesia,2025-12-08,converter
C04606,Indonesia,2025-06-21,converter
C04607,Indonesia,2025-10-27,non_converter
C04608,Thailand,2025-09-19,converter
C04609,Indonesia,2025-04-30,converter
C04610,Singapore,2025-12-27,no_touchpoint
C04611,Indonesia,2025-04-30,non_converter
C04612,Indonesia,2025-03-05,non_converter
C04613,Thailand,2025-08-08,non_converter
C04614,Indonesia,2025-11-14,non_converter
C04615,Indonesia,2025-03-12,converter
C04616,Indonesia,2025-06-01,converter
C04617,Indonesia,2025-07-12,non_converter
C04618,Indonesia,2025-01-20,converter
C04619,Singapore,2025-11-03,no_touchpoint
C04620,Thailand,2025-08-16,non_converter
C04621,Indonesia,2025-06-18,non_converter
C04622,Thailand,2025-06-12,non_converter
C04623,Indonesia,2025-01-21,no_touchpoint
C04624,Thailand,2025-08-01,converter
C04625,Thailand,2025-05-28,converter
C04626,Thailand,2025-04-28,non_converter
C04627,Indonesia,2025-06-19,non_converter
C04628,Indonesia,2025-04-16,no_touchpoint
C04629,Singapore,2025-12-07,converter
C04630,Thailand,2025-12-18,converter
C04631,Thailand,2025-04-24,no_touchpoint
C04632,Indonesia,2025-07-15,converter
C04633,Indonesia,2025-04-04,non_converter
C04634,Indonesia,2025-01-04,non_converter
C04635,Indonesia,2025-09-09,non_converter
C04636,Indonesia,2025-04-09,converter
C04637,Singapore,2025-03-14,non_converter
C04638,Indonesia,2025-03-06,non_converter
C04639,Indonesia,2025-10-31,converter
C04640,Indonesia,2025-04-15,non_converter
C04641,Indonesia,2025-02-10,no_touchpoint
C04642,Indonesia,2025-08-28,converter
C04643,Indonesia,2025-04-12,non_converter
C04644,Thailand,2025-04-01,converter
C04645,Indonesia,2025-06-05,non_converter
C04646,Singapore,2025-08-18,non_converter
C04647,Indonesia,2025-04-14,converter
C04648,Indonesia,2025-09-04,no_touchpoint
C04649,Indonesia,2025-07-04,converter
C04650,Indonesia,2025-03-27,non_converter
C04651,Indonesia,2025-08-05,no_touchpoint
C04652,Thailand,2025-08-10,non_converter
C04653,Indonesia,2025-09-04,converter
C04654,Indonesia,2025-07-15,no_touchpoint
C04655,Thailand,2025-02-12,non_converter
C04656,Indonesia,2025-06-03,no_touchpoint
C04657,Indonesia,2025-03-20,converter
C04658,Indonesia,2025-03-31,no_touchpoint
C04659,Indonesia,2025-08-26,converter
C04660,Indonesia,2025-05-26,non_converter
C04661,Indonesia,2025-11-07,non_converter
C04662,Indonesia,2025-06-20,no_touchpoint
C04663,Indonesia,2025-08-29,no_touchpoint
C04664,Indonesia,2025-04-08,non_converter
C04665,Thailand,2025-09-14,converter
C04666,Indonesia,2025-07-11,converter
C04667,Singapore,2025-08-01,converter
C04668,Indonesia,2025-07-11,non_converter
C04669,Thailand,2025-06-07,non_converter
C04670,Indonesia,2025-10-29,non_converter
C04671,Singapore,2025-01-20,converter
C04672,Indonesia,2025-03-05,converter
C04673,Indonesia,2025-10-17,non_converter
C04674,Singapore,2025-08-12,converter
C04675,Indonesia,2025-06-28,non_converter
C04676,Thailand,2025-09-08,non_converter
C04677,Thailand,2025-07-08,no_touchpoint
C04678,Indonesia,2025-11-30,converter
C04679,Thailand,2025-08-06,non_converter
C04680,Indonesia,2025-05-05,non_converter
C04681,Thailand,2025-07-05,no_touchpoint
C04682,Indonesia,2025-12-13,no_touchpoint
C04683,Thailand,2025-12-07,non_converter
C04684,Thailand,2025-05-14,non_converter
C04685,Indonesia,2025-12-15,converter
C04686,Thailand,2025-05-07,non_converter
C04687,Thailand,2025-12-06,non_converter
C04688,Indonesia,2025-01-07,no_touchpoint
C04689,Thailand,2025-02-17,converter
C04690,Indonesia,2025-07-16,non_converter
C04691,Singapore,2025-10-28,non_converter
C04692,Indonesia,2025-02-11,non_converter
C04693,Singapore,2025-04-07,non_converter
C04694,Thailand,2025-03-26,no_touchpoint
C04695,Thailand,2025-05-10,converter
C04696,Singapore,2025-09-14,converter
C04697,Singapore,2025-12-04,non_converter
C04698,Indonesia,2025-10-28,converter
C04699,Thailand,2025-07-30,non_converter
C04700,Indonesia,2025-02-15,non_converter
C04701,Thailand,2025-10-21,non_converter
C04702,Thailand,2025-06-26,no_touchpoint
C04703,Thailand,2025-05-18,converter
C04704,Thailand,2025-07-23,non_converter
C04705,Singapore,2025-01-04,non_converter
C04706,Indonesia,2025-09-09,converter
C04707,Thailand,2025-02-05,converter
C04708,Indonesia,2025-08-02,no_touchpoint
C04709,Indonesia,2025-12-02,converter
C04710,Indonesia,2025-08-09,converter
C04711,Indonesia,2025-07-11,converter
C04712,Indonesia,2025-03-10,converter
C04713,Indonesia,2025-04-04,converter
C04714,Indonesia,2025-02-26,non_converter
C04715,Indonesia,2025-04-19,converter
C04716,Thailand,2025-01-31,non_converter
C04717,Indonesia,2025-04-09,no_touchpoint
C04718,Indonesia,2025-07-29,non_converter
C04719,Indonesia,2025-11-16,converter
C04720,Indonesia,2025-11-22,non_converter
C04721,Indonesia,2025-05-31,converter
C04722,Indonesia,2025-03-05,non_converter
C04723,Indonesia,2025-06-25,non_converter
C04724,Indonesia,2025-05-01,no_touchpoint
C04725,Thailand,2025-12-11,converter
C04726,Indonesia,2025-01-05,non_converter
C04727,Thailand,2025-01-04,no_touchpoint
C04728,Indonesia,2025-01-22,non_converter
C04729,Thailand,2025-09-25,non_converter
C04730,Thailand,2025-07-12,no_touchpoint
C04731,Singapore,2025-05-17,non_converter
C04732,Thailand,2025-08-31,converter
C04733,Indonesia,2025-11-06,converter
C04734,Thailand,2025-07-09,non_converter
C04735,Singapore,2025-06-25,converter
C04736,Singapore,2025-05-03,no_touchpoint
C04737,Indonesia,2025-12-07,converter
C04738,Indonesia,2025-11-09,non_converter
C04739,Singapore,2025-07-02,converter
C04740,Indonesia,2025-02-21,non_converter
C04741,Indonesia,2025-12-24,non_converter
C04742,Indonesia,2025-03-13,converter
C04743,Singapore,2025-03-04,converter
C04744,Singapore,2025-05-24,non_converter
C04745,Indonesia,2025-05-08,non_converter
C04746,Thailand,2025-11-13,converter
C04747,Indonesia,2025-09-01,non_converter
C04748,Indonesia,2025-12-05,no_touchpoint
C04749,Singapore,2025-11-23,non_converter
C04750,Indonesia,2025-06-14,non_converter
C04751,Singapore,2025-07-04,non_converter
C04752,Thailand,2025-06-16,non_converter
C04753,Thailand,2025-04-30,no_touchpoint
C04754,Thailand,2025-07-24,non_converter
C04755,Indonesia,2025-02-11,no_touchpoint
C04756,Singapore,2025-09-01,non_converter
C04757,Singapore,2025-12-25,converter
C04758,Indonesia,2025-07-17,non_converter
C04759,Thailand,2025-04-10,converter
C04760,Singapore,2025-09-24,non_converter
C04761,Indonesia,2025-09-16,non_converter
C04762,Thailand,2025-09-12,converter
C04763,Thailand,2025-06-04,non_converter
C04764,Singapore,2025-10-08,non_converter
C04765,Indonesia,2025-08-28,non_converter
C04766,Singapore,2025-08-17,non_converter
C04767,Thailand,2025-09-04,non_converter
C04768,Indonesia,2025-05-04,no_touchpoint
C04769,Thailand,2025-03-29,non_converter
C04770,Thailand,2025-12-04,converter
C04771,Indonesia,2025-02-24,converter
C04772,Indonesia,2025-01-15,no_touchpoint
C04773,Singapore,2025-06-17,converter
C04774,Indonesia,2025-05-24,non_converter
C04775,Thailand,2025-05-12,no_touchpoint
C04776,Indonesia,2025-12-10,non_converter
C04777,Singapore,2025-03-11,non_converter
C04778,Thailand,2025-11-21,converter
C04779,Thailand,2025-02-16,converter
C04780,Singapore,2025-06-20,no_touchpoint
C04781,Thailand,2025-10-22,non_converter
C04782,Indonesia,2025-11-04,no_touchpoint
C04783,Indonesia,2025-06-25,converter
C04784,Thailand,2025-07-15,non_converter
C04785,Singapore,2025-10-15,converter
C04786,Thailand,2025-08-12,non_converter
C04787,Indonesia,2025-04-25,non_converter
C04788,Indonesia,2025-05-29,converter
C04789,Indonesia,2025-02-15,no_touchpoint
C04790,Singapore,2025-10-31,no_touchpoint
C04791,Indonesia,2025-03-01,non_converter
C04792,Singapore,2025-03-07,no_touchpoint
C04793,Indonesia,2025-07-14,no_touchpoint
C04794,Indonesia,2025-01-01,converter
C04795,Indonesia,2025-10-30,converter
C04796,Singapore,2025-07-18,non_converter
C04797,Thailand,2025-06-13,non_converter
C04798,Singapore,2025-12-14,non_converter
C04799,Indonesia,2025-03-06,non_converter
C04800,Indonesia,2025-11-05,converter
C04801,Indonesia,2025-02-24,no_touchpoint
C04802,Singapore,2025-10-03,non_converter
C04803,Indonesia,2025-06-11,non_converter
C04804,Thailand,2025-06-01,non_converter
C04805,Thailand,2025-09-13,non_converter
C04806,Thailand,2025-03-17,converter
C04807,Thailand,2025-03-16,non_converter
C04808,Indonesia,2025-12-26,no_touchpoint
C04809,Indonesia,2025-06-13,no_touchpoint
C04810,Indonesia,2025-12-19,non_converter
C04811,Indonesia,2025-12-28,converter
C04812,Thailand,2025-11-20,converter
C04813,Indonesia,2025-09-11,non_converter
C04814,Indonesia,2025-07-12,non_converter
C04815,Indonesia,2025-06-20,converter
C04816,Thailand,2025-04-18,converter
C04817,Thailand,2025-04-26,converter
C04818,Singapore,2025-01-27,non_converter
C04819,Singapore,2025-04-02,non_converter
C04820,Indonesia,2025-07-20,no_touchpoint
C04821,Singapore,2025-12-04,non_converter
C04822,Singapore,2025-03-23,non_converter
C04823,Indonesia,2025-10-08,converter
C04824,Thailand,2025-08-05,non_converter
C04825,Thailand,2025-06-28,converter
C04826,Indonesia,2025-07-20,non_converter
C04827,Indonesia,2025-05-25,non_converter
C04828,Thailand,2025-04-10,converter
C04829,Indonesia,2025-10-08,converter
C04830,Indonesia,2025-03-09,no_touchpoint
C04831,Singapore,2025-10-25,non_converter
C04832,Thailand,2025-01-28,non_converter
C04833,Indonesia,2025-12-30,converter
C04834,Indonesia,2025-12-02,non_converter
C04835,Indonesia,2025-03-12,converter
C04836,Indonesia,2025-09-05,non_converter
C04837,Indonesia,2025-03-16,converter
C04838,Thailand,2025-04-11,non_converter
C04839,Indonesia,2025-01-05,no_touchpoint
C04840,Indonesia,2025-10-22,non_converter
C04841,Indonesia,2025-03-17,converter
C04842,Thailand,2025-08-07,non_converter
C04843,Singapore,2025-03-28,converter
C04844,Indonesia,2025-02-19,non_converter
C04845,Indonesia,2025-08-31,converter
C04846,Indonesia,2025-01-27,non_converter
C04847,Thailand,2025-09-21,converter
C04848,Indonesia,2025-10-31,converter
C04849,Thailand,2025-03-18,non_converter
C04850,Indonesia,2025-07-26,non_converter
C04851,Indonesia,2025-03-02,non_converter
C04852,Indonesia,2025-09-08,no_touchpoint
C04853,Singapore,2025-11-02,non_converter
C04854,Thailand,2025-12-01,non_converter
C04855,Singapore,2025-12-21,non_converter
C04856,Thailand,2025-12-10,non_converter
C04857,Singapore,2025-08-26,non_converter
C04858,Indonesia,2025-11-29,non_converter
C04859,Thailand,2025-11-20,no_touchpoint
C04860,Indonesia,2025-07-08,non_converter
C04861,Indonesia,2025-03-01,no_touchpoint
C04862,Thailand,2025-09-08,no_touchpoint
C04863,Indonesia,2025-09-18,converter
C04864,Indonesia,2025-10-28,non_converter
C04865,Indonesia,2025-10-21,non_converter
C04866,Thailand,2025-12-22,non_converter
C04867,Indonesia,2025-10-31,non_converter
C04868,Singapore,2025-09-05,non_converter
C04869,Indonesia,2025-12-26,converter
C04870,Indonesia,2025-10-20,converter
C04871,Indonesia,2025-06-16,non_converter
C04872,Indonesia,2025-10-03,converter
C04873,Indonesia,2025-12-25,non_converter
C04874,Thailand,2025-10-12,no_touchpoint
C04875,Indonesia,2025-09-29,converter
C04876,Thailand,2025-09-23,converter
C04877,Thailand,2025-10-03,non_converter
C04878,Indonesia,2025-11-30,converter
C04879,Singapore,2025-04-17,converter
C04880,Indonesia,2025-03-02,converter
C04881,Thailand,2025-11-03,non_converter
C04882,Indonesia,2025-01-03,non_converter
C04883,Indonesia,2025-06-10,converter
C04884,Indonesia,2025-03-07,non_converter
C04885,Indonesia,2025-12-01,converter
C04886,Indonesia,2025-10-15,converter
C04887,Indonesia,2025-01-18,non_converter
C04888,Indonesia,2025-03-05,converter
C04889,Singapore,2025-07-06,no_touchpoint
C04890,Indonesia,2025-03-29,converter
C04891,Indonesia,2025-12-03,non_converter
C04892,Indonesia,2025-06-03,non_converter
C04893,Singapore,2025-09-23,non_converter
C04894,Thailand,2025-05-31,non_converter
C04895,Indonesia,2025-08-16,converter
C04896,Thailand,2025-09-09,converter
C04897,Singapore,2025-09-25,non_converter
C04898,Thailand,2025-06-30,non_converter
C04899,Indonesia,2025-09-19,no_touchpoint
C04900,Thailand,2025-02-20,non_converter
C04901,Indonesia,2025-01-23,non_converter
C04902,Indonesia,2025-04-07,non_converter
C04903,Singapore,2025-04-21,non_converter
C04904,Indonesia,2025-11-05,no_touchpoint
C04905,Indonesia,2025-10-30,non_converter
C04906,Thailand,2025-03-07,no_touchpoint
C04907,Indonesia,2025-08-05,non_converter
C04908,Indonesia,2025-05-11,non_converter
C04909,Singapore,2025-11-29,converter
C04910,Indonesia,2025-07-24,converter
C04911,Thailand,2025-05-11,non_converter
C04912,Indonesia,2025-12-22,no_touchpoint
C04913,Indonesia,2025-04-15,converter
C04914,Singapore,2025-05-18,non_converter
C04915,Thailand,2025-12-23,non_converter
C04916,Indonesia,2025-07-10,non_converter
C04917,Thailand,2025-11-28,non_converter
C04918,Indonesia,2025-11-06,non_converter
C04919,Indonesia,2025-03-20,converter
C04920,Indonesia,2025-08-11,converter
C04921,Indonesia,2025-11-06,converter
C04922,Indonesia,2025-05-19,non_converter
C04923,Thailand,2025-02-26,no_touchpoint
C04924,Indonesia,2025-07-28,non_converter
C04925,Indonesia,2025-11-24,converter
C04926,Thailand,2025-06-20,no_touchpoint
C04927,Singapore,2025-03-16,converter
C04928,Indonesia,2025-04-26,converter
C04929,Indonesia,2025-02-20,non_converter
C04930,Indonesia,2025-04-24,non_converter
C04931,Thailand,2025-02-23,non_converter
C04932,Indonesia,2025-03-05,no_touchpoint
C04933,Indonesia,2025-06-06,converter
C04934,Indonesia,2025-09-08,non_converter
C04935,Thailand,2025-06-28,no_touchpoint
C04936,Indonesia,2025-05-25,non_converter
C04937,Indonesia,2025-11-08,converter
C04938,Indonesia,2025-01-25,non_converter
C04939,Indonesia,2025-07-19,non_converter
C04940,Singapore,2025-12-14,converter
C04941,Indonesia,2025-09-30,converter
C04942,Indonesia,2025-07-26,non_converter
C04943,Indonesia,2025-03-07,no_touchpoint
C04944,Indonesia,2025-12-18,converter
C04945,Thailand,2025-03-21,non_converter
C04946,Indonesia,2025-03-15,non_converter
C04947,Indonesia,2025-05-17,converter
C04948,Singapore,2025-11-24,non_converter
C04949,Thailand,2025-12-29,converter
C04950,Thailand,2025-12-14,converter
C04951,Indonesia,2025-12-28,no_touchpoint
C04952,Singapore,2025-08-13,no_touchpoint
C04953,Indonesia,2025-08-28,non_converter
C04954,Singapore,2025-05-22,no_touchpoint
C04955,Singapore,2025-09-24,non_converter
C04956,Indonesia,2025-04-28,no_touchpoint
C04957,Singapore,2025-02-14,non_converter
C04958,Thailand,2025-07-28,non_converter
C04959,Thailand,2025-02-16,non_converter
C04960,Thailand,2025-02-09,non_converter
C04961,Indonesia,2025-02-17,non_converter
C04962,Indonesia,2025-01-30,converter
C04963,Indonesia,2025-05-27,converter
C04964,Thailand,2025-09-10,converter
C04965,Singapore,2025-01-06,converter
C04966,Thailand,2025-08-06,non_converter
C04967,Indonesia,2025-03-11,non_converter
C04968,Thailand,2025-09-21,no_touchpoint
C04969,Singapore,2025-12-13,converter
C04970,Indonesia,2025-12-24,no_touchpoint
C04971,Thailand,2025-01-08,non_converter
C04972,Thailand,2025-01-04,non_converter
C04973,Indonesia,2025-12-26,non_converter
C04974,Indonesia,2025-06-26,converter
C04975,Singapore,2025-12-05,converter
C04976,Thailand,2025-09-28,converter
C04977,Thailand,2025-01-22,converter
C04978,Thailand,2025-03-28,no_touchpoint
C04979,Singapore,2025-09-26,non_converter
C04980,Indonesia,2025-03-31,non_converter
C04981,Indonesia,2025-03-10,converter
C04982,Indonesia,2025-01-27,non_converter
C04983,Indonesia,2025-07-14,converter
C04984,Indonesia,2025-02-27,converter
C04985,Indonesia,2025-12-14,converter
C04986,Singapore,2025-10-04,converter
C04987,Indonesia,2025-03-02,converter
C04988,Indonesia,2025-09-05,no_touchpoint
C04989,Indonesia,2025-04-20,non_converter
C04990,Indonesia,2025-11-20,non_converter
C04991,Singapore,2025-04-22,converter
C04992,Indonesia,2025-11-26,converter
C04993,Singapore,2025-01-19,non_converter
C04994,Thailand,2025-11-13,converter
C04995,Indonesia,2025-01-30,non_converter
C04996,Indonesia,2025-11-12,non_converter
C04997,Indonesia,2025-06-02,non_converter
C04998,Indonesia,2025-01-03,non_converter
C04999,Indonesia,2025-04-06,converter
C05000,Indonesia,2025-01-05,converter
C05001,Indonesia,2025-09-09,non_converter
C05002,Indonesia,2025-09-28,converter
C05003,Indonesia,2025-03-20,non_converter
C05004,Indonesia,2025-09-07,no_touchpoint
C05005,Indonesia,2025-12-03,non_converter
C05006,Indonesia,2025-08-29,non_converter
C05007,Indonesia,2025-06-03,non_converter
C05008,Indonesia,2025-04-04,converter
C05009,Indonesia,2025-05-18,non_converter
C05010,Thailand,2025-08-13,non_converter
C05011,Indonesia,2025-08-13,non_converter
C05012,Thailand,2025-07-01,no_touchpoint
C05013,Indonesia,2025-01-03,converter
C05014,Indonesia,2025-12-30,no_touchpoint
C05015,Indonesia,2025-04-08,no_touchpoint
C05016,Indonesia,2025-03-10,non_converter
C05017,Singapore,2025-06-19,non_converter
C05018,Thailand,2025-03-24,non_converter
C05019,Singapore,2025-09-03,no_touchpoint
C05020,Indonesia,2025-05-17,non_converter
C05021,Indonesia,2025-09-08,converter
C05022,Thailand,2025-12-16,no_touchpoint
C05023,Thailand,2025-06-16,non_converter
C05024,Indonesia,2025-07-24,non_converter
C05025,Indonesia,2025-07-19,converter
C05026,Thailand,2025-02-25,non_converter
C05027,Indonesia,2025-03-06,no_touchpoint
C05028,Indonesia,2025-09-14,no_touchpoint
C05029,Indonesia,2025-12-17,non_converter
C05030,Thailand,2025-12-14,converter
C05031,Singapore,2025-08-08,non_converter
C05032,Indonesia,2025-01-05,non_converter
C05033,Indonesia,2025-05-29,no_touchpoint
C05034,Thailand,2025-02-12,converter
C05035,Thailand,2025-05-07,non_converter
C05036,Indonesia,2025-09-19,converter
C05037,Thailand,2025-05-24,converter
C05038,Singapore,2025-05-15,non_converter
C05039,Thailand,2025-05-07,non_converter
C05040,Indonesia,2025-08-08,non_converter
C05041,Thailand,2025-12-28,non_converter
C05042,Thailand,2025-02-22,converter
C05043,Thailand,2025-09-15,non_converter
C05044,Singapore,2025-04-07,non_converter
C05045,Thailand,2025-10-30,converter
C05046,Indonesia,2025-03-18,converter
C05047,Indonesia,2025-03-09,converter
C05048,Singapore,2025-05-21,non_converter
C05049,Indonesia,2025-03-16,converter
C05050,Indonesia,2025-11-12,converter
C05051,Indonesia,2025-01-27,converter
C05052,Indonesia,2025-09-26,no_touchpoint
C05053,Singapore,2025-11-21,non_converter
C05054,Indonesia,2025-04-24,no_touchpoint
C05055,Indonesia,2025-09-03,non_converter
C05056,Thailand,2025-08-07,non_converter
C05057,Indonesia,2025-06-05,non_converter
C05058,Indonesia,2025-07-06,converter
C05059,Thailand,2025-06-29,converter
C05060,Indonesia,2025-05-07,non_converter
C05061,Indonesia,2025-01-25,converter
C05062,Indonesia,2025-01-01,non_converter
C05063,Indonesia,2025-06-14,converter
C05064,Indonesia,2025-08-30,no_touchpoint
C05065,Indonesia,2025-11-07,converter
C05066,Indonesia,2025-04-05,converter
C05067,Indonesia,2025-09-09,converter
C05068,Indonesia,2025-06-05,non_converter
C05069,Indonesia,2025-12-09,non_converter
C05070,Thailand,2025-10-10,converter
C05071,Indonesia,2025-03-08,converter
C05072,Thailand,2025-07-05,non_converter
C05073,Indonesia,2025-10-29,no_touchpoint
C05074,Indonesia,2025-07-10,non_converter
C05075,Indonesia,2025-05-22,no_touchpoint
C05076,Indonesia,2025-07-16,non_converter
C05077,Indonesia,2025-02-24,converter
C05078,Indonesia,2025-11-05,converter
C05079,Singapore,2025-10-28,non_converter
C05080,Thailand,2025-12-02,converter
C05081,Thailand,2025-04-09,non_converter
C05082,Indonesia,2025-02-20,no_touchpoint
C05083,Thailand,2025-10-07,no_touchpoint
C05084,Thailand,2025-06-04,converter
C05085,Indonesia,2025-04-14,converter
C05086,Indonesia,2025-03-20,no_touchpoint
C05087,Indonesia,2025-04-09,non_converter
C05088,Indonesia,2025-12-31,converter
C05089,Singapore,2025-10-14,non_converter
C05090,Indonesia,2025-07-07,non_converter
C05091,Singapore,2025-03-02,converter
C05092,Indonesia,2025-02-04,no_touchpoint
C05093,Singapore,2025-09-26,non_converter
C05094,Thailand,2025-09-15,non_converter
C05095,Indonesia,2025-03-27,non_converter
C05096,Singapore,2025-12-23,non_converter
C05097,Indonesia,2025-05-29,non_converter
C05098,Indonesia,2025-10-17,non_converter
C05099,Indonesia,2025-12-22,no_touchpoint
C05100,Indonesia,2025-07-23,no_touchpoint
C05101,Singapore,2025-09-30,converter
C05102,Indonesia,2025-02-08,non_converter
C05103,Indonesia,2025-09-18,non_converter
C05104,Indonesia,2025-07-19,converter
C05105,Indonesia,2025-05-20,converter
C05106,Indonesia,2025-01-02,non_converter
C05107,Indonesia,2025-04-22,converter
C05108,Singapore,2025-01-05,converter
C05109,Indonesia,2025-09-20,non_converter
C05110,Thailand,2025-12-29,non_converter
C05111,Indonesia,2025-05-13,non_converter
C05112,Indonesia,2025-04-23,non_converter
C05113,Indonesia,2025-05-18,converter
C05114,Indonesia,2025-03-29,converter
C05115,Indonesia,2025-10-01,no_touchpoint
C05116,Thailand,2025-01-21,converter
C05117,Singapore,2025-05-23,non_converter
C05118,Singapore,2025-05-19,non_converter
C05119,Thailand,2025-01-27,non_converter
C05120,Singapore,2025-05-08,converter
C05121,Indonesia,2025-04-18,converter
C05122,Thailand,2025-01-01,no_touchpoint
C05123,Thailand,2025-11-20,converter
C05124,Indonesia,2025-07-08,non_converter
C05125,Singapore,2025-12-28,non_converter
C05126,Thailand,2025-05-16,non_converter
C05127,Singapore,2025-07-29,converter
C05128,Indonesia,2025-05-31,no_touchpoint
C05129,Thailand,2025-01-30,non_converter
C05130,Thailand,2025-01-06,converter
C05131,Thailand,2025-04-23,non_converter
C05132,Indonesia,2025-05-24,non_converter
C05133,Indonesia,2025-01-09,non_converter
C05134,Indonesia,2025-10-26,no_touchpoint
C05135,Indonesia,2025-12-19,converter
C05136,Indonesia,2025-12-01,non_converter
C05137,Thailand,2025-11-17,converter
C05138,Indonesia,2025-10-10,no_touchpoint
C05139,Indonesia,2025-08-15,non_converter
C05140,Indonesia,2025-05-18,converter
C05141,Thailand,2025-11-19,converter
C05142,Indonesia,2025-07-22,converter
C05143,Thailand,2025-04-29,converter
C05144,Indonesia,2025-08-11,no_touchpoint
C05145,Indonesia,2025-09-03,no_touchpoint
C05146,Indonesia,2025-04-03,converter
C05147,Indonesia,2025-04-01,non_converter
C05148,Singapore,2025-09-09,converter
C05149,Thailand,2025-04-03,converter
C05150,Indonesia,2025-01-11,non_converter
C05151,Thailand,2025-04-01,non_converter
C05152,Thailand,2025-12-18,non_converter
C05153,Indonesia,2025-02-05,converter
C05154,Indonesia,2025-08-07,no_touchpoint
C05155,Singapore,2025-11-27,converter
C05156,Thailand,2025-02-21,non_converter
C05157,Thailand,2025-03-12,non_converter
C05158,Thailand,2025-01-07,no_touchpoint
C05159,Indonesia,2025-07-13,converter
C05160,Thailand,2025-02-26,converter
C05161,Singapore,2025-11-26,non_converter
C05162,Indonesia,2025-03-09,converter
C05163,Indonesia,2025-02-12,no_touchpoint
C05164,Indonesia,2025-11-18,converter
C05165,Singapore,2025-01-05,converter
C05166,Indonesia,2025-02-24,converter
C05167,Singapore,2025-06-23,non_converter
C05168,Indonesia,2025-02-13,converter
C05169,Thailand,2025-09-03,converter
C05170,Thailand,2025-08-16,no_touchpoint
C05171,Indonesia,2025-06-07,converter
C05172,Indonesia,2025-03-21,no_touchpoint
C05173,Thailand,2025-10-06,converter
C05174,Indonesia,2025-11-18,converter
C05175,Thailand,2025-01-11,non_converter
C05176,Indonesia,2025-02-22,non_converter
C05177,Indonesia,2025-02-22,no_touchpoint
C05178,Indonesia,2025-08-01,converter
C05179,Indonesia,2025-04-25,non_converter
C05180,Indonesia,2025-08-07,non_converter
C05181,Thailand,2025-06-30,non_converter
C05182,Singapore,2025-04-26,non_converter
C05183,Indonesia,2025-12-17,non_converter
C05184,Indonesia,2025-02-27,non_converter
C05185,Indonesia,2025-02-26,converter
C05186,Indonesia,2025-05-25,no_touchpoint
C05187,Indonesia,2025-11-12,converter
C05188,Singapore,2025-07-04,non_converter
C05189,Singapore,2025-02-13,non_converter
C05190,Indonesia,2025-11-06,non_converter
C05191,Indonesia,2025-08-08,non_converter
C05192,Indonesia,2025-11-04,non_converter
C05193,Indonesia,2025-08-06,non_converter
C05194,Thailand,2025-12-08,no_touchpoint
C05195,Thailand,2025-11-16,no_touchpoint
C05196,Singapore,2025-06-28,non_converter
C05197,Singapore,2025-05-19,converter
C05198,Indonesia,2025-12-05,no_touchpoint
C05199,Thailand,2025-05-16,non_converter
C05200,Thailand,2025-12-31,non_converter
C05201,Singapore,2025-01-02,non_converter
C05202,Thailand,2025-03-18,converter
C05203,Indonesia,2025-03-17,no_touchpoint
C05204,Indonesia,2025-07-19,converter
C05205,Thailand,2025-09-02,converter
C05206,Indonesia,2025-02-27,no_touchpoint
C05207,Indonesia,2025-05-23,non_converter
C05208,Singapore,2025-06-15,non_converter
C05209,Thailand,2025-04-04,no_touchpoint
C05210,Indonesia,2025-06-30,non_converter
C05211,Indonesia,2025-08-06,non_converter
C05212,Thailand,2025-07-31,converter
C05213,Indonesia,2025-11-22,non_converter
C05214,Singapore,2025-12-01,converter
C05215,Indonesia,2025-07-16,non_converter
C05216,Indonesia,2025-09-12,non_converter
C05217,Indonesia,2025-09-10,non_converter
C05218,Indonesia,2025-04-28,non_converter
C05219,Thailand,2025-10-25,no_touchpoint
C05220,Indonesia,2025-09-27,no_touchpoint
C05221,Thailand,2025-12-22,converter
C05222,Thailand,2025-04-23,non_converter
C05223,Indonesia,2025-05-01,converter
C05224,Singapore,2025-04-15,converter
C05225,Indonesia,2025-01-09,non_converter
C05226,Singapore,2025-08-31,no_touchpoint
C05227,Indonesia,2025-02-26,non_converter
C05228,Indonesia,2025-06-28,converter
C05229,Indonesia,2025-03-13,converter
C05230,Thailand,2025-03-15,converter
C05231,Singapore,2025-10-10,non_converter
C05232,Indonesia,2025-08-04,converter
C05233,Indonesia,2025-04-25,converter
C05234,Indonesia,2025-03-12,non_converter
C05235,Thailand,2025-12-23,no_touchpoint
C05236,Thailand,2025-07-13,converter
C05237,Singapore,2025-12-23,non_converter
C05238,Indonesia,2025-07-10,converter
C05239,Thailand,2025-02-24,converter
C05240,Indonesia,2025-02-07,converter
C05241,Singapore,2025-11-01,converter
C05242,Indonesia,2025-01-16,non_converter
C05243,Indonesia,2025-03-14,non_converter
C05244,Indonesia,2025-02-09,non_converter
C05245,Indonesia,2025-08-02,no_touchpoint
C05246,Indonesia,2025-04-04,converter
C05247,Thailand,2025-03-13,non_converter
C05248,Singapore,2025-12-24,no_touchpoint
C05249,Indonesia,2025-08-29,non_converter
C05250,Indonesia,2025-06-22,non_converter
C05251,Thailand,2025-11-27,non_converter
C05252,Indonesia,2025-05-27,non_converter
C05253,Singapore,2025-01-31,non_converter
C05254,Thailand,2025-01-17,non_converter
C05255,Indonesia,2025-03-30,converter
C05256,Indonesia,2025-01-06,no_touchpoint
C05257,Thailand,2025-08-05,converter
C05258,Indonesia,2025-08-21,non_converter
C05259,Singapore,2025-05-13,converter
C05260,Indonesia,2025-09-14,no_touchpoint
C05261,Indonesia,2025-04-27,no_touchpoint
C05262,Indonesia,2025-03-22,non_converter
C05263,Indonesia,2025-02-17,converter
C05264,Thailand,2025-03-06,non_converter
C05265,Thailand,2025-07-25,non_converter
C05266,Indonesia,2025-04-23,non_converter
C05267,Thailand,2025-10-14,non_converter
C05268,Thailand,2025-02-09,no_touchpoint
C05269,Indonesia,2025-08-28,converter
C05270,Thailand,2025-12-01,no_touchpoint
C05271,Indonesia,2025-07-14,no_touchpoint
C05272,Thailand,2025-07-10,non_converter
C05273,Indonesia,2025-04-10,non_converter
C05274,Indonesia,2025-02-23,non_converter
C05275,Thailand,2025-11-05,non_converter
C05276,Indonesia,2025-06-21,no_touchpoint
C05277,Indonesia,2025-05-25,no_touchpoint
C05278,Indonesia,2025-02-24,converter
C05279,Indonesia,2025-11-02,converter
C05280,Indonesia,2025-06-08,non_converter
C05281,Thailand,2025-04-14,no_touchpoint
C05282,Indonesia,2025-01-17,converter
C05283,Singapore,2025-02-13,non_converter
C05284,Indonesia,2025-10-17,converter
C05285,Indonesia,2025-09-05,no_touchpoint
C05286,Indonesia,2025-06-11,non_converter
C05287,Indonesia,2025-06-08,no_touchpoint
C05288,Thailand,2025-07-02,no_touchpoint
C05289,Indonesia,2025-07-23,no_touchpoint
C05290,Thailand,2025-06-11,non_converter
C05291,Singapore,2025-07-02,non_converter
C05292,Thailand,2025-12-26,non_converter
C05293,Indonesia,2025-06-19,non_converter
C05294,Indonesia,2025-09-15,converter
C05295,Indonesia,2025-03-18,no_touchpoint
C05296,Indonesia,2025-07-15,converter
C05297,Indonesia,2025-01-20,no_touchpoint
C05298,Thailand,2025-03-19,non_converter
C05299,Singapore,2025-02-10,no_touchpoint
C05300,Singapore,2025-02-17,converter
C05301,Singapore,2025-04-29,non_converter
C05302,Thailand,2025-12-15,non_converter
C05303,Singapore,2025-03-24,non_converter
C05304,Indonesia,2025-09-14,non_converter
C05305,Thailand,2025-11-08,non_converter
C05306,Indonesia,2025-06-24,no_touchpoint
C05307,Indonesia,2025-03-09,non_converter
C05308,Thailand,2025-07-04,converter
C05309,Indonesia,2025-08-09,no_touchpoint
C05310,Thailand,2025-12-31,converter
C05311,Indonesia,2025-07-18,converter
C05312,Thailand,2025-11-09,converter
C05313,Indonesia,2025-03-20,non_converter
C05314,Indonesia,2025-09-12,converter
C05315,Indonesia,2025-01-08,no_touchpoint
C05316,Indonesia,2025-06-08,converter
C05317,Indonesia,2025-02-14,no_touchpoint
C05318,Indonesia,2025-08-21,converter
C05319,Indonesia,2025-06-01,no_touchpoint
C05320,Indonesia,2025-05-24,no_touchpoint
C05321,Indonesia,2025-06-30,no_touchpoint
C05322,Thailand,2025-04-02,no_touchpoint
C05323,Indonesia,2025-08-24,converter
C05324,Singapore,2025-08-31,non_converter
C05325,Thailand,2025-08-15,non_converter
C05326,Singapore,2025-03-13,non_converter
C05327,Indonesia,2025-10-19,converter
C05328,Singapore,2025-07-06,converter
C05329,Indonesia,2025-07-25,no_touchpoint
C05330,Singapore,2025-11-14,non_converter
C05331,Indonesia,2025-03-08,converter
C05332,Thailand,2025-09-20,no_touchpoint
C05333,Indonesia,2025-06-10,converter
C05334,Indonesia,2025-12-16,no_touchpoint
C05335,Indonesia,2025-08-19,converter
C05336,Indonesia,2025-12-16,no_touchpoint
C05337,Indonesia,2025-11-26,non_converter
C05338,Thailand,2025-05-06,no_touchpoint
C05339,Indonesia,2025-10-15,non_converter
C05340,Indonesia,2025-02-23,non_converter
C05341,Indonesia,2025-03-23,converter
C05342,Indonesia,2025-02-07,non_converter
C05343,Thailand,2025-08-25,no_touchpoint
C05344,Indonesia,2025-06-28,converter
C05345,Indonesia,2025-11-25,non_converter
C05346,Indonesia,2025-08-27,converter
C05347,Thailand,2025-04-03,non_converter
C05348,Thailand,2025-07-23,converter
C05349,Indonesia,2025-04-13,no_touchpoint
C05350,Indonesia,2025-02-03,no_touchpoint
C05351,Indonesia,2025-11-06,no_touchpoint
C05352,Thailand,2025-12-26,no_touchpoint
C05353,Indonesia,2025-02-28,converter
C05354,Indonesia,2025-01-20,non_converter
C05355,Indonesia,2025-08-29,converter
C05356,Indonesia,2025-04-20,no_touchpoint
C05357,Singapore,2025-01-17,converter
C05358,Indonesia,2025-07-14,no_touchpoint
C05359,Thailand,2025-07-05,non_converter
C05360,Indonesia,2025-08-31,converter
C05361,Singapore,2025-04-19,no_touchpoint
C05362,Indonesia,2025-12-17,converter
C05363,Thailand,2025-05-10,non_converter
C05364,Indonesia,2025-02-12,no_touchpoint
C05365,Indonesia,2025-05-21,no_touchpoint
C05366,Singapore,2025-06-02,converter
C05367,Singapore,2025-08-20,non_converter
C05368,Indonesia,2025-09-26,non_converter
C05369,Indonesia,2025-05-13,non_converter
C05370,Indonesia,2025-01-28,no_touchpoint
C05371,Indonesia,2025-08-08,non_converter
C05372,Indonesia,2025-06-02,no_touchpoint
C05373,Singapore,2025-06-28,no_touchpoint
C05374,Indonesia,2025-09-04,non_converter
C05375,Thailand,2025-12-19,converter
C05376,Indonesia,2025-12-23,converter
C05377,Indonesia,2025-12-21,no_touchpoint
C05378,Indonesia,2025-01-06,converter
C05379,Indonesia,2025-11-02,non_converter
C05380,Indonesia,2025-12-08,converter
C05381,Indonesia,2025-03-16,non_converter
C05382,Indonesia,2025-06-12,non_converter
C05383,Singapore,2025-08-23,no_touchpoint
C05384,Singapore,2025-09-13,non_converter
C05385,Thailand,2025-02-28,non_converter
C05386,Indonesia,2025-12-12,non_converter
C05387,Thailand,2025-09-24,converter
C05388,Singapore,2025-08-19,non_converter
C05389,Thailand,2025-03-06,non_converter
C05390,Singapore,2025-11-24,no_touchpoint
C05391,Indonesia,2025-02-19,non_converter
C05392,Indonesia,2025-04-07,non_converter
C05393,Thailand,2025-10-07,non_converter
C05394,Indonesia,2025-11-04,non_converter
C05395,Indonesia,2025-06-28,converter
C05396,Singapore,2025-04-08,converter
C05397,Singapore,2025-10-23,non_converter
C05398,Thailand,2025-07-09,non_converter
C05399,Indonesia,2025-01-09,non_converter
C05400,Indonesia,2025-06-07,non_converter
C05401,Thailand,2025-03-05,converter
C05402,Singapore,2025-11-29,non_converter
C05403,Indonesia,2025-07-31,converter
C05404,Thailand,2025-06-30,non_converter
C05405,Indonesia,2025-08-07,converter
C05406,Indonesia,2025-06-21,non_converter
C05407,Indonesia,2025-04-01,non_converter
C05408,Indonesia,2025-07-11,no_touchpoint
C05409,Indonesia,2025-11-01,non_converter
C05410,Indonesia,2025-08-12,non_converter
C05411,Thailand,2025-12-04,non_converter
C05412,Thailand,2025-08-12,converter
C05413,Thailand,2025-12-26,non_converter
C05414,Singapore,2025-02-20,no_touchpoint
C05415,Indonesia,2025-02-23,non_converter
C05416,Thailand,2025-01-09,converter
C05417,Indonesia,2025-07-30,non_converter
C05418,Singapore,2025-11-16,non_converter
C05419,Thailand,2025-02-21,converter
C05420,Indonesia,2025-09-15,non_converter
C05421,Thailand,2025-01-17,converter
C05422,Indonesia,2025-08-04,non_converter
C05423,Indonesia,2025-08-21,no_touchpoint
C05424,Indonesia,2025-02-28,converter
C05425,Singapore,2025-08-29,converter
C05426,Singapore,2025-06-29,non_converter
C05427,Indonesia,2025-08-26,non_converter
C05428,Thailand,2025-11-27,non_converter
C05429,Indonesia,2025-07-22,non_converter
C05430,Thailand,2025-07-11,non_converter
C05431,Indonesia,2025-09-17,converter
C05432,Indonesia,2025-12-04,non_converter
C05433,Thailand,2025-08-01,non_converter
C05434,Singapore,2025-01-03,converter
C05435,Indonesia,2025-08-01,converter
C05436,Indonesia,2025-01-14,no_touchpoint
C05437,Thailand,2025-07-11,converter
C05438,Thailand,2025-09-23,converter
C05439,Indonesia,2025-11-04,converter
C05440,Singapore,2025-03-29,converter
C05441,Indonesia,2025-08-09,non_converter
C05442,Indonesia,2025-07-20,converter
C05443,Indonesia,2025-11-26,converter
C05444,Thailand,2025-01-27,non_converter
C05445,Indonesia,2025-10-23,non_converter
C05446,Indonesia,2025-11-22,converter
C05447,Indonesia,2025-03-30,converter
C05448,Indonesia,2025-06-12,non_converter
C05449,Indonesia,2025-08-12,converter
C05450,Thailand,2025-12-30,converter
C05451,Indonesia,2025-09-16,non_converter
C05452,Thailand,2025-10-23,converter
C05453,Singapore,2025-11-18,converter
C05454,Indonesia,2025-10-11,no_touchpoint
C05455,Indonesia,2025-06-15,non_converter
C05456,Indonesia,2025-02-17,converter
C05457,Thailand,2025-01-06,converter
C05458,Indonesia,2025-10-31,non_converter
C05459,Thailand,2025-11-13,converter
C05460,Indonesia,2025-02-10,no_touchpoint
C05461,Thailand,2025-01-13,no_touchpoint
C05462,Singapore,2025-03-08,non_converter
C05463,Thailand,2025-11-21,no_touchpoint
C05464,Indonesia,2025-07-03,non_converter
C05465,Singapore,2025-12-01,non_converter
C05466,Indonesia,2025-06-02,converter
C05467,Thailand,2025-05-06,converter
C05468,Thailand,2025-07-13,converter
C05469,Indonesia,2025-12-04,non_converter
C05470,Singapore,2025-02-12,non_converter
C05471,Indonesia,2025-11-18,non_converter
C05472,Singapore,2025-10-24,converter
C05473,Indonesia,2025-02-26,non_converter
C05474,Indonesia,2025-11-02,non_converter
C05475,Indonesia,2025-03-14,non_converter
C05476,Indonesia,2025-04-03,non_converter
C05477,Thailand,2025-09-11,converter
C05478,Indonesia,2025-04-17,no_touchpoint
C05479,Thailand,2025-09-09,converter
C05480,Indonesia,2025-07-31,non_converter
C05481,Indonesia,2025-11-17,non_converter
C05482,Indonesia,2025-12-18,non_converter
C05483,Thailand,2025-06-10,non_converter
C05484,Thailand,2025-08-19,non_converter
C05485,Indonesia,2025-04-03,non_converter
C05486,Thailand,2025-04-02,converter
C05487,Thailand,2025-11-20,converter
C05488,Indonesia,2025-01-17,converter
C05489,Singapore,2025-06-25,no_touchpoint
C05490,Singapore,2025-09-05,no_touchpoint
C05491,Indonesia,2025-11-04,converter
C05492,Indonesia,2025-03-23,converter
C05493,Singapore,2025-05-11,non_converter
C05494,Thailand,2025-04-09,no_touchpoint
C05495,Indonesia,2025-10-02,converter
C05496,Thailand,2025-09-20,non_converter
C05497,Singapore,2025-04-21,no_touchpoint
C05498,Singapore,2025-02-28,non_converter
C05499,Indonesia,2025-01-16,no_touchpoint
C05500,Indonesia,2025-04-23,no_touchpoint
C05501,Singapore,2025-12-21,converter
C05502,Indonesia,2025-05-18,non_converter
C05503,Singapore,2025-04-13,non_converter
C05504,Thailand,2025-06-28,non_converter
C05505,Indonesia,2025-11-30,no_touchpoint
C05506,Indonesia,2025-09-11,converter
C05507,Singapore,2025-07-24,no_touchpoint
C05508,Indonesia,2025-05-09,no_touchpoint
C05509,Thailand,2025-12-18,non_converter
C05510,Singapore,2025-05-24,non_converter
C05511,Indonesia,2025-02-22,non_converter
C05512,Indonesia,2025-10-28,non_converter
C05513,Singapore,2025-04-16,converter
C05514,Indonesia,2025-09-07,non_converter
C05515,Indonesia,2025-08-17,no_touchpoint
C05516,Thailand,2025-05-20,converter
C05517,Indonesia,2025-11-15,non_converter
C05518,Indonesia,2025-07-16,no_touchpoint
C05519,Indonesia,2025-10-18,converter
C05520,Thailand,2025-11-20,converter
C05521,Indonesia,2025-08-19,non_converter
C05522,Singapore,2025-01-18,no_touchpoint
C05523,Indonesia,2025-05-10,converter
C05524,Thailand,2025-05-31,converter
C05525,Singapore,2025-11-27,non_converter
C05526,Indonesia,2025-09-29,no_touchpoint
C05527,Indonesia,2025-01-16,non_converter
C05528,Indonesia,2025-06-15,converter
C05529,Indonesia,2025-04-06,converter
C05530,Indonesia,2025-02-07,converter
C05531,Indonesia,2025-07-10,non_converter
C05532,Indonesia,2025-06-10,non_converter
C05533,Thailand,2025-06-13,converter
C05534,Indonesia,2025-06-18,non_converter
C05535,Thailand,2025-10-18,non_converter
C05536,Indonesia,2025-04-30,converter
C05537,Indonesia,2025-07-17,no_touchpoint
C05538,Indonesia,2025-04-19,no_touchpoint
C05539,Indonesia,2025-02-22,no_touchpoint
C05540,Singapore,2025-11-08,converter
C05541,Indonesia,2025-12-10,converter
C05542,Indonesia,2025-11-27,non_converter
C05543,Indonesia,2025-08-11,converter
C05544,Indonesia,2025-06-13,no_touchpoint
C05545,Thailand,2025-01-26,non_converter
C05546,Indonesia,2025-09-13,non_converter
C05547,Indonesia,2025-05-21,non_converter
C05548,Indonesia,2025-03-05,converter
C05549,Indonesia,2025-11-04,converter
C05550,Indonesia,2025-07-16,no_touchpoint
C05551,Indonesia,2025-01-11,non_converter
C05552,Thailand,2025-11-26,converter
C05553,Singapore,2025-10-22,non_converter
C05554,Indonesia,2025-08-25,non_converter
C05555,Indonesia,2025-07-26,non_converter
C05556,Singapore,2025-10-01,non_converter
C05557,Indonesia,2025-01-21,non_converter
C05558,Indonesia,2025-01-09,converter
C05559,Thailand,2025-02-18,non_converter
C05560,Thailand,2025-08-01,converter
C05561,Indonesia,2025-05-21,non_converter
C05562,Indonesia,2025-06-27,non_converter
C05563,Thailand,2025-10-12,non_converter
C05564,Thailand,2025-09-10,no_touchpoint
C05565,Indonesia,2025-07-21,converter
C05566,Indonesia,2025-08-21,no_touchpoint
C05567,Singapore,2025-11-25,non_converter
C05568,Thailand,2025-03-04,converter
C05569,Indonesia,2025-11-13,no_touchpoint
C05570,Indonesia,2025-04-25,non_converter
C05571,Indonesia,2025-01-06,converter
C05572,Singapore,2025-06-15,non_converter
C05573,Indonesia,2025-08-12,non_converter
C05574,Indonesia,2025-02-15,non_converter
C05575,Thailand,2025-07-08,converter
C05576,Singapore,2025-10-03,no_touchpoint
C05577,Singapore,2025-12-19,non_converter
C05578,Singapore,2025-05-13,non_converter
C05579,Indonesia,2025-01-23,non_converter
C05580,Indonesia,2025-06-05,non_converter
C05581,Thailand,2025-06-18,converter
C05582,Indonesia,2025-07-14,converter
C05583,Singapore,2025-03-29,converter
C05584,Indonesia,2025-10-26,non_converter
C05585,Indonesia,2025-03-06,converter
C05586,Thailand,2025-03-17,non_converter
C05587,Thailand,2025-07-31,no_touchpoint
C05588,Indonesia,2025-12-09,no_touchpoint
C05589,Indonesia,2025-09-28,non_converter
C05590,Thailand,2025-09-02,converter
C05591,Indonesia,2025-05-24,non_converter
C05592,Indonesia,2025-09-05,converter
C05593,Thailand,2025-05-16,converter
C05594,Indonesia,2025-12-31,converter
C05595,Thailand,2025-10-13,non_converter
C05596,Thailand,2025-05-05,non_converter
C05597,Thailand,2025-04-16,no_touchpoint
C05598,Singapore,2025-02-08,non_converter
C05599,Indonesia,2025-01-31,non_converter
C05600,Indonesia,2025-12-10,no_touchpoint
C05601,Indonesia,2025-07-17,no_touchpoint
C05602,Indonesia,2025-02-23,non_converter
C05603,Thailand,2025-10-30,converter
C05604,Singapore,2025-09-21,non_converter
C05605,Thailand,2025-06-09,converter
C05606,Indonesia,2025-12-02,converter
C05607,Indonesia,2025-09-16,no_touchpoint
C05608,Indonesia,2025-03-08,non_converter
C05609,Indonesia,2025-07-06,converter
C05610,Singapore,2025-08-20,no_touchpoint
C05611,Indonesia,2025-09-20,converter
C05612,Indonesia,2025-07-24,no_touchpoint
C05613,Indonesia,2025-05-23,non_converter
C05614,Indonesia,2025-12-18,converter
C05615,Thailand,2025-10-23,converter
C05616,Indonesia,2025-03-17,converter
C05617,Thailand,2025-02-24,non_converter
C05618,Indonesia,2025-05-04,non_converter
C05619,Indonesia,2025-08-24,no_touchpoint
C05620,Indonesia,2025-01-15,converter
C05621,Indonesia,2025-09-29,converter
C05622,Indonesia,2025-05-16,non_converter
C05623,Indonesia,2025-10-09,non_converter
C05624,Indonesia,2025-08-09,no_touchpoint
C05625,Indonesia,2025-07-23,converter
C05626,Indonesia,2025-09-18,converter
C05627,Indonesia,2025-08-14,non_converter
C05628,Indonesia,2025-02-20,converter
C05629,Thailand,2025-07-15,converter
C05630,Indonesia,2025-08-05,non_converter
C05631,Indonesia,2025-04-07,non_converter
C05632,Indonesia,2025-11-01,no_touchpoint
C05633,Indonesia,2025-11-08,no_touchpoint
C05634,Indonesia,2025-08-10,non_converter
C05635,Thailand,2025-01-26,no_touchpoint
C05636,Indonesia,2025-02-26,no_touchpoint
C05637,Singapore,2025-01-28,non_converter
C05638,Indonesia,2025-10-22,converter
C05639,Indonesia,2025-02-03,no_touchpoint
C05640,Indonesia,2025-05-22,converter
C05641,Thailand,2025-11-14,converter
C05642,Indonesia,2025-07-27,no_touchpoint
C05643,Indonesia,2025-02-21,converter
C05644,Indonesia,2025-12-21,non_converter
C05645,Indonesia,2025-04-16,no_touchpoint
C05646,Indonesia,2025-04-15,converter
C05647,Thailand,2025-05-28,no_touchpoint
C05648,Thailand,2025-05-28,converter
C05649,Indonesia,2025-02-18,no_touchpoint
C05650,Thailand,2025-12-25,non_converter
C05651,Singapore,2025-06-06,non_converter
C05652,Indonesia,2025-12-19,no_touchpoint
C05653,Thailand,2025-06-11,converter
C05654,Indonesia,2025-03-27,non_converter
C05655,Indonesia,2025-08-22,non_converter
C05656,Thailand,2025-01-07,converter
C05657,Indonesia,2025-08-08,no_touchpoint
C05658,Singapore,2025-04-01,no_touchpoint
C05659,Indonesia,2025-02-09,converter
C05660,Indonesia,2025-01-05,converter
C05661,Indonesia,2025-08-31,no_touchpoint
C05662,Singapore,2025-09-08,converter
C05663,Indonesia,2025-08-30,non_converter
C05664,Indonesia,2025-01-09,converter
C05665,Thailand,2025-05-29,no_touchpoint
C05666,Indonesia,2025-09-26,no_touchpoint
C05667,Thailand,2025-03-17,no_touchpoint
C05668,Indonesia,2025-02-21,non_converter
C05669,Indonesia,2025-06-21,converter
C05670,Singapore,2025-06-29,non_converter
C05671,Thailand,2025-05-12,no_touchpoint
C05672,Indonesia,2025-05-10,non_converter
C05673,Thailand,2025-01-07,converter
C05674,Thailand,2025-06-04,converter
C05675,Thailand,2025-09-23,non_converter
C05676,Indonesia,2025-11-02,converter
C05677,Thailand,2025-05-19,non_converter
C05678,Indonesia,2025-11-24,non_converter
C05679,Singapore,2025-07-30,non_converter
C05680,Singapore,2025-12-04,non_converter
C05681,Indonesia,2025-07-02,non_converter
C05682,Indonesia,2025-05-06,non_converter
C05683,Singapore,2025-12-23,non_converter
C05684,Indonesia,2025-07-04,converter
C05685,Indonesia,2025-02-15,no_touchpoint
C05686,Thailand,2025-07-13,converter
C05687,Singapore,2025-05-21,non_converter
C05688,Indonesia,2025-12-14,non_converter
C05689,Singapore,2025-08-19,no_touchpoint
C05690,Indonesia,2025-09-27,converter
C05691,Indonesia,2025-12-14,no_touchpoint
C05692,Indonesia,2025-06-19,non_converter
C05693,Singapore,2025-08-02,non_converter
C05694,Indonesia,2025-05-22,non_converter
C05695,Indonesia,2025-01-22,no_touchpoint
C05696,Indonesia,2025-12-26,non_converter
C05697,Indonesia,2025-11-10,converter
C05698,Indonesia,2025-08-21,no_touchpoint
C05699,Indonesia,2025-06-27,non_converter
C05700,Indonesia,2025-01-05,converter
C05701,Indonesia,2025-12-17,non_converter
C05702,Indonesia,2025-12-15,no_touchpoint
C05703,Thailand,2025-05-29,non_converter
C05704,Indonesia,2025-12-07,non_converter
C05705,Indonesia,2025-09-07,converter
C05706,Indonesia,2025-05-31,non_converter
C05707,Indonesia,2025-01-21,non_converter
C05708,Indonesia,2025-10-31,non_converter
C05709,Indonesia,2025-09-08,non_converter
C05710,Indonesia,2025-08-09,no_touchpoint
C05711,Indonesia,2025-01-01,non_converter
C05712,Indonesia,2025-03-12,converter
C05713,Thailand,2025-05-26,non_converter
C05714,Thailand,2025-09-15,non_converter
C05715,Indonesia,2025-10-15,no_touchpoint
C05716,Thailand,2025-02-14,no_touchpoint
C05717,Singapore,2025-03-15,non_converter
C05718,Indonesia,2025-04-11,non_converter
C05719,Indonesia,2025-02-11,converter
C05720,Indonesia,2025-01-17,converter
C05721,Indonesia,2025-07-01,non_converter
C05722,Thailand,2025-12-14,non_converter
C05723,Indonesia,2025-08-05,converter
C05724,Singapore,2025-02-20,non_converter
C05725,Indonesia,2025-06-04,non_converter
C05726,Indonesia,2025-03-30,converter
C05727,Singapore,2025-12-14,non_converter
C05728,Indonesia,2025-10-24,non_converter
C05729,Indonesia,2025-04-13,non_converter
C05730,Indonesia,2025-08-02,converter
C05731,Indonesia,2025-06-04,non_converter
C05732,Indonesia,2025-06-02,converter
C05733,Indonesia,2025-11-18,no_touchpoint
C05734,Indonesia,2025-04-04,no_touchpoint
C05735,Indonesia,2025-08-12,converter
C05736,Indonesia,2025-09-27,converter
C05737,Indonesia,2025-06-10,non_converter
C05738,Thailand,2025-12-17,non_converter
C05739,Indonesia,2025-08-28,converter
C05740,Indonesia,2025-08-27,converter
C05741,Indonesia,2025-07-30,non_converter
C05742,Indonesia,2025-10-14,non_converter
C05743,Indonesia,2025-08-04,non_converter
C05744,Thailand,2025-03-13,converter
C05745,Thailand,2025-06-04,converter
C05746,Indonesia,2025-10-25,no_touchpoint
C05747,Thailand,2025-03-07,non_converter
C05748,Singapore,2025-10-17,no_touchpoint
C05749,Thailand,2025-01-28,no_touchpoint
C05750,Indonesia,2025-07-21,non_converter
C05751,Indonesia,2025-12-10,converter
C05752,Indonesia,2025-09-23,non_converter
C05753,Indonesia,2025-01-28,non_converter
C05754,Thailand,2025-05-19,non_converter
C05755,Indonesia,2025-11-29,converter
C05756,Indonesia,2025-11-01,non_converter
C05757,Indonesia,2025-05-29,converter
C05758,Indonesia,2025-12-20,no_touchpoint
C05759,Indonesia,2025-02-01,converter
C05760,Thailand,2025-10-27,converter
C05761,Thailand,2025-01-28,non_converter
C05762,Indonesia,2025-09-22,converter
C05763,Indonesia,2025-09-11,no_touchpoint
C05764,Thailand,2025-12-12,converter
C05765,Indonesia,2025-03-21,non_converter
C05766,Thailand,2025-06-09,converter
C05767,Thailand,2025-01-04,non_converter
C05768,Thailand,2025-11-16,no_touchpoint
C05769,Indonesia,2025-02-28,no_touchpoint
C05770,Thailand,2025-03-20,converter
C05771,Indonesia,2025-03-03,non_converter
C05772,Indonesia,2025-05-07,converter
C05773,Indonesia,2025-08-31,converter
C05774,Indonesia,2025-09-16,no_touchpoint
C05775,Singapore,2025-01-29,non_converter
C05776,Indonesia,2025-06-03,converter
C05777,Thailand,2025-04-05,non_converter
C05778,Indonesia,2025-10-07,non_converter
C05779,Thailand,2025-11-10,converter
C05780,Thailand,2025-12-03,converter
C05781,Indonesia,2025-08-10,converter
C05782,Indonesia,2025-01-12,no_touchpoint
C05783,Indonesia,2025-12-03,no_touchpoint
C05784,Thailand,2025-09-19,no_touchpoint
C05785,Indonesia,2025-10-07,non_converter
C05786,Indonesia,2025-09-03,no_touchpoint
C05787,Indonesia,2025-12-08,non_converter
C05788,Indonesia,2025-10-29,no_touchpoint
C05789,Indonesia,2025-12-08,non_converter
C05790,Thailand,2025-07-17,converter
C05791,Indonesia,2025-02-24,no_touchpoint
C05792,Indonesia,2025-08-06,non_converter
C05793,Indonesia,2025-05-26,non_converter
C05794,Indonesia,2025-10-16,no_touchpoint
C05795,Indonesia,2025-10-25,non_converter
C05796,Thailand,2025-11-27,non_converter
C05797,Thailand,2025-12-03,non_converter
C05798,Singapore,2025-01-22,non_converter
C05799,Singapore,2025-07-01,converter
C05800,Singapore,2025-08-28,non_converter
C05801,Indonesia,2025-08-23,non_converter
C05802,Indonesia,2025-03-23,non_converter
C05803,Indonesia,2025-09-15,non_converter
C05804,Indonesia,2025-12-28,no_touchpoint
C05805,Indonesia,2025-09-20,non_converter
C05806,Indonesia,2025-12-02,no_touchpoint
C05807,Thailand,2025-12-02,converter
C05808,Indonesia,2025-06-23,non_converter
C05809,Indonesia,2025-03-13,non_converter
C05810,Indonesia,2025-12-04,no_touchpoint
C05811,Indonesia,2025-07-21,non_converter
C05812,Indonesia,2025-11-27,converter
C05813,Thailand,2025-08-30,converter
C05814,Indonesia,2025-04-03,converter
C05815,Thailand,2025-09-17,non_converter
C05816,Indonesia,2025-09-27,no_touchpoint
C05817,Indonesia,2025-12-24,converter
C05818,Indonesia,2025-10-25,converter
C05819,Thailand,2025-11-13,no_touchpoint
C05820,Indonesia,2025-02-04,converter
C05821,Indonesia,2025-03-23,converter
C05822,Indonesia,2025-12-07,converter
C05823,Indonesia,2025-12-14,no_touchpoint
C05824,Singapore,2025-04-29,non_converter
C05825,Indonesia,2025-05-02,non_converter
C05826,Thailand,2025-03-31,converter
C05827,Thailand,2025-07-16,no_touchpoint
C05828,Singapore,2025-08-04,converter
C05829,Thailand,2025-02-01,non_converter
C05830,Indonesia,2025-02-28,non_converter
C05831,Indonesia,2025-02-07,converter
C05832,Thailand,2025-07-11,non_converter
C05833,Singapore,2025-01-16,non_converter
C05834,Indonesia,2025-06-14,converter
C05835,Indonesia,2025-08-19,non_converter
C05836,Indonesia,2025-11-23,non_converter
C05837,Indonesia,2025-04-13,non_converter
C05838,Indonesia,2025-09-09,no_touchpoint
C05839,Indonesia,2025-05-27,non_converter
C05840,Indonesia,2025-03-24,converter
C05841,Thailand,2025-09-28,no_touchpoint
C05842,Indonesia,2025-04-09,non_converter
C05843,Thailand,2025-01-13,non_converter
C05844,Indonesia,2025-12-09,converter
C05845,Thailand,2025-01-18,converter
C05846,Indonesia,2025-01-03,non_converter
C05847,Indonesia,2025-07-28,non_converter
C05848,Indonesia,2025-02-06,non_converter
C05849,Thailand,2025-12-16,converter
C05850,Indonesia,2025-11-25,no_touchpoint
C05851,Thailand,2025-04-08,converter
C05852,Thailand,2025-10-20,converter
C05853,Indonesia,2025-09-14,no_touchpoint
C05854,Singapore,2025-11-13,converter
C05855,Thailand,2025-03-12,non_converter
C05856,Indonesia,2025-08-13,non_converter
C05857,Singapore,2025-07-12,converter
C05858,Indonesia,2025-10-19,non_converter
C05859,Indonesia,2025-09-22,converter
C05860,Indonesia,2025-03-02,no_touchpoint
C05861,Thailand,2025-01-27,no_touchpoint
C05862,Indonesia,2025-06-19,no_touchpoint
C05863,Singapore,2025-05-29,non_converter
C05864,Indonesia,2025-05-09,non_converter
C05865,Indonesia,2025-07-03,non_converter
C05866,Singapore,2025-03-22,no_touchpoint
C05867,Indonesia,2025-02-08,non_converter
C05868,Singapore,2025-05-04,non_converter
C05869,Indonesia,2025-11-09,converter
C05870,Thailand,2025-07-24,non_converter
C05871,Thailand,2025-10-07,converter
C05872,Indonesia,2025-02-26,no_touchpoint
C05873,Thailand,2025-05-15,converter
C05874,Indonesia,2025-01-17,non_converter
C05875,Indonesia,2025-05-14,non_converter
C05876,Indonesia,2025-01-31,no_touchpoint
C05877,Thailand,2025-10-08,no_touchpoint
C05878,Singapore,2025-06-18,non_converter
C05879,Singapore,2025-12-06,converter
C05880,Indonesia,2025-02-01,converter
C05881,Thailand,2025-02-07,converter
C05882,Singapore,2025-10-16,non_converter
C05883,Thailand,2025-12-26,converter
C05884,Indonesia,2025-01-19,non_converter
C05885,Singapore,2025-02-06,converter
C05886,Thailand,2025-11-03,non_converter
C05887,Singapore,2025-02-11,no_touchpoint
C05888,Singapore,2025-09-03,converter
C05889,Thailand,2025-05-19,non_converter
C05890,Indonesia,2025-02-23,converter
C05891,Indonesia,2025-09-17,converter
C05892,Indonesia,2025-06-29,converter
C05893,Thailand,2025-06-05,non_converter
C05894,Indonesia,2025-04-27,non_converter
C05895,Indonesia,2025-01-29,converter
C05896,Indonesia,2025-04-11,non_converter
C05897,Thailand,2025-07-14,non_converter
C05898,Indonesia,2025-01-10,non_converter
C05899,Indonesia,2025-01-27,converter
C05900,Thailand,2025-07-13,converter
C05901,Thailand,2025-08-09,non_converter
C05902,Indonesia,2025-10-09,non_converter
C05903,Indonesia,2025-08-13,non_converter
C05904,Singapore,2025-11-12,converter
C05905,Indonesia,2025-07-08,non_converter
C05906,Indonesia,2025-06-25,no_touchpoint
C05907,Indonesia,2025-01-30,non_converter
C05908,Indonesia,2025-02-17,non_converter
C05909,Indonesia,2025-04-27,no_touchpoint
C05910,Indonesia,2025-10-02,no_touchpoint
C05911,Singapore,2025-01-08,no_touchpoint
C05912,Thailand,2025-05-08,non_converter
C05913,Indonesia,2025-02-09,non_converter
C05914,Indonesia,2025-08-13,non_converter
C05915,Indonesia,2025-01-23,converter
C05916,Thailand,2025-11-05,non_converter
C05917,Singapore,2025-05-06,converter
C05918,Thailand,2025-03-08,no_touchpoint
C05919,Thailand,2025-09-03,non_converter
C05920,Indonesia,2025-12-03,non_converter
C05921,Singapore,2025-05-09,no_touchpoint
C05922,Indonesia,2025-04-16,non_converter
C05923,Singapore,2025-07-02,converter
C05924,Indonesia,2025-04-23,no_touchpoint
C05925,Singapore,2025-06-04,non_converter
C05926,Indonesia,2025-10-10,non_converter
C05927,Indonesia,2025-12-01,no_touchpoint
C05928,Indonesia,2025-05-17,non_converter
C05929,Indonesia,2025-10-05,no_touchpoint
C05930,Indonesia,2025-01-28,non_converter
C05931,Thailand,2025-07-30,non_converter
C05932,Indonesia,2025-11-15,non_converter
C05933,Indonesia,2025-02-10,non_converter
C05934,Thailand,2025-03-12,non_converter
C05935,Indonesia,2025-09-24,converter
C05936,Indonesia,2025-10-11,non_converter
C05937,Thailand,2025-07-10,non_converter
C05938,Indonesia,2025-03-14,converter
C05939,Thailand,2025-05-01,non_converter
C05940,Thailand,2025-11-29,converter
C05941,Indonesia,2025-02-28,non_converter
C05942,Indonesia,2025-01-18,converter
C05943,Indonesia,2025-10-29,no_touchpoint
C05944,Indonesia,2025-02-13,non_converter
C05945,Indonesia,2025-11-09,no_touchpoint
C05946,Singapore,2025-01-10,converter
C05947,Indonesia,2025-07-16,converter
C05948,Indonesia,2025-04-25,no_touchpoint
C05949,Thailand,2025-04-05,non_converter
C05950,Indonesia,2025-09-30,no_touchpoint
C05951,Indonesia,2025-06-06,no_touchpoint
C05952,Singapore,2025-06-28,no_touchpoint
C05953,Thailand,2025-11-08,converter
C05954,Singapore,2025-06-22,non_converter
C05955,Thailand,2025-05-15,converter
C05956,Indonesia,2025-10-30,non_converter
C05957,Indonesia,2025-01-15,converter
C05958,Indonesia,2025-11-15,non_converter
C05959,Thailand,2025-08-07,no_touchpoint
C05960,Thailand,2025-01-30,non_converter
C05961,Indonesia,2025-10-11,non_converter
C05962,Indonesia,2025-12-14,non_converter
C05963,Indonesia,2025-10-01,converter
C05964,Thailand,2025-10-21,converter
C05965,Indonesia,2025-09-23,non_converter
C05966,Indonesia,2025-07-15,converter
C05967,Indonesia,2025-05-02,non_converter
C05968,Indonesia,2025-01-08,non_converter
C05969,Singapore,2025-12-16,no_touchpoint
C05970,Singapore,2025-02-13,no_touchpoint
C05971,Indonesia,2025-10-05,non_converter
C05972,Indonesia,2025-10-20,non_converter
C05973,Indonesia,2025-11-12,converter
C05974,Thailand,2025-05-18,non_converter
C05975,Thailand,2025-12-01,no_touchpoint
C05976,Indonesia,2025-11-08,converter
C05977,Indonesia,2025-06-07,converter
C05978,Thailand,2025-06-14,non_converter
C05979,Indonesia,2025-04-02,no_touchpoint
C05980,Indonesia,2025-01-09,non_converter
C05981,Indonesia,2025-08-27,no_touchpoint
C05982,Indonesia,2025-07-03,non_converter
C05983,Indonesia,2025-10-12,converter
C05984,Indonesia,2025-01-30,no_touchpoint
C05985,Indonesia,2025-02-10,non_converter
C05986,Indonesia,2025-11-09,no_touchpoint
C05987,Indonesia,2025-02-02,no_touchpoint
C05988,Thailand,2025-05-13,converter
C05989,Indonesia,2025-05-22,non_converter
C05990,Indonesia,2025-09-11,non_converter
C05991,Indonesia,2025-11-19,converter
C05992,Thailand,2025-11-13,converter
C05993,Indonesia,2025-04-30,non_converter
C05994,Indonesia,2025-01-20,non_converter
C05995,Singapore,2025-09-17,no_touchpoint
C05996,Indonesia,2025-10-24,non_converter
C05997,Thailand,2025-10-11,no_touchpoint
C05998,Singapore,2025-02-01,no_touchpoint
C05999,Singapore,2025-05-13,no_touchpoint
C06000,Thailand,2025-01-09,non_converter
C06001,Indonesia,2025-06-30,non_converter
C06002,Thailand,2025-01-23,non_converter
C06003,Indonesia,2025-06-29,converter
C06004,Indonesia,2025-09-17,converter
C06005,Indonesia,2025-09-19,non_converter
C06006,Indonesia,2025-04-15,non_converter
C06007,Thailand,2025-07-10,no_touchpoint
C06008,Indonesia,2025-12-15,non_converter
C06009,Indonesia,2025-11-25,non_converter
C06010,Indonesia,2025-05-25,non_converter
C06011,Thailand,2025-06-17,converter
C06012,Indonesia,2025-07-04,no_touchpoint
C06013,Singapore,2025-07-28,non_converter
C06014,Indonesia,2025-07-11,no_touchpoint
C06015,Thailand,2025-05-31,non_converter
C06016,Indonesia,2025-03-24,no_touchpoint
C06017,Singapore,2025-05-29,non_converter
C06018,Indonesia,2025-10-30,converter
C06019,Indonesia,2025-11-08,non_converter
C06020,Indonesia,2025-06-10,non_converter
C06021,Thailand,2025-09-18,non_converter
C06022,Indonesia,2025-12-31,converter
C06023,Indonesia,2025-04-21,converter
C06024,Indonesia,2025-10-26,no_touchpoint
C06025,Indonesia,2025-03-18,no_touchpoint
C06026,Indonesia,2025-11-29,non_converter
C06027,Singapore,2025-02-09,converter
C06028,Indonesia,2025-04-25,no_touchpoint
C06029,Thailand,2025-10-22,non_converter
C06030,Indonesia,2025-08-03,non_converter
C06031,Thailand,2025-03-04,non_converter
C06032,Thailand,2025-09-28,non_converter
C06033,Indonesia,2025-11-07,non_converter
C06034,Indonesia,2025-09-26,non_converter
C06035,Indonesia,2025-06-12,non_converter
C06036,Indonesia,2025-10-22,no_touchpoint
C06037,Indonesia,2025-05-05,non_converter
C06038,Indonesia,2025-07-05,no_touchpoint
C06039,Thailand,2025-06-11,non_converter
C06040,Thailand,2025-03-01,non_converter
C06041,Thailand,2025-08-16,no_touchpoint
C06042,Indonesia,2025-07-29,no_touchpoint
C06043,Indonesia,2025-06-30,converter
C06044,Singapore,2025-02-09,non_converter
C06045,Indonesia,2025-12-01,converter
C06046,Indonesia,2025-04-28,non_converter
C06047,Indonesia,2025-08-03,non_converter
C06048,Singapore,2025-03-06,non_converter
C06049,Thailand,2025-05-06,non_converter
C06050,Thailand,2025-07-28,converter
C06051,Indonesia,2025-12-07,non_converter
C06052,Thailand,2025-05-14,converter
C06053,Indonesia,2025-06-24,non_converter
C06054,Indonesia,2025-02-11,non_converter
C06055,Singapore,2025-09-16,converter
C06056,Indonesia,2025-10-22,non_converter
C06057,Singapore,2025-04-12,non_converter
C06058,Indonesia,2025-08-21,converter
C06059,Indonesia,2025-03-03,converter
C06060,Thailand,2025-10-11,converter
C06061,Thailand,2025-08-29,no_touchpoint
C06062,Singapore,2025-03-06,non_converter
C06063,Indonesia,2025-08-09,converter
C06064,Singapore,2025-03-27,converter
C06065,Indonesia,2025-03-09,non_converter
C06066,Singapore,2025-09-29,converter
C06067,Indonesia,2025-08-05,non_converter
C06068,Thailand,2025-07-25,no_touchpoint
C06069,Thailand,2025-05-04,non_converter
C06070,Indonesia,2025-03-02,non_converter
C06071,Indonesia,2025-06-22,converter
C06072,Indonesia,2025-11-12,converter
C06073,Indonesia,2025-01-24,non_converter
C06074,Singapore,2025-07-01,converter
C06075,Thailand,2025-07-29,no_touchpoint
C06076,Indonesia,2025-08-12,non_converter
C06077,Thailand,2025-09-02,converter
C06078,Thailand,2025-04-04,no_touchpoint
C06079,Singapore,2025-10-29,non_converter
C06080,Indonesia,2025-09-18,converter
C06081,Indonesia,2025-01-04,converter
C06082,Thailand,2025-07-09,converter
C06083,Indonesia,2025-08-21,converter
C06084,Indonesia,2025-08-13,non_converter
C06085,Indonesia,2025-10-29,non_converter
C06086,Indonesia,2025-02-19,non_converter
C06087,Indonesia,2025-09-10,no_touchpoint
C06088,Indonesia,2025-10-16,no_touchpoint
C06089,Indonesia,2025-09-26,non_converter
C06090,Indonesia,2025-08-07,converter
C06091,Indonesia,2025-07-16,non_converter
C06092,Singapore,2025-04-02,no_touchpoint
C06093,Thailand,2025-01-22,converter
C06094,Indonesia,2025-04-18,no_touchpoint
C06095,Indonesia,2025-05-23,no_touchpoint
C06096,Indonesia,2025-11-12,converter
C06097,Indonesia,2025-06-27,non_converter
C06098,Indonesia,2025-03-02,non_converter
C06099,Indonesia,2025-09-07,non_converter
C06100,Indonesia,2025-03-28,no_touchpoint
C06101,Singapore,2025-05-13,converter
C06102,Singapore,2025-02-24,no_touchpoint
C06103,Indonesia,2025-12-08,no_touchpoint
C06104,Indonesia,2025-02-19,no_touchpoint
C06105,Thailand,2025-09-18,no_touchpoint
C06106,Indonesia,2025-01-15,non_converter
C06107,Singapore,2025-01-21,non_converter
C06108,Indonesia,2025-10-04,converter
C06109,Indonesia,2025-04-10,no_touchpoint
C06110,Indonesia,2025-01-14,non_converter
C06111,Singapore,2025-05-25,non_converter
C06112,Indonesia,2025-10-20,non_converter
C06113,Indonesia,2025-08-16,non_converter
C06114,Indonesia,2025-08-21,no_touchpoint
C06115,Thailand,2025-02-26,no_touchpoint
C06116,Indonesia,2025-03-03,non_converter
C06117,Indonesia,2025-08-10,non_converter
C06118,Singapore,2025-02-14,non_converter
C06119,Thailand,2025-05-23,no_touchpoint
C06120,Singapore,2025-03-01,no_touchpoint
C06121,Thailand,2025-02-10,converter
C06122,Thailand,2025-04-24,non_converter
C06123,Indonesia,2025-06-17,non_converter
C06124,Indonesia,2025-06-21,non_converter
C06125,Thailand,2025-11-19,non_converter
C06126,Thailand,2025-12-11,converter
C06127,Thailand,2025-12-28,no_touchpoint
C06128,Indonesia,2025-01-20,non_converter
C06129,Thailand,2025-12-28,no_touchpoint
C06130,Indonesia,2025-06-12,non_converter
C06131,Thailand,2025-10-13,no_touchpoint
C06132,Indonesia,2025-11-17,no_touchpoint
C06133,Thailand,2025-11-21,converter
C06134,Indonesia,2025-05-06,non_converter
C06135,Singapore,2025-07-12,non_converter
C06136,Thailand,2025-04-23,converter
C06137,Indonesia,2025-05-16,non_converter
C06138,Thailand,2025-09-06,non_converter
C06139,Indonesia,2025-09-12,converter
C06140,Thailand,2025-04-12,no_touchpoint
C06141,Singapore,2025-02-15,non_converter
C06142,Indonesia,2025-04-20,converter
C06143,Indonesia,2025-02-04,non_converter
C06144,Indonesia,2025-11-09,non_converter
C06145,Indonesia,2025-04-02,non_converter
C06146,Indonesia,2025-12-19,converter
C06147,Thailand,2025-07-14,non_converter
C06148,Thailand,2025-05-01,non_converter
C06149,Indonesia,2025-09-05,non_converter
C06150,Singapore,2025-04-03,no_touchpoint
C06151,Singapore,2025-04-29,non_converter
C06152,Indonesia,2025-12-09,converter
C06153,Indonesia,2025-11-19,converter
C06154,Indonesia,2025-07-02,no_touchpoint
C06155,Indonesia,2025-06-01,converter
C06156,Singapore,2025-02-27,non_converter
C06157,Indonesia,2025-05-28,converter
C06158,Indonesia,2025-08-17,non_converter
C06159,Indonesia,2025-12-06,non_converter
C06160,Indonesia,2025-04-01,converter
C06161,Thailand,2025-06-13,non_converter
C06162,Thailand,2025-06-27,non_converter
C06163,Indonesia,2025-12-27,non_converter
C06164,Thailand,2025-09-05,no_touchpoint
C06165,Thailand,2025-09-08,no_touchpoint
C06166,Indonesia,2025-12-18,non_converter
C06167,Indonesia,2025-05-29,converter
C06168,Singapore,2025-04-21,converter
C06169,Indonesia,2025-07-29,converter
C06170,Indonesia,2025-06-15,no_touchpoint
C06171,Indonesia,2025-06-12,non_converter
C06172,Indonesia,2025-08-15,non_converter
C06173,Singapore,2025-05-14,non_converter
C06174,Indonesia,2025-05-18,converter
C06175,Indonesia,2025-04-23,converter
C06176,Indonesia,2025-01-24,converter
C06177,Indonesia,2025-07-29,non_converter
C06178,Indonesia,2025-03-27,converter
C06179,Indonesia,2025-11-17,non_converter
C06180,Thailand,2025-11-11,converter
C06181,Thailand,2025-03-08,non_converter
C06182,Singapore,2025-01-11,non_converter
C06183,Thailand,2025-01-11,converter
C06184,Thailand,2025-02-16,converter
C06185,Singapore,2025-06-20,non_converter
C06186,Indonesia,2025-10-11,converter
C06187,Indonesia,2025-01-26,converter
C06188,Indonesia,2025-07-05,non_converter
C06189,Thailand,2025-03-22,converter
C06190,Singapore,2025-07-22,non_converter
C06191,Indonesia,2025-04-28,converter
C06192,Singapore,2025-03-24,non_converter
C06193,Indonesia,2025-06-19,non_converter
C06194,Thailand,2025-10-11,non_converter
C06195,Indonesia,2025-01-07,non_converter
C06196,Thailand,2025-01-11,no_touchpoint
C06197,Indonesia,2025-09-27,converter
C06198,Thailand,2025-07-23,non_converter
C06199,Indonesia,2025-01-22,converter
C06200,Indonesia,2025-06-04,converter
C06201,Thailand,2025-11-20,no_touchpoint
C06202,Indonesia,2025-05-07,non_converter
C06203,Thailand,2025-03-05,no_touchpoint
C06204,Thailand,2025-07-13,no_touchpoint
C06205,Thailand,2025-03-09,non_converter
C06206,Singapore,2025-05-19,no_touchpoint
C06207,Indonesia,2025-02-09,non_converter
C06208,Thailand,2025-12-27,non_converter
C06209,Indonesia,2025-08-01,non_converter
C06210,Thailand,2025-10-05,non_converter
C06211,Indonesia,2025-03-19,no_touchpoint
C06212,Thailand,2025-10-29,converter
C06213,Thailand,2025-04-10,no_touchpoint
C06214,Thailand,2025-06-09,non_converter
C06215,Indonesia,2025-08-06,no_touchpoint
C06216,Indonesia,2025-01-12,non_converter
C06217,Indonesia,2025-08-23,non_converter
C06218,Singapore,2025-05-16,non_converter
C06219,Indonesia,2025-10-23,non_converter
C06220,Indonesia,2025-05-30,non_converter
C06221,Singapore,2025-04-24,non_converter
C06222,Indonesia,2025-10-15,no_touchpoint
C06223,Singapore,2025-05-26,non_converter
C06224,Indonesia,2025-10-01,converter
C06225,Indonesia,2025-07-15,non_converter
C06226,Thailand,2025-09-12,converter
C06227,Thailand,2025-07-10,converter
C06228,Indonesia,2025-02-25,no_touchpoint
C06229,Singapore,2025-10-23,non_converter
C06230,Thailand,2025-07-23,non_converter
C06231,Indonesia,2025-08-17,converter
C06232,Indonesia,2025-10-16,converter
C06233,Indonesia,2025-06-09,converter
C06234,Singapore,2025-11-19,no_touchpoint
C06235,Indonesia,2025-02-18,converter
C06236,Singapore,2025-04-17,non_converter
C06237,Indonesia,2025-09-08,non_converter
C06238,Indonesia,2025-02-12,non_converter
C06239,Thailand,2025-11-12,converter
C06240,Thailand,2025-09-25,converter
C06241,Thailand,2025-10-18,converter
C06242,Thailand,2025-01-31,converter
C06243,Indonesia,2025-05-10,no_touchpoint
C06244,Thailand,2025-06-22,converter
C06245,Indonesia,2025-01-19,converter
C06246,Indonesia,2025-10-17,converter
C06247,Indonesia,2025-01-03,non_converter
C06248,Thailand,2025-04-18,converter
C06249,Indonesia,2025-09-08,non_converter
C06250,Singapore,2025-06-10,converter
C06251,Indonesia,2025-05-01,non_converter
C06252,Indonesia,2025-12-29,converter
C06253,Singapore,2025-10-12,non_converter
C06254,Singapore,2025-02-11,non_converter
C06255,Thailand,2025-08-06,non_converter
C06256,Indonesia,2025-07-12,non_converter
C06257,Indonesia,2025-01-07,no_touchpoint
C06258,Indonesia,2025-03-04,non_converter
C06259,Singapore,2025-08-13,converter
C06260,Indonesia,2025-02-28,converter
C06261,Indonesia,2025-08-06,converter
C06262,Thailand,2025-11-17,no_touchpoint
C06263,Indonesia,2025-09-07,non_converter
C06264,Indonesia,2025-10-08,non_converter
C06265,Indonesia,2025-01-05,converter
C06266,Singapore,2025-08-11,no_touchpoint
C06267,Indonesia,2025-12-13,no_touchpoint
C06268,Thailand,2025-06-15,non_converter
C06269,Indonesia,2025-07-10,converter
C06270,Indonesia,2025-03-26,non_converter
C06271,Thailand,2025-09-25,converter
C06272,Singapore,2025-11-11,non_converter
C06273,Indonesia,2025-07-10,non_converter
C06274,Indonesia,2025-05-09,converter
C06275,Singapore,2025-04-18,no_touchpoint
C06276,Indonesia,2025-03-11,no_touchpoint
C06277,Indonesia,2025-08-31,non_converter
C06278,Indonesia,2025-08-02,converter
C06279,Indonesia,2025-08-29,converter
C06280,Indonesia,2025-01-03,converter
C06281,Indonesia,2025-04-07,converter
C06282,Indonesia,2025-02-18,non_converter
C06283,Indonesia,2025-06-19,no_touchpoint
C06284,Indonesia,2025-11-16,no_touchpoint
C06285,Indonesia,2025-03-22,no_touchpoint
C06286,Indonesia,2025-11-22,converter
C06287,Indonesia,2025-04-26,no_touchpoint
C06288,Singapore,2025-01-08,converter
C06289,Indonesia,2025-05-21,converter
C06290,Indonesia,2025-08-07,converter
C06291,Indonesia,2025-06-06,converter
C06292,Singapore,2025-07-26,non_converter
C06293,Indonesia,2025-10-15,non_converter
C06294,Indonesia,2025-12-04,non_converter
C06295,Indonesia,2025-10-31,non_converter
C06296,Indonesia,2025-04-21,non_converter
C06297,Indonesia,2025-05-15,converter
C06298,Thailand,2025-03-06,non_converter
C06299,Thailand,2025-10-28,non_converter
C06300,Indonesia,2025-07-16,converter
C06301,Thailand,2025-10-31,non_converter
C06302,Thailand,2025-11-12,non_converter
C06303,Indonesia,2025-08-31,non_converter
C06304,Thailand,2025-01-02,no_touchpoint
C06305,Indonesia,2025-04-21,converter
C06306,Indonesia,2025-11-11,no_touchpoint
C06307,Indonesia,2025-03-26,converter
C06308,Indonesia,2025-01-01,non_converter
C06309,Indonesia,2025-01-27,non_converter
C06310,Indonesia,2025-08-14,converter
C06311,Indonesia,2025-08-30,non_converter
C06312,Thailand,2025-09-14,converter
C06313,Indonesia,2025-05-04,non_converter
C06314,Thailand,2025-07-13,converter
C06315,Indonesia,2025-12-28,non_converter
C06316,Thailand,2025-06-09,non_converter
C06317,Indonesia,2025-06-12,converter
C06318,Thailand,2025-11-06,converter
C06319,Singapore,2025-03-27,converter
C06320,Thailand,2025-05-23,non_converter
C06321,Indonesia,2025-08-12,no_touchpoint
C06322,Thailand,2025-09-08,converter
C06323,Thailand,2025-05-09,converter
C06324,Singapore,2025-10-13,non_converter
C06325,Indonesia,2025-11-30,converter
C06326,Singapore,2025-01-13,no_touchpoint
C06327,Thailand,2025-08-27,converter
C06328,Thailand,2025-06-27,no_touchpoint
C06329,Thailand,2025-04-20,non_converter
C06330,Indonesia,2025-04-08,converter
C06331,Singapore,2025-04-02,no_touchpoint
C06332,Indonesia,2025-01-06,non_converter
C06333,Indonesia,2025-07-04,non_converter
C06334,Indonesia,2025-01-03,no_touchpoint
C06335,Indonesia,2025-06-18,converter
C06336,Singapore,2025-07-08,converter
C06337,Singapore,2025-09-15,no_touchpoint
C06338,Indonesia,2025-11-07,no_touchpoint
C06339,Indonesia,2025-11-28,non_converter
C06340,Indonesia,2025-09-03,non_converter
C06341,Thailand,2025-12-23,non_converter
C06342,Thailand,2025-05-21,converter
C06343,Thailand,2025-10-20,non_converter
C06344,Singapore,2025-08-30,converter
C06345,Indonesia,2025-11-20,converter
C06346,Indonesia,2025-03-30,no_touchpoint
C06347,Thailand,2025-11-28,converter
C06348,Indonesia,2025-02-23,non_converter
C06349,Thailand,2025-01-15,non_converter
C06350,Thailand,2025-03-20,non_converter
C06351,Singapore,2025-04-01,non_converter
C06352,Indonesia,2025-03-09,converter
C06353,Indonesia,2025-03-03,no_touchpoint
C06354,Thailand,2025-11-23,non_converter
C06355,Indonesia,2025-06-10,no_touchpoint
C06356,Indonesia,2025-10-06,non_converter
C06357,Thailand,2025-04-10,non_converter
C06358,Indonesia,2025-01-09,no_touchpoint
C06359,Thailand,2025-12-11,non_converter
C06360,Singapore,2025-06-12,converter
C06361,Singapore,2025-03-28,non_converter
C06362,Thailand,2025-10-28,converter
C06363,Indonesia,2025-07-07,converter
C06364,Indonesia,2025-12-07,no_touchpoint
C06365,Thailand,2025-12-08,non_converter
C06366,Indonesia,2025-02-03,no_touchpoint
C06367,Indonesia,2025-09-14,non_converter
C06368,Indonesia,2025-05-17,non_converter
C06369,Indonesia,2025-08-16,non_converter
C06370,Indonesia,2025-11-08,non_converter
C06371,Indonesia,2025-09-16,non_converter
C06372,Thailand,2025-11-22,no_touchpoint
C06373,Indonesia,2025-01-02,non_converter
C06374,Indonesia,2025-10-15,no_touchpoint
C06375,Indonesia,2025-06-24,converter
C06376,Indonesia,2025-12-23,non_converter
C06377,Indonesia,2025-08-26,non_converter
C06378,Indonesia,2025-02-16,non_converter
C06379,Indonesia,2025-02-14,no_touchpoint
C06380,Thailand,2025-10-30,converter
C06381,Thailand,2025-01-11,non_converter
C06382,Indonesia,2025-01-06,non_converter
C06383,Indonesia,2025-07-11,no_touchpoint
C06384,Indonesia,2025-05-07,converter
C06385,Thailand,2025-12-15,no_touchpoint
C06386,Thailand,2025-04-08,converter
C06387,Indonesia,2025-03-09,converter
C06388,Thailand,2025-07-14,converter
C06389,Indonesia,2025-04-02,non_converter
C06390,Indonesia,2025-10-17,non_converter
C06391,Thailand,2025-04-26,converter
C06392,Singapore,2025-05-20,non_converter
C06393,Singapore,2025-04-01,non_converter
C06394,Thailand,2025-05-13,converter
C06395,Indonesia,2025-05-16,non_converter
C06396,Indonesia,2025-07-01,no_touchpoint
C06397,Thailand,2025-06-28,non_converter
C06398,Indonesia,2025-09-25,non_converter
C06399,Thailand,2025-11-20,converter
C06400,Indonesia,2025-03-29,non_converter
C06401,Indonesia,2025-10-27,non_converter
C06402,Indonesia,2025-10-03,no_touchpoint
C06403,Indonesia,2025-12-26,non_converter
C06404,Thailand,2025-11-27,converter
C06405,Indonesia,2025-05-28,non_converter
C06406,Singapore,2025-12-25,non_converter
C06407,Thailand,2025-10-10,converter
C06408,Indonesia,2025-05-18,non_converter
C06409,Indonesia,2025-04-18,converter
C06410,Indonesia,2025-08-28,no_touchpoint
C06411,Indonesia,2025-03-01,no_touchpoint
C06412,Indonesia,2025-11-20,converter
C06413,Indonesia,2025-03-13,converter
C06414,Indonesia,2025-06-15,converter
C06415,Thailand,2025-07-13,non_converter
C06416,Indonesia,2025-01-18,converter
C06417,Thailand,2025-02-23,non_converter
C06418,Indonesia,2025-01-05,no_touchpoint
C06419,Indonesia,2025-09-01,non_converter
C06420,Singapore,2025-11-28,non_converter
C06421,Singapore,2025-04-06,non_converter
C06422,Indonesia,2025-06-06,non_converter
C06423,Indonesia,2025-10-07,non_converter
C06424,Indonesia,2025-01-12,no_touchpoint
C06425,Indonesia,2025-11-12,non_converter
C06426,Thailand,2025-10-22,non_converter
C06427,Indonesia,2025-07-24,non_converter
C06428,Indonesia,2025-05-05,non_converter
C06429,Thailand,2025-07-11,converter
C06430,Thailand,2025-09-05,converter
C06431,Indonesia,2025-06-03,non_converter
C06432,Thailand,2025-04-30,non_converter
C06433,Indonesia,2025-09-17,non_converter
C06434,Thailand,2025-08-07,converter
C06435,Indonesia,2025-10-23,no_touchpoint
C06436,Indonesia,2025-01-15,converter
C06437,Singapore,2025-03-27,converter
C06438,Singapore,2025-11-02,non_converter
C06439,Indonesia,2025-09-26,no_touchpoint
C06440,Thailand,2025-10-18,converter
C06441,Thailand,2025-03-08,non_converter
C06442,Singapore,2025-01-28,non_converter
C06443,Thailand,2025-06-08,non_converter
C06444,Thailand,2025-03-14,non_converter
C06445,Indonesia,2025-08-23,non_converter
C06446,Indonesia,2025-08-24,non_converter
C06447,Indonesia,2025-03-17,converter
C06448,Indonesia,2025-03-30,converter
C06449,Indonesia,2025-02-11,no_touchpoint
C06450,Indonesia,2025-04-15,converter
C06451,Indonesia,2025-05-06,non_converter
C06452,Thailand,2025-10-12,no_touchpoint
C06453,Indonesia,2025-07-11,converter
C06454,Indonesia,2025-03-23,no_touchpoint
C06455,Indonesia,2025-08-30,converter
C06456,Thailand,2025-07-21,non_converter
C06457,Thailand,2025-08-30,non_converter
C06458,Thailand,2025-08-26,non_converter
C06459,Indonesia,2025-02-19,non_converter
C06460,Thailand,2025-06-12,no_touchpoint
C06461,Indonesia,2025-03-10,non_converter
C06462,Singapore,2025-06-17,converter
C06463,Thailand,2025-12-12,no_touchpoint
C06464,Indonesia,2025-08-06,non_converter
C06465,Indonesia,2025-10-01,converter
C06466,Thailand,2025-09-08,non_converter
C06467,Indonesia,2025-10-28,non_converter
C06468,Indonesia,2025-11-08,no_touchpoint
C06469,Indonesia,2025-05-01,non_converter
C06470,Indonesia,2025-06-24,converter
C06471,Thailand,2025-01-01,non_converter
C06472,Singapore,2025-07-23,no_touchpoint
C06473,Indonesia,2025-11-27,converter
C06474,Indonesia,2025-09-13,non_converter
C06475,Indonesia,2025-04-19,non_converter
C06476,Indonesia,2025-02-17,non_converter
C06477,Indonesia,2025-12-01,converter
C06478,Indonesia,2025-03-19,converter
C06479,Thailand,2025-07-18,non_converter
C06480,Indonesia,2025-09-04,converter
C06481,Indonesia,2025-08-04,non_converter
C06482,Thailand,2025-07-23,converter
C06483,Indonesia,2025-02-24,converter
C06484,Indonesia,2025-02-12,converter
C06485,Thailand,2025-02-21,converter
C06486,Thailand,2025-07-27,non_converter
C06487,Indonesia,2025-01-07,converter
C06488,Indonesia,2025-03-07,converter
C06489,Thailand,2025-07-16,no_touchpoint
C06490,Indonesia,2025-01-06,converter
C06491,Indonesia,2025-12-10,non_converter
C06492,Indonesia,2025-01-28,no_touchpoint
C06493,Thailand,2025-05-13,no_touchpoint
C06494,Thailand,2025-03-01,converter
C06495,Indonesia,2025-08-19,converter
C06496,Thailand,2025-08-31,converter
C06497,Singapore,2025-10-01,no_touchpoint
C06498,Thailand,2025-02-27,converter
C06499,Indonesia,2025-08-06,no_touchpoint
C06500,Singapore,2025-07-16,non_converter
C06501,Indonesia,2025-02-10,no_touchpoint
C06502,Singapore,2025-06-22,no_touchpoint
C06503,Indonesia,2025-12-29,converter
C06504,Indonesia,2025-04-12,converter
C06505,Thailand,2025-11-11,non_converter
C06506,Indonesia,2025-08-21,no_touchpoint
C06507,Indonesia,2025-08-26,converter
C06508,Singapore,2025-03-04,non_converter
C06509,Indonesia,2025-08-24,converter
C06510,Thailand,2025-11-03,converter
C06511,Indonesia,2025-05-10,non_converter
C06512,Indonesia,2025-12-12,converter
C06513,Indonesia,2025-01-13,converter
C06514,Indonesia,2025-04-02,converter
C06515,Indonesia,2025-08-02,non_converter
C06516,Indonesia,2025-06-16,non_converter
C06517,Indonesia,2025-01-19,converter
C06518,Thailand,2025-07-02,converter
C06519,Thailand,2025-09-30,converter
C06520,Indonesia,2025-05-08,converter
C06521,Indonesia,2025-10-01,converter
C06522,Thailand,2025-03-16,converter
C06523,Singapore,2025-08-09,non_converter
C06524,Singapore,2025-06-26,non_converter
C06525,Thailand,2025-12-19,non_converter
C06526,Indonesia,2025-09-26,converter
C06527,Indonesia,2025-01-21,non_converter
C06528,Indonesia,2025-07-10,converter
C06529,Singapore,2025-11-08,non_converter
C06530,Thailand,2025-11-23,non_converter
C06531,Indonesia,2025-02-21,non_converter
C06532,Indonesia,2025-02-10,non_converter
C06533,Thailand,2025-11-23,converter
C06534,Indonesia,2025-08-05,non_converter
C06535,Singapore,2025-04-05,converter
C06536,Thailand,2025-05-12,no_touchpoint
C06537,Thailand,2025-02-10,converter
C06538,Singapore,2025-08-10,no_touchpoint
C06539,Indonesia,2025-04-09,non_converter
C06540,Thailand,2025-06-05,non_converter
C06541,Singapore,2025-10-04,no_touchpoint
C06542,Thailand,2025-05-05,converter
C06543,Indonesia,2025-01-26,non_converter
C06544,Indonesia,2025-08-31,no_touchpoint
C06545,Indonesia,2025-08-12,converter
C06546,Thailand,2025-12-19,converter
C06547,Indonesia,2025-05-22,non_converter
C06548,Thailand,2025-01-24,converter
C06549,Thailand,2025-04-03,non_converter
C06550,Indonesia,2025-05-20,converter
C06551,Indonesia,2025-04-17,no_touchpoint
C06552,Thailand,2025-08-01,converter
C06553,Indonesia,2025-05-21,non_converter
C06554,Thailand,2025-11-03,converter
C06555,Indonesia,2025-11-22,non_converter
C06556,Indonesia,2025-04-24,non_converter
C06557,Indonesia,2025-12-30,no_touchpoint
C06558,Thailand,2025-02-02,no_touchpoint
C06559,Thailand,2025-12-31,converter
C06560,Indonesia,2025-08-24,non_converter
C06561,Indonesia,2025-11-22,non_converter
C06562,Indonesia,2025-10-05,no_touchpoint
C06563,Indonesia,2025-10-13,no_touchpoint
C06564,Indonesia,2025-06-24,non_converter
C06565,Indonesia,2025-08-16,non_converter
C06566,Indonesia,2025-09-13,no_touchpoint
C06567,Indonesia,2025-12-24,converter
C06568,Indonesia,2025-07-19,non_converter
C06569,Thailand,2025-01-17,converter
C06570,Singapore,2025-10-20,no_touchpoint
C06571,Indonesia,2025-11-20,no_touchpoint
C06572,Indonesia,2025-06-26,converter
C06573,Indonesia,2025-09-29,converter
C06574,Thailand,2025-05-30,non_converter
C06575,Thailand,2025-08-20,no_touchpoint
C06576,Indonesia,2025-01-16,no_touchpoint
C06577,Indonesia,2025-10-27,non_converter
C06578,Indonesia,2025-06-30,non_converter
C06579,Singapore,2025-08-01,converter
C06580,Thailand,2025-01-12,converter
C06581,Indonesia,2025-05-26,converter
C06582,Singapore,2025-09-09,converter
C06583,Singapore,2025-07-12,non_converter
C06584,Indonesia,2025-03-09,converter
C06585,Indonesia,2025-03-05,converter
C06586,Indonesia,2025-04-22,non_converter
C06587,Indonesia,2025-02-26,non_converter
C06588,Singapore,2025-04-02,non_converter
C06589,Indonesia,2025-07-25,converter
C06590,Thailand,2025-06-30,non_converter
C06591,Singapore,2025-08-03,converter
C06592,Indonesia,2025-05-23,non_converter
C06593,Thailand,2025-07-05,no_touchpoint
C06594,Singapore,2025-12-07,non_converter
C06595,Thailand,2025-11-21,non_converter
C06596,Indonesia,2025-06-12,no_touchpoint
C06597,Indonesia,2025-09-30,non_converter
C06598,Indonesia,2025-07-26,non_converter
C06599,Indonesia,2025-08-26,converter
C06600,Indonesia,2025-08-19,non_converter
C06601,Indonesia,2025-04-01,non_converter
C06602,Indonesia,2025-01-02,non_converter
C06603,Thailand,2025-06-21,converter
C06604,Indonesia,2025-12-02,converter
C06605,Indonesia,2025-02-20,non_converter
C06606,Indonesia,2025-12-01,no_touchpoint
C06607,Indonesia,2025-08-03,converter
C06608,Indonesia,2025-11-22,no_touchpoint
C06609,Indonesia,2025-04-25,converter
C06610,Indonesia,2025-11-14,non_converter
C06611,Indonesia,2025-02-11,no_touchpoint
C06612,Singapore,2025-07-29,converter
C06613,Thailand,2025-06-16,non_converter
C06614,Indonesia,2025-03-27,no_touchpoint
C06615,Thailand,2025-08-30,non_converter
C06616,Indonesia,2025-07-09,non_converter
C06617,Singapore,2025-11-04,non_converter
C06618,Indonesia,2025-12-01,non_converter
C06619,Singapore,2025-09-19,converter
C06620,Indonesia,2025-03-24,converter
C06621,Indonesia,2025-05-03,converter
C06622,Singapore,2025-12-31,non_converter
C06623,Indonesia,2025-06-15,no_touchpoint
C06624,Singapore,2025-02-03,no_touchpoint
C06625,Indonesia,2025-04-16,converter
C06626,Indonesia,2025-08-24,converter
C06627,Indonesia,2025-11-05,converter
C06628,Thailand,2025-05-04,converter
C06629,Indonesia,2025-08-25,no_touchpoint
C06630,Thailand,2025-02-26,non_converter
C06631,Singapore,2025-06-19,no_touchpoint
C06632,Indonesia,2025-03-23,non_converter
C06633,Indonesia,2025-02-05,converter
C06634,Thailand,2025-01-17,converter
C06635,Singapore,2025-07-28,non_converter
C06636,Singapore,2025-08-29,non_converter
C06637,Thailand,2025-02-06,non_converter
C06638,Singapore,2025-05-14,non_converter
C06639,Indonesia,2025-10-03,non_converter
C06640,Thailand,2025-11-07,no_touchpoint
C06641,Thailand,2025-10-01,converter
C06642,Indonesia,2025-08-13,non_converter
C06643,Indonesia,2025-01-31,converter
C06644,Thailand,2025-07-23,converter
C06645,Indonesia,2025-01-21,converter
C06646,Thailand,2025-09-19,converter
C06647,Indonesia,2025-08-14,no_touchpoint
C06648,Indonesia,2025-03-05,non_converter
C06649,Thailand,2025-05-15,converter
C06650,Thailand,2025-10-24,converter
C06651,Thailand,2025-02-27,converter
C06652,Indonesia,2025-07-07,non_converter
C06653,Indonesia,2025-06-23,converter
C06654,Thailand,2025-05-05,converter
C06655,Indonesia,2025-04-18,non_converter
C06656,Thailand,2025-06-18,no_touchpoint
C06657,Indonesia,2025-02-07,converter
C06658,Indonesia,2025-12-30,no_touchpoint
C06659,Thailand,2025-05-06,no_touchpoint
C06660,Indonesia,2025-06-25,no_touchpoint
C06661,Indonesia,2025-08-16,converter
C06662,Thailand,2025-08-19,non_converter
C06663,Indonesia,2025-10-18,no_touchpoint
C06664,Thailand,2025-01-19,non_converter
C06665,Indonesia,2025-03-17,no_touchpoint
C06666,Indonesia,2025-01-14,no_touchpoint
C06667,Indonesia,2025-07-09,converter
C06668,Indonesia,2025-05-30,converter
C06669,Indonesia,2025-03-23,non_converter
C06670,Indonesia,2025-06-06,no_touchpoint
C06671,Thailand,2025-08-14,non_converter
C06672,Thailand,2025-03-21,converter
C06673,Indonesia,2025-12-22,non_converter
C06674,Indonesia,2025-11-08,converter
C06675,Indonesia,2025-07-16,non_converter
C06676,Indonesia,2025-04-27,non_converter
C06677,Indonesia,2025-04-19,converter
C06678,Indonesia,2025-03-17,non_converter
C06679,Indonesia,2025-05-13,no_touchpoint
C06680,Thailand,2025-09-18,converter
C06681,Indonesia,2025-09-22,non_converter
C06682,Singapore,2025-11-13,non_converter
C06683,Thailand,2025-06-26,converter
C06684,Singapore,2025-10-28,converter
C06685,Indonesia,2025-06-10,non_converter
C06686,Singapore,2025-07-13,non_converter
C06687,Thailand,2025-09-06,no_touchpoint
C06688,Indonesia,2025-09-26,converter
C06689,Singapore,2025-09-05,non_converter
C06690,Thailand,2025-01-08,non_converter
C06691,Indonesia,2025-02-03,non_converter
C06692,Indonesia,2025-06-08,non_converter
C06693,Indonesia,2025-03-18,converter
C06694,Thailand,2025-03-03,no_touchpoint
C06695,Indonesia,2025-07-02,no_touchpoint
C06696,Singapore,2025-10-19,non_converter
C06697,Thailand,2025-01-07,non_converter
C06698,Singapore,2025-09-26,non_converter
C06699,Indonesia,2025-04-14,converter
C06700,Indonesia,2025-01-17,converter
C06701,Singapore,2025-02-20,non_converter
C06702,Indonesia,2025-09-17,non_converter
C06703,Singapore,2025-10-11,converter
C06704,Singapore,2025-10-03,non_converter
C06705,Indonesia,2025-01-29,non_converter
C06706,Indonesia,2025-09-25,no_touchpoint
C06707,Thailand,2025-05-12,non_converter
C06708,Thailand,2025-04-04,converter
C06709,Singapore,2025-11-30,no_touchpoint
C06710,Thailand,2025-04-27,converter
C06711,Indonesia,2025-08-22,converter
C06712,Indonesia,2025-11-08,no_touchpoint
C06713,Indonesia,2025-05-23,non_converter
C06714,Thailand,2025-04-08,non_converter
C06715,Singapore,2025-02-02,non_converter
C06716,Indonesia,2025-03-09,converter
C06717,Indonesia,2025-02-01,non_converter
C06718,Indonesia,2025-05-05,converter
C06719,Indonesia,2025-10-25,non_converter
C06720,Indonesia,2025-02-20,converter
C06721,Indonesia,2025-01-27,non_converter
C06722,Indonesia,2025-11-21,non_converter
C06723,Indonesia,2025-09-02,non_converter
C06724,Indonesia,2025-02-12,no_touchpoint
C06725,Indonesia,2025-02-21,non_converter
C06726,Indonesia,2025-04-21,converter
C06727,Indonesia,2025-06-03,converter
C06728,Indonesia,2025-10-25,no_touchpoint
C06729,Thailand,2025-02-27,non_converter
C06730,Thailand,2025-08-15,non_converter
C06731,Indonesia,2025-04-10,converter
C06732,Thailand,2025-11-22,converter
C06733,Singapore,2025-08-22,non_converter
C06734,Thailand,2025-05-09,no_touchpoint
C06735,Indonesia,2025-11-04,converter
C06736,Indonesia,2025-11-20,non_converter
C06737,Indonesia,2025-09-17,non_converter
C06738,Singapore,2025-05-26,non_converter
C06739,Indonesia,2025-06-03,converter
C06740,Indonesia,2025-09-30,non_converter
C06741,Thailand,2025-05-21,non_converter
C06742,Indonesia,2025-09-15,converter
C06743,Indonesia,2025-08-14,no_touchpoint
C06744,Indonesia,2025-04-04,non_converter
C06745,Singapore,2025-06-13,converter
C06746,Indonesia,2025-09-18,non_converter
C06747,Indonesia,2025-03-25,converter
C06748,Thailand,2025-08-10,non_converter
C06749,Singapore,2025-02-18,non_converter
C06750,Indonesia,2025-08-15,converter
C06751,Indonesia,2025-12-18,non_converter
C06752,Indonesia,2025-04-04,no_touchpoint
C06753,Thailand,2025-02-25,converter
C06754,Indonesia,2025-04-20,converter
C06755,Indonesia,2025-06-06,converter
C06756,Indonesia,2025-09-29,no_touchpoint
C06757,Indonesia,2025-12-17,converter
C06758,Indonesia,2025-11-09,no_touchpoint
C06759,Indonesia,2025-12-11,no_touchpoint
C06760,Indonesia,2025-03-22,non_converter
C06761,Thailand,2025-07-22,non_converter
C06762,Thailand,2025-03-22,non_converter
C06763,Indonesia,2025-03-22,converter
C06764,Singapore,2025-09-22,no_touchpoint
C06765,Indonesia,2025-12-01,converter
C06766,Thailand,2025-08-02,no_touchpoint
C06767,Indonesia,2025-05-18,non_converter
C06768,Indonesia,2025-05-15,no_touchpoint
C06769,Indonesia,2025-06-05,non_converter
C06770,Indonesia,2025-06-06,converter
C06771,Thailand,2025-07-01,no_touchpoint
C06772,Indonesia,2025-06-11,non_converter
C06773,Indonesia,2025-08-06,non_converter
C06774,Indonesia,2025-08-02,converter
C06775,Indonesia,2025-07-26,converter
C06776,Indonesia,2025-07-29,converter
C06777,Singapore,2025-03-13,no_touchpoint
C06778,Indonesia,2025-05-21,non_converter
C06779,Indonesia,2025-12-27,non_converter
C06780,Thailand,2025-12-05,converter
C06781,Thailand,2025-05-31,non_converter
C06782,Indonesia,2025-01-13,no_touchpoint
C06783,Indonesia,2025-07-15,non_converter
C06784,Thailand,2025-10-14,non_converter
C06785,Thailand,2025-04-21,non_converter
C06786,Singapore,2025-08-14,no_touchpoint
C06787,Indonesia,2025-02-24,non_converter
C06788,Indonesia,2025-03-24,non_converter
C06789,Singapore,2025-09-03,non_converter
C06790,Indonesia,2025-10-31,non_converter
C06791,Thailand,2025-01-24,non_converter
C06792,Thailand,2025-07-19,no_touchpoint
C06793,Indonesia,2025-12-28,non_converter
C06794,Singapore,2025-05-24,converter
C06795,Indonesia,2025-10-28,non_converter
C06796,Indonesia,2025-02-21,non_converter
C06797,Indonesia,2025-06-25,converter
C06798,Indonesia,2025-07-09,converter
C06799,Indonesia,2025-05-26,converter
C06800,Singapore,2025-03-10,non_converter
C06801,Indonesia,2025-02-07,converter
C06802,Thailand,2025-07-31,no_touchpoint
C06803,Indonesia,2025-03-19,converter
C06804,Indonesia,2025-10-21,non_converter
C06805,Indonesia,2025-02-15,non_converter
C06806,Indonesia,2025-06-17,non_converter
C06807,Indonesia,2025-12-05,non_converter
C06808,Thailand,2025-09-29,converter
C06809,Indonesia,2025-12-20,no_touchpoint
C06810,Singapore,2025-02-04,converter
C06811,Thailand,2025-12-25,converter
C06812,Singapore,2025-06-10,converter
C06813,Singapore,2025-07-04,non_converter
C06814,Thailand,2025-08-17,no_touchpoint
C06815,Indonesia,2025-04-20,non_converter
C06816,Indonesia,2025-08-28,no_touchpoint
C06817,Indonesia,2025-07-05,no_touchpoint
C06818,Singapore,2025-12-13,converter
C06819,Indonesia,2025-05-13,non_converter
C06820,Indonesia,2025-01-12,no_touchpoint
C06821,Indonesia,2025-11-25,converter
C06822,Thailand,2025-07-22,non_converter
C06823,Thailand,2025-01-25,no_touchpoint
C06824,Singapore,2025-01-31,converter
C06825,Indonesia,2025-09-20,no_touchpoint
C06826,Indonesia,2025-10-17,non_converter
C06827,Singapore,2025-01-17,converter
C06828,Thailand,2025-06-17,no_touchpoint
C06829,Indonesia,2025-09-09,converter
C06830,Thailand,2025-06-20,non_converter
C06831,Indonesia,2025-02-08,converter
C06832,Thailand,2025-10-13,non_converter
C06833,Indonesia,2025-09-30,non_converter
C06834,Thailand,2025-09-20,no_touchpoint
C06835,Indonesia,2025-02-14,non_converter
C06836,Thailand,2025-08-28,no_touchpoint
C06837,Thailand,2025-04-08,no_touchpoint
C06838,Indonesia,2025-12-17,no_touchpoint
C06839,Indonesia,2025-05-22,no_touchpoint
C06840,Thailand,2025-03-19,converter
C06841,Indonesia,2025-02-07,no_touchpoint
C06842,Indonesia,2025-10-22,non_converter
C06843,Thailand,2025-09-28,no_touchpoint
C06844,Singapore,2025-08-10,non_converter
C06845,Indonesia,2025-07-25,converter
C06846,Thailand,2025-01-04,no_touchpoint
C06847,Indonesia,2025-07-19,non_converter
C06848,Indonesia,2025-04-26,non_converter
C06849,Indonesia,2025-03-19,converter
C06850,Indonesia,2025-04-25,non_converter
C06851,Indonesia,2025-06-17,non_converter
C06852,Thailand,2025-12-01,non_converter
C06853,Singapore,2025-10-22,converter
C06854,Indonesia,2025-10-23,no_touchpoint
C06855,Indonesia,2025-03-17,converter
C06856,Indonesia,2025-04-03,non_converter
C06857,Thailand,2025-10-01,non_converter
C06858,Thailand,2025-01-21,no_touchpoint
C06859,Indonesia,2025-10-04,non_converter
C06860,Indonesia,2025-02-05,non_converter
C06861,Singapore,2025-06-11,converter
C06862,Indonesia,2025-12-03,no_touchpoint
C06863,Indonesia,2025-06-05,converter
C06864,Indonesia,2025-05-19,non_converter
C06865,Thailand,2025-04-22,no_touchpoint
C06866,Indonesia,2025-01-14,no_touchpoint
C06867,Indonesia,2025-08-14,non_converter
C06868,Indonesia,2025-07-12,no_touchpoint
C06869,Indonesia,2025-04-17,non_converter
C06870,Indonesia,2025-08-17,converter
C06871,Indonesia,2025-04-12,no_touchpoint
C06872,Indonesia,2025-07-14,converter
C06873,Indonesia,2025-03-05,non_converter
C06874,Indonesia,2025-03-31,non_converter
C06875,Thailand,2025-10-24,non_converter
C06876,Indonesia,2025-03-04,converter
C06877,Indonesia,2025-04-18,non_converter
C06878,Thailand,2025-09-08,converter
C06879,Thailand,2025-07-03,converter
C06880,Indonesia,2025-06-12,non_converter
C06881,Singapore,2025-04-18,converter
C06882,Indonesia,2025-09-17,converter
C06883,Indonesia,2025-05-11,converter
C06884,Indonesia,2025-08-22,converter
C06885,Thailand,2025-07-14,non_converter
C06886,Singapore,2025-07-24,converter
C06887,Indonesia,2025-02-21,converter
C06888,Thailand,2025-06-08,non_converter
C06889,Singapore,2025-08-11,non_converter
C06890,Indonesia,2025-11-30,converter
C06891,Indonesia,2025-12-26,non_converter
C06892,Thailand,2025-11-26,no_touchpoint
C06893,Indonesia,2025-08-30,non_converter
C06894,Thailand,2025-05-21,converter
C06895,Indonesia,2025-06-15,converter
C06896,Indonesia,2025-05-08,non_converter
C06897,Indonesia,2025-01-05,non_converter
C06898,Indonesia,2025-03-21,converter
C06899,Thailand,2025-08-29,non_converter
C06900,Indonesia,2025-02-01,non_converter
C06901,Singapore,2025-04-18,no_touchpoint
C06902,Indonesia,2025-12-05,non_converter
C06903,Indonesia,2025-11-13,non_converter
C06904,Indonesia,2025-03-22,non_converter
C06905,Singapore,2025-03-31,non_converter
C06906,Thailand,2025-03-19,converter
C06907,Indonesia,2025-12-09,non_converter
C06908,Thailand,2025-02-26,converter
C06909,Indonesia,2025-01-16,no_touchpoint
C06910,Indonesia,2025-06-06,converter
C06911,Singapore,2025-07-11,non_converter
C06912,Thailand,2025-05-16,no_touchpoint
C06913,Thailand,2025-01-15,non_converter
C06914,Indonesia,2025-06-19,converter
C06915,Indonesia,2025-08-29,non_converter
C06916,Singapore,2025-03-15,converter
C06917,Indonesia,2025-01-24,non_converter
C06918,Thailand,2025-11-03,non_converter
C06919,Indonesia,2025-03-28,non_converter
C06920,Indonesia,2025-01-08,no_touchpoint
C06921,Indonesia,2025-04-25,non_converter
C06922,Indonesia,2025-02-03,non_converter
C06923,Indonesia,2025-09-01,non_converter
C06924,Singapore,2025-08-01,non_converter
C06925,Indonesia,2025-10-02,non_converter
C06926,Thailand,2025-11-05,non_converter
C06927,Indonesia,2025-01-01,no_touchpoint
C06928,Singapore,2025-08-29,converter
C06929,Indonesia,2025-05-12,converter
C06930,Indonesia,2025-12-03,non_converter
C06931,Thailand,2025-11-11,non_converter
C06932,Indonesia,2025-02-19,no_touchpoint
C06933,Indonesia,2025-10-20,non_converter
C06934,Indonesia,2025-04-23,non_converter
C06935,Indonesia,2025-03-15,non_converter
C06936,Thailand,2025-02-12,converter
C06937,Indonesia,2025-07-26,converter
C06938,Indonesia,2025-11-11,converter
C06939,Indonesia,2025-04-26,non_converter
C06940,Indonesia,2025-12-04,non_converter
C06941,Singapore,2025-12-30,converter
C06942,Indonesia,2025-12-09,non_converter
C06943,Indonesia,2025-09-22,non_converter
C06944,Thailand,2025-05-17,converter
C06945,Indonesia,2025-03-09,non_converter
C06946,Thailand,2025-07-11,non_converter
C06947,Thailand,2025-10-24,non_converter
C06948,Thailand,2025-01-18,non_converter
C06949,Thailand,2025-07-17,non_converter
C06950,Singapore,2025-04-12,converter
C06951,Indonesia,2025-01-08,converter
C06952,Thailand,2025-01-18,non_converter
C06953,Indonesia,2025-05-02,no_touchpoint
C06954,Indonesia,2025-06-15,converter
C06955,Indonesia,2025-09-04,no_touchpoint
C06956,Indonesia,2025-06-26,no_touchpoint
C06957,Indonesia,2025-10-23,non_converter
C06958,Indonesia,2025-04-20,non_converter
C06959,Indonesia,2025-05-15,converter
C06960,Thailand,2025-03-02,no_touchpoint
C06961,Thailand,2025-12-02,non_converter
C06962,Indonesia,2025-06-22,non_converter
C06963,Indonesia,2025-04-06,converter
C06964,Thailand,2025-09-07,converter
C06965,Thailand,2025-08-22,converter
C06966,Singapore,2025-12-09,non_converter
C06967,Indonesia,2025-09-23,converter
C06968,Indonesia,2025-07-07,non_converter
C06969,Singapore,2025-01-14,converter
C06970,Indonesia,2025-03-06,non_converter
C06971,Thailand,2025-08-23,no_touchpoint
C06972,Indonesia,2025-03-03,converter
C06973,Indonesia,2025-06-01,non_converter
C06974,Indonesia,2025-06-27,non_converter
C06975,Indonesia,2025-08-12,converter
C06976,Singapore,2025-02-12,converter
C06977,Indonesia,2025-09-16,converter
C06978,Indonesia,2025-09-19,no_touchpoint
C06979,Indonesia,2025-12-15,non_converter
C06980,Indonesia,2025-01-09,no_touchpoint
C06981,Indonesia,2025-07-01,non_converter
C06982,Indonesia,2025-03-19,non_converter
C06983,Indonesia,2025-09-29,converter
C06984,Indonesia,2025-09-30,no_touchpoint
C06985,Thailand,2025-04-28,no_touchpoint
C06986,Indonesia,2025-09-29,no_touchpoint
C06987,Indonesia,2025-03-23,converter
C06988,Thailand,2025-03-26,no_touchpoint
C06989,Indonesia,2025-11-13,converter
C06990,Indonesia,2025-03-19,no_touchpoint
C06991,Indonesia,2025-11-09,no_touchpoint
C06992,Indonesia,2025-04-14,non_converter
C06993,Indonesia,2025-07-25,non_converter
C06994,Singapore,2025-09-25,non_converter
C06995,Indonesia,2025-09-01,converter
C06996,Thailand,2025-03-11,no_touchpoint
C06997,Indonesia,2025-06-03,non_converter
C06998,Thailand,2025-05-09,non_converter
C06999,Indonesia,2025-12-09,converter
C07000,Indonesia,2025-11-10,converter
C07001,Indonesia,2025-02-04,non_converter
C07002,Indonesia,2025-07-30,non_converter
C07003,Thailand,2025-09-04,non_converter
C07004,Indonesia,2025-05-05,converter
C07005,Thailand,2025-03-23,converter
C07006,Indonesia,2025-07-20,no_touchpoint
C07007,Thailand,2025-05-08,converter
C07008,Indonesia,2025-02-06,converter
C07009,Indonesia,2025-05-22,no_touchpoint
C07010,Indonesia,2025-07-25,no_touchpoint
C07011,Singapore,2025-10-27,converter
C07012,Indonesia,2025-03-19,non_converter
C07013,Thailand,2025-03-14,non_converter
C07014,Indonesia,2025-06-17,converter
C07015,Indonesia,2025-03-02,non_converter
C07016,Indonesia,2025-09-26,no_touchpoint
C07017,Indonesia,2025-11-18,non_converter
C07018,Thailand,2025-04-29,non_converter
C07019,Thailand,2025-06-02,non_converter
C07020,Thailand,2025-10-05,converter
C07021,Indonesia,2025-08-21,non_converter
C07022,Singapore,2025-06-24,no_touchpoint
C07023,Indonesia,2025-01-21,converter
C07024,Indonesia,2025-05-11,no_touchpoint
C07025,Indonesia,2025-08-27,no_touchpoint
C07026,Singapore,2025-03-28,non_converter
C07027,Singapore,2025-12-21,non_converter
C07028,Thailand,2025-09-07,no_touchpoint
C07029,Indonesia,2025-04-26,converter
C07030,Singapore,2025-02-15,non_converter
C07031,Singapore,2025-11-05,non_converter
C07032,Indonesia,2025-07-05,converter
C07033,Indonesia,2025-12-07,non_converter
C07034,Singapore,2025-12-26,converter
C07035,Indonesia,2025-08-04,converter
C07036,Singapore,2025-02-23,converter
C07037,Thailand,2025-05-24,converter
C07038,Singapore,2025-05-22,non_converter
C07039,Indonesia,2025-11-24,non_converter
C07040,Thailand,2025-08-03,non_converter
C07041,Singapore,2025-05-09,no_touchpoint
C07042,Indonesia,2025-02-12,converter
C07043,Indonesia,2025-09-06,converter
C07044,Indonesia,2025-09-11,non_converter
C07045,Thailand,2025-08-11,non_converter
C07046,Singapore,2025-02-23,converter
C07047,Indonesia,2025-12-29,non_converter
C07048,Thailand,2025-11-07,non_converter
C07049,Thailand,2025-07-12,no_touchpoint
C07050,Indonesia,2025-12-08,converter
C07051,Indonesia,2025-11-05,no_touchpoint
C07052,Singapore,2025-11-26,no_touchpoint
C07053,Indonesia,2025-10-22,converter
C07054,Indonesia,2025-05-03,non_converter
C07055,Thailand,2025-12-11,no_touchpoint
C07056,Indonesia,2025-11-06,non_converter
C07057,Thailand,2025-07-21,non_converter
C07058,Indonesia,2025-01-21,converter
C07059,Singapore,2025-08-14,no_touchpoint
C07060,Singapore,2025-10-21,no_touchpoint
C07061,Singapore,2025-01-20,non_converter
C07062,Thailand,2025-11-18,non_converter
C07063,Thailand,2025-08-10,converter
C07064,Indonesia,2025-01-14,converter
C07065,Indonesia,2025-04-03,converter
C07066,Indonesia,2025-06-18,converter
C07067,Thailand,2025-07-31,converter
C07068,Thailand,2025-08-22,non_converter
C07069,Indonesia,2025-05-10,no_touchpoint
C07070,Indonesia,2025-12-16,converter
C07071,Indonesia,2025-05-08,no_touchpoint
C07072,Indonesia,2025-01-25,non_converter
C07073,Singapore,2025-12-24,no_touchpoint
C07074,Thailand,2025-05-15,converter
C07075,Indonesia,2025-03-24,converter
C07076,Thailand,2025-10-08,non_converter
C07077,Thailand,2025-07-25,no_touchpoint
C07078,Thailand,2025-03-30,non_converter
C07079,Indonesia,2025-02-15,no_touchpoint
C07080,Indonesia,2025-11-12,non_converter
C07081,Indonesia,2025-04-27,no_touchpoint
C07082,Indonesia,2025-06-06,converter
C07083,Thailand,2025-02-16,non_converter
C07084,Thailand,2025-06-10,converter
C07085,Indonesia,2025-11-24,non_converter
C07086,Indonesia,2025-07-15,non_converter
C07087,Indonesia,2025-12-29,non_converter
C07088,Thailand,2025-06-22,no_touchpoint
C07089,Thailand,2025-07-05,converter
C07090,Indonesia,2025-03-28,converter
C07091,Indonesia,2025-02-27,non_converter
C07092,Singapore,2025-06-08,no_touchpoint
C07093,Thailand,2025-12-25,non_converter
C07094,Thailand,2025-06-01,non_converter
C07095,Indonesia,2025-10-03,non_converter
C07096,Thailand,2025-11-13,no_touchpoint
C07097,Indonesia,2025-04-12,converter
C07098,Indonesia,2025-12-31,converter
C07099,Indonesia,2025-12-06,converter
C07100,Indonesia,2025-05-15,non_converter
C07101,Indonesia,2025-06-24,non_converter
C07102,Indonesia,2025-07-23,converter
C07103,Indonesia,2025-07-17,converter
C07104,Thailand,2025-05-31,converter
C07105,Indonesia,2025-02-12,non_converter
C07106,Indonesia,2025-04-26,converter
C07107,Indonesia,2025-01-21,converter
C07108,Thailand,2025-03-21,non_converter
C07109,Indonesia,2025-05-21,non_converter
C07110,Thailand,2025-04-25,converter
C07111,Indonesia,2025-04-23,non_converter
C07112,Indonesia,2025-04-26,non_converter
C07113,Indonesia,2025-04-21,converter
C07114,Indonesia,2025-06-01,converter
C07115,Singapore,2025-01-11,converter
C07116,Thailand,2025-09-05,no_touchpoint
C07117,Indonesia,2025-08-01,non_converter
C07118,Indonesia,2025-10-18,converter
C07119,Thailand,2025-04-06,non_converter
C07120,Indonesia,2025-10-25,non_converter
C07121,Singapore,2025-10-22,converter
C07122,Thailand,2025-07-18,no_touchpoint
C07123,Thailand,2025-12-28,no_touchpoint
C07124,Thailand,2025-07-06,converter
C07125,Indonesia,2025-05-15,no_touchpoint
C07126,Singapore,2025-07-06,non_converter
C07127,Indonesia,2025-05-01,non_converter
C07128,Indonesia,2025-07-02,converter
C07129,Indonesia,2025-12-21,non_converter
C07130,Indonesia,2025-12-26,non_converter
C07131,Indonesia,2025-10-03,non_converter
C07132,Singapore,2025-02-19,no_touchpoint
C07133,Thailand,2025-09-17,converter
C07134,Indonesia,2025-10-02,non_converter
C07135,Indonesia,2025-11-06,no_touchpoint
C07136,Thailand,2025-06-28,non_converter
C07137,Singapore,2025-11-27,non_converter
C07138,Indonesia,2025-04-25,converter
C07139,Thailand,2025-10-22,non_converter
C07140,Thailand,2025-08-24,converter
C07141,Indonesia,2025-09-12,non_converter
C07142,Singapore,2025-02-03,non_converter
C07143,Indonesia,2025-03-29,converter
C07144,Indonesia,2025-08-18,non_converter
C07145,Singapore,2025-01-30,converter
C07146,Singapore,2025-09-02,no_touchpoint
C07147,Indonesia,2025-03-17,no_touchpoint
C07148,Indonesia,2025-07-01,converter
C07149,Indonesia,2025-05-22,no_touchpoint
C07150,Thailand,2025-01-15,converter
C07151,Indonesia,2025-09-09,non_converter
C07152,Singapore,2025-03-10,no_touchpoint
C07153,Thailand,2025-04-21,non_converter
C07154,Indonesia,2025-06-08,non_converter
C07155,Indonesia,2025-12-12,non_converter
C07156,Indonesia,2025-04-30,converter
C07157,Singapore,2025-09-18,no_touchpoint
C07158,Thailand,2025-03-15,converter
C07159,Indonesia,2025-12-15,non_converter
C07160,Singapore,2025-01-04,no_touchpoint
C07161,Thailand,2025-01-28,converter
C07162,Indonesia,2025-07-03,converter
C07163,Thailand,2025-02-06,converter
C07164,Indonesia,2025-09-29,converter
C07165,Thailand,2025-03-24,non_converter
C07166,Singapore,2025-05-08,no_touchpoint
C07167,Thailand,2025-04-02,no_touchpoint
C07168,Thailand,2025-01-16,non_converter
C07169,Thailand,2025-09-11,converter
C07170,Indonesia,2025-06-19,no_touchpoint
C07171,Indonesia,2025-07-26,no_touchpoint
C07172,Indonesia,2025-12-17,non_converter
C07173,Indonesia,2025-07-28,non_converter
C07174,Indonesia,2025-08-31,non_converter
C07175,Indonesia,2025-06-25,no_touchpoint
C07176,Indonesia,2025-06-09,non_converter
C07177,Indonesia,2025-12-29,non_converter
C07178,Indonesia,2025-05-10,non_converter
C07179,Indonesia,2025-04-05,no_touchpoint
C07180,Indonesia,2025-04-13,non_converter
C07181,Thailand,2025-11-28,non_converter
C07182,Indonesia,2025-06-23,non_converter
C07183,Indonesia,2025-02-18,converter
C07184,Singapore,2025-01-11,no_touchpoint
C07185,Singapore,2025-02-01,no_touchpoint
C07186,Thailand,2025-01-31,no_touchpoint
C07187,Indonesia,2025-02-18,non_converter
C07188,Indonesia,2025-09-28,non_converter
C07189,Indonesia,2025-06-17,no_touchpoint
C07190,Thailand,2025-01-15,non_converter
C07191,Indonesia,2025-10-18,non_converter
C07192,Singapore,2025-02-05,non_converter
C07193,Thailand,2025-04-07,non_converter
C07194,Indonesia,2025-09-13,converter
C07195,Singapore,2025-04-22,non_converter
C07196,Singapore,2025-02-19,no_touchpoint
C07197,Indonesia,2025-03-21,non_converter
C07198,Indonesia,2025-10-21,non_converter
C07199,Thailand,2025-08-14,no_touchpoint
C07200,Indonesia,2025-04-01,converter
C07201,Indonesia,2025-08-16,no_touchpoint
C07202,Singapore,2025-01-20,converter
C07203,Thailand,2025-03-03,non_converter
C07204,Singapore,2025-06-09,converter
C07205,Indonesia,2025-02-25,non_converter
C07206,Indonesia,2025-04-03,non_converter
C07207,Singapore,2025-03-27,non_converter
C07208,Indonesia,2025-09-12,converter
C07209,Singapore,2025-03-21,converter
C07210,Singapore,2025-06-22,non_converter
C07211,Indonesia,2025-12-04,non_converter
C07212,Thailand,2025-07-19,no_touchpoint
C07213,Thailand,2025-03-01,non_converter
C07214,Indonesia,2025-02-03,non_converter
C07215,Indonesia,2025-07-07,non_converter
C07216,Indonesia,2025-09-09,non_converter
C07217,Indonesia,2025-07-26,non_converter
C07218,Singapore,2025-01-31,converter
C07219,Thailand,2025-09-03,non_converter
C07220,Thailand,2025-12-04,non_converter
C07221,Indonesia,2025-10-30,converter
C07222,Indonesia,2025-09-24,non_converter
C07223,Indonesia,2025-12-02,non_converter
C07224,Indonesia,2025-09-27,converter
C07225,Indonesia,2025-12-26,converter
C07226,Thailand,2025-07-21,non_converter
C07227,Indonesia,2025-11-26,no_touchpoint
C07228,Indonesia,2025-06-14,converter
C07229,Indonesia,2025-04-12,no_touchpoint
C07230,Indonesia,2025-11-17,converter
C07231,Indonesia,2025-08-11,non_converter
C07232,Indonesia,2025-09-09,no_touchpoint
C07233,Indonesia,2025-02-23,no_touchpoint
C07234,Thailand,2025-09-05,non_converter
C07235,Indonesia,2025-06-06,non_converter
C07236,Thailand,2025-05-28,no_touchpoint
C07237,Indonesia,2025-12-24,no_touchpoint
C07238,Indonesia,2025-01-22,no_touchpoint
C07239,Indonesia,2025-02-15,converter
C07240,Thailand,2025-10-28,no_touchpoint
C07241,Indonesia,2025-10-20,non_converter
C07242,Indonesia,2025-11-25,non_converter
C07243,Indonesia,2025-01-25,no_touchpoint
C07244,Singapore,2025-01-25,non_converter
C07245,Indonesia,2025-07-17,no_touchpoint
C07246,Indonesia,2025-10-03,no_touchpoint
C07247,Singapore,2025-12-17,non_converter
C07248,Indonesia,2025-09-18,non_converter
C07249,Indonesia,2025-04-02,non_converter
C07250,Thailand,2025-12-15,non_converter
C07251,Indonesia,2025-04-20,no_touchpoint
C07252,Singapore,2025-04-06,non_converter
C07253,Indonesia,2025-12-31,no_touchpoint
C07254,Indonesia,2025-04-15,converter
C07255,Thailand,2025-10-20,converter
C07256,Indonesia,2025-01-08,converter
C07257,Indonesia,2025-07-15,non_converter
C07258,Indonesia,2025-12-19,converter
C07259,Indonesia,2025-05-29,non_converter
C07260,Thailand,2025-05-04,non_converter
C07261,Singapore,2025-06-19,converter
C07262,Thailand,2025-07-19,non_converter
C07263,Singapore,2025-07-10,non_converter
C07264,Indonesia,2025-07-25,converter
C07265,Indonesia,2025-03-14,no_touchpoint
C07266,Thailand,2025-11-15,converter
C07267,Thailand,2025-08-05,non_converter
C07268,Singapore,2025-12-30,non_converter
C07269,Indonesia,2025-11-17,non_converter
C07270,Thailand,2025-12-01,no_touchpoint
C07271,Indonesia,2025-05-20,converter
C07272,Indonesia,2025-01-06,non_converter
C07273,Indonesia,2025-07-31,non_converter
C07274,Thailand,2025-04-08,non_converter
C07275,Indonesia,2025-09-07,non_converter
C07276,Thailand,2025-01-06,no_touchpoint
C07277,Indonesia,2025-07-22,no_touchpoint
C07278,Indonesia,2025-08-18,no_touchpoint
C07279,Indonesia,2025-12-20,non_converter
C07280,Indonesia,2025-11-23,converter
C07281,Singapore,2025-03-23,converter
C07282,Indonesia,2025-09-08,converter
C07283,Indonesia,2025-10-02,converter
C07284,Singapore,2025-05-12,non_converter
C07285,Indonesia,2025-12-22,non_converter
C07286,Indonesia,2025-10-02,non_converter
C07287,Indonesia,2025-10-19,non_converter
C07288,Indonesia,2025-03-03,converter
C07289,Singapore,2025-04-14,converter
C07290,Thailand,2025-10-12,converter
C07291,Indonesia,2025-04-13,converter
C07292,Indonesia,2025-01-19,non_converter
C07293,Indonesia,2025-02-25,no_touchpoint
C07294,Thailand,2025-01-20,non_converter
C07295,Indonesia,2025-04-05,non_converter
C07296,Thailand,2025-12-22,no_touchpoint
C07297,Indonesia,2025-05-04,no_touchpoint
C07298,Indonesia,2025-07-09,converter
C07299,Indonesia,2025-03-15,converter
C07300,Thailand,2025-01-22,non_converter
C07301,Thailand,2025-09-15,converter
C07302,Thailand,2025-04-07,non_converter
C07303,Indonesia,2025-06-12,non_converter
C07304,Singapore,2025-01-08,non_converter
C07305,Singapore,2025-06-24,non_converter
C07306,Singapore,2025-05-09,no_touchpoint
C07307,Indonesia,2025-06-29,non_converter
C07308,Indonesia,2025-11-26,non_converter
C07309,Indonesia,2025-07-14,converter
C07310,Indonesia,2025-05-30,non_converter
C07311,Indonesia,2025-04-26,non_converter
C07312,Indonesia,2025-04-10,non_converter
C07313,Indonesia,2025-08-13,non_converter
C07314,Indonesia,2025-08-14,non_converter
C07315,Thailand,2025-05-06,converter
C07316,Indonesia,2025-05-28,no_touchpoint
C07317,Indonesia,2025-03-15,converter
C07318,Indonesia,2025-06-12,non_converter
C07319,Indonesia,2025-12-17,non_converter
C07320,Indonesia,2025-09-23,no_touchpoint
C07321,Thailand,2025-11-13,non_converter
C07322,Indonesia,2025-06-14,non_converter
C07323,Singapore,2025-03-15,non_converter
C07324,Indonesia,2025-12-17,no_touchpoint
C07325,Indonesia,2025-07-15,non_converter
C07326,Thailand,2025-01-30,converter
C07327,Indonesia,2025-10-18,converter
C07328,Thailand,2025-04-25,non_converter
C07329,Indonesia,2025-01-19,non_converter
C07330,Indonesia,2025-02-07,no_touchpoint
C07331,Singapore,2025-09-01,non_converter
C07332,Indonesia,2025-11-27,non_converter
C07333,Thailand,2025-12-18,no_touchpoint
C07334,Singapore,2025-08-19,non_converter
C07335,Thailand,2025-05-02,converter
C07336,Indonesia,2025-11-10,non_converter
C07337,Indonesia,2025-11-22,non_converter
C07338,Indonesia,2025-03-20,converter
C07339,Indonesia,2025-07-04,no_touchpoint
C07340,Thailand,2025-05-27,no_touchpoint
C07341,Singapore,2025-03-31,converter
C07342,Singapore,2025-07-18,converter
C07343,Indonesia,2025-03-24,converter
C07344,Indonesia,2025-01-11,non_converter
C07345,Indonesia,2025-06-03,non_converter
C07346,Indonesia,2025-08-24,no_touchpoint
C07347,Singapore,2025-10-05,non_converter
C07348,Indonesia,2025-07-25,non_converter
C07349,Indonesia,2025-11-17,non_converter
C07350,Indonesia,2025-07-27,non_converter
C07351,Indonesia,2025-08-02,non_converter
C07352,Indonesia,2025-08-20,non_converter
C07353,Indonesia,2025-07-18,non_converter
C07354,Indonesia,2025-06-22,converter
C07355,Indonesia,2025-07-24,no_touchpoint
C07356,Indonesia,2025-09-29,non_converter
C07357,Thailand,2025-04-22,converter
C07358,Indonesia,2025-10-19,converter
C07359,Thailand,2025-12-04,no_touchpoint
C07360,Singapore,2025-07-06,converter
C07361,Singapore,2025-10-08,non_converter
C07362,Indonesia,2025-07-29,non_converter
C07363,Indonesia,2025-06-07,non_converter
C07364,Indonesia,2025-03-14,non_converter
C07365,Thailand,2025-10-05,converter
C07366,Singapore,2025-06-03,converter
C07367,Indonesia,2025-11-16,non_converter
C07368,Indonesia,2025-04-13,converter
C07369,Singapore,2025-10-10,non_converter
C07370,Indonesia,2025-12-04,no_touchpoint
C07371,Indonesia,2025-09-22,non_converter
C07372,Indonesia,2025-08-15,non_converter
C07373,Indonesia,2025-04-16,non_converter
C07374,Indonesia,2025-12-08,non_converter
C07375,Indonesia,2025-12-15,non_converter
C07376,Thailand,2025-03-21,converter
C07377,Thailand,2025-10-22,converter
C07378,Indonesia,2025-04-12,non_converter
C07379,Indonesia,2025-06-12,non_converter
C07380,Thailand,2025-03-08,converter
C07381,Indonesia,2025-09-07,non_converter
C07382,Indonesia,2025-11-10,no_touchpoint
C07383,Singapore,2025-11-18,non_converter
C07384,Indonesia,2025-12-13,non_converter
C07385,Indonesia,2025-02-03,non_converter
C07386,Singapore,2025-01-05,non_converter
C07387,Indonesia,2025-01-28,non_converter
C07388,Indonesia,2025-02-16,non_converter
C07389,Indonesia,2025-07-02,converter
C07390,Singapore,2025-03-19,converter
C07391,Thailand,2025-06-07,non_converter
C07392,Thailand,2025-07-05,no_touchpoint
C07393,Indonesia,2025-06-11,converter
C07394,Indonesia,2025-08-17,converter
C07395,Indonesia,2025-12-27,converter
C07396,Indonesia,2025-06-05,converter
C07397,Indonesia,2025-10-15,no_touchpoint
C07398,Indonesia,2025-03-19,non_converter
C07399,Indonesia,2025-03-02,non_converter
C07400,Indonesia,2025-11-13,no_touchpoint
C07401,Indonesia,2025-10-15,non_converter
C07402,Thailand,2025-08-29,non_converter
C07403,Thailand,2025-05-24,no_touchpoint
C07404,Singapore,2025-05-08,converter
C07405,Singapore,2025-12-06,no_touchpoint
C07406,Indonesia,2025-08-16,converter
C07407,Indonesia,2025-01-21,converter
C07408,Indonesia,2025-07-15,non_converter
C07409,Indonesia,2025-09-02,no_touchpoint
C07410,Indonesia,2025-01-11,non_converter
C07411,Singapore,2025-07-05,no_touchpoint
C07412,Indonesia,2025-10-27,no_touchpoint
C07413,Singapore,2025-08-18,non_converter
C07414,Singapore,2025-09-09,non_converter
C07415,Indonesia,2025-10-18,no_touchpoint
C07416,Singapore,2025-06-23,non_converter
C07417,Indonesia,2025-07-09,non_converter
C07418,Thailand,2025-03-11,non_converter
C07419,Indonesia,2025-12-13,converter
C07420,Indonesia,2025-03-18,non_converter
C07421,Indonesia,2025-12-09,no_touchpoint
C07422,Indonesia,2025-11-21,converter
C07423,Thailand,2025-12-31,non_converter
C07424,Indonesia,2025-02-12,non_converter
C07425,Indonesia,2025-09-11,non_converter
C07426,Indonesia,2025-10-30,converter
C07427,Indonesia,2025-03-28,converter
C07428,Indonesia,2025-05-10,converter
C07429,Singapore,2025-05-24,converter
C07430,Indonesia,2025-01-13,non_converter
C07431,Indonesia,2025-03-27,non_converter
C07432,Thailand,2025-05-03,non_converter
C07433,Indonesia,2025-05-15,non_converter
C07434,Indonesia,2025-08-10,no_touchpoint
C07435,Thailand,2025-05-20,no_touchpoint
C07436,Indonesia,2025-12-03,converter
C07437,Indonesia,2025-02-11,no_touchpoint
C07438,Indonesia,2025-01-17,no_touchpoint
C07439,Indonesia,2025-11-16,non_converter
C07440,Indonesia,2025-10-21,converter
C07441,Indonesia,2025-07-14,converter
C07442,Indonesia,2025-08-29,converter
C07443,Thailand,2025-01-19,non_converter
C07444,Thailand,2025-05-19,converter
C07445,Indonesia,2025-06-21,non_converter
C07446,Singapore,2025-09-20,non_converter
C07447,Indonesia,2025-08-06,no_touchpoint
C07448,Indonesia,2025-06-25,converter
C07449,Thailand,2025-06-27,converter
C07450,Indonesia,2025-10-10,non_converter
C07451,Indonesia,2025-05-25,non_converter
C07452,Singapore,2025-08-19,non_converter
C07453,Thailand,2025-02-13,converter
C07454,Singapore,2025-06-13,converter
C07455,Indonesia,2025-02-28,converter
C07456,Thailand,2025-03-07,non_converter
C07457,Indonesia,2025-02-24,non_converter
C07458,Indonesia,2025-04-01,converter
C07459,Indonesia,2025-03-20,non_converter
C07460,Thailand,2025-05-02,no_touchpoint
C07461,Indonesia,2025-02-08,non_converter
C07462,Thailand,2025-01-07,converter
C07463,Singapore,2025-06-24,non_converter
C07464,Indonesia,2025-11-13,non_converter
C07465,Thailand,2025-10-26,converter
C07466,Thailand,2025-08-24,converter
C07467,Thailand,2025-06-19,converter
C07468,Thailand,2025-02-24,no_touchpoint
C07469,Thailand,2025-01-29,non_converter
C07470,Singapore,2025-04-13,non_converter
C07471,Indonesia,2025-02-11,non_converter
C07472,Indonesia,2025-02-16,converter
C07473,Indonesia,2025-12-18,non_converter
C07474,Thailand,2025-01-26,no_touchpoint
C07475,Indonesia,2025-07-18,converter
C07476,Indonesia,2025-09-29,non_converter
C07477,Thailand,2025-04-12,converter
C07478,Thailand,2025-09-11,converter
C07479,Indonesia,2025-04-06,non_converter
C07480,Indonesia,2025-12-13,converter
C07481,Indonesia,2025-02-01,no_touchpoint
C07482,Indonesia,2025-09-17,non_converter
C07483,Singapore,2025-04-01,converter
C07484,Indonesia,2025-05-15,converter
C07485,Indonesia,2025-10-05,no_touchpoint
C07486,Thailand,2025-04-07,non_converter
C07487,Thailand,2025-12-26,converter
C07488,Indonesia,2025-04-07,non_converter
C07489,Thailand,2025-06-14,non_converter
C07490,Indonesia,2025-04-27,non_converter
C07491,Thailand,2025-11-22,no_touchpoint
C07492,Thailand,2025-06-01,converter
C07493,Thailand,2025-09-17,no_touchpoint
C07494,Indonesia,2025-04-22,non_converter
C07495,Thailand,2025-06-26,converter
C07496,Indonesia,2025-09-29,converter
C07497,Indonesia,2025-12-16,non_converter
C07498,Indonesia,2025-03-24,no_touchpoint
C07499,Indonesia,2025-02-02,converter
C07500,Thailand,2025-01-31,no_touchpoint
C07501,Indonesia,2025-08-09,non_converter
C07502,Indonesia,2025-08-17,non_converter
C07503,Indonesia,2025-12-12,non_converter
C07504,Thailand,2025-10-29,no_touchpoint
C07505,Thailand,2025-07-05,converter
C07506,Thailand,2025-11-07,non_converter
C07507,Indonesia,2025-02-03,non_converter
C07508,Indonesia,2025-06-13,no_touchpoint
C07509,Indonesia,2025-09-03,non_converter
C07510,Thailand,2025-06-03,no_touchpoint
C07511,Indonesia,2025-06-10,non_converter
C07512,Indonesia,2025-04-08,non_converter
C07513,Indonesia,2025-03-29,non_converter
C07514,Indonesia,2025-06-30,non_converter
C07515,Indonesia,2025-08-25,non_converter
C07516,Indonesia,2025-07-26,converter
C07517,Indonesia,2025-08-26,converter
C07518,Thailand,2025-03-14,converter
C07519,Indonesia,2025-07-17,non_converter
C07520,Singapore,2025-01-13,non_converter
C07521,Indonesia,2025-06-12,non_converter
C07522,Indonesia,2025-11-20,converter
C07523,Indonesia,2025-07-07,no_touchpoint
C07524,Singapore,2025-12-05,non_converter
C07525,Indonesia,2025-03-19,non_converter
C07526,Indonesia,2025-04-05,converter
C07527,Indonesia,2025-01-09,non_converter
C07528,Indonesia,2025-03-18,no_touchpoint
C07529,Indonesia,2025-04-12,converter
C07530,Indonesia,2025-07-20,converter
C07531,Indonesia,2025-10-09,converter
C07532,Indonesia,2025-04-08,no_touchpoint
C07533,Indonesia,2025-09-13,converter
C07534,Indonesia,2025-03-23,no_touchpoint
C07535,Indonesia,2025-12-07,non_converter
C07536,Indonesia,2025-02-24,converter
C07537,Thailand,2025-06-15,non_converter
C07538,Indonesia,2025-11-08,converter
C07539,Indonesia,2025-05-01,no_touchpoint
C07540,Thailand,2025-09-11,converter
C07541,Indonesia,2025-08-02,converter
C07542,Thailand,2025-06-07,converter
C07543,Thailand,2025-06-23,non_converter
C07544,Thailand,2025-12-17,non_converter
C07545,Indonesia,2025-11-10,non_converter
C07546,Indonesia,2025-03-08,no_touchpoint
C07547,Thailand,2025-06-24,converter
C07548,Singapore,2025-12-19,converter
C07549,Indonesia,2025-07-09,converter
C07550,Indonesia,2025-08-31,converter
C07551,Indonesia,2025-08-17,non_converter
C07552,Indonesia,2025-05-07,no_touchpoint
C07553,Thailand,2025-06-17,converter
C07554,Thailand,2025-06-10,non_converter
C07555,Thailand,2025-09-01,non_converter
C07556,Indonesia,2025-10-12,non_converter
C07557,Thailand,2025-06-19,non_converter
C07558,Singapore,2025-03-07,converter
C07559,Indonesia,2025-11-20,converter
C07560,Thailand,2025-04-28,non_converter
C07561,Indonesia,2025-11-09,non_converter
C07562,Indonesia,2025-05-08,no_touchpoint
C07563,Singapore,2025-08-29,non_converter
C07564,Indonesia,2025-06-10,converter
C07565,Indonesia,2025-02-18,non_converter
C07566,Thailand,2025-03-17,no_touchpoint
C07567,Indonesia,2025-02-11,converter
C07568,Thailand,2025-08-25,non_converter
C07569,Indonesia,2025-05-17,non_converter
C07570,Thailand,2025-07-19,converter
C07571,Thailand,2025-05-22,non_converter
C07572,Thailand,2025-07-06,converter
C07573,Indonesia,2025-01-31,no_touchpoint
C07574,Thailand,2025-04-25,non_converter
C07575,Indonesia,2025-06-17,converter
C07576,Indonesia,2025-11-14,non_converter
C07577,Thailand,2025-03-16,converter
C07578,Indonesia,2025-06-13,non_converter
C07579,Thailand,2025-06-10,non_converter
C07580,Indonesia,2025-10-02,non_converter
C07581,Indonesia,2025-11-27,converter
C07582,Thailand,2025-11-02,no_touchpoint
C07583,Thailand,2025-06-01,converter
C07584,Indonesia,2025-04-10,non_converter
C07585,Indonesia,2025-09-16,converter
C07586,Indonesia,2025-07-12,converter
C07587,Indonesia,2025-01-06,non_converter
C07588,Indonesia,2025-04-15,non_converter
C07589,Indonesia,2025-01-13,converter
C07590,Thailand,2025-11-26,non_converter
C07591,Indonesia,2025-02-10,converter
C07592,Indonesia,2025-03-17,converter
C07593,Indonesia,2025-07-15,non_converter
C07594,Indonesia,2025-11-01,non_converter
C07595,Indonesia,2025-06-10,no_touchpoint
C07596,Indonesia,2025-05-21,non_converter
C07597,Thailand,2025-04-12,converter
C07598,Indonesia,2025-08-21,non_converter
C07599,Indonesia,2025-10-28,converter
C07600,Indonesia,2025-01-09,non_converter
C07601,Indonesia,2025-06-17,non_converter
C07602,Indonesia,2025-07-08,no_touchpoint
C07603,Indonesia,2025-07-12,non_converter
C07604,Indonesia,2025-11-18,non_converter
C07605,Indonesia,2025-06-15,non_converter
C07606,Thailand,2025-06-17,no_touchpoint
C07607,Thailand,2025-01-18,converter
C07608,Indonesia,2025-06-15,non_converter
C07609,Indonesia,2025-10-19,converter
C07610,Indonesia,2025-09-19,non_converter
C07611,Indonesia,2025-03-09,converter
C07612,Indonesia,2025-02-04,converter
C07613,Indonesia,2025-02-22,no_touchpoint
C07614,Indonesia,2025-05-01,non_converter
C07615,Singapore,2025-07-04,converter
C07616,Indonesia,2025-06-23,converter
C07617,Thailand,2025-06-25,non_converter
C07618,Indonesia,2025-09-10,converter
C07619,Indonesia,2025-02-01,non_converter
C07620,Thailand,2025-11-25,converter
C07621,Indonesia,2025-12-22,no_touchpoint
C07622,Thailand,2025-02-15,non_converter
C07623,Indonesia,2025-08-18,non_converter
C07624,Indonesia,2025-05-14,converter
C07625,Thailand,2025-01-29,no_touchpoint
C07626,Indonesia,2025-10-13,non_converter
C07627,Thailand,2025-11-26,non_converter
C07628,Indonesia,2025-04-26,non_converter
C07629,Indonesia,2025-01-22,non_converter
C07630,Singapore,2025-04-30,non_converter
C07631,Indonesia,2025-03-12,converter
C07632,Indonesia,2025-06-15,converter
C07633,Thailand,2025-11-21,non_converter
C07634,Indonesia,2025-01-10,converter
C07635,Indonesia,2025-05-29,converter
C07636,Thailand,2025-12-09,no_touchpoint
C07637,Indonesia,2025-08-01,non_converter
C07638,Indonesia,2025-01-21,converter
C07639,Indonesia,2025-01-19,converter
C07640,Indonesia,2025-10-26,no_touchpoint
C07641,Thailand,2025-06-28,non_converter
C07642,Singapore,2025-10-25,non_converter
C07643,Singapore,2025-09-18,non_converter
C07644,Indonesia,2025-03-26,converter
C07645,Indonesia,2025-03-19,no_touchpoint
C07646,Thailand,2025-11-18,converter
C07647,Indonesia,2025-05-25,non_converter
C07648,Indonesia,2025-07-11,converter
C07649,Thailand,2025-03-23,converter
C07650,Indonesia,2025-11-08,non_converter
C07651,Indonesia,2025-04-11,non_converter
C07652,Indonesia,2025-05-14,non_converter
C07653,Indonesia,2025-11-30,non_converter
C07654,Indonesia,2025-01-15,no_touchpoint
C07655,Thailand,2025-11-30,non_converter
C07656,Indonesia,2025-07-27,no_touchpoint
C07657,Indonesia,2025-02-27,non_converter
C07658,Thailand,2025-02-24,converter
C07659,Indonesia,2025-04-16,converter
C07660,Thailand,2025-10-19,non_converter
C07661,Thailand,2025-06-02,non_converter
C07662,Indonesia,2025-12-12,converter
C07663,Thailand,2025-10-31,no_touchpoint
C07664,Indonesia,2025-07-04,converter
C07665,Thailand,2025-11-28,converter
C07666,Singapore,2025-10-18,converter
C07667,Indonesia,2025-05-10,non_converter
C07668,Indonesia,2025-01-13,non_converter
C07669,Thailand,2025-04-21,converter
C07670,Indonesia,2025-06-20,non_converter
C07671,Thailand,2025-07-18,no_touchpoint
C07672,Singapore,2025-08-23,converter
C07673,Thailand,2025-11-05,converter
C07674,Indonesia,2025-09-09,no_touchpoint
C07675,Indonesia,2025-11-02,no_touchpoint
C07676,Singapore,2025-12-08,non_converter
C07677,Indonesia,2025-05-08,non_converter
C07678,Singapore,2025-02-24,no_touchpoint
C07679,Thailand,2025-01-16,non_converter
C07680,Singapore,2025-01-06,converter
C07681,Indonesia,2025-01-01,no_touchpoint
C07682,Thailand,2025-07-15,converter
C07683,Indonesia,2025-03-23,non_converter
C07684,Indonesia,2025-07-08,non_converter
C07685,Singapore,2025-04-08,non_converter
C07686,Indonesia,2025-07-10,non_converter
C07687,Thailand,2025-08-02,converter
C07688,Thailand,2025-06-02,non_converter
C07689,Indonesia,2025-03-03,no_touchpoint
C07690,Indonesia,2025-05-15,no_touchpoint
C07691,Indonesia,2025-04-15,non_converter
C07692,Thailand,2025-11-22,non_converter
C07693,Thailand,2025-12-16,non_converter
C07694,Indonesia,2025-09-01,non_converter
C07695,Indonesia,2025-02-27,no_touchpoint
C07696,Indonesia,2025-05-01,no_touchpoint
C07697,Thailand,2025-10-24,converter
C07698,Indonesia,2025-05-20,converter
C07699,Indonesia,2025-12-26,no_touchpoint
C07700,Thailand,2025-02-02,converter
C07701,Indonesia,2025-03-20,converter
C07702,Thailand,2025-07-23,converter
C07703,Indonesia,2025-01-16,converter
C07704,Thailand,2025-08-10,non_converter
C07705,Indonesia,2025-07-31,non_converter
C07706,Indonesia,2025-01-07,non_converter
C07707,Thailand,2025-01-23,no_touchpoint
C07708,Thailand,2025-05-24,no_touchpoint
C07709,Indonesia,2025-09-03,non_converter
C07710,Indonesia,2025-05-17,no_touchpoint
C07711,Singapore,2025-05-20,converter
C07712,Indonesia,2025-04-07,non_converter
C07713,Thailand,2025-08-18,no_touchpoint
C07714,Indonesia,2025-11-29,converter
C07715,Thailand,2025-10-16,converter
C07716,Indonesia,2025-08-11,non_converter
C07717,Indonesia,2025-12-26,non_converter
C07718,Thailand,2025-04-29,non_converter
C07719,Indonesia,2025-01-25,non_converter
C07720,Indonesia,2025-02-15,non_converter
C07721,Thailand,2025-08-22,converter
C07722,Indonesia,2025-10-06,converter
C07723,Singapore,2025-12-04,non_converter
C07724,Indonesia,2025-10-10,converter
C07725,Thailand,2025-06-14,non_converter
C07726,Indonesia,2025-06-27,no_touchpoint
C07727,Indonesia,2025-10-25,non_converter
C07728,Singapore,2025-08-28,converter
C07729,Indonesia,2025-05-30,converter
C07730,Thailand,2025-12-11,no_touchpoint
C07731,Thailand,2025-09-11,non_converter
C07732,Indonesia,2025-07-28,non_converter
C07733,Indonesia,2025-08-10,non_converter
C07734,Singapore,2025-05-10,non_converter
C07735,Singapore,2025-06-20,no_touchpoint
C07736,Indonesia,2025-11-27,non_converter
C07737,Singapore,2025-10-04,no_touchpoint
C07738,Singapore,2025-03-26,non_converter
C07739,Indonesia,2025-06-25,non_converter
C07740,Indonesia,2025-11-17,converter
C07741,Indonesia,2025-06-24,non_converter
C07742,Singapore,2025-03-23,non_converter
C07743,Indonesia,2025-10-21,converter
C07744,Thailand,2025-04-16,converter
C07745,Indonesia,2025-07-22,non_converter
C07746,Singapore,2025-08-03,converter
C07747,Indonesia,2025-09-14,converter
C07748,Indonesia,2025-09-24,converter
C07749,Indonesia,2025-01-03,non_converter
C07750,Thailand,2025-10-09,converter
C07751,Thailand,2025-03-26,converter
C07752,Thailand,2025-12-17,converter
C07753,Indonesia,2025-06-21,converter
C07754,Thailand,2025-06-16,non_converter
C07755,Indonesia,2025-07-11,non_converter
C07756,Indonesia,2025-07-22,converter
C07757,Indonesia,2025-07-21,converter
C07758,Thailand,2025-06-29,non_converter
C07759,Thailand,2025-12-19,non_converter
C07760,Indonesia,2025-02-24,non_converter
C07761,Indonesia,2025-11-26,no_touchpoint
C07762,Singapore,2025-12-22,converter
C07763,Thailand,2025-04-07,non_converter
C07764,Thailand,2025-09-16,no_touchpoint
C07765,Indonesia,2025-09-11,non_converter
C07766,Thailand,2025-02-06,converter
C07767,Indonesia,2025-06-06,non_converter
C07768,Indonesia,2025-07-27,no_touchpoint
C07769,Indonesia,2025-04-18,converter
C07770,Singapore,2025-02-19,converter
C07771,Indonesia,2025-04-08,non_converter
C07772,Indonesia,2025-01-16,no_touchpoint
C07773,Indonesia,2025-04-17,non_converter
C07774,Indonesia,2025-12-15,non_converter
C07775,Indonesia,2025-05-10,converter
C07776,Indonesia,2025-03-02,converter
C07777,Thailand,2025-07-03,converter
C07778,Thailand,2025-01-06,non_converter
C07779,Indonesia,2025-06-03,non_converter
C07780,Indonesia,2025-07-11,non_converter
C07781,Thailand,2025-08-08,converter
C07782,Thailand,2025-09-02,non_converter
C07783,Indonesia,2025-10-31,non_converter
C07784,Singapore,2025-09-09,non_converter
C07785,Indonesia,2025-09-13,non_converter
C07786,Indonesia,2025-01-16,no_touchpoint
C07787,Singapore,2025-08-31,converter
C07788,Thailand,2025-07-16,non_converter
C07789,Indonesia,2025-02-20,converter
C07790,Thailand,2025-10-28,non_converter
C07791,Singapore,2025-06-29,converter
C07792,Indonesia,2025-12-17,converter
C07793,Indonesia,2025-01-14,non_converter
C07794,Thailand,2025-09-07,no_touchpoint
C07795,Indonesia,2025-02-14,converter
C07796,Indonesia,2025-10-06,non_converter
C07797,Thailand,2025-05-06,converter
C07798,Singapore,2025-11-20,no_touchpoint
C07799,Indonesia,2025-08-21,converter
C07800,Indonesia,2025-06-22,non_converter
C07801,Indonesia,2025-08-29,non_converter
C07802,Indonesia,2025-06-08,converter
C07803,Singapore,2025-12-27,converter
C07804,Thailand,2025-04-21,converter
C07805,Indonesia,2025-02-18,non_converter
C07806,Indonesia,2025-03-07,non_converter
C07807,Thailand,2025-12-12,non_converter
C07808,Indonesia,2025-09-17,non_converter
C07809,Indonesia,2025-09-15,non_converter
C07810,Thailand,2025-05-21,non_converter
C07811,Thailand,2025-07-18,converter
C07812,Thailand,2025-10-02,no_touchpoint
C07813,Indonesia,2025-01-25,converter
C07814,Thailand,2025-03-02,non_converter
C07815,Indonesia,2025-09-09,no_touchpoint
C07816,Indonesia,2025-08-20,no_touchpoint
C07817,Indonesia,2025-03-25,non_converter
C07818,Indonesia,2025-11-04,non_converter
C07819,Thailand,2025-02-26,non_converter
C07820,Indonesia,2025-02-09,converter
C07821,Indonesia,2025-09-06,no_touchpoint
C07822,Thailand,2025-07-18,non_converter
C07823,Singapore,2025-12-01,non_converter
C07824,Indonesia,2025-07-12,converter
C07825,Indonesia,2025-04-04,non_converter
C07826,Indonesia,2025-12-16,non_converter
C07827,Indonesia,2025-09-10,non_converter
C07828,Thailand,2025-08-16,non_converter
C07829,Indonesia,2025-03-01,no_touchpoint
C07830,Indonesia,2025-03-13,converter
C07831,Indonesia,2025-11-06,converter
C07832,Indonesia,2025-08-13,non_converter
C07833,Indonesia,2025-12-24,converter
C07834,Indonesia,2025-12-29,non_converter
C07835,Indonesia,2025-12-22,converter
C07836,Indonesia,2025-10-06,non_converter
C07837,Indonesia,2025-08-31,converter
C07838,Indonesia,2025-08-12,converter
C07839,Indonesia,2025-08-05,non_converter
C07840,Indonesia,2025-02-14,non_converter
C07841,Indonesia,2025-12-07,no_touchpoint
C07842,Indonesia,2025-07-25,converter
C07843,Singapore,2025-05-05,converter
C07844,Indonesia,2025-03-12,non_converter
C07845,Indonesia,2025-03-24,no_touchpoint
C07846,Thailand,2025-04-06,non_converter
C07847,Thailand,2025-08-17,no_touchpoint
C07848,Indonesia,2025-10-07,converter
C07849,Indonesia,2025-05-15,non_converter
C07850,Indonesia,2025-12-03,no_touchpoint
C07851,Indonesia,2025-07-31,non_converter
C07852,Indonesia,2025-01-21,non_converter
C07853,Indonesia,2025-03-17,non_converter
C07854,Indonesia,2025-12-26,no_touchpoint
C07855,Indonesia,2025-07-10,no_touchpoint
C07856,Indonesia,2025-01-07,no_touchpoint
C07857,Indonesia,2025-12-07,converter
C07858,Indonesia,2025-09-29,converter
C07859,Indonesia,2025-03-12,non_converter
C07860,Singapore,2025-05-05,converter
C07861,Indonesia,2025-04-20,converter
C07862,Indonesia,2025-09-01,non_converter
C07863,Indonesia,2025-04-20,no_touchpoint
C07864,Indonesia,2025-07-18,non_converter
C07865,Indonesia,2025-11-18,converter
C07866,Indonesia,2025-02-06,non_converter
C07867,Singapore,2025-03-07,converter
C07868,Singapore,2025-03-16,non_converter
C07869,Indonesia,2025-02-04,converter
C07870,Indonesia,2025-02-07,non_converter
C07871,Thailand,2025-05-07,non_converter
C07872,Thailand,2025-07-31,non_converter
C07873,Singapore,2025-07-05,converter
C07874,Indonesia,2025-05-15,non_converter
C07875,Indonesia,2025-08-10,non_converter
C07876,Thailand,2025-06-14,no_touchpoint
C07877,Indonesia,2025-01-15,non_converter
C07878,Indonesia,2025-07-11,non_converter
C07879,Thailand,2025-11-07,non_converter
C07880,Thailand,2025-04-26,no_touchpoint
C07881,Indonesia,2025-03-07,converter
C07882,Singapore,2025-09-18,no_touchpoint
C07883,Singapore,2025-11-27,no_touchpoint
C07884,Indonesia,2025-11-22,converter
C07885,Indonesia,2025-11-03,non_converter
C07886,Thailand,2025-09-12,non_converter
C07887,Indonesia,2025-08-10,non_converter
C07888,Indonesia,2025-08-02,no_touchpoint
C07889,Thailand,2025-02-13,converter
C07890,Thailand,2025-03-16,non_converter
C07891,Indonesia,2025-01-21,no_touchpoint
C07892,Indonesia,2025-07-21,non_converter
C07893,Thailand,2025-11-29,converter
C07894,Indonesia,2025-06-24,converter
C07895,Thailand,2025-10-02,no_touchpoint
C07896,Singapore,2025-06-07,converter
C07897,Indonesia,2025-08-29,converter
C07898,Thailand,2025-07-17,non_converter
C07899,Indonesia,2025-12-19,non_converter
C07900,Singapore,2025-10-14,converter
C07901,Indonesia,2025-11-06,no_touchpoint
C07902,Indonesia,2025-10-21,non_converter
C07903,Indonesia,2025-06-22,non_converter
C07904,Singapore,2025-09-08,no_touchpoint
C07905,Indonesia,2025-09-30,converter
C07906,Indonesia,2025-11-20,converter
C07907,Indonesia,2025-11-19,non_converter
C07908,Singapore,2025-05-19,non_converter
C07909,Indonesia,2025-11-01,non_converter
C07910,Singapore,2025-06-10,non_converter
C07911,Singapore,2025-06-15,non_converter
C07912,Indonesia,2025-10-17,non_converter
C07913,Indonesia,2025-06-06,non_converter
C07914,Indonesia,2025-06-21,converter
C07915,Indonesia,2025-07-30,converter
C07916,Indonesia,2025-11-03,non_converter
C07917,Indonesia,2025-12-04,non_converter
C07918,Singapore,2025-11-10,converter
C07919,Thailand,2025-03-13,no_touchpoint
C07920,Indonesia,2025-12-19,non_converter
C07921,Thailand,2025-12-18,non_converter
C07922,Indonesia,2025-12-31,non_converter
C07923,Indonesia,2025-06-14,non_converter
C07924,Indonesia,2025-08-25,converter
C07925,Indonesia,2025-03-30,converter
C07926,Thailand,2025-05-30,non_converter
C07927,Indonesia,2025-04-16,non_converter
C07928,Thailand,2025-11-21,no_touchpoint
C07929,Singapore,2025-04-04,non_converter
C07930,Indonesia,2025-09-12,non_converter
C07931,Indonesia,2025-07-20,non_converter
C07932,Singapore,2025-05-19,non_converter
C07933,Indonesia,2025-08-24,non_converter
C07934,Indonesia,2025-03-16,converter
C07935,Indonesia,2025-02-06,converter
C07936,Thailand,2025-07-12,non_converter
C07937,Indonesia,2025-07-21,converter
C07938,Thailand,2025-04-07,non_converter
C07939,Singapore,2025-05-11,non_converter
C07940,Singapore,2025-08-21,no_touchpoint
C07941,Indonesia,2025-10-09,non_converter
C07942,Indonesia,2025-05-22,converter
C07943,Indonesia,2025-08-04,converter
C07944,Singapore,2025-01-27,non_converter
C07945,Singapore,2025-11-18,converter
C07946,Indonesia,2025-11-01,non_converter
C07947,Indonesia,2025-08-12,non_converter
C07948,Indonesia,2025-03-03,converter
C07949,Indonesia,2025-03-04,non_converter
C07950,Indonesia,2025-01-28,non_converter
C07951,Indonesia,2025-02-05,non_converter
C07952,Indonesia,2025-10-08,non_converter
C07953,Thailand,2025-03-07,non_converter
C07954,Indonesia,2025-12-18,non_converter
C07955,Singapore,2025-01-21,non_converter
C07956,Indonesia,2025-10-18,non_converter
C07957,Indonesia,2025-02-27,converter
C07958,Thailand,2025-11-16,non_converter
C07959,Indonesia,2025-05-26,non_converter
C07960,Indonesia,2025-04-29,non_converter
C07961,Indonesia,2025-11-06,converter
C07962,Singapore,2025-05-17,no_touchpoint
C07963,Thailand,2025-07-01,converter
C07964,Indonesia,2025-03-19,non_converter
C07965,Indonesia,2025-10-27,non_converter
C07966,Indonesia,2025-04-23,non_converter
C07967,Indonesia,2025-07-16,non_converter
C07968,Indonesia,2025-11-12,no_touchpoint
C07969,Indonesia,2025-03-24,converter
C07970,Singapore,2025-11-11,no_touchpoint
C07971,Thailand,2025-05-19,converter
C07972,Indonesia,2025-03-05,non_converter
C07973,Indonesia,2025-07-28,non_converter
C07974,Thailand,2025-08-24,non_converter
C07975,Singapore,2025-03-30,non_converter
C07976,Indonesia,2025-05-24,no_touchpoint
C07977,Thailand,2025-05-03,no_touchpoint
C07978,Indonesia,2025-08-11,non_converter
C07979,Thailand,2025-11-04,non_converter
C07980,Indonesia,2025-08-17,non_converter
C07981,Thailand,2025-02-21,converter
C07982,Thailand,2025-07-29,no_touchpoint
C07983,Indonesia,2025-08-15,non_converter
C07984,Singapore,2025-07-16,converter
C07985,Indonesia,2025-07-14,non_converter
C07986,Indonesia,2025-05-20,no_touchpoint
C07987,Indonesia,2025-12-11,converter
C07988,Indonesia,2025-09-26,converter
C07989,Indonesia,2025-01-11,converter
C07990,Indonesia,2025-11-12,non_converter
C07991,Thailand,2025-08-15,non_converter
C07992,Indonesia,2025-07-10,non_converter
C07993,Thailand,2025-02-09,non_converter
C07994,Thailand,2025-12-24,non_converter
C07995,Thailand,2025-03-28,non_converter
C07996,Indonesia,2025-04-17,non_converter
C07997,Indonesia,2025-06-30,converter
C07998,Thailand,2025-05-08,converter
C07999,Indonesia,2025-04-29,converter
C08000,Singapore,2025-08-29,non_converter
C08001,Singapore,2025-12-18,non_converter
C08002,Thailand,2025-05-05,converter
C08003,Indonesia,2025-02-03,converter
C08004,Indonesia,2025-01-12,converter
C08005,Indonesia,2025-06-26,no_touchpoint
C08006,Indonesia,2025-01-11,non_converter
C08007,Singapore,2025-08-17,converter
C08008,Indonesia,2025-02-15,non_converter
C08009,Indonesia,2025-06-28,converter
C08010,Singapore,2025-07-07,converter
C08011,Indonesia,2025-05-14,no_touchpoint
C08012,Indonesia,2025-03-28,converter
C08013,Thailand,2025-10-27,non_converter
C08014,Indonesia,2025-11-03,no_touchpoint
C08015,Thailand,2025-04-11,converter
C08016,Indonesia,2025-07-15,converter
C08017,Indonesia,2025-04-28,no_touchpoint
C08018,Indonesia,2025-03-23,converter
C08019,Indonesia,2025-12-23,converter
C08020,Indonesia,2025-05-09,non_converter
C08021,Indonesia,2025-05-11,converter
C08022,Indonesia,2025-05-31,non_converter
C08023,Indonesia,2025-08-12,non_converter
C08024,Indonesia,2025-04-06,no_touchpoint
C08025,Indonesia,2025-06-09,converter
C08026,Indonesia,2025-02-04,non_converter
C08027,Thailand,2025-02-17,non_converter
C08028,Thailand,2025-10-21,converter
C08029,Indonesia,2025-04-01,converter
C08030,Singapore,2025-08-29,converter
C08031,Indonesia,2025-03-27,no_touchpoint
C08032,Thailand,2025-04-11,no_touchpoint
C08033,Indonesia,2025-02-09,converter
C08034,Indonesia,2025-02-21,non_converter
C08035,Indonesia,2025-04-02,converter
C08036,Indonesia,2025-08-25,non_converter
C08037,Thailand,2025-07-08,converter
C08038,Indonesia,2025-03-20,non_converter
C08039,Indonesia,2025-04-06,no_touchpoint
C08040,Indonesia,2025-01-05,converter
C08041,Thailand,2025-03-29,non_converter
C08042,Thailand,2025-09-20,non_converter
C08043,Indonesia,2025-09-14,no_touchpoint
C08044,Indonesia,2025-01-30,non_converter
C08045,Indonesia,2025-03-27,non_converter
C08046,Thailand,2025-03-21,non_converter
C08047,Singapore,2025-05-04,converter
C08048,Indonesia,2025-07-08,non_converter
C08049,Indonesia,2025-05-23,non_converter
C08050,Indonesia,2025-08-21,non_converter
C08051,Thailand,2025-02-26,non_converter
C08052,Thailand,2025-03-24,converter
C08053,Indonesia,2025-01-22,converter
C08054,Indonesia,2025-07-13,non_converter
C08055,Indonesia,2025-05-28,converter
C08056,Thailand,2025-09-08,converter
C08057,Indonesia,2025-07-22,no_touchpoint
C08058,Singapore,2025-07-26,non_converter
C08059,Singapore,2025-08-27,no_touchpoint
C08060,Indonesia,2025-09-24,non_converter
C08061,Indonesia,2025-11-07,converter
C08062,Thailand,2025-07-27,non_converter
C08063,Singapore,2025-09-26,no_touchpoint
C08064,Indonesia,2025-03-27,non_converter
C08065,Indonesia,2025-09-13,no_touchpoint
C08066,Indonesia,2025-01-19,converter
C08067,Singapore,2025-11-04,converter
C08068,Indonesia,2025-06-02,converter
C08069,Indonesia,2025-07-31,no_touchpoint
C08070,Indonesia,2025-06-03,no_touchpoint
C08071,Indonesia,2025-06-11,converter
C08072,Indonesia,2025-01-09,non_converter
C08073,Thailand,2025-11-23,converter
C08074,Singapore,2025-08-19,converter
C08075,Thailand,2025-03-13,non_converter
C08076,Indonesia,2025-06-04,converter
C08077,Indonesia,2025-03-14,converter
C08078,Singapore,2025-04-27,non_converter
C08079,Indonesia,2025-05-10,non_converter
C08080,Thailand,2025-08-27,converter
C08081,Singapore,2025-07-10,no_touchpoint
C08082,Indonesia,2025-08-26,no_touchpoint
C08083,Indonesia,2025-01-27,no_touchpoint
C08084,Singapore,2025-03-16,converter
C08085,Indonesia,2025-02-21,non_converter
C08086,Indonesia,2025-01-28,non_converter
C08087,Singapore,2025-07-17,non_converter
C08088,Indonesia,2025-08-10,non_converter
C08089,Indonesia,2025-05-31,converter
C08090,Indonesia,2025-09-20,non_converter
C08091,Singapore,2025-01-21,non_converter
C08092,Indonesia,2025-09-03,no_touchpoint
C08093,Indonesia,2025-06-19,non_converter
C08094,Indonesia,2025-09-17,converter
C08095,Indonesia,2025-02-21,non_converter
C08096,Indonesia,2025-12-31,non_converter
C08097,Indonesia,2025-01-31,non_converter
C08098,Thailand,2025-04-22,non_converter
C08099,Indonesia,2025-07-10,no_touchpoint
C08100,Indonesia,2025-07-26,no_touchpoint
C08101,Indonesia,2025-11-10,non_converter
C08102,Indonesia,2025-11-15,non_converter
C08103,Indonesia,2025-07-08,no_touchpoint
C08104,Indonesia,2025-09-22,converter
C08105,Thailand,2025-08-13,converter
C08106,Thailand,2025-08-10,no_touchpoint
C08107,Thailand,2025-01-19,converter
C08108,Thailand,2025-10-08,converter
C08109,Indonesia,2025-10-17,non_converter
C08110,Singapore,2025-03-20,non_converter
C08111,Indonesia,2025-07-13,non_converter
C08112,Thailand,2025-08-14,no_touchpoint
C08113,Indonesia,2025-11-22,converter
C08114,Thailand,2025-03-14,converter
C08115,Indonesia,2025-04-11,converter
C08116,Indonesia,2025-07-16,non_converter
C08117,Indonesia,2025-04-23,non_converter
C08118,Indonesia,2025-06-05,converter
C08119,Indonesia,2025-03-10,non_converter
C08120,Indonesia,2025-10-19,non_converter
C08121,Indonesia,2025-03-19,non_converter
C08122,Indonesia,2025-10-18,converter
C08123,Indonesia,2025-04-18,converter
C08124,Indonesia,2025-02-03,no_touchpoint
C08125,Indonesia,2025-01-20,converter
C08126,Thailand,2025-09-05,no_touchpoint
C08127,Indonesia,2025-04-23,non_converter
C08128,Singapore,2025-03-26,non_converter
C08129,Indonesia,2025-09-10,non_converter
C08130,Indonesia,2025-12-09,converter
C08131,Thailand,2025-06-25,non_converter
C08132,Singapore,2025-07-10,non_converter
C08133,Indonesia,2025-05-13,converter
C08134,Singapore,2025-10-08,non_converter
C08135,Thailand,2025-06-19,converter
C08136,Indonesia,2025-06-17,converter
C08137,Thailand,2025-12-08,converter
C08138,Indonesia,2025-10-29,non_converter
C08139,Thailand,2025-05-23,no_touchpoint
C08140,Indonesia,2025-05-06,no_touchpoint
C08141,Indonesia,2025-01-12,non_converter
C08142,Indonesia,2025-05-20,non_converter
C08143,Indonesia,2025-09-18,converter
C08144,Indonesia,2025-07-27,converter
C08145,Indonesia,2025-10-30,no_touchpoint
C08146,Indonesia,2025-05-12,non_converter
C08147,Indonesia,2025-03-17,non_converter
C08148,Singapore,2025-04-23,converter
C08149,Indonesia,2025-05-08,converter
C08150,Singapore,2025-03-20,no_touchpoint
C08151,Indonesia,2025-12-24,no_touchpoint
C08152,Indonesia,2025-07-05,converter
C08153,Indonesia,2025-07-24,converter
C08154,Indonesia,2025-06-19,non_converter
C08155,Indonesia,2025-05-05,converter
C08156,Singapore,2025-09-04,converter
C08157,Indonesia,2025-12-06,converter
C08158,Singapore,2025-06-10,no_touchpoint
C08159,Indonesia,2025-01-30,non_converter
C08160,Indonesia,2025-08-10,converter
C08161,Singapore,2025-08-31,no_touchpoint
C08162,Singapore,2025-06-20,non_converter
C08163,Indonesia,2025-03-02,converter
C08164,Singapore,2025-09-07,no_touchpoint
C08165,Singapore,2025-09-09,non_converter
C08166,Indonesia,2025-07-22,non_converter
C08167,Indonesia,2025-07-27,converter
C08168,Indonesia,2025-05-01,no_touchpoint
C08169,Thailand,2025-11-09,converter
C08170,Indonesia,2025-06-22,converter
C08171,Indonesia,2025-06-17,converter
C08172,Indonesia,2025-02-12,converter
C08173,Thailand,2025-02-12,converter
C08174,Indonesia,2025-01-05,no_touchpoint
C08175,Indonesia,2025-08-08,non_converter
C08176,Singapore,2025-02-17,non_converter
C08177,Thailand,2025-12-24,non_converter
C08178,Indonesia,2025-01-27,converter
C08179,Indonesia,2025-04-01,converter
C08180,Singapore,2025-05-30,no_touchpoint
C08181,Thailand,2025-07-07,converter
C08182,Indonesia,2025-12-25,no_touchpoint
C08183,Indonesia,2025-10-20,non_converter
C08184,Singapore,2025-03-26,non_converter
C08185,Indonesia,2025-06-19,non_converter
C08186,Indonesia,2025-10-26,converter
C08187,Thailand,2025-01-21,converter
C08188,Thailand,2025-04-09,converter
C08189,Thailand,2025-07-20,converter
C08190,Indonesia,2025-09-09,converter
C08191,Indonesia,2025-10-31,no_touchpoint
C08192,Indonesia,2025-09-27,no_touchpoint
C08193,Indonesia,2025-11-10,non_converter
C08194,Indonesia,2025-02-03,non_converter
C08195,Indonesia,2025-05-14,no_touchpoint
C08196,Indonesia,2025-12-25,no_touchpoint
C08197,Thailand,2025-09-12,no_touchpoint
C08198,Indonesia,2025-12-19,converter
C08199,Singapore,2025-07-21,no_touchpoint
C08200,Indonesia,2025-12-07,non_converter
C08201,Thailand,2025-08-31,non_converter
C08202,Singapore,2025-07-03,non_converter
C08203,Indonesia,2025-06-06,non_converter
C08204,Thailand,2025-12-28,converter
C08205,Thailand,2025-08-03,converter
C08206,Thailand,2025-05-01,non_converter
C08207,Thailand,2025-06-08,no_touchpoint
C08208,Indonesia,2025-04-18,no_touchpoint
C08209,Thailand,2025-03-18,non_converter
C08210,Indonesia,2025-01-19,no_touchpoint
C08211,Singapore,2025-10-28,non_converter
C08212,Indonesia,2025-03-17,no_touchpoint
C08213,Indonesia,2025-08-18,converter
C08214,Indonesia,2025-02-07,converter
C08215,Thailand,2025-06-20,non_converter
C08216,Indonesia,2025-10-24,converter
C08217,Indonesia,2025-09-04,non_converter
C08218,Singapore,2025-03-04,non_converter
C08219,Singapore,2025-12-09,non_converter
C08220,Thailand,2025-10-10,converter
C08221,Singapore,2025-06-04,non_converter
C08222,Singapore,2025-04-18,non_converter
C08223,Indonesia,2025-12-02,converter
C08224,Indonesia,2025-03-22,non_converter
C08225,Indonesia,2025-06-26,converter
C08226,Thailand,2025-01-17,non_converter
C08227,Indonesia,2025-05-10,converter
C08228,Indonesia,2025-09-12,non_converter
C08229,Thailand,2025-07-23,converter
C08230,Indonesia,2025-06-15,converter
C08231,Thailand,2025-06-17,no_touchpoint
C08232,Indonesia,2025-12-29,non_converter
C08233,Singapore,2025-06-11,no_touchpoint
C08234,Singapore,2025-10-18,converter
C08235,Indonesia,2025-04-05,converter
C08236,Singapore,2025-03-26,non_converter
C08237,Indonesia,2025-08-01,non_converter
C08238,Indonesia,2025-06-21,no_touchpoint
C08239,Indonesia,2025-03-13,non_converter
C08240,Indonesia,2025-11-06,no_touchpoint
C08241,Singapore,2025-05-23,non_converter
C08242,Indonesia,2025-04-03,converter
C08243,Thailand,2025-01-05,no_touchpoint
C08244,Indonesia,2025-12-31,non_converter
C08245,Indonesia,2025-11-11,no_touchpoint
C08246,Indonesia,2025-01-02,converter
C08247,Indonesia,2025-09-14,non_converter
C08248,Indonesia,2025-03-17,non_converter
C08249,Singapore,2025-12-04,converter
C08250,Indonesia,2025-09-16,no_touchpoint
C08251,Singapore,2025-07-20,no_touchpoint
C08252,Thailand,2025-10-30,converter
C08253,Indonesia,2025-11-10,converter
C08254,Indonesia,2025-01-21,converter
C08255,Indonesia,2025-10-30,non_converter
C08256,Singapore,2025-10-03,no_touchpoint
C08257,Indonesia,2025-08-22,converter
C08258,Indonesia,2025-06-20,no_touchpoint
C08259,Thailand,2025-10-29,converter
C08260,Indonesia,2025-02-02,non_converter
C08261,Singapore,2025-08-02,no_touchpoint
C08262,Indonesia,2025-11-08,converter
C08263,Thailand,2025-06-11,converter
C08264,Indonesia,2025-04-25,no_touchpoint
C08265,Singapore,2025-06-03,no_touchpoint
C08266,Thailand,2025-01-20,converter
C08267,Singapore,2025-12-09,non_converter
C08268,Indonesia,2025-05-11,non_converter
C08269,Indonesia,2025-01-03,no_touchpoint
C08270,Indonesia,2025-01-21,converter
C08271,Indonesia,2025-08-19,converter
C08272,Indonesia,2025-01-02,non_converter
C08273,Thailand,2025-02-08,non_converter
C08274,Indonesia,2025-05-21,no_touchpoint
C08275,Singapore,2025-10-07,non_converter
C08276,Indonesia,2025-01-09,non_converter
C08277,Thailand,2025-11-24,non_converter
C08278,Thailand,2025-11-04,converter
C08279,Singapore,2025-09-12,converter
C08280,Indonesia,2025-04-20,converter
C08281,Indonesia,2025-10-10,no_touchpoint
C08282,Singapore,2025-03-01,non_converter
C08283,Indonesia,2025-07-19,no_touchpoint
C08284,Indonesia,2025-06-18,converter
C08285,Indonesia,2025-12-02,non_converter
C08286,Indonesia,2025-12-17,converter
C08287,Thailand,2025-06-18,non_converter
C08288,Indonesia,2025-09-03,non_converter
C08289,Singapore,2025-03-08,converter
C08290,Indonesia,2025-05-13,non_converter
C08291,Thailand,2025-05-30,non_converter
C08292,Indonesia,2025-08-01,converter
C08293,Indonesia,2025-08-07,no_touchpoint
C08294,Indonesia,2025-03-25,no_touchpoint
C08295,Indonesia,2025-05-28,converter
C08296,Thailand,2025-10-05,converter
C08297,Indonesia,2025-11-24,converter
C08298,Singapore,2025-03-21,non_converter
C08299,Singapore,2025-01-02,non_converter
C08300,Thailand,2025-02-03,non_converter
C08301,Singapore,2025-05-19,no_touchpoint
C08302,Thailand,2025-02-28,converter
C08303,Indonesia,2025-06-22,non_converter
C08304,Indonesia,2025-10-01,converter
C08305,Indonesia,2025-03-04,no_touchpoint
C08306,Indonesia,2025-11-11,non_converter
C08307,Indonesia,2025-02-12,non_converter
C08308,Indonesia,2025-02-17,no_touchpoint
C08309,Thailand,2025-07-18,converter
C08310,Singapore,2025-10-07,no_touchpoint
C08311,Singapore,2025-01-10,converter
C08312,Thailand,2025-11-14,non_converter
C08313,Singapore,2025-02-14,converter
C08314,Indonesia,2025-03-25,non_converter
C08315,Indonesia,2025-03-24,converter
C08316,Indonesia,2025-12-20,no_touchpoint
C08317,Singapore,2025-09-03,non_converter
C08318,Indonesia,2025-11-20,non_converter
C08319,Singapore,2025-06-24,no_touchpoint
C08320,Indonesia,2025-08-10,non_converter
C08321,Thailand,2025-09-20,non_converter
C08322,Indonesia,2025-07-26,no_touchpoint
C08323,Thailand,2025-04-08,converter
C08324,Thailand,2025-09-05,converter
C08325,Indonesia,2025-12-24,non_converter
C08326,Thailand,2025-04-27,non_converter
C08327,Indonesia,2025-09-11,non_converter
C08328,Indonesia,2025-08-23,non_converter
C08329,Indonesia,2025-11-25,non_converter
C08330,Indonesia,2025-01-22,non_converter
C08331,Indonesia,2025-04-07,converter
C08332,Indonesia,2025-07-01,converter
C08333,Singapore,2025-12-07,non_converter
C08334,Indonesia,2025-11-29,non_converter
C08335,Singapore,2025-01-04,converter
C08336,Indonesia,2025-08-26,no_touchpoint
C08337,Indonesia,2025-02-19,converter
C08338,Thailand,2025-10-15,non_converter
C08339,Indonesia,2025-10-31,converter
C08340,Indonesia,2025-09-11,non_converter
C08341,Thailand,2025-10-10,non_converter
C08342,Indonesia,2025-06-24,non_converter
C08343,Thailand,2025-01-17,converter
C08344,Indonesia,2025-11-23,non_converter
C08345,Indonesia,2025-06-09,no_touchpoint
C08346,Indonesia,2025-08-06,non_converter
C08347,Indonesia,2025-02-24,non_converter
C08348,Thailand,2025-06-03,non_converter
C08349,Thailand,2025-03-12,converter
C08350,Singapore,2025-07-14,non_converter
C08351,Indonesia,2025-05-24,non_converter
C08352,Singapore,2025-07-30,non_converter
C08353,Indonesia,2025-09-29,converter
C08354,Indonesia,2025-09-13,non_converter
C08355,Indonesia,2025-06-03,converter
C08356,Singapore,2025-01-14,non_converter
C08357,Indonesia,2025-06-17,converter
C08358,Singapore,2025-02-17,converter
C08359,Thailand,2025-09-26,non_converter
C08360,Indonesia,2025-02-21,converter
C08361,Singapore,2025-02-18,no_touchpoint
C08362,Indonesia,2025-06-20,non_converter
C08363,Indonesia,2025-03-05,converter
C08364,Indonesia,2025-04-19,non_converter
C08365,Indonesia,2025-02-10,no_touchpoint
C08366,Indonesia,2025-05-22,converter
C08367,Thailand,2025-10-09,converter
C08368,Thailand,2025-02-10,no_touchpoint
C08369,Singapore,2025-10-09,no_touchpoint
C08370,Indonesia,2025-12-20,no_touchpoint
C08371,Thailand,2025-10-10,converter
C08372,Singapore,2025-02-21,no_touchpoint
C08373,Indonesia,2025-01-21,non_converter
C08374,Indonesia,2025-08-04,converter
C08375,Indonesia,2025-06-20,non_converter
C08376,Indonesia,2025-01-27,non_converter
C08377,Singapore,2025-02-18,converter
C08378,Indonesia,2025-10-29,non_converter
C08379,Indonesia,2025-09-02,converter
C08380,Indonesia,2025-07-04,converter
C08381,Indonesia,2025-02-24,non_converter
C08382,Singapore,2025-10-30,non_converter
C08383,Indonesia,2025-05-07,no_touchpoint
C08384,Indonesia,2025-03-28,non_converter
C08385,Thailand,2025-10-19,converter
C08386,Thailand,2025-02-23,converter
C08387,Indonesia,2025-01-09,converter
C08388,Indonesia,2025-12-29,non_converter
C08389,Indonesia,2025-12-16,converter
C08390,Indonesia,2025-07-28,converter
C08391,Singapore,2025-09-25,converter
C08392,Thailand,2025-10-23,non_converter
C08393,Indonesia,2025-04-07,converter
C08394,Indonesia,2025-05-02,non_converter
C08395,Thailand,2025-04-19,non_converter
C08396,Indonesia,2025-07-18,non_converter
C08397,Indonesia,2025-09-28,converter
C08398,Indonesia,2025-03-11,non_converter
C08399,Indonesia,2025-10-30,converter
C08400,Indonesia,2025-10-24,converter
C08401,Thailand,2025-05-08,converter
C08402,Thailand,2025-03-05,non_converter
C08403,Thailand,2025-05-11,non_converter
C08404,Indonesia,2025-09-12,non_converter
C08405,Indonesia,2025-02-28,non_converter
C08406,Thailand,2025-04-08,converter
C08407,Indonesia,2025-12-20,converter
C08408,Thailand,2025-04-05,non_converter
C08409,Indonesia,2025-10-25,non_converter
C08410,Indonesia,2025-12-10,no_touchpoint
C08411,Indonesia,2025-12-31,non_converter
C08412,Thailand,2025-05-08,converter
C08413,Thailand,2025-02-06,no_touchpoint
C08414,Singapore,2025-03-10,converter
C08415,Singapore,2025-05-22,non_converter
C08416,Indonesia,2025-10-22,converter
C08417,Thailand,2025-04-18,non_converter
C08418,Indonesia,2025-12-23,non_converter
C08419,Indonesia,2025-02-24,non_converter
C08420,Indonesia,2025-08-17,converter
C08421,Thailand,2025-11-28,non_converter
C08422,Indonesia,2025-07-08,converter
C08423,Indonesia,2025-07-30,converter
C08424,Thailand,2025-09-23,non_converter
C08425,Thailand,2025-08-16,converter
C08426,Indonesia,2025-11-22,no_touchpoint
C08427,Indonesia,2025-07-19,converter
C08428,Singapore,2025-12-07,non_converter
C08429,Indonesia,2025-12-06,converter
C08430,Singapore,2025-09-08,converter
C08431,Indonesia,2025-08-12,converter
C08432,Indonesia,2025-01-02,converter
C08433,Indonesia,2025-03-23,no_touchpoint
C08434,Thailand,2025-01-31,converter
C08435,Indonesia,2025-09-26,converter
C08436,Indonesia,2025-07-31,converter
C08437,Indonesia,2025-05-28,converter
C08438,Indonesia,2025-05-24,no_touchpoint
C08439,Indonesia,2025-01-08,non_converter
C08440,Indonesia,2025-09-29,non_converter
C08441,Indonesia,2025-08-21,non_converter
C08442,Indonesia,2025-11-26,non_converter
C08443,Thailand,2025-04-13,non_converter
C08444,Thailand,2025-05-22,non_converter
C08445,Indonesia,2025-07-19,non_converter
C08446,Indonesia,2025-09-03,non_converter
C08447,Indonesia,2025-03-10,converter
C08448,Thailand,2025-05-01,non_converter
C08449,Indonesia,2025-07-16,converter
C08450,Indonesia,2025-10-10,non_converter
C08451,Indonesia,2025-03-16,non_converter
C08452,Indonesia,2025-07-09,non_converter
C08453,Indonesia,2025-12-20,non_converter
C08454,Indonesia,2025-12-04,non_converter
C08455,Thailand,2025-06-08,non_converter
C08456,Indonesia,2025-01-11,non_converter
C08457,Indonesia,2025-02-24,non_converter
C08458,Indonesia,2025-05-25,non_converter
C08459,Thailand,2025-05-06,non_converter
C08460,Singapore,2025-12-09,non_converter
C08461,Indonesia,2025-11-11,non_converter
C08462,Singapore,2025-09-29,no_touchpoint
C08463,Indonesia,2025-11-18,non_converter
C08464,Indonesia,2025-09-28,non_converter
C08465,Indonesia,2025-01-11,converter
C08466,Thailand,2025-12-20,non_converter
C08467,Indonesia,2025-08-03,non_converter
C08468,Indonesia,2025-01-01,converter
C08469,Indonesia,2025-04-06,non_converter
C08470,Thailand,2025-06-06,non_converter
C08471,Indonesia,2025-08-06,converter
C08472,Indonesia,2025-05-20,converter
C08473,Indonesia,2025-11-18,non_converter
C08474,Indonesia,2025-11-05,non_converter
C08475,Indonesia,2025-07-02,non_converter
C08476,Thailand,2025-08-30,non_converter
C08477,Indonesia,2025-05-06,converter
C08478,Indonesia,2025-06-22,no_touchpoint
C08479,Indonesia,2025-05-04,non_converter
C08480,Indonesia,2025-09-10,converter
C08481,Indonesia,2025-10-15,non_converter
C08482,Indonesia,2025-02-09,converter
C08483,Indonesia,2025-03-12,converter
C08484,Indonesia,2025-01-23,non_converter
C08485,Indonesia,2025-07-31,non_converter
C08486,Indonesia,2025-02-07,no_touchpoint
C08487,Indonesia,2025-10-08,converter
C08488,Indonesia,2025-03-11,no_touchpoint
C08489,Indonesia,2025-04-20,non_converter
C08490,Indonesia,2025-02-19,non_converter
C08491,Singapore,2025-01-06,non_converter
C08492,Indonesia,2025-07-29,non_converter
C08493,Thailand,2025-05-24,non_converter
C08494,Singapore,2025-08-19,non_converter
C08495,Indonesia,2025-02-17,non_converter
C08496,Thailand,2025-05-02,converter
C08497,Thailand,2025-02-17,converter
C08498,Indonesia,2025-11-03,non_converter
C08499,Singapore,2025-11-19,converter
C08500,Indonesia,2025-05-04,non_converter
C08501,Indonesia,2025-12-19,non_converter
C08502,Thailand,2025-03-27,non_converter
C08503,Thailand,2025-12-23,non_converter
C08504,Thailand,2025-09-08,converter
C08505,Thailand,2025-04-21,converter
C08506,Indonesia,2025-06-19,no_touchpoint
C08507,Indonesia,2025-09-15,converter
C08508,Indonesia,2025-10-22,non_converter
C08509,Thailand,2025-08-07,non_converter
C08510,Thailand,2025-07-02,no_touchpoint
C08511,Thailand,2025-10-12,converter
C08512,Thailand,2025-01-14,non_converter
C08513,Indonesia,2025-11-18,no_touchpoint
C08514,Indonesia,2025-12-08,no_touchpoint
C08515,Thailand,2025-03-30,converter
C08516,Thailand,2025-04-30,non_converter
C08517,Indonesia,2025-04-02,non_converter
C08518,Indonesia,2025-04-18,non_converter
C08519,Indonesia,2025-06-01,no_touchpoint
C08520,Indonesia,2025-12-05,non_converter
C08521,Indonesia,2025-11-13,no_touchpoint
C08522,Thailand,2025-03-02,non_converter
C08523,Indonesia,2025-04-15,non_converter
C08524,Thailand,2025-06-03,converter
C08525,Indonesia,2025-08-10,non_converter
C08526,Thailand,2025-02-02,converter
C08527,Indonesia,2025-03-23,no_touchpoint
C08528,Indonesia,2025-01-04,non_converter
C08529,Indonesia,2025-01-18,non_converter
C08530,Thailand,2025-12-17,non_converter
C08531,Indonesia,2025-08-04,non_converter
C08532,Indonesia,2025-03-22,non_converter
C08533,Indonesia,2025-03-20,converter
C08534,Indonesia,2025-08-11,no_touchpoint
C08535,Indonesia,2025-03-27,no_touchpoint
C08536,Thailand,2025-09-24,non_converter
C08537,Indonesia,2025-12-13,non_converter
C08538,Singapore,2025-10-30,no_touchpoint
C08539,Singapore,2025-10-27,no_touchpoint
C08540,Indonesia,2025-08-20,non_converter
C08541,Indonesia,2025-11-01,converter
C08542,Indonesia,2025-10-18,non_converter
C08543,Indonesia,2025-08-18,no_touchpoint
C08544,Thailand,2025-11-09,converter
C08545,Indonesia,2025-08-16,converter
C08546,Thailand,2025-05-14,non_converter
C08547,Indonesia,2025-01-11,non_converter
C08548,Indonesia,2025-06-01,converter
C08549,Indonesia,2025-10-02,non_converter
C08550,Singapore,2025-02-16,non_converter
C08551,Thailand,2025-03-01,converter
C08552,Singapore,2025-03-06,no_touchpoint
C08553,Thailand,2025-04-28,non_converter
C08554,Singapore,2025-10-01,non_converter
C08555,Indonesia,2025-02-27,non_converter
C08556,Singapore,2025-07-22,no_touchpoint
C08557,Thailand,2025-10-25,non_converter
C08558,Indonesia,2025-03-11,no_touchpoint
C08559,Indonesia,2025-04-03,non_converter
C08560,Thailand,2025-04-29,non_converter
C08561,Singapore,2025-05-04,non_converter
C08562,Singapore,2025-09-18,converter
C08563,Singapore,2025-10-06,converter
C08564,Indonesia,2025-05-04,converter
C08565,Indonesia,2025-02-12,non_converter
C08566,Indonesia,2025-10-03,converter
C08567,Indonesia,2025-05-14,non_converter
C08568,Thailand,2025-03-11,no_touchpoint
C08569,Indonesia,2025-01-23,non_converter
C08570,Indonesia,2025-04-16,non_converter
C08571,Thailand,2025-04-23,converter
C08572,Indonesia,2025-02-15,converter
C08573,Indonesia,2025-11-16,non_converter
C08574,Thailand,2025-08-05,non_converter
C08575,Indonesia,2025-10-07,no_touchpoint
C08576,Indonesia,2025-06-14,converter
C08577,Indonesia,2025-12-15,converter
C08578,Indonesia,2025-06-22,converter
C08579,Thailand,2025-01-06,non_converter
C08580,Thailand,2025-12-07,non_converter
C08581,Indonesia,2025-01-16,non_converter
C08582,Thailand,2025-03-26,converter
C08583,Indonesia,2025-11-23,converter
C08584,Thailand,2025-02-12,non_converter
C08585,Singapore,2025-09-04,no_touchpoint
C08586,Indonesia,2025-02-20,converter
C08587,Thailand,2025-10-03,converter
C08588,Thailand,2025-01-30,converter
C08589,Indonesia,2025-11-06,converter
C08590,Singapore,2025-03-18,converter
C08591,Indonesia,2025-06-10,converter
C08592,Thailand,2025-02-28,non_converter
C08593,Thailand,2025-09-16,converter
C08594,Indonesia,2025-05-30,non_converter
C08595,Indonesia,2025-02-13,converter
C08596,Thailand,2025-03-17,converter
C08597,Indonesia,2025-10-23,non_converter
C08598,Indonesia,2025-05-28,converter
C08599,Indonesia,2025-02-09,non_converter
C08600,Indonesia,2025-05-28,no_touchpoint
C08601,Indonesia,2025-01-22,no_touchpoint
C08602,Indonesia,2025-08-29,no_touchpoint
C08603,Indonesia,2025-08-11,non_converter
C08604,Indonesia,2025-01-23,converter
C08605,Thailand,2025-01-02,non_converter
C08606,Indonesia,2025-05-06,non_converter
C08607,Indonesia,2025-11-22,non_converter
C08608,Thailand,2025-07-05,non_converter
C08609,Indonesia,2025-05-21,non_converter
C08610,Indonesia,2025-07-27,non_converter
C08611,Indonesia,2025-03-04,non_converter
C08612,Thailand,2025-03-18,converter
C08613,Indonesia,2025-09-19,converter
C08614,Indonesia,2025-06-14,converter
C08615,Indonesia,2025-01-26,no_touchpoint
C08616,Thailand,2025-03-29,converter
C08617,Thailand,2025-07-12,non_converter
C08618,Thailand,2025-10-10,non_converter
C08619,Indonesia,2025-11-17,no_touchpoint
C08620,Indonesia,2025-07-28,non_converter
C08621,Thailand,2025-07-30,non_converter
C08622,Indonesia,2025-11-11,non_converter
C08623,Indonesia,2025-11-13,no_touchpoint
C08624,Thailand,2025-01-09,non_converter
C08625,Singapore,2025-11-22,converter
C08626,Indonesia,2025-09-27,non_converter
C08627,Indonesia,2025-02-03,converter
C08628,Singapore,2025-01-25,non_converter
C08629,Indonesia,2025-07-20,no_touchpoint
C08630,Indonesia,2025-09-28,non_converter
C08631,Singapore,2025-10-12,no_touchpoint
C08632,Indonesia,2025-01-03,converter
C08633,Singapore,2025-05-13,non_converter
C08634,Indonesia,2025-11-26,no_touchpoint
C08635,Indonesia,2025-08-31,converter
C08636,Indonesia,2025-05-08,converter
C08637,Thailand,2025-07-13,non_converter
C08638,Indonesia,2025-04-07,non_converter
C08639,Indonesia,2025-02-02,converter
C08640,Indonesia,2025-05-05,non_converter
C08641,Indonesia,2025-02-03,non_converter
C08642,Thailand,2025-07-24,non_converter
C08643,Thailand,2025-06-01,non_converter
C08644,Indonesia,2025-09-25,non_converter
C08645,Thailand,2025-12-09,converter
C08646,Indonesia,2025-06-07,non_converter
C08647,Indonesia,2025-03-23,non_converter
C08648,Thailand,2025-08-03,non_converter
C08649,Indonesia,2025-03-08,non_converter
C08650,Indonesia,2025-09-28,non_converter
C08651,Indonesia,2025-02-23,converter
C08652,Indonesia,2025-05-09,non_converter
C08653,Thailand,2025-01-21,non_converter
C08654,Singapore,2025-05-30,converter
C08655,Indonesia,2025-11-20,non_converter
C08656,Singapore,2025-07-01,non_converter
C08657,Thailand,2025-07-11,non_converter
C08658,Indonesia,2025-01-22,non_converter
C08659,Thailand,2025-04-28,non_converter
C08660,Indonesia,2025-07-08,non_converter
C08661,Indonesia,2025-12-16,converter
C08662,Singapore,2025-04-09,converter
C08663,Thailand,2025-01-12,converter
C08664,Indonesia,2025-08-29,non_converter
C08665,Thailand,2025-07-30,non_converter
C08666,Indonesia,2025-05-29,converter
C08667,Indonesia,2025-09-29,non_converter
C08668,Thailand,2025-01-12,converter
C08669,Indonesia,2025-02-25,converter
C08670,Thailand,2025-10-12,non_converter
C08671,Indonesia,2025-09-23,no_touchpoint
C08672,Indonesia,2025-05-22,non_converter
C08673,Indonesia,2025-03-10,non_converter
C08674,Indonesia,2025-12-23,non_converter
C08675,Indonesia,2025-12-19,converter
C08676,Thailand,2025-05-29,converter
C08677,Singapore,2025-01-30,no_touchpoint
C08678,Indonesia,2025-05-30,converter
C08679,Indonesia,2025-04-21,non_converter
C08680,Indonesia,2025-07-01,non_converter
C08681,Indonesia,2025-09-27,converter
C08682,Singapore,2025-06-11,converter
C08683,Indonesia,2025-03-04,non_converter
C08684,Thailand,2025-04-24,non_converter
C08685,Indonesia,2025-02-22,converter
C08686,Indonesia,2025-12-31,converter
C08687,Indonesia,2025-09-27,converter
C08688,Indonesia,2025-03-05,converter
C08689,Singapore,2025-11-07,non_converter
C08690,Indonesia,2025-05-04,no_touchpoint
C08691,Thailand,2025-11-20,converter
C08692,Indonesia,2025-09-10,non_converter
C08693,Thailand,2025-07-27,non_converter
C08694,Indonesia,2025-04-26,non_converter
C08695,Singapore,2025-07-28,no_touchpoint
C08696,Singapore,2025-02-09,non_converter
C08697,Thailand,2025-11-10,non_converter
C08698,Thailand,2025-09-12,converter
C08699,Singapore,2025-06-17,non_converter
C08700,Indonesia,2025-02-18,no_touchpoint
C08701,Singapore,2025-09-14,non_converter
C08702,Thailand,2025-10-10,converter
C08703,Singapore,2025-09-26,non_converter
C08704,Singapore,2025-01-06,non_converter
C08705,Thailand,2025-04-17,converter
C08706,Indonesia,2025-01-16,no_touchpoint
C08707,Thailand,2025-06-21,converter
C08708,Indonesia,2025-02-27,non_converter
C08709,Indonesia,2025-11-02,converter
C08710,Indonesia,2025-01-07,non_converter
C08711,Indonesia,2025-07-13,no_touchpoint
C08712,Thailand,2025-11-23,converter
C08713,Thailand,2025-05-16,converter
C08714,Indonesia,2025-11-02,converter
C08715,Singapore,2025-08-01,converter
C08716,Thailand,2025-11-14,non_converter
C08717,Indonesia,2025-07-20,non_converter
C08718,Indonesia,2025-06-27,converter
C08719,Indonesia,2025-01-30,non_converter
C08720,Indonesia,2025-11-06,non_converter
C08721,Singapore,2025-03-05,converter
C08722,Thailand,2025-11-24,non_converter
C08723,Indonesia,2025-05-27,no_touchpoint
C08724,Indonesia,2025-05-30,converter
C08725,Indonesia,2025-07-23,non_converter
C08726,Thailand,2025-06-25,converter
C08727,Indonesia,2025-10-28,non_converter
C08728,Indonesia,2025-07-28,no_touchpoint
C08729,Singapore,2025-03-22,no_touchpoint
C08730,Thailand,2025-11-07,no_touchpoint
C08731,Indonesia,2025-03-17,non_converter
C08732,Indonesia,2025-08-20,converter
C08733,Indonesia,2025-06-22,converter
C08734,Indonesia,2025-02-17,non_converter
C08735,Thailand,2025-01-19,non_converter
C08736,Indonesia,2025-05-31,non_converter
C08737,Indonesia,2025-10-02,non_converter
C08738,Thailand,2025-01-22,non_converter
C08739,Indonesia,2025-11-19,converter
C08740,Indonesia,2025-06-22,converter
C08741,Indonesia,2025-07-22,non_converter
C08742,Indonesia,2025-01-24,converter
C08743,Indonesia,2025-02-19,non_converter
C08744,Indonesia,2025-03-07,converter
C08745,Singapore,2025-01-10,converter
C08746,Singapore,2025-04-09,non_converter
C08747,Indonesia,2025-01-29,converter
C08748,Indonesia,2025-04-15,converter
C08749,Singapore,2025-07-23,non_converter
C08750,Thailand,2025-02-15,non_converter
C08751,Indonesia,2025-01-14,non_converter
C08752,Indonesia,2025-12-17,converter
C08753,Singapore,2025-06-14,non_converter
C08754,Indonesia,2025-04-19,converter
C08755,Thailand,2025-03-31,non_converter
C08756,Singapore,2025-05-11,non_converter
C08757,Indonesia,2025-07-02,converter
C08758,Indonesia,2025-08-09,non_converter
C08759,Indonesia,2025-04-04,converter
C08760,Indonesia,2025-02-25,no_touchpoint
C08761,Indonesia,2025-09-06,non_converter
C08762,Thailand,2025-10-15,no_touchpoint
C08763,Thailand,2025-03-15,converter
C08764,Thailand,2025-09-26,no_touchpoint
C08765,Thailand,2025-05-29,no_touchpoint
C08766,Indonesia,2025-01-21,non_converter
C08767,Singapore,2025-06-05,converter
C08768,Thailand,2025-01-03,converter
C08769,Thailand,2025-08-18,no_touchpoint
C08770,Indonesia,2025-06-25,no_touchpoint
C08771,Singapore,2025-09-02,converter
C08772,Thailand,2025-10-09,converter
C08773,Indonesia,2025-09-28,non_converter
C08774,Indonesia,2025-01-24,converter
C08775,Indonesia,2025-11-27,non_converter
C08776,Indonesia,2025-03-05,no_touchpoint
C08777,Indonesia,2025-12-08,non_converter
C08778,Thailand,2025-12-20,converter
C08779,Thailand,2025-11-07,no_touchpoint
C08780,Indonesia,2025-09-17,non_converter
C08781,Indonesia,2025-10-17,non_converter
C08782,Thailand,2025-02-03,no_touchpoint
C08783,Indonesia,2025-05-27,converter
C08784,Thailand,2025-01-09,no_touchpoint
C08785,Singapore,2025-08-20,converter
C08786,Thailand,2025-10-26,non_converter
C08787,Thailand,2025-07-26,converter
C08788,Indonesia,2025-12-28,non_converter
C08789,Indonesia,2025-11-17,non_converter
C08790,Indonesia,2025-11-16,converter
C08791,Singapore,2025-07-12,non_converter
C08792,Indonesia,2025-12-03,non_converter
C08793,Thailand,2025-10-10,converter
C08794,Thailand,2025-11-04,non_converter
C08795,Thailand,2025-12-13,no_touchpoint
C08796,Indonesia,2025-08-22,non_converter
C08797,Indonesia,2025-09-25,converter
C08798,Thailand,2025-10-02,non_converter
C08799,Indonesia,2025-10-24,converter
C08800,Indonesia,2025-10-19,non_converter
C08801,Indonesia,2025-06-19,non_converter
C08802,Indonesia,2025-05-31,non_converter
C08803,Singapore,2025-09-14,non_converter
C08804,Thailand,2025-10-19,non_converter
C08805,Singapore,2025-04-10,no_touchpoint
C08806,Indonesia,2025-04-08,non_converter
C08807,Indonesia,2025-04-25,non_converter
C08808,Thailand,2025-03-14,no_touchpoint
C08809,Indonesia,2025-08-09,non_converter
C08810,Singapore,2025-10-14,converter
C08811,Indonesia,2025-01-29,converter
C08812,Indonesia,2025-12-25,converter
C08813,Indonesia,2025-10-13,non_converter
C08814,Thailand,2025-07-23,no_touchpoint
C08815,Thailand,2025-08-23,no_touchpoint
C08816,Thailand,2025-01-16,non_converter
C08817,Thailand,2025-03-31,converter
C08818,Indonesia,2025-06-08,non_converter
C08819,Indonesia,2025-04-27,non_converter
C08820,Indonesia,2025-04-23,non_converter
C08821,Thailand,2025-12-06,non_converter
C08822,Thailand,2025-07-05,non_converter
C08823,Indonesia,2025-09-24,converter
C08824,Thailand,2025-10-15,converter
C08825,Thailand,2025-05-26,non_converter
C08826,Singapore,2025-06-26,converter
C08827,Indonesia,2025-12-06,converter
C08828,Singapore,2025-03-14,non_converter
C08829,Thailand,2025-10-17,converter
C08830,Indonesia,2025-06-24,converter
C08831,Indonesia,2025-03-17,converter
C08832,Indonesia,2025-07-03,non_converter
C08833,Indonesia,2025-03-17,converter
C08834,Indonesia,2025-05-17,no_touchpoint
C08835,Indonesia,2025-10-09,converter
C08836,Indonesia,2025-07-13,converter
C08837,Indonesia,2025-11-19,converter
C08838,Indonesia,2025-04-21,converter
C08839,Thailand,2025-09-04,converter
C08840,Thailand,2025-02-20,converter
C08841,Singapore,2025-12-18,non_converter
C08842,Thailand,2025-04-08,non_converter
C08843,Indonesia,2025-06-10,non_converter
C08844,Indonesia,2025-03-03,converter
C08845,Thailand,2025-04-09,non_converter
C08846,Indonesia,2025-07-24,no_touchpoint
C08847,Indonesia,2025-05-04,converter
C08848,Thailand,2025-06-09,non_converter
C08849,Thailand,2025-05-20,converter
C08850,Singapore,2025-01-21,non_converter
C08851,Indonesia,2025-03-26,converter
C08852,Indonesia,2025-04-25,converter
C08853,Singapore,2025-12-08,non_converter
C08854,Thailand,2025-08-11,converter
C08855,Indonesia,2025-07-19,converter
C08856,Indonesia,2025-01-29,converter
C08857,Indonesia,2025-07-18,converter
C08858,Indonesia,2025-02-08,converter
C08859,Thailand,2025-04-09,no_touchpoint
C08860,Thailand,2025-06-21,non_converter
C08861,Indonesia,2025-01-14,converter
C08862,Indonesia,2025-02-03,non_converter
C08863,Thailand,2025-01-29,converter
C08864,Indonesia,2025-05-23,no_touchpoint
C08865,Thailand,2025-11-19,converter
C08866,Indonesia,2025-06-14,converter
C08867,Thailand,2025-07-28,converter
C08868,Indonesia,2025-11-19,converter
C08869,Singapore,2025-10-26,no_touchpoint
C08870,Indonesia,2025-11-25,non_converter
C08871,Indonesia,2025-03-15,converter
C08872,Indonesia,2025-07-08,non_converter
C08873,Indonesia,2025-05-24,no_touchpoint
C08874,Indonesia,2025-09-11,non_converter
C08875,Indonesia,2025-11-03,converter
C08876,Indonesia,2025-03-25,non_converter
C08877,Singapore,2025-08-18,converter
C08878,Thailand,2025-07-26,non_converter
C08879,Thailand,2025-07-30,converter
C08880,Indonesia,2025-11-02,no_touchpoint
C08881,Indonesia,2025-01-10,non_converter
C08882,Thailand,2025-02-17,non_converter
C08883,Thailand,2025-09-09,non_converter
C08884,Singapore,2025-08-31,converter
C08885,Singapore,2025-01-25,converter
C08886,Thailand,2025-10-17,non_converter
C08887,Indonesia,2025-11-05,non_converter
C08888,Indonesia,2025-05-15,non_converter
C08889,Thailand,2025-09-26,non_converter
C08890,Indonesia,2025-05-15,non_converter
C08891,Indonesia,2025-04-10,non_converter
C08892,Indonesia,2025-08-21,non_converter
C08893,Singapore,2025-03-09,converter
C08894,Indonesia,2025-06-10,non_converter
C08895,Indonesia,2025-03-29,converter
C08896,Indonesia,2025-07-25,no_touchpoint
C08897,Singapore,2025-10-06,no_touchpoint
C08898,Indonesia,2025-08-26,converter
C08899,Thailand,2025-03-26,non_converter
C08900,Thailand,2025-02-10,converter
C08901,Indonesia,2025-01-01,converter
C08902,Thailand,2025-04-23,non_converter
C08903,Thailand,2025-05-02,non_converter
C08904,Indonesia,2025-12-09,converter
C08905,Indonesia,2025-08-28,no_touchpoint
C08906,Singapore,2025-10-21,converter
C08907,Indonesia,2025-07-12,converter
C08908,Indonesia,2025-04-22,no_touchpoint
C08909,Indonesia,2025-12-08,non_converter
C08910,Indonesia,2025-06-07,converter
C08911,Thailand,2025-01-26,non_converter
C08912,Singapore,2025-03-28,no_touchpoint
C08913,Indonesia,2025-06-15,non_converter
C08914,Indonesia,2025-07-22,non_converter
C08915,Singapore,2025-01-23,converter
C08916,Indonesia,2025-02-18,non_converter
C08917,Singapore,2025-05-26,non_converter
C08918,Indonesia,2025-05-02,no_touchpoint
C08919,Indonesia,2025-12-16,converter
C08920,Indonesia,2025-02-22,non_converter
C08921,Indonesia,2025-10-01,non_converter
C08922,Singapore,2025-03-14,no_touchpoint
C08923,Thailand,2025-09-13,non_converter
C08924,Singapore,2025-03-29,no_touchpoint
C08925,Indonesia,2025-02-08,no_touchpoint
C08926,Thailand,2025-03-24,no_touchpoint
C08927,Singapore,2025-09-09,converter
C08928,Indonesia,2025-10-29,non_converter
C08929,Indonesia,2025-04-04,non_converter
C08930,Indonesia,2025-04-10,non_converter
C08931,Indonesia,2025-08-03,no_touchpoint
C08932,Indonesia,2025-10-07,no_touchpoint
C08933,Thailand,2025-09-09,no_touchpoint
C08934,Thailand,2025-12-18,no_touchpoint
C08935,Thailand,2025-04-30,non_converter
C08936,Singapore,2025-04-29,non_converter
C08937,Indonesia,2025-10-04,no_touchpoint
C08938,Thailand,2025-02-28,non_converter
C08939,Indonesia,2025-04-01,converter
C08940,Indonesia,2025-06-13,non_converter
C08941,Indonesia,2025-06-23,non_converter
C08942,Singapore,2025-08-19,converter
C08943,Indonesia,2025-01-12,no_touchpoint
C08944,Indonesia,2025-12-26,non_converter
C08945,Indonesia,2025-11-22,converter
C08946,Singapore,2025-12-15,converter
C08947,Indonesia,2025-03-02,non_converter
C08948,Indonesia,2025-12-25,no_touchpoint
C08949,Indonesia,2025-09-12,non_converter
C08950,Indonesia,2025-07-27,converter
C08951,Singapore,2025-03-17,non_converter
C08952,Indonesia,2025-01-08,converter
C08953,Indonesia,2025-01-02,non_converter
C08954,Indonesia,2025-03-15,non_converter
C08955,Indonesia,2025-03-29,converter
C08956,Indonesia,2025-11-19,converter
C08957,Indonesia,2025-12-12,no_touchpoint
C08958,Thailand,2025-07-21,non_converter
C08959,Indonesia,2025-12-04,converter
C08960,Indonesia,2025-06-21,non_converter
C08961,Singapore,2025-08-18,no_touchpoint
C08962,Indonesia,2025-12-18,non_converter
C08963,Indonesia,2025-10-19,converter
C08964,Indonesia,2025-02-07,non_converter
C08965,Indonesia,2025-03-31,no_touchpoint
C08966,Indonesia,2025-10-20,non_converter
C08967,Indonesia,2025-10-18,non_converter
C08968,Thailand,2025-08-22,converter
C08969,Indonesia,2025-01-21,non_converter
C08970,Thailand,2025-10-01,non_converter
C08971,Indonesia,2025-05-18,converter
C08972,Thailand,2025-11-16,no_touchpoint
C08973,Thailand,2025-05-28,converter
C08974,Singapore,2025-01-09,converter
C08975,Singapore,2025-03-06,converter
C08976,Singapore,2025-01-20,non_converter
C08977,Singapore,2025-01-18,non_converter
C08978,Thailand,2025-12-21,non_converter
C08979,Thailand,2025-12-06,non_converter
C08980,Singapore,2025-08-10,no_touchpoint
C08981,Thailand,2025-11-03,no_touchpoint
C08982,Indonesia,2025-05-09,converter
C08983,Thailand,2025-05-30,converter
C08984,Singapore,2025-06-02,non_converter
C08985,Thailand,2025-06-22,converter
C08986,Indonesia,2025-11-09,non_converter
C08987,Indonesia,2025-11-19,converter
C08988,Indonesia,2025-02-13,converter
C08989,Thailand,2025-08-20,non_converter
C08990,Indonesia,2025-09-17,converter
C08991,Thailand,2025-01-19,converter
C08992,Indonesia,2025-08-14,converter
C08993,Indonesia,2025-04-02,non_converter
C08994,Indonesia,2025-10-06,non_converter
C08995,Indonesia,2025-07-19,no_touchpoint
C08996,Thailand,2025-10-04,converter
C08997,Indonesia,2025-12-03,converter
C08998,Indonesia,2025-11-12,converter
C08999,Thailand,2025-07-14,non_converter
C09000,Indonesia,2025-11-11,converter
C09001,Thailand,2025-11-18,no_touchpoint
C09002,Indonesia,2025-08-25,no_touchpoint
C09003,Indonesia,2025-09-30,converter
C09004,Indonesia,2025-10-05,non_converter
C09005,Indonesia,2025-11-16,no_touchpoint
C09006,Indonesia,2025-08-12,non_converter
C09007,Thailand,2025-03-20,non_converter
C09008,Indonesia,2025-03-08,non_converter
C09009,Indonesia,2025-10-23,non_converter
C09010,Thailand,2025-01-20,no_touchpoint
C09011,Indonesia,2025-09-30,non_converter
C09012,Indonesia,2025-09-26,no_touchpoint
C09013,Indonesia,2025-11-26,non_converter
C09014,Thailand,2025-11-17,non_converter
C09015,Indonesia,2025-07-08,non_converter
C09016,Singapore,2025-05-18,non_converter
C09017,Singapore,2025-12-06,non_converter
C09018,Thailand,2025-07-04,no_touchpoint
C09019,Indonesia,2025-07-19,converter
C09020,Indonesia,2025-11-14,converter
C09021,Indonesia,2025-08-22,non_converter
C09022,Thailand,2025-01-16,no_touchpoint
C09023,Indonesia,2025-03-27,no_touchpoint
C09024,Indonesia,2025-10-05,non_converter
C09025,Singapore,2025-06-25,converter
C09026,Indonesia,2025-05-18,converter
C09027,Indonesia,2025-09-26,non_converter
C09028,Indonesia,2025-10-31,non_converter
C09029,Indonesia,2025-03-13,non_converter
C09030,Indonesia,2025-11-10,non_converter
C09031,Indonesia,2025-11-23,no_touchpoint
C09032,Thailand,2025-03-10,converter
C09033,Thailand,2025-10-22,converter
C09034,Thailand,2025-07-20,non_converter
C09035,Singapore,2025-04-24,converter
C09036,Indonesia,2025-04-10,non_converter
C09037,Singapore,2025-10-21,non_converter
C09038,Indonesia,2025-06-24,non_converter
C09039,Indonesia,2025-05-14,non_converter
C09040,Singapore,2025-12-15,converter
C09041,Indonesia,2025-04-06,non_converter
C09042,Thailand,2025-06-22,no_touchpoint
C09043,Indonesia,2025-09-05,non_converter
C09044,Indonesia,2025-06-25,non_converter
C09045,Indonesia,2025-10-22,converter
C09046,Indonesia,2025-10-29,non_converter
C09047,Indonesia,2025-12-22,no_touchpoint
C09048,Thailand,2025-09-29,non_converter
C09049,Indonesia,2025-12-18,converter
C09050,Singapore,2025-04-25,non_converter
C09051,Indonesia,2025-09-16,non_converter
C09052,Indonesia,2025-12-30,converter
C09053,Indonesia,2025-07-07,non_converter
C09054,Indonesia,2025-11-27,no_touchpoint
C09055,Singapore,2025-05-15,no_touchpoint
C09056,Indonesia,2025-10-14,no_touchpoint
C09057,Indonesia,2025-11-09,no_touchpoint
C09058,Thailand,2025-09-07,converter
C09059,Thailand,2025-05-28,no_touchpoint
C09060,Indonesia,2025-04-25,converter
C09061,Thailand,2025-06-06,non_converter
C09062,Singapore,2025-03-03,no_touchpoint
C09063,Thailand,2025-09-20,non_converter
C09064,Singapore,2025-02-08,non_converter
C09065,Singapore,2025-02-27,non_converter
C09066,Indonesia,2025-11-03,converter
C09067,Indonesia,2025-01-25,non_converter
C09068,Indonesia,2025-12-27,no_touchpoint
C09069,Indonesia,2025-05-01,non_converter
C09070,Indonesia,2025-01-20,converter
C09071,Indonesia,2025-07-06,converter
C09072,Indonesia,2025-06-07,non_converter
C09073,Indonesia,2025-05-31,non_converter
C09074,Thailand,2025-06-17,non_converter
C09075,Indonesia,2025-04-14,converter
C09076,Indonesia,2025-03-30,converter
C09077,Thailand,2025-04-20,no_touchpoint
C09078,Thailand,2025-09-01,non_converter
C09079,Indonesia,2025-09-26,non_converter
C09080,Indonesia,2025-08-07,converter
C09081,Indonesia,2025-06-12,converter
C09082,Indonesia,2025-11-14,non_converter
C09083,Thailand,2025-03-18,no_touchpoint
C09084,Thailand,2025-11-26,converter
C09085,Singapore,2025-05-26,converter
C09086,Indonesia,2025-02-14,no_touchpoint
C09087,Indonesia,2025-07-01,no_touchpoint
C09088,Thailand,2025-07-16,non_converter
C09089,Thailand,2025-03-04,non_converter
C09090,Indonesia,2025-09-26,non_converter
C09091,Thailand,2025-01-31,non_converter
C09092,Thailand,2025-03-09,non_converter
C09093,Indonesia,2025-01-04,non_converter
C09094,Indonesia,2025-03-08,non_converter
C09095,Indonesia,2025-09-21,non_converter
C09096,Indonesia,2025-06-28,non_converter
C09097,Singapore,2025-03-12,converter
C09098,Thailand,2025-10-13,non_converter
C09099,Indonesia,2025-08-08,converter
C09100,Singapore,2025-06-16,non_converter
C09101,Indonesia,2025-10-26,converter
C09102,Indonesia,2025-08-19,non_converter
C09103,Indonesia,2025-05-24,no_touchpoint
C09104,Indonesia,2025-03-27,non_converter
C09105,Indonesia,2025-12-28,non_converter
C09106,Singapore,2025-06-22,non_converter
C09107,Indonesia,2025-12-09,converter
C09108,Indonesia,2025-11-20,converter
C09109,Indonesia,2025-10-29,converter
C09110,Thailand,2025-07-06,converter
C09111,Thailand,2025-06-12,non_converter
C09112,Indonesia,2025-11-11,non_converter
C09113,Indonesia,2025-09-15,converter
C09114,Singapore,2025-11-11,converter
C09115,Thailand,2025-02-12,non_converter
C09116,Singapore,2025-08-08,non_converter
C09117,Indonesia,2025-01-14,non_converter
C09118,Singapore,2025-01-04,non_converter
C09119,Indonesia,2025-01-22,no_touchpoint
C09120,Indonesia,2025-06-07,non_converter
C09121,Indonesia,2025-04-28,non_converter
C09122,Indonesia,2025-04-29,converter
C09123,Indonesia,2025-05-02,converter
C09124,Thailand,2025-03-01,non_converter
C09125,Indonesia,2025-06-12,converter
C09126,Indonesia,2025-01-03,non_converter
C09127,Indonesia,2025-09-04,converter
C09128,Thailand,2025-04-15,converter
C09129,Indonesia,2025-08-06,non_converter
C09130,Thailand,2025-04-04,converter
C09131,Indonesia,2025-05-26,non_converter
C09132,Indonesia,2025-09-24,non_converter
C09133,Indonesia,2025-07-16,non_converter
C09134,Singapore,2025-11-14,no_touchpoint
C09135,Indonesia,2025-09-09,non_converter
C09136,Singapore,2025-12-20,converter
C09137,Indonesia,2025-04-24,non_converter
C09138,Thailand,2025-11-23,converter
C09139,Thailand,2025-05-30,converter
C09140,Thailand,2025-03-18,non_converter
C09141,Indonesia,2025-03-08,converter
C09142,Singapore,2025-09-21,non_converter
C09143,Indonesia,2025-12-27,converter
C09144,Indonesia,2025-07-08,converter
C09145,Indonesia,2025-02-05,no_touchpoint
C09146,Thailand,2025-03-30,no_touchpoint
C09147,Thailand,2025-02-24,non_converter
C09148,Thailand,2025-04-08,converter
C09149,Indonesia,2025-03-06,converter
C09150,Singapore,2025-03-15,non_converter
C09151,Indonesia,2025-11-27,non_converter
C09152,Thailand,2025-06-06,converter
C09153,Indonesia,2025-01-31,converter
C09154,Singapore,2025-01-05,non_converter
C09155,Indonesia,2025-09-24,no_touchpoint
C09156,Indonesia,2025-05-15,no_touchpoint
C09157,Thailand,2025-04-15,non_converter
C09158,Indonesia,2025-08-26,converter
C09159,Indonesia,2025-09-30,non_converter
C09160,Indonesia,2025-08-30,non_converter
C09161,Indonesia,2025-12-28,non_converter
C09162,Indonesia,2025-08-22,non_converter
C09163,Singapore,2025-04-03,converter
C09164,Indonesia,2025-09-03,non_converter
C09165,Thailand,2025-05-14,non_converter
C09166,Indonesia,2025-07-05,non_converter
C09167,Indonesia,2025-05-17,converter
C09168,Indonesia,2025-07-14,no_touchpoint
C09169,Singapore,2025-10-20,non_converter
C09170,Indonesia,2025-06-16,non_converter
C09171,Indonesia,2025-02-16,non_converter
C09172,Thailand,2025-12-09,non_converter
C09173,Singapore,2025-07-15,converter
C09174,Indonesia,2025-10-11,converter
C09175,Indonesia,2025-02-22,converter
C09176,Singapore,2025-10-09,non_converter
C09177,Singapore,2025-08-14,non_converter
C09178,Indonesia,2025-11-27,non_converter
C09179,Indonesia,2025-02-02,converter
C09180,Indonesia,2025-04-21,non_converter
C09181,Singapore,2025-04-22,non_converter
C09182,Indonesia,2025-12-02,non_converter
C09183,Singapore,2025-04-06,converter
C09184,Indonesia,2025-01-15,non_converter
C09185,Indonesia,2025-03-30,non_converter
C09186,Singapore,2025-10-18,non_converter
C09187,Thailand,2025-04-20,converter
C09188,Singapore,2025-03-29,converter
C09189,Thailand,2025-08-07,converter
C09190,Singapore,2025-12-03,non_converter
C09191,Thailand,2025-02-08,non_converter
C09192,Indonesia,2025-05-01,no_touchpoint
C09193,Indonesia,2025-03-15,non_converter
C09194,Indonesia,2025-03-27,non_converter
C09195,Thailand,2025-07-06,no_touchpoint
C09196,Thailand,2025-05-06,converter
C09197,Indonesia,2025-10-04,non_converter
C09198,Singapore,2025-10-12,non_converter
C09199,Indonesia,2025-05-17,non_converter
C09200,Thailand,2025-09-08,non_converter
C09201,Thailand,2025-08-26,non_converter
C09202,Indonesia,2025-09-10,converter
C09203,Indonesia,2025-07-21,non_converter
C09204,Indonesia,2025-01-11,non_converter
C09205,Singapore,2025-05-14,converter
C09206,Thailand,2025-10-23,no_touchpoint
C09207,Thailand,2025-09-13,non_converter
C09208,Indonesia,2025-03-01,non_converter
C09209,Thailand,2025-08-17,no_touchpoint
C09210,Indonesia,2025-10-26,converter
C09211,Indonesia,2025-04-06,converter
C09212,Indonesia,2025-08-14,non_converter
C09213,Indonesia,2025-01-29,converter
C09214,Singapore,2025-12-08,no_touchpoint
C09215,Thailand,2025-08-28,converter
C09216,Thailand,2025-09-12,converter
C09217,Indonesia,2025-04-20,converter
C09218,Indonesia,2025-06-17,no_touchpoint
C09219,Singapore,2025-10-13,non_converter
C09220,Indonesia,2025-09-23,non_converter
C09221,Indonesia,2025-03-18,no_touchpoint
C09222,Thailand,2025-12-12,converter
C09223,Indonesia,2025-02-20,non_converter
C09224,Indonesia,2025-07-06,converter
C09225,Indonesia,2025-01-28,converter
C09226,Indonesia,2025-03-30,no_touchpoint
C09227,Indonesia,2025-01-23,non_converter
C09228,Indonesia,2025-10-11,non_converter
C09229,Singapore,2025-12-18,converter
C09230,Indonesia,2025-09-23,converter
C09231,Indonesia,2025-10-19,no_touchpoint
C09232,Indonesia,2025-12-17,no_touchpoint
C09233,Singapore,2025-12-27,non_converter
C09234,Indonesia,2025-12-08,converter
C09235,Indonesia,2025-04-05,non_converter
C09236,Indonesia,2025-10-01,non_converter
C09237,Thailand,2025-02-01,converter
C09238,Indonesia,2025-01-21,converter
C09239,Singapore,2025-05-23,converter
C09240,Singapore,2025-05-01,converter
C09241,Indonesia,2025-11-27,converter
C09242,Singapore,2025-10-21,non_converter
C09243,Indonesia,2025-10-21,converter
C09244,Indonesia,2025-08-24,non_converter
C09245,Singapore,2025-03-25,non_converter
C09246,Singapore,2025-10-20,converter
C09247,Indonesia,2025-02-17,non_converter
C09248,Thailand,2025-03-18,non_converter
C09249,Thailand,2025-03-27,no_touchpoint
C09250,Thailand,2025-10-28,non_converter
C09251,Indonesia,2025-12-06,non_converter
C09252,Indonesia,2025-06-05,non_converter
C09253,Thailand,2025-05-22,converter
C09254,Indonesia,2025-09-19,non_converter
C09255,Thailand,2025-11-10,no_touchpoint
C09256,Indonesia,2025-01-03,non_converter
C09257,Indonesia,2025-08-29,non_converter
C09258,Indonesia,2025-12-18,converter
C09259,Thailand,2025-02-17,no_touchpoint
C09260,Indonesia,2025-02-28,converter
C09261,Thailand,2025-01-25,converter
C09262,Indonesia,2025-03-19,non_converter
C09263,Indonesia,2025-03-22,non_converter
C09264,Singapore,2025-12-18,converter
C09265,Indonesia,2025-08-24,non_converter
C09266,Indonesia,2025-12-05,non_converter
C09267,Thailand,2025-02-28,converter
C09268,Indonesia,2025-12-11,non_converter
C09269,Indonesia,2025-02-27,no_touchpoint
C09270,Indonesia,2025-02-23,converter
C09271,Indonesia,2025-04-03,non_converter
C09272,Thailand,2025-11-13,converter
C09273,Indonesia,2025-08-17,non_converter
C09274,Thailand,2025-06-25,no_touchpoint
C09275,Thailand,2025-09-28,no_touchpoint
C09276,Indonesia,2025-05-08,non_converter
C09277,Thailand,2025-11-15,non_converter
C09278,Indonesia,2025-04-20,no_touchpoint
C09279,Indonesia,2025-10-20,converter
C09280,Indonesia,2025-07-14,non_converter
C09281,Indonesia,2025-10-02,converter
C09282,Indonesia,2025-04-02,non_converter
C09283,Thailand,2025-12-07,converter
C09284,Indonesia,2025-09-24,converter
C09285,Indonesia,2025-05-25,non_converter
C09286,Indonesia,2025-02-16,converter
C09287,Thailand,2025-10-13,non_converter
C09288,Indonesia,2025-11-17,converter
C09289,Singapore,2025-06-22,converter
C09290,Thailand,2025-10-23,non_converter
C09291,Indonesia,2025-03-10,non_converter
C09292,Indonesia,2025-05-27,non_converter
C09293,Thailand,2025-01-09,non_converter
C09294,Indonesia,2025-10-30,converter
C09295,Singapore,2025-07-07,no_touchpoint
C09296,Thailand,2025-06-29,converter
C09297,Thailand,2025-02-03,converter
C09298,Indonesia,2025-12-02,no_touchpoint
C09299,Thailand,2025-04-20,non_converter
C09300,Indonesia,2025-10-19,no_touchpoint
C09301,Thailand,2025-03-07,non_converter
C09302,Indonesia,2025-10-26,converter
C09303,Thailand,2025-01-09,no_touchpoint
C09304,Singapore,2025-04-28,converter
C09305,Indonesia,2025-03-02,converter
C09306,Indonesia,2025-04-08,non_converter
C09307,Indonesia,2025-07-03,converter
C09308,Indonesia,2025-10-04,converter
C09309,Thailand,2025-06-07,converter
C09310,Indonesia,2025-03-08,converter
C09311,Indonesia,2025-01-14,converter
C09312,Singapore,2025-02-08,non_converter
C09313,Indonesia,2025-03-21,non_converter
C09314,Singapore,2025-09-04,non_converter
C09315,Indonesia,2025-08-05,non_converter
C09316,Indonesia,2025-11-11,converter
C09317,Indonesia,2025-04-29,non_converter
C09318,Indonesia,2025-05-23,non_converter
C09319,Thailand,2025-11-03,converter
C09320,Thailand,2025-08-15,no_touchpoint
C09321,Indonesia,2025-02-13,converter
C09322,Indonesia,2025-10-30,converter
C09323,Indonesia,2025-04-27,non_converter
C09324,Indonesia,2025-05-25,converter
C09325,Indonesia,2025-02-24,no_touchpoint
C09326,Singapore,2025-05-14,converter
C09327,Thailand,2025-03-23,non_converter
C09328,Thailand,2025-12-17,converter
C09329,Indonesia,2025-01-04,non_converter
C09330,Singapore,2025-12-30,non_converter
C09331,Indonesia,2025-01-17,non_converter
C09332,Indonesia,2025-03-05,non_converter
C09333,Singapore,2025-07-05,converter
C09334,Singapore,2025-07-27,non_converter
C09335,Singapore,2025-10-16,non_converter
C09336,Indonesia,2025-11-24,non_converter
C09337,Singapore,2025-08-05,no_touchpoint
C09338,Thailand,2025-06-07,no_touchpoint
C09339,Indonesia,2025-07-09,no_touchpoint
C09340,Thailand,2025-12-13,non_converter
C09341,Indonesia,2025-06-28,non_converter
C09342,Thailand,2025-08-06,converter
C09343,Indonesia,2025-05-07,no_touchpoint
C09344,Indonesia,2025-02-24,no_touchpoint
C09345,Indonesia,2025-05-09,converter
C09346,Indonesia,2025-01-02,converter
C09347,Indonesia,2025-10-12,converter
C09348,Thailand,2025-03-02,no_touchpoint
C09349,Indonesia,2025-09-21,converter
C09350,Indonesia,2025-04-17,non_converter
C09351,Indonesia,2025-07-31,non_converter
C09352,Indonesia,2025-02-21,converter
C09353,Thailand,2025-05-22,no_touchpoint
C09354,Indonesia,2025-02-16,non_converter
C09355,Indonesia,2025-08-05,non_converter
C09356,Indonesia,2025-10-06,no_touchpoint
C09357,Thailand,2025-02-19,converter
C09358,Indonesia,2025-12-10,no_touchpoint
C09359,Indonesia,2025-02-24,converter
C09360,Singapore,2025-01-16,non_converter
C09361,Singapore,2025-02-25,non_converter
C09362,Indonesia,2025-12-27,converter
C09363,Indonesia,2025-02-13,non_converter
C09364,Indonesia,2025-01-22,converter
C09365,Indonesia,2025-02-22,converter
C09366,Thailand,2025-08-25,non_converter
C09367,Indonesia,2025-06-20,non_converter
C09368,Thailand,2025-01-25,converter
C09369,Indonesia,2025-05-28,non_converter
C09370,Singapore,2025-09-29,non_converter
C09371,Indonesia,2025-09-09,converter
C09372,Indonesia,2025-07-25,non_converter
C09373,Indonesia,2025-12-27,converter
C09374,Indonesia,2025-01-09,no_touchpoint
C09375,Indonesia,2025-04-04,non_converter
C09376,Thailand,2025-09-28,converter
C09377,Indonesia,2025-08-17,non_converter
C09378,Indonesia,2025-08-08,non_converter
C09379,Indonesia,2025-09-12,converter
C09380,Indonesia,2025-03-03,no_touchpoint
C09381,Indonesia,2025-06-20,no_touchpoint
C09382,Thailand,2025-12-10,converter
C09383,Thailand,2025-04-13,non_converter
C09384,Thailand,2025-03-22,non_converter
C09385,Singapore,2025-08-14,converter
C09386,Singapore,2025-08-12,converter
C09387,Thailand,2025-08-12,non_converter
C09388,Indonesia,2025-02-10,non_converter
C09389,Indonesia,2025-02-02,non_converter
C09390,Thailand,2025-03-12,non_converter
C09391,Indonesia,2025-09-01,converter
C09392,Singapore,2025-01-30,converter
C09393,Indonesia,2025-07-26,non_converter
C09394,Indonesia,2025-02-21,converter
C09395,Thailand,2025-06-19,no_touchpoint
C09396,Thailand,2025-01-13,no_touchpoint
C09397,Indonesia,2025-03-01,non_converter
C09398,Indonesia,2025-10-29,non_converter
C09399,Indonesia,2025-08-28,converter
C09400,Indonesia,2025-05-10,non_converter
C09401,Indonesia,2025-12-02,converter
C09402,Indonesia,2025-05-01,non_converter
C09403,Indonesia,2025-10-10,non_converter
C09404,Thailand,2025-10-16,no_touchpoint
C09405,Thailand,2025-12-29,no_touchpoint
C09406,Indonesia,2025-05-19,no_touchpoint
C09407,Indonesia,2025-06-11,non_converter
C09408,Indonesia,2025-12-29,non_converter
C09409,Indonesia,2025-03-30,converter
C09410,Thailand,2025-11-09,non_converter
C09411,Thailand,2025-01-20,no_touchpoint
C09412,Thailand,2025-06-02,non_converter
C09413,Thailand,2025-11-03,non_converter
C09414,Thailand,2025-07-22,non_converter
C09415,Singapore,2025-09-28,no_touchpoint
C09416,Indonesia,2025-11-24,converter
C09417,Indonesia,2025-02-03,no_touchpoint
C09418,Indonesia,2025-10-30,converter
C09419,Thailand,2025-03-03,non_converter
C09420,Thailand,2025-07-15,non_converter
C09421,Indonesia,2025-05-30,converter
C09422,Singapore,2025-07-15,converter
C09423,Indonesia,2025-03-18,non_converter
C09424,Singapore,2025-05-27,no_touchpoint
C09425,Indonesia,2025-09-06,non_converter
C09426,Indonesia,2025-05-17,non_converter
C09427,Thailand,2025-03-31,no_touchpoint
C09428,Indonesia,2025-08-12,non_converter
C09429,Singapore,2025-12-19,non_converter
C09430,Indonesia,2025-12-09,no_touchpoint
C09431,Indonesia,2025-05-29,converter
C09432,Singapore,2025-02-28,non_converter
C09433,Thailand,2025-08-17,converter
C09434,Thailand,2025-02-04,non_converter
C09435,Indonesia,2025-05-16,non_converter
C09436,Thailand,2025-08-09,non_converter
C09437,Indonesia,2025-12-05,no_touchpoint
C09438,Indonesia,2025-04-20,non_converter
C09439,Indonesia,2025-09-21,non_converter
C09440,Thailand,2025-10-04,non_converter
C09441,Indonesia,2025-02-24,non_converter
C09442,Thailand,2025-01-29,non_converter
C09443,Thailand,2025-12-05,no_touchpoint
C09444,Thailand,2025-01-15,no_touchpoint
C09445,Thailand,2025-12-05,converter
C09446,Thailand,2025-02-18,non_converter
C09447,Singapore,2025-10-07,converter
C09448,Indonesia,2025-02-12,non_converter
C09449,Thailand,2025-12-17,converter
C09450,Indonesia,2025-11-11,converter
C09451,Indonesia,2025-11-01,converter
C09452,Indonesia,2025-10-27,converter
C09453,Singapore,2025-03-17,non_converter
C09454,Singapore,2025-02-12,converter
C09455,Thailand,2025-01-12,converter
C09456,Indonesia,2025-10-03,non_converter
C09457,Singapore,2025-10-28,no_touchpoint
C09458,Indonesia,2025-12-05,no_touchpoint
C09459,Singapore,2025-02-06,non_converter
C09460,Singapore,2025-07-24,non_converter
C09461,Indonesia,2025-06-05,non_converter
C09462,Thailand,2025-03-24,converter
C09463,Singapore,2025-08-20,no_touchpoint
C09464,Indonesia,2025-07-02,converter
C09465,Indonesia,2025-04-30,converter
C09466,Singapore,2025-08-14,converter
C09467,Indonesia,2025-07-11,converter
C09468,Indonesia,2025-01-06,converter
C09469,Thailand,2025-02-01,non_converter
C09470,Indonesia,2025-05-13,converter
C09471,Indonesia,2025-08-03,non_converter
C09472,Thailand,2025-08-31,converter
C09473,Thailand,2025-04-03,non_converter
C09474,Indonesia,2025-07-14,converter
C09475,Indonesia,2025-06-03,non_converter
C09476,Thailand,2025-02-16,no_touchpoint
C09477,Indonesia,2025-12-09,non_converter
C09478,Indonesia,2025-03-22,non_converter
C09479,Thailand,2025-09-13,non_converter
C09480,Indonesia,2025-10-30,non_converter
C09481,Indonesia,2025-03-26,converter
C09482,Indonesia,2025-08-05,non_converter
C09483,Indonesia,2025-09-16,no_touchpoint
C09484,Indonesia,2025-07-20,converter
C09485,Singapore,2025-12-10,non_converter
C09486,Thailand,2025-09-02,non_converter
C09487,Indonesia,2025-01-26,non_converter
C09488,Indonesia,2025-10-29,non_converter
C09489,Indonesia,2025-03-02,converter
C09490,Thailand,2025-02-15,non_converter
C09491,Indonesia,2025-08-05,converter
C09492,Indonesia,2025-08-07,converter
C09493,Thailand,2025-10-10,non_converter
C09494,Indonesia,2025-04-01,converter
C09495,Singapore,2025-12-12,non_converter
C09496,Indonesia,2025-12-20,non_converter
C09497,Indonesia,2025-04-25,converter
C09498,Indonesia,2025-07-13,non_converter
C09499,Indonesia,2025-08-24,converter
C09500,Thailand,2025-12-04,non_converter
C09501,Indonesia,2025-07-23,non_converter
C09502,Indonesia,2025-11-24,no_touchpoint
C09503,Singapore,2025-11-06,non_converter
C09504,Thailand,2025-12-26,converter
C09505,Indonesia,2025-11-09,converter
C09506,Indonesia,2025-10-07,non_converter
C09507,Singapore,2025-05-16,converter
C09508,Indonesia,2025-08-08,non_converter
C09509,Indonesia,2025-08-20,no_touchpoint
C09510,Indonesia,2025-03-19,no_touchpoint
C09511,Indonesia,2025-01-06,converter
C09512,Indonesia,2025-06-23,non_converter
C09513,Indonesia,2025-03-14,non_converter
C09514,Indonesia,2025-07-02,no_touchpoint
C09515,Thailand,2025-05-05,converter
C09516,Indonesia,2025-07-28,non_converter
C09517,Indonesia,2025-10-07,converter
C09518,Singapore,2025-09-15,converter
C09519,Indonesia,2025-04-24,converter
C09520,Indonesia,2025-07-24,no_touchpoint
C09521,Indonesia,2025-09-14,non_converter
C09522,Singapore,2025-01-22,no_touchpoint
C09523,Singapore,2025-03-12,no_touchpoint
C09524,Indonesia,2025-07-22,non_converter
C09525,Indonesia,2025-09-27,non_converter
C09526,Indonesia,2025-10-22,no_touchpoint
C09527,Thailand,2025-01-12,converter
C09528,Indonesia,2025-02-02,converter
C09529,Indonesia,2025-02-07,non_converter
C09530,Indonesia,2025-02-27,converter
C09531,Indonesia,2025-05-08,converter
C09532,Thailand,2025-11-04,converter
C09533,Singapore,2025-03-25,converter
C09534,Thailand,2025-04-15,no_touchpoint
C09535,Indonesia,2025-02-25,non_converter
C09536,Thailand,2025-09-01,converter
C09537,Indonesia,2025-01-01,no_touchpoint
C09538,Indonesia,2025-05-08,non_converter
C09539,Indonesia,2025-05-11,converter
C09540,Indonesia,2025-09-19,non_converter
C09541,Thailand,2025-06-20,converter
C09542,Indonesia,2025-12-25,non_converter
C09543,Indonesia,2025-03-26,converter
C09544,Thailand,2025-05-23,non_converter
C09545,Indonesia,2025-09-11,non_converter
C09546,Thailand,2025-03-05,converter
C09547,Indonesia,2025-08-08,converter
C09548,Singapore,2025-01-17,non_converter
C09549,Indonesia,2025-12-23,non_converter
C09550,Thailand,2025-01-15,no_touchpoint
C09551,Indonesia,2025-08-02,non_converter
C09552,Indonesia,2025-02-02,non_converter
C09553,Singapore,2025-09-05,converter
C09554,Thailand,2025-02-03,non_converter
C09555,Thailand,2025-03-06,converter
C09556,Indonesia,2025-11-01,non_converter
C09557,Thailand,2025-10-07,converter
C09558,Indonesia,2025-10-07,no_touchpoint
C09559,Singapore,2025-01-02,non_converter
C09560,Thailand,2025-08-25,non_converter
C09561,Indonesia,2025-03-16,converter
C09562,Indonesia,2025-02-10,converter
C09563,Indonesia,2025-07-31,non_converter
C09564,Thailand,2025-02-23,non_converter
C09565,Thailand,2025-06-17,non_converter
C09566,Thailand,2025-07-21,non_converter
C09567,Indonesia,2025-05-16,converter
C09568,Thailand,2025-11-12,converter
C09569,Thailand,2025-11-13,converter
C09570,Thailand,2025-05-08,no_touchpoint
C09571,Indonesia,2025-10-25,non_converter
C09572,Indonesia,2025-11-13,converter
C09573,Singapore,2025-06-09,no_touchpoint
C09574,Indonesia,2025-07-15,no_touchpoint
C09575,Singapore,2025-12-19,non_converter
C09576,Indonesia,2025-02-16,converter
C09577,Indonesia,2025-10-29,converter
C09578,Thailand,2025-06-10,non_converter
C09579,Indonesia,2025-01-26,converter
C09580,Indonesia,2025-11-11,non_converter
C09581,Thailand,2025-11-03,no_touchpoint
C09582,Thailand,2025-01-30,converter
C09583,Singapore,2025-09-02,no_touchpoint
C09584,Thailand,2025-05-07,non_converter
C09585,Singapore,2025-07-15,non_converter
C09586,Indonesia,2025-01-23,converter
C09587,Indonesia,2025-02-06,non_converter
C09588,Thailand,2025-08-05,non_converter
C09589,Indonesia,2025-02-01,converter
C09590,Indonesia,2025-11-02,non_converter
C09591,Thailand,2025-10-12,converter
C09592,Indonesia,2025-04-17,non_converter
C09593,Indonesia,2025-05-08,non_converter
C09594,Thailand,2025-12-30,non_converter
C09595,Indonesia,2025-02-21,non_converter
C09596,Indonesia,2025-05-14,converter
C09597,Indonesia,2025-11-03,converter
C09598,Indonesia,2025-09-06,non_converter
C09599,Indonesia,2025-01-13,converter
C09600,Indonesia,2025-11-30,no_touchpoint
C09601,Indonesia,2025-03-11,converter
C09602,Indonesia,2025-10-25,no_touchpoint
C09603,Indonesia,2025-01-25,non_converter
C09604,Singapore,2025-07-12,non_converter
C09605,Singapore,2025-12-16,non_converter
C09606,Thailand,2025-10-13,no_touchpoint
C09607,Indonesia,2025-08-09,converter
C09608,Indonesia,2025-01-26,no_touchpoint
C09609,Indonesia,2025-08-12,non_converter
C09610,Thailand,2025-01-08,converter
C09611,Indonesia,2025-06-09,converter
C09612,Indonesia,2025-07-06,non_converter
C09613,Indonesia,2025-08-15,non_converter
C09614,Indonesia,2025-01-15,non_converter
C09615,Thailand,2025-06-07,non_converter
C09616,Indonesia,2025-04-24,non_converter
C09617,Thailand,2025-09-17,non_converter
C09618,Indonesia,2025-01-15,non_converter
C09619,Singapore,2025-05-05,non_converter
C09620,Indonesia,2025-07-09,converter
C09621,Singapore,2025-07-27,converter
C09622,Singapore,2025-03-08,converter
C09623,Thailand,2025-04-05,converter
C09624,Thailand,2025-06-22,converter
C09625,Indonesia,2025-01-28,converter
C09626,Indonesia,2025-11-20,no_touchpoint
C09627,Indonesia,2025-11-08,non_converter
C09628,Indonesia,2025-01-28,converter
C09629,Indonesia,2025-12-12,non_converter
C09630,Indonesia,2025-04-06,no_touchpoint
C09631,Indonesia,2025-03-19,converter
C09632,Indonesia,2025-08-20,converter
C09633,Thailand,2025-09-02,no_touchpoint
C09634,Indonesia,2025-08-31,non_converter
C09635,Thailand,2025-03-10,no_touchpoint
C09636,Indonesia,2025-11-10,non_converter
C09637,Indonesia,2025-01-15,non_converter
C09638,Indonesia,2025-04-01,non_converter
C09639,Indonesia,2025-02-21,converter
C09640,Thailand,2025-09-15,converter
C09641,Indonesia,2025-05-09,no_touchpoint
C09642,Thailand,2025-09-22,converter
C09643,Indonesia,2025-01-31,non_converter
C09644,Indonesia,2025-10-02,no_touchpoint
C09645,Indonesia,2025-08-31,no_touchpoint
C09646,Indonesia,2025-07-22,non_converter
C09647,Singapore,2025-09-11,non_converter
C09648,Indonesia,2025-03-07,non_converter
C09649,Indonesia,2025-02-10,non_converter
C09650,Singapore,2025-11-01,non_converter
C09651,Indonesia,2025-07-03,no_touchpoint
C09652,Singapore,2025-01-07,converter
C09653,Indonesia,2025-05-20,no_touchpoint
C09654,Thailand,2025-07-29,non_converter
C09655,Thailand,2025-03-26,non_converter
C09656,Indonesia,2025-08-06,non_converter
C09657,Singapore,2025-02-26,no_touchpoint
C09658,Indonesia,2025-01-28,no_touchpoint
C09659,Indonesia,2025-05-09,non_converter
C09660,Indonesia,2025-09-03,no_touchpoint
C09661,Indonesia,2025-08-09,no_touchpoint
C09662,Thailand,2025-10-29,no_touchpoint
C09663,Indonesia,2025-09-30,converter
C09664,Indonesia,2025-10-11,non_converter
C09665,Indonesia,2025-11-22,non_converter
C09666,Singapore,2025-05-16,non_converter
C09667,Indonesia,2025-03-31,non_converter
C09668,Thailand,2025-03-05,converter
C09669,Thailand,2025-12-22,converter
C09670,Indonesia,2025-09-15,non_converter
C09671,Indonesia,2025-05-10,converter
C09672,Indonesia,2025-05-18,no_touchpoint
C09673,Singapore,2025-12-13,no_touchpoint
C09674,Indonesia,2025-05-11,converter
C09675,Indonesia,2025-07-08,converter
C09676,Indonesia,2025-08-28,converter
C09677,Singapore,2025-03-16,converter
C09678,Indonesia,2025-02-09,non_converter
C09679,Indonesia,2025-04-10,no_touchpoint
C09680,Indonesia,2025-08-18,non_converter
C09681,Thailand,2025-10-03,no_touchpoint
C09682,Thailand,2025-09-09,converter
C09683,Thailand,2025-11-14,converter
C09684,Indonesia,2025-02-13,no_touchpoint
C09685,Thailand,2025-07-23,non_converter
C09686,Thailand,2025-05-05,converter
C09687,Thailand,2025-11-27,no_touchpoint
C09688,Indonesia,2025-03-27,non_converter
C09689,Indonesia,2025-01-16,non_converter
C09690,Indonesia,2025-10-12,non_converter
C09691,Indonesia,2025-12-17,converter
C09692,Singapore,2025-02-07,converter
C09693,Thailand,2025-07-01,converter
C09694,Indonesia,2025-12-02,converter
C09695,Thailand,2025-02-04,converter
C09696,Singapore,2025-07-18,non_converter
C09697,Indonesia,2025-01-22,converter
C09698,Indonesia,2025-11-22,converter
C09699,Thailand,2025-07-17,non_converter
C09700,Indonesia,2025-04-28,converter
C09701,Indonesia,2025-10-07,converter
C09702,Indonesia,2025-03-16,converter
C09703,Indonesia,2025-04-28,non_converter
C09704,Singapore,2025-04-28,converter
C09705,Indonesia,2025-01-07,no_touchpoint
C09706,Thailand,2025-12-25,converter
C09707,Indonesia,2025-02-23,converter
C09708,Indonesia,2025-07-22,non_converter
C09709,Indonesia,2025-09-16,non_converter
C09710,Thailand,2025-02-04,no_touchpoint
C09711,Singapore,2025-06-26,converter
C09712,Indonesia,2025-05-23,non_converter
C09713,Singapore,2025-12-10,non_converter
C09714,Indonesia,2025-05-14,converter
C09715,Thailand,2025-01-28,non_converter
C09716,Thailand,2025-04-18,no_touchpoint
C09717,Thailand,2025-07-05,non_converter
C09718,Thailand,2025-09-01,non_converter
C09719,Indonesia,2025-04-22,converter
C09720,Indonesia,2025-10-10,non_converter
C09721,Thailand,2025-11-25,converter
C09722,Indonesia,2025-12-09,no_touchpoint
C09723,Indonesia,2025-11-26,converter
C09724,Indonesia,2025-03-17,converter
C09725,Indonesia,2025-09-15,converter
C09726,Singapore,2025-05-11,converter
C09727,Thailand,2025-07-17,converter
C09728,Indonesia,2025-10-18,converter
C09729,Indonesia,2025-10-28,non_converter
C09730,Singapore,2025-03-21,no_touchpoint
C09731,Indonesia,2025-12-20,converter
C09732,Singapore,2025-06-06,no_touchpoint
C09733,Indonesia,2025-06-11,non_converter
C09734,Indonesia,2025-12-26,no_touchpoint
C09735,Indonesia,2025-09-03,no_touchpoint
C09736,Thailand,2025-08-19,no_touchpoint
C09737,Indonesia,2025-05-10,non_converter
C09738,Thailand,2025-01-19,non_converter
C09739,Indonesia,2025-11-03,non_converter
C09740,Thailand,2025-07-15,converter
C09741,Indonesia,2025-03-31,converter
C09742,Thailand,2025-04-15,non_converter
C09743,Indonesia,2025-11-29,non_converter
C09744,Indonesia,2025-08-19,converter
C09745,Indonesia,2025-05-01,non_converter
C09746,Indonesia,2025-02-22,converter
C09747,Singapore,2025-02-27,converter
C09748,Indonesia,2025-12-04,non_converter
C09749,Indonesia,2025-01-16,converter
C09750,Singapore,2025-03-22,non_converter
C09751,Indonesia,2025-10-18,converter
C09752,Indonesia,2025-03-30,non_converter
C09753,Singapore,2025-09-21,no_touchpoint
C09754,Indonesia,2025-12-31,no_touchpoint
C09755,Indonesia,2025-04-19,non_converter
C09756,Indonesia,2025-03-04,converter
C09757,Indonesia,2025-03-01,converter
C09758,Indonesia,2025-04-28,converter
C09759,Indonesia,2025-01-02,converter
C09760,Indonesia,2025-12-21,non_converter
C09761,Indonesia,2025-08-25,non_converter
C09762,Indonesia,2025-02-28,non_converter
C09763,Indonesia,2025-01-16,non_converter
C09764,Indonesia,2025-11-20,no_touchpoint
C09765,Singapore,2025-10-13,non_converter
C09766,Indonesia,2025-12-13,no_touchpoint
C09767,Indonesia,2025-07-17,converter
C09768,Indonesia,2025-10-08,converter
C09769,Indonesia,2025-06-01,converter
C09770,Thailand,2025-07-16,non_converter
C09771,Indonesia,2025-05-28,non_converter
C09772,Singapore,2025-05-01,non_converter
C09773,Singapore,2025-05-29,non_converter
C09774,Indonesia,2025-11-29,non_converter
C09775,Indonesia,2025-02-13,converter
C09776,Thailand,2025-01-25,converter
C09777,Indonesia,2025-05-22,no_touchpoint
C09778,Thailand,2025-10-09,converter
C09779,Indonesia,2025-04-10,non_converter
C09780,Singapore,2025-07-29,non_converter
C09781,Indonesia,2025-10-29,non_converter
C09782,Thailand,2025-12-13,converter
C09783,Indonesia,2025-01-18,non_converter
C09784,Indonesia,2025-01-09,converter
C09785,Singapore,2025-07-26,non_converter
C09786,Indonesia,2025-01-02,converter
C09787,Singapore,2025-05-23,converter
C09788,Indonesia,2025-10-29,non_converter
C09789,Indonesia,2025-02-08,no_touchpoint
C09790,Indonesia,2025-12-19,non_converter
C09791,Singapore,2025-08-10,non_converter
C09792,Indonesia,2025-12-09,no_touchpoint
C09793,Indonesia,2025-05-18,converter
C09794,Singapore,2025-01-07,converter
C09795,Singapore,2025-07-21,no_touchpoint
C09796,Singapore,2025-06-03,no_touchpoint
C09797,Indonesia,2025-12-29,non_converter
C09798,Singapore,2025-04-26,non_converter
C09799,Thailand,2025-01-01,converter
C09800,Indonesia,2025-10-05,converter
C09801,Thailand,2025-07-24,non_converter
C09802,Indonesia,2025-10-30,no_touchpoint
C09803,Indonesia,2025-11-13,no_touchpoint
C09804,Thailand,2025-09-25,non_converter
C09805,Thailand,2025-07-08,non_converter
C09806,Indonesia,2025-04-10,no_touchpoint
C09807,Indonesia,2025-10-08,non_converter
C09808,Indonesia,2025-10-11,converter
C09809,Thailand,2025-10-01,converter
C09810,Thailand,2025-10-17,no_touchpoint
C09811,Indonesia,2025-03-23,non_converter
C09812,Thailand,2025-08-24,no_touchpoint
C09813,Indonesia,2025-09-28,non_converter
C09814,Indonesia,2025-08-10,non_converter
C09815,Singapore,2025-09-24,converter
C09816,Indonesia,2025-10-17,converter
C09817,Singapore,2025-09-28,non_converter
C09818,Thailand,2025-12-05,converter
C09819,Indonesia,2025-11-11,non_converter
C09820,Indonesia,2025-01-16,non_converter
C09821,Indonesia,2025-10-30,non_converter
C09822,Indonesia,2025-07-05,non_converter
C09823,Indonesia,2025-02-09,non_converter
C09824,Indonesia,2025-07-13,non_converter
C09825,Indonesia,2025-11-01,converter
C09826,Singapore,2025-01-12,non_converter
C09827,Indonesia,2025-03-09,non_converter
C09828,Thailand,2025-12-26,non_converter
C09829,Indonesia,2025-07-03,converter
C09830,Indonesia,2025-11-20,non_converter
C09831,Thailand,2025-10-14,non_converter
C09832,Indonesia,2025-04-06,non_converter
C09833,Singapore,2025-06-04,non_converter
C09834,Singapore,2025-10-11,converter
C09835,Indonesia,2025-10-20,non_converter
C09836,Singapore,2025-03-13,non_converter
C09837,Indonesia,2025-08-25,no_touchpoint
C09838,Indonesia,2025-09-19,non_converter
C09839,Indonesia,2025-03-02,non_converter
C09840,Indonesia,2025-08-22,no_touchpoint
C09841,Thailand,2025-02-16,converter
C09842,Indonesia,2025-03-12,converter
C09843,Thailand,2025-07-17,converter
C09844,Indonesia,2025-02-08,non_converter
C09845,Thailand,2025-12-11,non_converter
C09846,Indonesia,2025-11-27,converter
C09847,Indonesia,2025-05-24,no_touchpoint
C09848,Indonesia,2025-12-31,no_touchpoint
C09849,Indonesia,2025-03-12,non_converter
C09850,Indonesia,2025-04-01,non_converter
C09851,Singapore,2025-11-05,non_converter
C09852,Indonesia,2025-06-21,no_touchpoint
C09853,Indonesia,2025-02-08,converter
C09854,Singapore,2025-12-29,no_touchpoint
C09855,Thailand,2025-05-16,non_converter
C09856,Indonesia,2025-07-07,converter
C09857,Indonesia,2025-03-09,non_converter
C09858,Indonesia,2025-10-11,converter
C09859,Indonesia,2025-05-31,non_converter
C09860,Indonesia,2025-01-24,converter
C09861,Indonesia,2025-09-16,converter
C09862,Indonesia,2025-10-23,non_converter
C09863,Indonesia,2025-07-07,non_converter
C09864,Thailand,2025-01-01,converter
C09865,Singapore,2025-01-10,no_touchpoint
C09866,Indonesia,2025-01-26,non_converter
C09867,Indonesia,2025-07-24,non_converter
C09868,Singapore,2025-12-27,no_touchpoint
C09869,Indonesia,2025-07-29,converter
C09870,Indonesia,2025-01-28,converter
C09871,Thailand,2025-04-19,no_touchpoint
C09872,Thailand,2025-05-23,non_converter
C09873,Singapore,2025-08-29,non_converter
C09874,Indonesia,2025-09-15,no_touchpoint
C09875,Thailand,2025-10-14,converter
C09876,Indonesia,2025-05-24,no_touchpoint
C09877,Indonesia,2025-02-15,converter
C09878,Singapore,2025-11-30,no_touchpoint
C09879,Indonesia,2025-09-22,non_converter
C09880,Indonesia,2025-12-19,converter
C09881,Indonesia,2025-08-20,non_converter
C09882,Singapore,2025-03-11,no_touchpoint
C09883,Indonesia,2025-02-07,no_touchpoint
C09884,Singapore,2025-10-05,non_converter
C09885,Indonesia,2025-07-11,non_converter
C09886,Indonesia,2025-02-03,no_touchpoint
C09887,Singapore,2025-06-29,converter
C09888,Thailand,2025-11-25,converter
C09889,Indonesia,2025-01-31,converter
C09890,Indonesia,2025-10-22,non_converter
C09891,Thailand,2025-01-01,non_converter
C09892,Singapore,2025-08-26,non_converter
C09893,Singapore,2025-02-25,converter
C09894,Indonesia,2025-12-03,non_converter
C09895,Indonesia,2025-04-06,non_converter
C09896,Thailand,2025-01-23,non_converter
C09897,Singapore,2025-04-27,non_converter
C09898,Indonesia,2025-08-14,non_converter
C09899,Indonesia,2025-10-19,no_touchpoint
C09900,Indonesia,2025-01-23,non_converter
C09901,Thailand,2025-02-06,non_converter
C09902,Indonesia,2025-10-31,converter
C09903,Indonesia,2025-01-08,non_converter
C09904,Indonesia,2025-09-05,non_converter
C09905,Thailand,2025-12-25,converter
C09906,Indonesia,2025-12-01,no_touchpoint
C09907,Indonesia,2025-09-16,no_touchpoint
C09908,Indonesia,2025-06-09,no_touchpoint
C09909,Thailand,2025-06-17,non_converter
C09910,Thailand,2025-04-27,no_touchpoint
C09911,Thailand,2025-03-14,non_converter
C09912,Indonesia,2025-09-25,converter
C09913,Indonesia,2025-10-31,converter
C09914,Singapore,2025-04-20,non_converter
C09915,Indonesia,2025-07-31,converter
C09916,Indonesia,2025-11-01,non_converter
C09917,Thailand,2025-08-30,non_converter
C09918,Thailand,2025-07-31,non_converter
C09919,Singapore,2025-02-15,converter
C09920,Singapore,2025-09-21,non_converter
C09921,Indonesia,2025-08-31,converter
C09922,Thailand,2025-06-09,non_converter
C09923,Indonesia,2025-02-12,non_converter
C09924,Indonesia,2025-02-06,non_converter
C09925,Indonesia,2025-06-20,non_converter
C09926,Thailand,2025-06-30,no_touchpoint
C09927,Thailand,2025-12-06,no_touchpoint
C09928,Thailand,2025-04-24,non_converter
C09929,Indonesia,2025-02-05,non_converter
C09930,Indonesia,2025-06-01,no_touchpoint
C09931,Indonesia,2025-07-04,no_touchpoint
C09932,Thailand,2025-09-26,converter
C09933,Indonesia,2025-05-04,non_converter
C09934,Indonesia,2025-03-19,no_touchpoint
C09935,Indonesia,2025-01-31,no_touchpoint
C09936,Singapore,2025-05-20,non_converter
C09937,Indonesia,2025-08-11,no_touchpoint
C09938,Indonesia,2025-08-08,converter
C09939,Indonesia,2025-10-29,non_converter
C09940,Singapore,2025-05-09,non_converter
C09941,Indonesia,2025-10-05,converter
C09942,Indonesia,2025-10-08,non_converter
C09943,Indonesia,2025-04-01,converter
C09944,Indonesia,2025-04-27,converter
C09945,Singapore,2025-11-19,no_touchpoint
C09946,Indonesia,2025-06-02,no_touchpoint
C09947,Indonesia,2025-03-12,non_converter
C09948,Indonesia,2025-06-19,non_converter
C09949,Thailand,2025-08-17,no_touchpoint
C09950,Thailand,2025-05-22,non_converter
C09951,Indonesia,2025-07-21,converter
C09952,Indonesia,2025-11-14,converter
C09953,Indonesia,2025-02-10,no_touchpoint
C09954,Indonesia,2025-07-23,converter
C09955,Indonesia,2025-10-17,converter
C09956,Indonesia,2025-01-05,no_touchpoint
C09957,Singapore,2025-10-04,no_touchpoint
C09958,Indonesia,2025-06-16,non_converter
C09959,Thailand,2025-09-10,no_touchpoint
C09960,Thailand,2025-06-08,non_converter
C09961,Singapore,2025-12-08,no_touchpoint
C09962,Singapore,2025-02-22,no_touchpoint
C09963,Singapore,2025-02-21,non_converter
C09964,Indonesia,2025-02-21,non_converter
C09965,Singapore,2025-09-17,non_converter
C09966,Thailand,2025-02-18,converter
C09967,Indonesia,2025-12-18,non_converter
C09968,Thailand,2025-06-18,non_converter
C09969,Singapore,2025-12-27,non_converter
C09970,Indonesia,2025-12-16,non_converter
C09971,Thailand,2025-12-18,no_touchpoint
C09972,Thailand,2025-03-28,no_touchpoint
C09973,Thailand,2025-07-27,no_touchpoint
C09974,Singapore,2025-07-09,non_converter
C09975,Thailand,2025-06-11,non_converter
C09976,Thailand,2025-05-18,non_converter
C09977,Thailand,2025-02-12,converter
C09978,Singapore,2025-01-01,converter
C09979,Indonesia,2025-12-08,non_converter
C09980,Singapore,2025-08-13,no_touchpoint
C09981,Indonesia,2025-10-17,no_touchpoint
C09982,Indonesia,2025-01-31,converter
C09983,Thailand,2025-08-02,non_converter
C09984,Singapore,2025-12-25,non_converter
C09985,Indonesia,2025-02-10,non_converter
C09986,Indonesia,2025-06-22,non_converter
C09987,Singapore,2025-04-04,non_converter
C09988,Singapore,2025-06-27,converter
C09989,Thailand,2025-12-02,non_converter
C09990,Indonesia,2025-10-29,non_converter
C09991,Singapore,2025-11-21,non_converter
C09992,Indonesia,2025-06-23,non_converter
C09993,Indonesia,2025-05-25,no_touchpoint
C09994,Indonesia,2025-09-10,converter
C09995,Thailand,2025-08-15,converter
C09996,Indonesia,2025-03-08,converter
C09997,Indonesia,2025-10-09,converter
C09998,Thailand,2025-07-01,no_touchpoint
C09999,Thailand,2025-10-30,no_touchpoint
C10000,Indonesia,2025-11-26,converter
